;FLAVOR:Marlin
;TIME:767
;Filament used: 1.65359m
;Layer height: 0.32
;MINX:87
;MINY:87
;MINZ:0.32
;MAXX:133
;MAXY:133
;MAXZ:8
;TARGET_MACHINE.NAME:Creality Ender-3 Pro
;Generated with Cura_SteamEngine 5.7.1
M82 ;absolute extrusion mode
; Ender 3 Custom Start G-code
M140 S60 ; Set Heat Bed temperature
M190 S60 ; Wait for Heat Bed temperature
M104 S160; start warming extruder to 160
G28 ; Home all axes
G29 ; Auto bed-level (BL-Touch)
G92 E0 ; Reset Extruder
M104 S200 ; Set Extruder temperature
G1 X0.1 Y20 Z0.3 F5000.0 ; Move to start position
M109 S200 ; Wait for Extruder temperature
; G1 Z2.0 F3000 ; Move Z Axis up little to prevent scratching of Heat Bed
G1 X0.1 Y200.0 Z0.3 F1500.0 E15 ; Draw the first line
G1 X0.4 Y200.0 Z0.3 F5000.0 ; Move to side a little
G1 X0.4 Y20 Z0.3 F1500.0 E30 ; Draw the second line
G92 E0 ; Reset Extruder
G1 Z2.0 F3000 ; Move Z Axis up little to prevent scratching of Heat Bed
; End of custom start GCode
G92 E0
G92 E0
G1 F1500 E-6.5
;LAYER_COUNT:25
;LAYER:0
M107
G0 F6000 X97.355 Y89.552 Z0.32
;TYPE:SKIRT
G1 F1500 E0
G1 F1200 X98.374 Y88.573 E0.188
G1 X99.505 Y87.841 E0.36723
G1 X101.076 Y87.212 E0.59237
G1 X102.598 Y87 E0.79681
G1 X117.482 Y87 E2.77699
G1 X118.611 Y87.19 E2.9293
G1 X119.406 Y87.393 E3.03846
G1 X120.449 Y87.838 E3.18932
G1 X121.33 Y88.388 E3.3275
G1 X121.948 Y88.855 E3.43055
G1 X122.927 Y89.874 E3.61855
G1 X123.659 Y91.005 E3.79778
G1 X124.288 Y92.576 E4.02292
G1 X124.5 Y94.098 E4.22736
G1 X124.5 Y95.5 E4.41389
G1 X125.982 Y95.5 E4.61105
G1 X127.111 Y95.69 E4.76337
G1 X127.906 Y95.893 E4.87253
G1 X128.949 Y96.338 E5.02339
G1 X129.83 Y96.888 E5.16157
G1 X130.448 Y97.355 E5.26462
G1 X131.427 Y98.374 E5.45262
G1 X132.159 Y99.505 E5.63185
G1 X132.788 Y101.076 E5.85699
G1 X133 Y102.598 E6.06143
G1 X133 Y117.482 E8.04161
G1 X132.81 Y118.611 E8.19392
G1 X132.607 Y119.406 E8.30308
G1 X132.162 Y120.449 E8.45394
G1 X131.612 Y121.33 E8.59212
G1 X131.145 Y121.948 E8.69517
G1 X130.126 Y122.927 E8.88317
G1 X128.995 Y123.659 E9.0624
G1 X127.424 Y124.288 E9.28754
G1 X125.902 Y124.5 E9.49198
G1 X124.5 Y124.5 E9.67851
G1 X124.5 Y125.982 E9.87567
G1 X124.31 Y127.111 E10.02799
G1 X124.107 Y127.906 E10.13715
G1 X123.662 Y128.949 E10.28801
G1 X123.112 Y129.83 E10.42618
G1 X122.645 Y130.448 E10.52924
G1 X121.626 Y131.427 E10.71724
G1 X120.495 Y132.159 E10.89647
G1 X118.924 Y132.788 E11.12161
G1 X117.402 Y133 E11.32605
G1 X102.518 Y133 E13.30622
G1 X101.389 Y132.81 E13.45854
G1 X100.594 Y132.607 E13.5677
G1 X99.551 Y132.162 E13.71856
G1 X98.67 Y131.612 E13.85674
G1 X98.052 Y131.145 E13.95979
G1 X97.073 Y130.126 E14.14779
G1 X96.341 Y128.995 E14.32702
G1 X95.712 Y127.424 E14.55216
G1 X95.5 Y125.902 E14.7566
G1 X95.5 Y124.5 E14.94313
G1 X94.018 Y124.5 E15.14029
G1 X92.889 Y124.31 E15.29261
G1 X92.094 Y124.107 E15.40177
G1 X91.051 Y123.662 E15.55263
G1 X90.17 Y123.112 E15.6908
G1 X89.552 Y122.645 E15.79386
G1 X88.573 Y121.626 E15.98186
G1 X87.841 Y120.495 E16.16109
G1 X87.212 Y118.924 E16.38623
G1 X87 Y117.402 E16.59067
G1 X87 Y102.518 E18.57084
G1 X87.19 Y101.389 E18.72316
G1 X87.393 Y100.594 E18.83232
G1 X87.838 Y99.551 E18.98318
G1 X88.388 Y98.67 E19.12136
G1 X88.855 Y98.052 E19.22441
G1 X89.874 Y97.073 E19.41241
G1 X91.005 Y96.341 E19.59164
G1 X92.576 Y95.712 E19.81678
G1 X94.098 Y95.5 E20.02122
G1 X95.5 Y95.5 E20.20774
G1 X95.5 Y94.018 E20.40491
G1 X95.69 Y92.889 E20.55723
G1 X95.893 Y92.094 E20.66639
G1 X96.338 Y91.051 E20.81725
G1 X96.888 Y90.17 E20.95542
G1 X97.355 Y89.552 E21.05848
G0 F6000 X98.106 Y90.217
G1 F1200 X97.686 Y90.773 E21.15118
G1 X97.23 Y91.51 E21.26648
G1 X96.842 Y92.419 E21.39797
G1 X96.659 Y93.136 E21.49642
G1 X96.5 Y94.103 E21.6268
G1 X96.5 Y96.5 E21.9457
G1 X94.164 Y96.5 E22.25648
G1 X92.835 Y96.685 E22.43499
G1 X91.469 Y97.232 E22.63076
G1 X90.497 Y97.861 E22.78479
G1 X89.606 Y98.717 E22.94917
G1 X89.186 Y99.273 E23.04187
G1 X88.73 Y100.01 E23.15717
G1 X88.342 Y100.919 E23.28866
G1 X88.159 Y101.636 E23.38711
G1 X88 Y102.603 E23.51749
G1 X88 Y117.336 E25.47757
G1 X88.185 Y118.665 E25.65609
G1 X88.732 Y120.031 E25.85185
G1 X89.361 Y121.003 E26.00588
G1 X90.217 Y121.894 E26.17026
G1 X90.773 Y122.314 E26.26296
G1 X91.51 Y122.77 E26.37827
G1 X92.419 Y123.158 E26.50976
G1 X93.136 Y123.341 E26.6082
G1 X94.103 Y123.5 E26.73858
G1 X96.5 Y123.5 E27.05748
G1 X96.5 Y125.836 E27.36826
G1 X96.685 Y127.165 E27.54678
G1 X97.232 Y128.531 E27.74254
G1 X97.861 Y129.503 E27.89657
G1 X98.717 Y130.394 E28.06095
G1 X99.273 Y130.814 E28.15365
G1 X100.01 Y131.27 E28.26896
G1 X100.919 Y131.658 E28.40044
G1 X101.636 Y131.841 E28.49889
G1 X102.603 Y132 E28.62927
G1 X117.336 Y132 E30.58936
G1 X118.665 Y131.815 E30.76787
G1 X120.031 Y131.268 E30.96364
G1 X121.003 Y130.639 E31.11767
G1 X121.894 Y129.783 E31.28205
G1 X122.314 Y129.227 E31.37475
G1 X122.77 Y128.49 E31.49005
G1 X123.158 Y127.581 E31.62154
G1 X123.341 Y126.864 E31.71999
G1 X123.5 Y125.897 E31.85037
G1 X123.5 Y123.5 E32.16926
G1 X125.836 Y123.5 E32.48005
G1 X127.165 Y123.315 E32.65856
G1 X128.531 Y122.768 E32.85432
G1 X129.503 Y122.139 E33.00835
G1 X130.394 Y121.283 E33.17273
G1 X130.814 Y120.727 E33.26544
G1 X131.27 Y119.99 E33.38074
G1 X131.658 Y119.081 E33.51223
G1 X131.841 Y118.364 E33.61068
G1 X132 Y117.397 E33.74105
G1 X132 Y102.664 E35.70114
G1 X131.815 Y101.335 E35.87966
G1 X131.268 Y99.969 E36.07542
G1 X130.639 Y98.997 E36.22945
G1 X129.783 Y98.106 E36.39383
G1 X129.227 Y97.686 E36.48653
G1 X128.49 Y97.23 E36.60183
G1 X127.581 Y96.842 E36.73332
G1 X126.864 Y96.659 E36.83177
G1 X125.897 Y96.5 E36.96215
G1 X123.5 Y96.5 E37.28105
G1 X123.5 Y94.164 E37.59183
G1 X123.315 Y92.835 E37.77035
G1 X122.768 Y91.469 E37.96611
G1 X122.139 Y90.497 E38.12014
G1 X121.283 Y89.606 E38.28452
G1 X120.727 Y89.186 E38.37722
G1 X119.99 Y88.73 E38.49252
G1 X119.081 Y88.342 E38.62401
G1 X118.364 Y88.159 E38.72246
G1 X117.397 Y88 E38.85284
G1 X102.664 Y88 E40.81292
G1 X101.335 Y88.185 E40.99144
G1 X99.969 Y88.732 E41.1872
G1 X98.997 Y89.361 E41.34123
G1 X98.106 Y90.217 E41.50561
G0 F6000 X98.857 Y90.882
G1 F1200 X99.62 Y90.149 E41.64638
G1 X100.433 Y89.623 E41.7752
G1 X101.594 Y89.158 E41.94159
G1 X102.73 Y89 E42.09418
G1 X117.314 Y89 E44.03444
G1 X118.202 Y89.146 E44.15417
G1 X118.756 Y89.291 E44.23036
G1 X119.526 Y89.619 E44.3417
G1 X120.124 Y89.984 E44.43491
G1 X120.618 Y90.357 E44.51726
G1 X121.351 Y91.12 E44.65803
G1 X121.877 Y91.933 E44.78685
G1 X122.342 Y93.094 E44.95324
G1 X122.5 Y94.23 E45.10583
G1 X122.5 Y97.5 E45.54087
G1 X125.814 Y97.5 E45.98177
G1 X126.702 Y97.646 E46.10149
G1 X127.256 Y97.791 E46.17768
G1 X128.026 Y98.119 E46.28903
G1 X128.624 Y98.484 E46.38224
G1 X129.118 Y98.857 E46.46459
G1 X129.851 Y99.62 E46.60535
G1 X130.377 Y100.433 E46.73418
G1 X130.842 Y101.594 E46.90057
G1 X131 Y102.73 E47.05315
G1 X131 Y117.314 E48.99342
G1 X130.854 Y118.202 E49.11314
G1 X130.709 Y118.756 E49.18933
G1 X130.381 Y119.526 E49.30068
G1 X130.016 Y120.124 E49.39389
G1 X129.643 Y120.618 E49.47624
G1 X128.88 Y121.351 E49.617
G1 X128.067 Y121.877 E49.74583
G1 X126.906 Y122.342 E49.91222
G1 X125.77 Y122.5 E50.06481
G1 X122.5 Y122.5 E50.49985
G1 X122.5 Y125.814 E50.94074
G1 X122.354 Y126.702 E51.06047
G1 X122.209 Y127.256 E51.13666
G1 X121.881 Y128.026 E51.24801
G1 X121.516 Y128.624 E51.34121
G1 X121.143 Y129.118 E51.42357
G1 X120.38 Y129.851 E51.56433
G1 X119.567 Y130.377 E51.69315
G1 X118.406 Y130.842 E51.85954
G1 X117.27 Y131 E52.01213
G1 X102.686 Y131 E53.95239
G1 X101.798 Y130.854 E54.07212
G1 X101.244 Y130.709 E54.14831
G1 X100.474 Y130.381 E54.25966
G1 X99.876 Y130.016 E54.35286
G1 X99.382 Y129.643 E54.43522
G1 X98.649 Y128.88 E54.57598
G1 X98.123 Y128.067 E54.7048
G1 X97.658 Y126.906 E54.87119
G1 X97.5 Y125.77 E55.02378
G1 X97.5 Y122.5 E55.45882
G1 X94.186 Y122.5 E55.89972
G1 X93.298 Y122.354 E56.01945
G1 X92.744 Y122.209 E56.09563
G1 X91.974 Y121.881 E56.20698
G1 X91.376 Y121.516 E56.30019
G1 X90.882 Y121.143 E56.38254
G1 X90.149 Y120.38 E56.5233
G1 X89.623 Y119.567 E56.65213
G1 X89.158 Y118.406 E56.81852
G1 X89 Y117.27 E56.97111
G1 X89 Y102.686 E58.91137
G1 X89.146 Y101.798 E59.0311
G1 X89.291 Y101.244 E59.10728
G1 X89.619 Y100.474 E59.21863
G1 X89.984 Y99.876 E59.31184
G1 X90.357 Y99.382 E59.39419
G1 X91.12 Y98.649 E59.53495
G1 X91.933 Y98.123 E59.66378
G1 X93.094 Y97.658 E59.83017
G1 X94.23 Y97.5 E59.98276
G1 X97.5 Y97.5 E60.4178
G1 X97.5 Y94.186 E60.8587
G1 X97.646 Y93.298 E60.97842
G1 X97.791 Y92.744 E61.05461
G1 X98.119 Y91.974 E61.16596
G1 X98.484 Y91.376 E61.25916
G1 X98.857 Y90.882 E61.34152
G0 F6000 X99.605 Y91.55
G1 F1200 X100.243 Y90.937 E61.45923
G1 X100.897 Y90.514 E61.56285
G1 X101.85 Y90.132 E61.69944
G1 X102.802 Y90 E61.82731
G1 X117.235 Y90 E63.74748
G1 X117.949 Y90.114 E63.84368
G1 X118.435 Y90.241 E63.91051
G1 X119.067 Y90.51 E64.00189
G1 X119.602 Y90.837 E64.08531
G1 X119.95 Y91.105 E64.14374
G1 X120.563 Y91.743 E64.26145
G1 X120.986 Y92.397 E64.36507
G1 X121.368 Y93.35 E64.50167
G1 X121.5 Y94.302 E64.62953
G1 X121.5 Y98.5 E65.18804
G1 X125.735 Y98.5 E65.75147
G1 X126.449 Y98.614 E65.84766
G1 X126.935 Y98.741 E65.91449
G1 X127.567 Y99.01 E66.00587
G1 X128.102 Y99.337 E66.08929
G1 X128.45 Y99.605 E66.14772
G1 X129.063 Y100.243 E66.26543
G1 X129.486 Y100.897 E66.36906
G1 X129.868 Y101.85 E66.50565
G1 X130 Y102.802 E66.63352
G1 X130 Y117.235 E68.55369
G1 X129.886 Y117.949 E68.64989
G1 X129.759 Y118.435 E68.71671
G1 X129.49 Y119.067 E68.80809
G1 X129.163 Y119.602 E68.89151
G1 X128.895 Y119.95 E68.94995
G1 X128.257 Y120.563 E69.06766
G1 X127.603 Y120.986 E69.17128
G1 X126.65 Y121.368 E69.30788
G1 X125.698 Y121.5 E69.43574
G1 X121.5 Y121.5 E69.99425
G1 X121.5 Y125.735 E70.55767
G1 X121.386 Y126.449 E70.65387
G1 X121.259 Y126.935 E70.7207
G1 X120.99 Y127.567 E70.81208
G1 X120.663 Y128.102 E70.8955
G1 X120.395 Y128.45 E70.95393
G1 X119.757 Y129.063 E71.07164
G1 X119.103 Y129.486 E71.17526
G1 X118.15 Y129.868 E71.31186
G1 X117.198 Y130 E71.43972
G1 X102.765 Y130 E73.3599
G1 X102.051 Y129.886 E73.45609
G1 X101.565 Y129.759 E73.52292
G1 X100.933 Y129.49 E73.6143
G1 X100.398 Y129.163 E73.69772
G1 X100.05 Y128.895 E73.75616
G1 X99.437 Y128.257 E73.87387
G1 X99.014 Y127.603 E73.97749
G1 X98.632 Y126.65 E74.11408
G1 X98.5 Y125.698 E74.24195
G1 X98.5 Y121.5 E74.80045
G1 X94.265 Y121.5 E75.36388
G1 X93.551 Y121.386 E75.46007
G1 X93.065 Y121.259 E75.5269
G1 X92.433 Y120.99 E75.61828
G1 X91.898 Y120.663 E75.7017
G1 X91.55 Y120.395 E75.76014
G1 X90.937 Y119.757 E75.87785
G1 X90.514 Y119.103 E75.98147
G1 X90.132 Y118.15 E76.11807
G1 X90 Y117.198 E76.24593
G1 X90 Y102.765 E78.16611
G1 X90.114 Y102.051 E78.2623
G1 X90.241 Y101.565 E78.32913
G1 X90.51 Y100.933 E78.42051
G1 X90.837 Y100.398 E78.50393
G1 X91.105 Y100.05 E78.56237
G1 X91.743 Y99.437 E78.68008
G1 X92.397 Y99.014 E78.7837
G1 X93.35 Y98.632 E78.92029
G1 X94.302 Y98.5 E79.04816
G1 X98.5 Y98.5 E79.60666
G1 X98.5 Y94.265 E80.17009
G1 X98.614 Y93.551 E80.26628
G1 X98.741 Y93.065 E80.33311
G1 X99.01 Y92.433 E80.42449
G1 X99.337 Y91.898 E80.50791
G1 X99.605 Y91.55 E80.56635
G0 F6000 X100.35 Y92.221
G1 F1200 X100.869 Y91.722 E80.66213
G1 X101.354 Y91.408 E80.739
G1 X102.112 Y91.105 E80.8476
G1 X102.868 Y91 E80.94915
G1 X117.154 Y91 E82.84976
G1 X117.696 Y91.082 E82.92269
G1 X118.117 Y91.192 E82.98058
G1 X118.606 Y91.4 E83.05128
G1 X119.08 Y91.69 E83.12521
G1 X119.279 Y91.85 E83.15918
G1 X119.778 Y92.369 E83.25497
G1 X120.092 Y92.854 E83.33183
G1 X120.395 Y93.612 E83.44044
G1 X120.5 Y94.368 E83.54198
G1 X120.5 Y98.833 E84.13601
G1 X120.525 Y99.091 E84.17049
G1 X120.66 Y99.343 E84.20853
G1 X120.853 Y99.47 E84.23926
G1 X121.167 Y99.5 E84.28123
G1 X125.654 Y99.5 E84.87818
G1 X126.196 Y99.582 E84.95111
G1 X126.617 Y99.692 E85.009
G1 X127.106 Y99.9 E85.0797
G1 X127.58 Y100.19 E85.15362
G1 X127.779 Y100.35 E85.1876
G1 X128.278 Y100.869 E85.28338
G1 X128.592 Y101.354 E85.36025
G1 X128.895 Y102.112 E85.46885
G1 X129 Y102.868 E85.5704
G1 X129 Y117.154 E87.47101
G1 X128.918 Y117.696 E87.54394
G1 X128.808 Y118.117 E87.60183
G1 X128.6 Y118.606 E87.67253
G1 X128.31 Y119.08 E87.74646
G1 X128.15 Y119.279 E87.78043
G1 X127.631 Y119.778 E87.87621
G1 X127.146 Y120.092 E87.95308
G1 X126.388 Y120.395 E88.06168
G1 X125.632 Y120.5 E88.16323
G1 X121.167 Y120.5 E88.75725
G1 X120.908 Y120.525 E88.79187
G1 X120.726 Y120.602 E88.81816
G1 X120.593 Y120.739 E88.84357
G1 X120.526 Y120.905 E88.86738
G1 X120.5 Y121.171 E88.90294
G1 X120.5 Y125.654 E89.49936
G1 X120.418 Y126.196 E89.57229
G1 X120.308 Y126.617 E89.63018
G1 X120.1 Y127.106 E89.70088
G1 X119.81 Y127.58 E89.7748
G1 X119.65 Y127.779 E89.80878
G1 X119.131 Y128.278 E89.90456
G1 X118.646 Y128.592 E89.98143
G1 X117.888 Y128.895 E90.09003
G1 X117.132 Y129 E90.19158
G1 X102.846 Y129 E92.09219
G1 X102.304 Y128.918 E92.16512
G1 X101.883 Y128.808 E92.22301
G1 X101.394 Y128.6 E92.29371
G1 X100.92 Y128.31 E92.36764
G1 X100.721 Y128.15 E92.40161
G1 X100.222 Y127.631 E92.49739
G1 X99.908 Y127.146 E92.57426
G1 X99.605 Y126.388 E92.68286
G1 X99.5 Y125.632 E92.78441
G1 X99.5 Y121.167 E93.37843
G1 X99.475 Y120.91 E93.41279
G1 X99.406 Y120.737 E93.43757
G1 X99.158 Y120.531 E93.48046
G1 X98.831 Y120.5 E93.52416
G1 X94.346 Y120.5 E94.12084
G1 X93.804 Y120.418 E94.19377
G1 X93.383 Y120.308 E94.25166
G1 X92.894 Y120.1 E94.32236
G1 X92.42 Y119.81 E94.39629
G1 X92.221 Y119.65 E94.43026
G1 X91.722 Y119.131 E94.52604
G1 X91.408 Y118.646 E94.60291
G1 X91.105 Y117.888 E94.71152
G1 X91 Y117.132 E94.81306
G1 X91 Y102.846 E96.71368
G1 X91.082 Y102.304 E96.78661
G1 X91.192 Y101.883 E96.8445
G1 X91.4 Y101.394 E96.91519
G1 X91.69 Y100.92 E96.98912
G1 X91.85 Y100.721 E97.02309
G1 X92.369 Y100.222 E97.11888
G1 X92.854 Y99.908 E97.19574
G1 X93.612 Y99.605 E97.30435
G1 X94.368 Y99.5 E97.40589
G1 X98.833 Y99.5 E97.99992
G1 X99.147 Y99.47 E98.04188
G1 X99.34 Y99.343 E98.07262
G1 X99.475 Y99.092 E98.11054
G1 X99.5 Y98.832 E98.14529
G1 X99.5 Y94.346 E98.74211
G1 X99.582 Y93.804 E98.81504
G1 X99.692 Y93.383 E98.87293
G1 X99.9 Y92.894 E98.94362
G1 X100.19 Y92.42 E99.01755
G1 X100.35 Y92.221 E99.05152
G0 F6000 X101.043 Y92.942
G1 F1200 X101.492 Y92.51 E99.13442
G1 X101.815 Y92.301 E99.1856
G1 X102.373 Y92.078 E99.26555
G1 X102.934 Y92 E99.3409
G1 X117.077 Y92 E101.22249
G1 X117.546 Y92.071 E101.2856
G1 X117.787 Y92.139 E101.31891
G1 X118.15 Y92.293 E101.37137
G1 X118.558 Y92.543 E101.43503
G1 X118.99 Y92.992 E101.51793
G1 X119.199 Y93.315 E101.56911
G1 X119.422 Y93.873 E101.64906
G1 X119.5 Y94.434 E101.72441
G1 X119.5 Y98.878 E102.31564
G1 X119.54 Y99.29 E102.37071
G1 X119.625 Y99.569 E102.40952
G1 X119.762 Y99.824 E102.44803
G1 X119.952 Y100.055 E102.48782
G1 X120.168 Y100.233 E102.52506
G1 X120.436 Y100.377 E102.56553
G1 X120.709 Y100.46 E102.60349
G1 X121.123 Y100.5 E102.65883
G1 X125.577 Y100.5 E103.25139
G1 X126.046 Y100.571 E103.3145
G1 X126.287 Y100.639 E103.34781
G1 X126.65 Y100.793 E103.40027
G1 X127.058 Y101.043 E103.46393
G1 X127.49 Y101.492 E103.54683
G1 X127.699 Y101.815 E103.59801
G1 X127.922 Y102.373 E103.67796
G1 X128 Y102.934 E103.75331
G1 X128 Y117.077 E105.6349
G1 X127.929 Y117.546 E105.69801
G1 X127.861 Y117.787 E105.73132
G1 X127.707 Y118.15 E105.78378
G1 X127.457 Y118.558 E105.84744
G1 X127.008 Y118.99 E105.93034
G1 X126.685 Y119.199 E105.98152
G1 X126.127 Y119.422 E106.06147
G1 X125.566 Y119.5 E106.13682
G1 X121.123 Y119.5 E106.72792
G1 X120.709 Y119.54 E106.78326
G1 X120.436 Y119.623 E106.82122
G1 X120.168 Y119.767 E106.86169
G1 X119.952 Y119.944 E106.89885
G1 X119.759 Y120.179 E106.9393
G1 X119.625 Y120.43 E106.97716
G1 X119.541 Y120.706 E107.01554
G1 X119.5 Y121.124 E107.07142
G1 X119.5 Y125.577 E107.66385
G1 X119.429 Y126.046 E107.72695
G1 X119.361 Y126.287 E107.76027
G1 X119.207 Y126.65 E107.81273
G1 X118.957 Y127.058 E107.87639
G1 X118.508 Y127.49 E107.95928
G1 X118.185 Y127.699 E108.01047
G1 X117.627 Y127.922 E108.09041
G1 X117.066 Y128 E108.16577
G1 X102.923 Y128 E110.04736
G1 X102.454 Y127.929 E110.11046
G1 X102.213 Y127.861 E110.14378
G1 X101.85 Y127.707 E110.19624
G1 X101.442 Y127.457 E110.2599
G1 X101.01 Y127.008 E110.34279
G1 X100.801 Y126.685 E110.39398
G1 X100.578 Y126.127 E110.47392
G1 X100.5 Y125.566 E110.54928
G1 X100.5 Y121.121 E111.14064
G1 X100.46 Y120.71 E111.19558
G1 X100.374 Y120.428 E111.2348
G1 X100.24 Y120.177 E111.27266
G1 X100.053 Y119.95 E111.31178
G1 X99.821 Y119.759 E111.35176
G1 X99.574 Y119.626 E111.38909
G1 X99.288 Y119.54 E111.42882
G1 X98.877 Y119.5 E111.48376
G1 X94.423 Y119.5 E112.07632
G1 X93.954 Y119.429 E112.13943
G1 X93.713 Y119.361 E112.17274
G1 X93.35 Y119.207 E112.2252
G1 X92.942 Y118.957 E112.28886
G1 X92.51 Y118.508 E112.37176
G1 X92.301 Y118.185 E112.42294
G1 X92.078 Y117.627 E112.50289
G1 X92 Y117.066 E112.57824
G1 X92 Y102.923 E114.45983
G1 X92.071 Y102.454 E114.52294
G1 X92.139 Y102.213 E114.55625
G1 X92.293 Y101.85 E114.60871
G1 X92.543 Y101.442 E114.67237
G1 X92.992 Y101.01 E114.75527
G1 X93.315 Y100.801 E114.80645
G1 X93.873 Y100.578 E114.8864
G1 X94.434 Y100.5 E114.96175
G1 X98.877 Y100.5 E115.55285
G1 X99.291 Y100.46 E115.60818
G1 X99.564 Y100.377 E115.64615
G1 X99.832 Y100.233 E115.68662
G1 X100.048 Y100.055 E115.72386
G1 X100.238 Y99.824 E115.76365
G1 X100.375 Y99.569 E115.80216
G1 X100.46 Y99.289 E115.84109
G1 X100.5 Y98.877 E115.89616
G1 X100.5 Y94.423 E116.48873
G1 X100.571 Y93.954 E116.55183
G1 X100.639 Y93.713 E116.58515
G1 X100.793 Y93.35 E116.63761
G1 X101.043 Y92.942 E116.70127
G1 F1500 E110.20127
G0 F6000 X102.652 Y94.141
G1 F1500 E116.70127
G1 F1200 X102.82 Y94.034 E116.72777
G1 X103 Y94 E116.75214
G1 X117 Y94 E118.6147
G1 X117.195 Y94.04 E118.64119
G1 X117.359 Y94.152 E118.66761
G1 X117.466 Y94.32 E118.69411
G1 X117.5 Y94.5 E118.71848
G1 X117.5 Y98.972 E119.31344
G1 X117.57 Y99.684 E119.40862
G1 X117.767 Y100.338 E119.49949
G1 X118.092 Y100.944 E119.59097
G1 X118.526 Y101.472 E119.6819
G1 X119.056 Y101.907 E119.77312
G1 X119.662 Y102.233 E119.86467
G1 X120.316 Y102.43 E119.95554
G1 X121.03 Y102.5 E120.05099
G1 X125.5 Y102.5 E120.64568
G1 X125.695 Y102.54 E120.67216
G1 X125.859 Y102.652 E120.69858
G1 X125.966 Y102.82 E120.72508
G1 X126 Y103 E120.74945
G1 X126 Y117 E122.61202
G1 X125.96 Y117.195 E122.6385
G1 X125.848 Y117.359 E122.66493
G1 X125.68 Y117.466 E122.69142
G1 X125.5 Y117.5 E122.7158
G1 X121.03 Y117.5 E123.31049
G1 X120.316 Y117.57 E123.40593
G1 X119.662 Y117.767 E123.4968
G1 X119.056 Y118.093 E123.58835
G1 X118.526 Y118.528 E123.67957
G1 X118.093 Y119.055 E123.77031
G1 X117.768 Y119.661 E123.8618
G1 X117.57 Y120.316 E123.95284
G1 X117.5 Y121.03 E124.04828
G1 X117.5 Y125.5 E124.64297
G1 X117.46 Y125.695 E124.66946
G1 X117.348 Y125.859 E124.69588
G1 X117.18 Y125.966 E124.72238
G1 X117 Y126 E124.74675
G1 X103 Y126 E126.60931
G1 X102.805 Y125.96 E126.6358
G1 X102.641 Y125.848 E126.66222
G1 X102.534 Y125.68 E126.68872
G1 X102.5 Y125.5 E126.71309
G1 X102.5 Y121.028 E127.30805
G1 X102.43 Y120.316 E127.40323
G1 X102.232 Y119.661 E127.49426
G1 X101.907 Y119.056 E127.58563
G1 X101.472 Y118.526 E127.67685
G1 X100.945 Y118.093 E127.76759
G1 X100.338 Y117.767 E127.85926
G1 X99.684 Y117.57 E127.95013
G1 X98.97 Y117.5 E128.04558
G1 X94.5 Y117.5 E128.64027
G1 X94.305 Y117.46 E128.66675
G1 X94.141 Y117.348 E128.69317
G1 X94.034 Y117.18 E128.71967
G1 X94 Y117 E128.74404
G1 X94 Y103 E130.60661
G1 X94.04 Y102.805 E130.63309
G1 X94.152 Y102.641 E130.65951
G1 X94.32 Y102.534 E130.68601
G1 X94.5 Y102.5 E130.71038
G1 X98.97 Y102.5 E131.30507
G1 X99.684 Y102.43 E131.40052
G1 X100.338 Y102.233 E131.49139
G1 X100.944 Y101.907 E131.58294
G1 X101.474 Y101.472 E131.67416
G1 X101.908 Y100.944 E131.76509
G1 X102.233 Y100.338 E131.85657
G1 X102.43 Y99.684 E131.94745
G1 X102.5 Y98.97 E132.04289
G1 X102.5 Y94.5 E132.63758
G1 X102.54 Y94.305 E132.66407
G1 X102.652 Y94.141 E132.69049
G0 F6000 X101.826 Y93.577
G1 F1200 X102.186 Y93.23 E132.75701
G1 X102.634 Y93.051 E132.82119
G1 X103 Y93 E132.87036
G1 X117 Y93 E134.73292
G1 X117.396 Y93.06 E134.78621
G1 X117.759 Y93.214 E134.83867
G1 X117.923 Y93.326 E134.86509
G1 X118.27 Y93.686 E134.93161
G1 X118.449 Y94.134 E134.99579
G1 X118.5 Y94.5 E135.04496
G1 X118.5 Y98.925 E135.63366
G1 X118.555 Y99.486 E135.70866
G1 X118.697 Y99.955 E135.77385
G1 X118.926 Y100.383 E135.83843
G1 X119.239 Y100.763 E135.90393
G1 X119.612 Y101.07 E135.9682
G1 X120.047 Y101.304 E136.03391
G1 X120.514 Y101.445 E136.09881
G1 X121.077 Y101.5 E136.17407
G1 X125.5 Y101.5 E136.76251
G1 X125.896 Y101.56 E136.81579
G1 X126.259 Y101.714 E136.86825
G1 X126.423 Y101.826 E136.89467
G1 X126.77 Y102.186 E136.9612
G1 X126.949 Y102.634 E137.02538
G1 X127 Y103 E137.07454
G1 X127 Y117 E138.93711
G1 X126.94 Y117.396 E138.9904
G1 X126.786 Y117.759 E139.04286
G1 X126.674 Y117.923 E139.06928
G1 X126.314 Y118.27 E139.1358
G1 X125.866 Y118.449 E139.19998
G1 X125.5 Y118.5 E139.24915
G1 X121.077 Y118.5 E139.83758
G1 X120.514 Y118.555 E139.91284
G1 X120.047 Y118.696 E139.97774
G1 X119.612 Y118.93 E140.04346
G1 X119.239 Y119.236 E140.10764
G1 X118.927 Y119.616 E140.17306
G1 X118.696 Y120.047 E140.23811
G1 X118.556 Y120.511 E140.30259
G1 X118.5 Y121.077 E140.37826
G1 X118.5 Y125.5 E140.9667
G1 X118.44 Y125.896 E141.01998
G1 X118.286 Y126.259 E141.07244
G1 X118.174 Y126.423 E141.09887
G1 X117.814 Y126.77 E141.16539
G1 X117.366 Y126.949 E141.22957
G1 X117 Y127 E141.27873
G1 X103 Y127 E143.1413
G1 X102.604 Y126.94 E143.19459
G1 X102.241 Y126.786 E143.24705
G1 X102.077 Y126.674 E143.27347
G1 X101.73 Y126.314 E143.33999
G1 X101.551 Y125.866 E143.40417
G1 X101.5 Y125.5 E143.45334
G1 X101.5 Y121.075 E144.04204
G1 X101.445 Y120.511 E144.11743
G1 X101.304 Y120.047 E144.18195
G1 X101.072 Y119.614 E144.2473
G1 X100.764 Y119.239 E144.31186
G1 X100.384 Y118.927 E144.37728
G1 X99.955 Y118.696 E144.4421
G1 X99.486 Y118.555 E144.50726
G1 X98.923 Y118.5 E144.58251
G1 X94.5 Y118.5 E145.17095
G1 X94.104 Y118.44 E145.22424
G1 X93.741 Y118.286 E145.2767
G1 X93.577 Y118.174 E145.30312
G1 X93.23 Y117.814 E145.36964
G1 X93.051 Y117.366 E145.43382
G1 X93 Y117 E145.48299
G1 X93 Y103 E147.34555
G1 X93.06 Y102.604 E147.39884
G1 X93.214 Y102.241 E147.4513
G1 X93.326 Y102.077 E147.47772
G1 X93.686 Y101.73 E147.54424
G1 X94.134 Y101.551 E147.60843
G1 X94.5 Y101.5 E147.65759
G1 X98.923 Y101.5 E148.24603
G1 X99.486 Y101.445 E148.32129
G1 X99.953 Y101.304 E148.38619
G1 X100.388 Y101.07 E148.4519
G1 X100.761 Y100.763 E148.51617
G1 X101.074 Y100.383 E148.58167
G1 X101.303 Y99.955 E148.64625
G1 X101.445 Y99.486 E148.71144
G1 X101.5 Y98.923 E148.7867
G1 X101.5 Y94.5 E149.37514
G1 X101.56 Y94.104 E149.42842
G1 X101.714 Y93.741 E149.48088
G1 X101.826 Y93.577 E149.5073
G1 F1500 E143.0073
;MESH:plate holder-Body.stl
G0 F6000 X104.014 Y95.514
G0 X107.739 Y96.011
;TYPE:WALL-INNER
G1 F1500 E149.5073
G1 F1185.8 X108 Y96 E149.54248
G1 F1200 X112 Y96 E150.07464
G0 F6000 X115.028 Y96.472
G0 X116.34 Y100.93
G0 X116.806 Y101.803
G0 X117.434 Y102.566
G0 X118.197 Y103.194
G0 X120.973 Y104.972
G0 X123.528 Y104.972
G0 X124 Y108
G1 F1200 X124 Y104.5 E150.54028
G1 X120.917 Y104.5 E150.95044
G1 X120.063 Y104.413 E151.06465
G1 X119.785 Y104.357 E151.10238
G1 X119.037 Y104.134 E151.20622
G1 X118.76 Y104.019 E151.24612
G1 X118.064 Y103.647 E151.35111
G1 X117.811 Y103.477 E151.39167
G1 X117.112 Y102.886 E151.51345
G1 X116.519 Y102.185 E151.6356
G1 X116.345 Y101.926 E151.67711
G1 X115.977 Y101.23 E151.78185
G1 X115.869 Y100.966 E151.8198
G1 X115.604 Y100.094 E151.94105
G1 X115.5 Y99.077 E152.07706
G1 X115.5 Y96 E152.48643
G1 X112 Y96 E152.95207
G1 X112.768 Y96.21 E153.05799
G1 X113.268 Y96.697 E153.15085
G1 X113.473 Y97.216 E153.22509
G1 X113.5 Y97.5 E153.26305
G1 X113.501 Y106.499 E154.46028
G1 X122.5 Y106.5 E155.65751
G1 X122.784 Y106.527 E155.69546
G1 X123.303 Y106.731 E155.76965
G1 X123.79 Y107.231 E155.86251
G1 X124 Y108 E155.96857
G1 X124 Y112 E156.50073
G1 F1186.9 X123.989 Y112.261 E156.53587
G0 F6000 X123.528 Y115.028
G0 X119.07 Y116.34
G0 X118.197 Y116.806
G0 X117.434 Y117.434
G0 X116.806 Y118.197
G0 X115.029 Y121.221
G0 X115.028 Y123.528
G0 X112.261 Y123.989
G1 F1185.8 X113.651 Y124 E156.72302
G1 F1200 X115.5 Y124 E156.96901
G1 X115.5 Y121 E157.36813
G1 X115.583 Y120.071 E157.49222
G1 X115.641 Y119.779 E157.53183
G1 X115.869 Y119.03 E157.63599
G1 X115.977 Y118.766 E157.67394
G1 X116.345 Y118.07 E157.77868
G1 X116.519 Y117.811 E157.82019
G1 X117.111 Y117.111 E157.94216
G1 X117.811 Y116.519 E158.06412
G1 X118.07 Y116.345 E158.10564
G1 X118.766 Y115.977 E158.21038
G1 X119.03 Y115.869 E158.24833
G1 X119.902 Y115.604 E158.36958
G1 X120.924 Y115.5 E158.50625
G1 X124 Y115.5 E158.91548
G1 F1186.9 X123.989 Y112.261 E159.35114
G1 F1182.3 X123.794 Y112.77 E159.42474
G1 F1195.2 X123.303 Y113.268 E159.51816
G1 F1200 X122.784 Y113.473 E159.5924
G1 X122.5 Y113.5 E159.63035
G1 X113.5 Y113.5 E160.82772
G1 X113.5 Y122.5 E162.02508
G1 X113.473 Y122.784 E162.06303
G1 X113.268 Y123.303 E162.13727
G1 F1194 X112.77 Y123.794 E162.23078
G1 F1179.9 X112.261 Y123.989 E162.30453
G1 F1185.8 X112 Y124 E162.3397
G1 F1200 X108 Y124 E162.87186
G1 X107.232 Y123.79 E162.97779
G1 X106.732 Y123.303 E163.07065
G1 X106.527 Y122.784 E163.14489
G1 X106.5 Y122.5 E163.18284
G1 X106.5 Y113.5 E164.38021
G1 X97.5 Y113.5 E165.57757
G1 X97.216 Y113.473 E165.61553
G1 X96.697 Y113.268 E165.68976
G1 F1194 X96.206 Y112.77 E165.78327
G1 F1179.9 X96.011 Y112.261 E165.85702
G1 F1185.8 X96 Y113.651 E166.04417
G1 F1200 X96 Y115.5 E166.29016
G1 X99.074 Y115.5 E166.69913
G1 X99.926 Y115.583 E166.81302
G1 X100.217 Y115.641 E166.85249
G1 X100.966 Y115.869 E166.95666
G1 X101.23 Y115.977 E166.9946
G1 X101.926 Y116.345 E167.09935
G1 X102.185 Y116.519 E167.14086
G1 X102.886 Y117.112 E167.26301
G1 X103.477 Y117.811 E167.38479
G1 X103.647 Y118.064 E167.42535
G1 X104.02 Y118.76 E167.5304
G1 X104.133 Y119.037 E167.5702
G1 X104.357 Y119.785 E167.67408
G1 X104.412 Y120.063 E167.71178
G1 X104.5 Y120.915 E167.82574
G1 X104.5 Y124 E168.23617
G1 X108 Y124 E168.70181
G0 F6000 X104.972 Y123.528
G0 X103.66 Y119.07
G0 X103.194 Y118.197
G0 X102.566 Y117.434
G0 X101.803 Y116.806
G0 X98.837 Y115.027
G0 X96.472 Y115.028
G0 X96.011 Y112.261
G1 F1185.8 X96 Y112 E168.73698
G1 F1200 X96 Y108 E169.26914
G1 X96.21 Y107.232 E169.37507
G1 X96.697 Y106.732 E169.46793
G1 X97.216 Y106.527 E169.54217
G1 X97.5 Y106.5 E169.58012
G1 X106.5 Y106.5 E170.77749
G1 X106.5 Y97.5 E171.97485
G1 X106.527 Y97.216 E172.01281
G1 X106.732 Y96.697 E172.08704
G1 F1194 X107.23 Y96.206 E172.18055
G1 F1179.9 X107.739 Y96.011 E172.2543
G1 F1185.8 X106.349 Y96 E172.44145
G1 F1200 X104.5 Y96 E172.68744
G1 X104.5 Y99.079 E173.09708
G1 X104.392 Y100.093 E173.23274
G1 X104.133 Y100.959 E173.353
G1 X104.02 Y101.236 E173.3928
G1 X103.647 Y101.932 E173.49785
G1 X103.477 Y102.185 E173.53841
G1 X102.885 Y102.885 E173.66037
G1 X102.185 Y103.477 E173.78234
G1 X101.932 Y103.647 E173.82289
G1 X101.236 Y104.019 E173.92788
G1 X100.959 Y104.133 E173.96774
G1 X100.093 Y104.392 E174.08799
G1 X99.079 Y104.5 E174.22366
G1 X96 Y104.5 E174.63329
G1 X96 Y108 E175.09893
G1 F1500 E168.59893
G0 F6000 X96.472 Y115.028
G0 X101.834 Y115.75
G0 X104.961 Y120.886
G0 X104.972 Y123.528
G0 X107.744 Y123.6
G0 X107.744 Y122.93
;TYPE:WALL-OUTER
G1 F1500 E175.09893
G1 F1200 X107.577 Y122.768 E175.12989
G1 X107.5 Y122.569 E175.15827
G1 X107.5 Y112.5 E176.49786
G1 X97.428 Y112.5 E177.83784
G1 X97.232 Y112.423 E177.86586
G1 X97.07 Y112.256 E177.89681
G1 X97 Y112.068 E177.9235
G1 X97 Y108 E178.46471
G1 X97.07 Y107.744 E178.50002
G1 X97.232 Y107.577 E178.53097
G1 X97.431 Y107.5 E178.55936
G1 X107.5 Y107.5 E179.89895
G1 X107.5 Y97.428 E181.23893
G1 X107.577 Y97.232 E181.26695
G1 X107.744 Y97.07 E181.2979
G1 X107.932 Y97 E181.32459
G1 X112 Y97 E181.8658
G1 X112.256 Y97.07 E181.90111
G1 X112.423 Y97.232 E181.93206
G1 X112.5 Y97.428 E181.96008
G1 X112.501 Y107.499 E183.29993
G1 X122.572 Y107.5 E184.63978
G1 X122.768 Y107.577 E184.6678
G1 X122.93 Y107.743 E184.69865
G1 X123 Y108 E184.73409
G1 X123 Y112.068 E185.2753
G1 X122.93 Y112.256 E185.30199
G1 X122.768 Y112.423 E185.33294
G1 X122.569 Y112.5 E185.36133
G1 X112.5 Y112.5 E186.70092
G1 X112.5 Y122.572 E188.0409
G1 X112.423 Y122.768 E188.06892
G1 X112.256 Y122.93 E188.09987
G1 X112.068 Y123 E188.12656
G1 X108 Y123 E188.66777
G1 X107.744 Y122.93 E188.70308
G1 F1500 E182.20308
G0 F6000 X107.744 Y123.6
G0 X115.93 Y124.43
G0 X116.5 Y125
G1 F1500 E188.70308
G1 F1200 X116.502 Y120.951 E189.24176
G1 X116.583 Y120.116 E189.35337
G1 X116.839 Y119.275 E189.47032
G1 X117.254 Y118.49 E189.58846
G1 X117.816 Y117.816 E189.70521
G1 X118.49 Y117.254 E189.82196
G1 X119.276 Y116.839 E189.94021
G1 X120.129 Y116.583 E190.0587
G1 X120.951 Y116.502 E190.16858
G1 X125 Y116.5 E190.70727
G1 X125 Y103.5 E192.43679
G1 X120.949 Y103.498 E192.97574
G1 X120.12 Y103.413 E193.08661
G1 X119.281 Y103.163 E193.20308
G1 X118.486 Y102.739 E193.32295
G1 X117.816 Y102.18 E193.43904
G1 X117.254 Y101.506 E193.55579
G1 X116.839 Y100.72 E193.67404
G1 X116.583 Y99.867 E193.79252
G1 X116.502 Y99.049 E193.90188
G1 X116.5 Y95 E194.44056
G1 X103.5 Y95 E196.17009
G1 X103.498 Y99.052 E196.70917
G1 X103.413 Y99.867 E196.81819
G1 X103.16 Y100.723 E196.93694
G1 X102.738 Y101.51 E197.05575
G1 X102.18 Y102.18 E197.17175
G1 X101.51 Y102.738 E197.28775
G1 X100.719 Y103.161 E197.40709
G1 X99.867 Y103.413 E197.52529
G1 X99.052 Y103.498 E197.63431
G1 X95 Y103.5 E198.17339
G1 X95 Y116.5 E199.90292
G1 X99.049 Y116.502 E200.4416
G1 X99.88 Y116.583 E200.55268
G1 X100.721 Y116.839 E200.66963
G1 X101.506 Y117.254 E200.78777
G1 X102.18 Y117.816 E200.90452
G1 X102.738 Y118.486 E201.02052
G1 X103.159 Y119.272 E201.13915
G1 X103.413 Y120.12 E201.25692
G1 X103.498 Y120.949 E201.36779
G1 X103.5 Y125 E201.90673
G1 X116.5 Y125 E203.63626
G0 F6000 X115.93 Y124.43
G0 X115.961 Y120.95
G0 X116.052 Y120.017
G0 X116.34 Y119.07
G0 X116.806 Y118.197
G0 X117.434 Y117.434
G0 X118.197 Y116.806
G0 X119.07 Y116.34
G0 X123.528 Y115.028
G0 X123.522 Y113.685
G0 X122.856 Y113.867
G0 X122.976 Y114.476
;TYPE:SKIN
G1 F978 X122.551 Y114.499 E203.70574
G1 F995.9 X120.836 Y114.501 E203.98068
G1 F954.7 X119.751 Y114.556 E204.16236
G0 F6000 X119.746 Y115.232
G0 X117.665 Y117.214
G0 X115.183 Y120.038
G0 X114.548 Y119.908
G1 F976.4 X114.481 Y119.461 E204.23626
G1 F1110.1 X114.401 Y118.683 E204.34874
G1 F1200 X114.4 Y114.4 E204.91855
G1 X118.691 Y114.4 E205.48943
G1 F1114.2 X119.731 Y114.553 E205.64005
G1 X118.781 Y115.002 E205.79061
G1 F1200 X118.339 Y115.185 E205.85425
G1 X117.655 Y115.545 E205.95709
G1 X117.269 Y115.8 E206.01863
G1 X116.466 Y116.466 E206.15743
G1 X115.831 Y117.228 E206.28939
G1 X115.572 Y117.609 E206.35068
G1 X115.165 Y118.381 E206.46679
G1 F1148.3 X114.921 Y118.965 E206.55478
G1 F1055.4 X114.676 Y119.55 E206.65072
G1 F968.5 X114.548 Y119.908 E206.71339
G1 F960 X114.501 Y120.851 E206.87041
G1 F997.5 X114.499 Y122.551 E207.14249
G1 F979.6 X114.476 Y122.976 E207.21185
G0 F6000 X113.867 Y122.856
G0 X113.685 Y123.522
G0 X115.028 Y123.528
G0 X116.235 Y117.526
G0 X115.468 Y116.883
G1 F1200 X114.9 Y116.314 E207.31882
G0 F6000 X116.282 Y117.47
G0 X116.705 Y116.962
G0 X116.112 Y116.112
G1 F1200 X114.9 Y114.9 E207.54685
G0 F6000 X113.9 Y114.9
G0 X113.685 Y123.522
G0 X115.028 Y123.528
G0 X115.218 Y119.458
G0 X117.469 Y116.283
G0 X116.314 Y114.9
G1 F1200 X116.882 Y115.468 E207.65372
G1 F1500 E201.15372
G0 F6000 X117.524 Y116.237
G0 X115.039 Y120.9
G0 X115.028 Y123.528
G0 X106.972 Y123.528
G0 X106.028 Y113.972
G0 X97.144 Y113.867
G0 X97.024 Y114.476
G1 F1500 E207.65372
G1 F978.8 X97.449 Y114.499 E207.72314
G1 F996.7 X99.149 Y114.501 E207.99545
G1 F960 X100.092 Y114.548 E208.15247
G0 F6000 X99.957 Y115.182
G0 X102.566 Y117.434
G0 X102.922 Y117.867
G0 X104.869 Y120.593
G0 X105.449 Y119.895
G1 F963.9 X105.317 Y119.542 E208.21489
G1 F1096.9 X104.999 Y118.794 E208.33319
G1 F1200 X104.827 Y118.366 E208.39456
G1 X104.445 Y117.647 E208.50287
G1 X104.195 Y117.272 E208.56283
G1 X103.527 Y116.471 E208.70159
G1 X102.765 Y115.832 E208.8339
G1 X102.383 Y115.572 E208.89537
G1 X101.658 Y115.185 E209.00471
G1 X101.255 Y115.017 E209.0628
G1 F1099.9 X100.45 Y114.676 E209.18969
G1 F968.5 X100.092 Y114.548 E209.25236
G1 F976.4 X100.54 Y114.481 E209.32643
G1 F1110.1 X101.302 Y114.4 E209.43663
G1 F1200 X105.6 Y114.4 E210.00844
G1 X105.6 Y118.707 E210.58145
G1 F1106 X105.515 Y119.466 E210.69169
G1 F970.9 X105.449 Y119.895 E210.76307
G0 F6000 X104.869 Y120.593
G0 X104.972 Y123.528
G0 X106.315 Y123.522
G0 X106.133 Y122.856
G0 X105.524 Y122.976
G1 F978 X105.501 Y122.551 E210.83255
G1 F995.9 X105.498 Y120.822 E211.10973
G1 F957.7 X105.449 Y119.895 E211.26448
G0 F6000 X104.869 Y120.593
G0 X102.471 Y116.236
G0 X103.586 Y114.9
G1 F1200 X105.1 Y116.414 E211.54933
G0 F6000 X103.764 Y117.53
G0 X99.101 Y115.039
G0 X96.472 Y115.028
G0 X96.472 Y106.972
G0 X97.144 Y106.133
G0 X97.024 Y105.524
G1 F978.8 X97.449 Y105.501 E211.61875
G1 F998.3 X99.1 Y105.5 E211.88277
G1 F952.4 X100.239 Y105.44 E212.07397
G0 F6000 X99.138 Y104.896
G0 X101.803 Y103.194
G0 X102.566 Y102.566
G0 X103.194 Y101.803
G0 X104.974 Y98.428
G0 X104.972 Y96.472
G0 X106.315 Y96.478
G0 X106.133 Y97.144
G0 X105.524 Y97.024
G1 F978.8 X105.501 Y97.449 E212.14339
G1 F996.7 X105.498 Y99.167 E212.41858
G1 F950.9 X105.44 Y100.282 E212.60604
G0 F6000 X106.1 Y100.282
G0 X106.1 Y105.6
G0 X105.6 Y105.6
G1 F1200 X101.299 Y105.6 E213.17825
G1 F1111.1 X100.769 Y105.52 E213.25526
G1 F967.7 X100.239 Y105.44 E213.34369
G1 X100.725 Y105.218 E213.43183
G1 F1111.1 X101.211 Y104.995 E213.50866
G1 F1200 X101.617 Y104.83 E213.56697
G1 X102.351 Y104.442 E213.67742
G1 X102.723 Y104.196 E213.73676
G1 X103.526 Y103.526 E213.87589
G1 X104.197 Y102.722 E214.01521
G1 X104.421 Y102.386 E214.06894
G1 X104.805 Y101.678 E214.17609
G1 X104.999 Y101.204 E214.24423
G1 F1111.1 X105.219 Y100.743 E214.31763
G1 F967.7 X105.44 Y100.282 E214.40197
G1 X105.52 Y100.787 E214.48631
G1 F1111.1 X105.6 Y101.292 E214.55978
G1 F1200 X105.6 Y105.6 E215.13292
G0 F6000 X106.1 Y105.6
G0 X106.315 Y96.478
G0 X104.972 Y96.472
G0 X103.76 Y102.471
G0 X104.522 Y103.107
G1 F1200 X105.1 Y103.686 E215.24176
G0 F6000 X106.1 Y103.686
G0 X106.315 Y96.478
G0 X104.972 Y96.472
G0 X103.175 Y103.174
G0 X103.88 Y103.88
G1 F1200 X105.1 Y105.1 E215.4713
G0 F6000 X106.1 Y105.1
G0 X106.028 Y106.028
G0 X103.686 Y106.1
G0 X103.686 Y105.1
G1 F1200 X103.112 Y104.526 E215.5793
G1 F1500 E209.0793
G0 F6000 X102.472 Y103.759
G0 X104.961 Y99.1
G0 X104.972 Y96.472
G0 X113.028 Y96.472
G0 X113.973 Y106.027
G0 X122.399 Y106.099
G0 X122.976 Y105.524
G1 F1500 E215.5793
G1 F978.8 X122.547 Y105.501 E215.64937
G1 F997.5 X120.833 Y105.498 E215.92369
G1 F958.5 X119.9 Y105.447 E216.07933
G0 F6000 X119.898 Y106.099
G0 X123.522 Y106.314
G0 X123.528 Y104.972
G0 X118.808 Y104.554
G0 X116.806 Y101.803
G0 X115.039 Y99.094
G0 X115.028 Y96.472
G0 X113.685 Y96.478
G0 X113.9 Y97.6
G0 X114.476 Y97.024
G1 F979.6 X114.499 Y97.449 E216.1487
G1 F999.2 X114.5 Y99.092 E216.41122
G1 F956.2 X114.556 Y100.233 E216.60196
G0 F6000 X113.9 Y100.233
G0 X113.9 Y105.596
G0 X114.4 Y105.596
G1 F1200 X114.401 Y101.308 E217.17244
G1 F1114.2 X114.553 Y100.252 E217.3253
G1 X115.005 Y101.218 E217.47812
G1 F1200 X115.185 Y101.658 E217.54137
G1 X115.572 Y102.383 E217.6507
G1 X115.8 Y102.723 E217.70516
G1 X116.467 Y103.527 E217.84415
G1 X117.232 Y104.165 E217.97667
G1 X117.601 Y104.416 E218.03604
G1 X118.38 Y104.835 E218.15372
G1 X118.776 Y104.996 E218.21059
G1 F1094.9 X119.558 Y105.326 E218.33436
G1 F962.3 X119.9 Y105.447 E218.39454
G1 F970.1 X119.474 Y105.512 E218.46546
G1 F1105 X118.689 Y105.597 E218.57954
G1 F1200 X114.4 Y105.596 E219.15015
G0 F6000 X113.9 Y105.596
G0 X113.973 Y106.027
G0 X116.408 Y106.099
G0 X116.41 Y105.097
G1 F1200 X114.9 Y103.586 E219.43435
M104 S200
;MESH:NONMESH
G0 F300 X114.9 Y103.586 Z0.64
G0 F6000 X113.9 Y103.586
G0 X113.028 Y96.472
G0 X107.739 Y96.011
;TIME_ELAPSED:106.267201
;LAYER:1
M106 S127.5
;TYPE:WALL-INNER
;MESH:plate holder-Body.stl
G1 F1334 X108 Y96 E219.46952
G1 F1350 X112 Y96 E220.00168
G0 F7500 X115.028 Y96.472
G0 X116.34 Y100.93
G0 X116.806 Y101.803
G0 X117.434 Y102.566
G0 X118.197 Y103.194
G0 X120.973 Y104.972
G0 X123.528 Y104.972
G0 X124 Y108
G1 F1350 X124 Y104.5 E220.46733
G1 X120.917 Y104.5 E220.87749
G1 X120.063 Y104.413 E220.99169
G1 X119.785 Y104.357 E221.02942
G1 X119.037 Y104.134 E221.13327
G1 X118.76 Y104.019 E221.17317
G1 X118.064 Y103.647 E221.27816
G1 X117.811 Y103.477 E221.31871
G1 X117.112 Y102.886 E221.44049
G1 X116.519 Y102.185 E221.56265
G1 X116.345 Y101.926 E221.60416
G1 X115.977 Y101.23 E221.7089
G1 X115.869 Y100.966 E221.74685
G1 X115.604 Y100.094 E221.8681
G1 X115.5 Y99.077 E222.00411
G1 X115.5 Y96 E222.41347
G1 X112 Y96 E222.87911
G1 X112.768 Y96.21 E222.98504
G1 X113.268 Y96.697 E223.0779
G1 X113.473 Y97.216 E223.15214
G1 X113.5 Y97.5 E223.19009
G1 X113.501 Y106.499 E224.38732
G1 X122.5 Y106.5 E225.58456
G1 X122.784 Y106.527 E225.62251
G1 X123.303 Y106.731 E225.6967
G1 X123.79 Y107.231 E225.78956
G1 X124 Y108 E225.89561
G1 X124 Y112 E226.42778
G1 F1335.3 X123.989 Y112.261 E226.46291
G0 F7500 X123.528 Y115.028
G0 X119.07 Y116.34
G0 X118.197 Y116.806
G0 X117.434 Y117.434
G0 X116.806 Y118.197
G0 X115.029 Y121.221
G0 X115.028 Y123.528
G0 X112.261 Y123.989
G1 F1334 X113.651 Y124 E226.65006
G1 F1350 X115.5 Y124 E226.89606
G1 X115.5 Y121 E227.29518
G1 X115.583 Y120.071 E227.41926
G1 X115.641 Y119.779 E227.45887
G1 X115.869 Y119.03 E227.56303
G1 X115.977 Y118.766 E227.60098
G1 X116.345 Y118.07 E227.70572
G1 X116.519 Y117.811 E227.74724
G1 X117.111 Y117.111 E227.8692
G1 X117.811 Y116.519 E227.99117
G1 X118.07 Y116.345 E228.03268
G1 X118.766 Y115.977 E228.13742
G1 X119.03 Y115.869 E228.17537
G1 X119.902 Y115.604 E228.29662
G1 X120.924 Y115.5 E228.43329
G1 X124 Y115.5 E228.84252
G1 F1335.3 X123.989 Y112.261 E229.27819
G1 F1330 X123.794 Y112.77 E229.35179
G1 F1344.6 X123.303 Y113.268 E229.4452
G1 F1350 X122.784 Y113.473 E229.51944
G1 X122.5 Y113.5 E229.5574
G1 X113.5 Y113.5 E230.75476
G1 X113.5 Y122.5 E231.95213
G1 X113.473 Y122.784 E231.99008
G1 X113.268 Y123.303 E232.06432
G1 F1343.3 X112.77 Y123.794 E232.15783
G1 F1327.4 X112.261 Y123.989 E232.23158
G1 F1334 X112 Y124 E232.26675
G1 F1350 X108 Y124 E232.79891
G1 X107.232 Y123.79 E232.90484
G1 X106.732 Y123.303 E232.99769
G1 X106.527 Y122.784 E233.07193
G1 X106.5 Y122.5 E233.10989
G1 X106.5 Y113.5 E234.30725
G1 X97.5 Y113.5 E235.50462
G1 X97.216 Y113.473 E235.54257
G1 X96.697 Y113.268 E235.61681
G1 F1343.3 X96.206 Y112.77 E235.71032
G1 F1327.4 X96.011 Y112.261 E235.78407
G1 F1334 X96 Y113.651 E235.97122
G1 F1350 X96 Y115.5 E236.21721
G1 X99.074 Y115.5 E236.62618
G1 X99.926 Y115.583 E236.74006
G1 X100.217 Y115.641 E236.77954
G1 X100.966 Y115.869 E236.8837
G1 X101.23 Y115.977 E236.92165
G1 X101.926 Y116.345 E237.02639
G1 X102.185 Y116.519 E237.0679
G1 X102.886 Y117.112 E237.19006
G1 X103.477 Y117.811 E237.31184
G1 X103.647 Y118.064 E237.35239
G1 X104.02 Y118.76 E237.45745
G1 X104.133 Y119.037 E237.49725
G1 X104.357 Y119.785 E237.60113
G1 X104.412 Y120.063 E237.63883
G1 X104.5 Y120.915 E237.75278
G1 X104.5 Y124 E238.16321
G1 X108 Y124 E238.62886
G0 F7500 X104.972 Y123.528
G0 X103.66 Y119.07
G0 X103.194 Y118.197
G0 X102.566 Y117.434
G0 X101.803 Y116.806
G0 X98.837 Y115.027
G0 X96.472 Y115.028
G0 X96.011 Y112.261
G1 F1334 X96 Y112 E238.66403
G1 F1350 X96 Y108 E239.19619
G1 X96.21 Y107.232 E239.30212
G1 X96.697 Y106.732 E239.39497
G1 X97.216 Y106.527 E239.46921
G1 X97.5 Y106.5 E239.50717
G1 X106.5 Y106.5 E240.70453
G1 X106.5 Y97.5 E241.9019
G1 X106.527 Y97.216 E241.93985
G1 X106.732 Y96.697 E242.01409
G1 F1343.3 X107.23 Y96.206 E242.1076
G1 F1327.4 X107.739 Y96.011 E242.18135
G1 F1334 X106.349 Y96 E242.3685
G1 F1350 X104.5 Y96 E242.61449
G1 X104.5 Y99.079 E243.02412
G1 X104.392 Y100.093 E243.15979
G1 X104.133 Y100.959 E243.28004
G1 X104.02 Y101.236 E243.31984
G1 X103.647 Y101.932 E243.4249
G1 X103.477 Y102.185 E243.46545
G1 X102.885 Y102.885 E243.58742
G1 X102.185 Y103.477 E243.70939
G1 X101.932 Y103.647 E243.74994
G1 X101.236 Y104.019 E243.85493
G1 X100.959 Y104.133 E243.89478
G1 X100.093 Y104.392 E244.01504
G1 X99.079 Y104.5 E244.1507
G1 X96 Y104.5 E244.56034
G1 X96 Y108 E245.02598
G1 F1500 E238.52598
G0 F7500 X96.472 Y115.028
G0 X101.834 Y115.75
G0 X104.961 Y120.886
G0 X104.972 Y123.528
G0 X107.744 Y123.6
G0 X107.744 Y122.93
;TYPE:WALL-OUTER
G1 F1500 E245.02598
G1 F1350 X107.577 Y122.768 E245.05693
G1 X107.5 Y122.569 E245.08532
G1 X107.5 Y112.5 E246.4249
G1 X97.428 Y112.5 E247.76489
G1 X97.232 Y112.423 E247.7929
G1 X97.07 Y112.256 E247.82386
G1 X97 Y112.068 E247.85055
G1 X97 Y108 E248.39176
G1 X97.07 Y107.744 E248.42706
G1 X97.232 Y107.577 E248.45802
G1 X97.431 Y107.5 E248.48641
G1 X107.5 Y107.5 E249.82599
G1 X107.5 Y97.428 E251.16598
G1 X107.577 Y97.232 E251.19399
G1 X107.744 Y97.07 E251.22495
G1 X107.932 Y97 E251.25164
G1 X112 Y97 E251.79284
G1 X112.256 Y97.07 E251.82815
G1 X112.423 Y97.232 E251.85911
G1 X112.5 Y97.428 E251.88712
G1 X112.501 Y107.499 E253.22697
G1 X122.572 Y107.5 E254.56683
G1 X122.768 Y107.577 E254.59484
G1 X122.93 Y107.743 E254.6257
G1 X123 Y108 E254.66114
G1 X123 Y112.068 E255.20235
G1 X122.93 Y112.256 E255.22903
G1 X122.768 Y112.423 E255.25999
G1 X122.569 Y112.5 E255.28838
G1 X112.5 Y112.5 E256.62796
G1 X112.5 Y122.572 E257.96795
G1 X112.423 Y122.768 E257.99596
G1 X112.256 Y122.93 E258.02692
G1 X112.068 Y123 E258.05361
G1 X108 Y123 E258.59481
G1 X107.744 Y122.93 E258.63012
G1 F1500 E252.13012
G0 F7500 X107.744 Y123.6
G0 X115.93 Y124.43
G0 X116.5 Y125
G1 F1500 E258.63012
G1 F1350 X116.502 Y120.951 E259.1688
G1 X116.583 Y120.116 E259.28041
G1 X116.839 Y119.275 E259.39737
G1 X117.254 Y118.49 E259.5155
G1 X117.816 Y117.816 E259.63225
G1 X118.49 Y117.254 E259.74901
G1 X119.276 Y116.839 E259.86726
G1 X120.129 Y116.583 E259.98574
G1 X120.951 Y116.502 E260.09563
G1 X125 Y116.5 E260.63431
G1 X125 Y103.5 E262.36384
G1 X120.949 Y103.498 E262.90279
G1 X120.12 Y103.413 E263.01365
G1 X119.281 Y103.163 E263.13013
G1 X118.486 Y102.739 E263.25
G1 X117.816 Y102.18 E263.36608
G1 X117.254 Y101.506 E263.48283
G1 X116.839 Y100.72 E263.60108
G1 X116.583 Y99.867 E263.71957
G1 X116.502 Y99.049 E263.82893
G1 X116.5 Y95 E264.36761
G1 X103.5 Y95 E266.09714
G1 X103.498 Y99.052 E266.63622
G1 X103.413 Y99.867 E266.74523
G1 X103.16 Y100.723 E266.86399
G1 X102.738 Y101.51 E266.98279
G1 X102.18 Y102.18 E267.09879
G1 X101.51 Y102.738 E267.2148
G1 X100.719 Y103.161 E267.33413
G1 X99.867 Y103.413 E267.45234
G1 X99.052 Y103.498 E267.56135
G1 X95 Y103.5 E268.10043
G1 X95 Y116.5 E269.82996
G1 X99.049 Y116.502 E270.36864
G1 X99.88 Y116.583 E270.47972
G1 X100.721 Y116.839 E270.59668
G1 X101.506 Y117.254 E270.71481
G1 X102.18 Y117.816 E270.83156
G1 X102.738 Y118.486 E270.94757
G1 X103.159 Y119.272 E271.06619
G1 X103.413 Y120.12 E271.18396
G1 X103.498 Y120.949 E271.29483
G1 X103.5 Y125 E271.83378
G1 X116.5 Y125 E273.56331
G0 F7500 X115.93 Y124.43
G0 X115.961 Y120.95
G0 X116.052 Y120.017
G0 X116.34 Y119.07
G0 X116.806 Y118.197
G0 X117.434 Y117.434
G0 X118.197 Y116.806
G0 X119.07 Y116.34
G0 X123.528 Y115.028
G0 X123.522 Y113.685
G0 X122.856 Y113.867
G0 X122.976 Y114.476
;TYPE:SKIN
G1 F1100.2 X122.551 Y114.499 E273.63278
G1 F1120.3 X120.836 Y114.501 E273.90772
G1 F1074 X119.751 Y114.556 E274.0894
G0 F7500 X119.746 Y115.232
G0 X123.528 Y115.028
G0 X123.522 Y113.685
G0 X115.698 Y113.9
G0 X115.698 Y115.457
G1 F950.7 X115.522 Y115.457 E274.12265
G1 X115.433 Y115.61 E274.15609
G1 X115.522 Y115.763 E274.18953
G1 X115.698 Y115.763 E274.22278
G1 X115.787 Y115.61 E274.25622
G0 F7500 X116.973 Y116.696
G0 X115.183 Y120.038
G0 X114.548 Y119.908
G1 F1098.5 X114.481 Y119.461 E274.33012
G1 F1248.8 X114.401 Y118.683 E274.4426
G1 F1350 X114.4 Y114.4 E275.01241
G1 X118.691 Y114.4 E275.58329
G1 F1253.5 X119.731 Y114.553 E275.73391
G1 X118.781 Y115.002 E275.88447
G1 F1350 X118.339 Y115.185 E275.94811
G1 X117.655 Y115.545 E276.05095
G1 X117.269 Y115.8 E276.1125
G1 X116.466 Y116.466 E276.25129
G1 X115.831 Y117.228 E276.38325
G1 X115.572 Y117.609 E276.44454
G1 X115.165 Y118.381 E276.56065
G1 F1291.9 X114.921 Y118.965 E276.64864
G1 F1187.3 X114.676 Y119.55 E276.74458
G1 F1089.6 X114.548 Y119.908 E276.80725
G1 F1080 X114.501 Y120.851 E276.96427
G1 F1122.2 X114.499 Y122.551 E277.23635
G1 F1102 X114.476 Y122.976 E277.30572
G0 F7500 X113.867 Y122.856
G0 X113.028 Y123.528
G0 X104.972 Y123.528
G0 X103.805 Y117.447
G0 X99.101 Y115.039
G0 X96.472 Y115.028
G0 X96.478 Y113.685
G0 X97.144 Y113.867
G0 X97.024 Y114.476
G1 F1101.1 X97.449 Y114.499 E277.37514
G1 F1121.3 X99.149 Y114.501 E277.64745
G1 F1080 X100.092 Y114.548 E277.80446
G0 F7500 X99.957 Y115.182
G0 X102.761 Y116.478
G0 X104.473 Y115.461
G1 F944.1 X104.296 Y115.461 E277.83814
G1 X104.207 Y115.615 E277.87198
G1 X104.297 Y115.769 E277.90591
G1 X104.474 Y115.769 E277.93958
G1 X104.563 Y115.615 E277.97342
G0 F7500 X103.569 Y117.296
G0 X104.869 Y120.593
G0 X105.449 Y119.895
G1 F1084.3 X105.317 Y119.542 E278.03585
G1 F1234 X104.999 Y118.794 E278.15414
G1 F1350 X104.827 Y118.366 E278.21551
G1 X104.445 Y117.647 E278.32383
G1 X104.195 Y117.272 E278.38379
G1 X103.527 Y116.471 E278.52255
G1 X102.765 Y115.832 E278.65486
G1 X102.383 Y115.572 E278.71633
G1 X101.658 Y115.185 E278.82567
G1 X101.255 Y115.017 E278.88376
G1 F1237.4 X100.45 Y114.676 E279.01065
G1 F1089.6 X100.092 Y114.548 E279.07332
G1 F1098.5 X100.54 Y114.481 E279.14739
G1 F1248.8 X101.302 Y114.4 E279.25759
G1 F1350 X105.6 Y114.4 E279.8294
G1 X105.6 Y118.707 E280.40241
G1 F1244.2 X105.515 Y119.466 E280.51265
G1 F1092.2 X105.449 Y119.895 E280.58402
G1 F1077.4 X105.498 Y120.822 E280.73877
G1 F1120.3 X105.501 Y122.551 E281.01595
G1 F1100.2 X105.524 Y122.976 E281.08543
G0 F7500 X106.133 Y122.856
G0 X106.315 Y123.522
G0 X104.972 Y123.528
G0 X104.964 Y120.681
G0 X101.447 Y115.571
G0 X96.472 Y115.028
G0 X96.472 Y106.972
G0 X97.144 Y106.133
G0 X97.024 Y105.524
G1 F1101.1 X97.449 Y105.501 E281.15486
G1 F1123.1 X99.1 Y105.5 E281.41887
G1 F1071.4 X100.239 Y105.44 E281.61007
G0 F7500 X99.138 Y104.896
G0 X101.803 Y103.194
G0 X102.566 Y102.566
G0 X103.194 Y101.803
G0 X104.974 Y98.428
G0 X104.972 Y96.472
G0 X106.315 Y96.478
G0 X106.133 Y97.144
G0 X105.524 Y97.024
G1 F1101.1 X105.501 Y97.449 E281.67949
G1 F1121.3 X105.498 Y99.167 E281.95468
G1 F1069.7 X105.44 Y100.282 E282.14214
G0 F7500 X106.1 Y100.282
G0 X106.1 Y104.229
G0 X104.473 Y104.229
G1 F942.7 X104.295 Y104.229 E282.17605
G1 X104.205 Y104.384 E282.2102
G1 X104.295 Y104.539 E282.24435
G1 X104.473 Y104.539 E282.27826
G1 X104.563 Y104.384 E282.31241
G0 F7500 X106.1 Y104.384
G0 X106.1 Y105.6
G0 X105.6 Y105.6
G1 F1350 X101.299 Y105.6 E282.88461
G1 F1250 X100.769 Y105.52 E282.96163
G1 F1088.7 X100.239 Y105.44 E283.05005
G1 X100.725 Y105.218 E283.1382
G1 F1250 X101.211 Y104.995 E283.21503
G1 F1350 X101.617 Y104.83 E283.27333
G1 X102.351 Y104.442 E283.38379
G1 X102.723 Y104.196 E283.44312
G1 X103.526 Y103.526 E283.58226
G1 X104.197 Y102.722 E283.72158
G1 X104.421 Y102.386 E283.7753
G1 X104.805 Y101.678 E283.88246
G1 X104.999 Y101.204 E283.9506
G1 F1250 X105.219 Y100.743 E284.02399
G1 F1088.7 X105.44 Y100.282 E284.10833
G1 X105.52 Y100.787 E284.19268
G1 F1250 X105.6 Y101.292 E284.26614
G1 F1350 X105.6 Y105.6 E284.83928
G1 F1500 E278.33928
G0 F7500 X106.1 Y105.6
G0 X106.972 Y96.472
G0 X113.028 Y96.472
G0 X113.973 Y106.027
G0 X122.399 Y106.099
G0 X122.976 Y105.524
G1 F1500 E284.83928
G1 F1101.1 X122.547 Y105.501 E284.90936
G1 F1122.2 X120.833 Y105.498 E285.18368
G1 F1078.3 X119.9 Y105.447 E285.33932
G0 F7500 X119.898 Y106.099
G0 X123.522 Y106.314
G0 X123.528 Y104.972
G0 X118.808 Y104.554
G0 X116.806 Y101.803
G0 X115.039 Y99.094
G0 X115.028 Y96.472
G0 X113.685 Y96.478
G0 X113.9 Y97.6
G0 X114.476 Y97.024
G1 F1102 X114.499 Y97.449 E285.40868
G1 F1124.1 X114.5 Y99.092 E285.6712
G1 F1075.7 X114.556 Y100.233 E285.86194
G0 F7500 X113.9 Y100.233
G0 X113.685 Y96.478
G0 X115.028 Y96.472
G0 X116.466 Y102.746
G0 X115.698 Y104.23
G1 F949.4 X115.522 Y104.23 E285.89524
G1 X115.433 Y104.383 E285.92872
G1 X115.522 Y104.536 E285.96221
G1 X115.698 Y104.536 E285.99551
G1 X115.787 Y104.383 E286.02899
G0 F7500 X117.3 Y103.572
G0 X123.528 Y104.972
G0 X123.522 Y106.314
G0 X113.973 Y106.027
G0 X113.9 Y105.596
G0 X114.4 Y105.596
G1 F1350 X114.401 Y101.308 E286.59947
G1 F1253.5 X114.553 Y100.252 E286.75234
G1 X115.005 Y101.218 E286.90515
G1 F1350 X115.185 Y101.658 E286.9684
G1 X115.572 Y102.383 E287.07774
G1 X115.8 Y102.723 E287.1322
G1 X116.467 Y103.527 E287.27118
G1 X117.232 Y104.165 E287.40371
G1 X117.601 Y104.416 E287.46308
G1 X118.38 Y104.835 E287.58076
G1 X118.776 Y104.996 E287.63763
G1 F1231.8 X119.558 Y105.326 E287.76139
G1 F1082.6 X119.9 Y105.447 E287.82158
G1 F1091.4 X119.474 Y105.512 E287.8925
G1 F1243.1 X118.689 Y105.597 E288.00658
G1 F1350 X114.4 Y105.596 E288.57719
;MESH:NONMESH
G0 F300 X114.4 Y105.596 Z0.96
G0 F7500 X113.9 Y105.596
G0 X113.028 Y96.472
G0 X107.739 Y96.011
;TIME_ELAPSED:144.066082
;LAYER:2
M106 S255
;TYPE:WALL-INNER
;MESH:plate holder-Body.stl
G1 F1482.2 X108 Y96 E288.61236
G1 F1500 X112 Y96 E289.14452
G0 F9000 X115.028 Y96.472
G0 X116.34 Y100.93
G0 X116.806 Y101.803
G0 X117.434 Y102.566
G0 X118.197 Y103.194
G0 X120.973 Y104.972
G0 X123.528 Y104.972
G0 X124 Y108
G1 F1500 X124 Y104.5 E289.61016
G1 X120.917 Y104.5 E290.02033
G1 X120.063 Y104.413 E290.13453
G1 X119.785 Y104.357 E290.17226
G1 X119.037 Y104.134 E290.2761
G1 X118.76 Y104.019 E290.316
G1 X118.064 Y103.647 E290.421
G1 X117.811 Y103.477 E290.46155
G1 X117.112 Y102.886 E290.58333
G1 X116.519 Y102.185 E290.70548
G1 X116.345 Y101.926 E290.747
G1 X115.977 Y101.23 E290.85174
G1 X115.869 Y100.966 E290.88969
G1 X115.604 Y100.094 E291.01094
G1 X115.5 Y99.077 E291.14694
G1 X115.5 Y96 E291.55631
G1 X112 Y96 E292.02195
G1 X112.768 Y96.21 E292.12788
G1 X113.268 Y96.697 E292.22074
G1 X113.473 Y97.216 E292.29498
G1 X113.5 Y97.5 E292.33293
G1 X113.501 Y106.499 E293.53016
G1 X122.5 Y106.5 E294.72739
G1 X122.784 Y106.527 E294.76535
G1 X123.303 Y106.731 E294.83954
G1 X123.79 Y107.231 E294.9324
G1 X124 Y108 E295.03845
G1 X124 Y112 E295.57061
G1 F1483.7 X123.989 Y112.261 E295.60575
G0 F9000 X123.528 Y115.028
G0 X119.07 Y116.34
G0 X118.197 Y116.806
G0 X117.434 Y117.434
G0 X116.806 Y118.197
G0 X115.029 Y121.221
G0 X115.028 Y123.528
G0 X112.261 Y123.989
G1 F1482.2 X113.651 Y124 E295.7929
G1 F1500 X115.5 Y124 E296.03889
G1 X115.5 Y121 E296.43801
G1 X115.583 Y120.071 E296.5621
G1 X115.641 Y119.779 E296.60171
G1 X115.869 Y119.03 E296.70587
G1 X115.977 Y118.766 E296.74382
G1 X116.345 Y118.07 E296.84856
G1 X116.519 Y117.811 E296.89007
G1 X117.111 Y117.111 E297.01204
G1 X117.811 Y116.519 E297.13401
G1 X118.07 Y116.345 E297.17552
G1 X118.766 Y115.977 E297.28026
G1 X119.03 Y115.869 E297.31821
G1 X119.902 Y115.604 E297.43946
G1 X120.924 Y115.5 E297.57613
G1 X124 Y115.5 E297.98536
G1 F1483.7 X123.989 Y112.261 E298.42102
G1 F1477.8 X123.794 Y112.77 E298.49463
G1 F1494 X123.303 Y113.268 E298.58804
G1 F1500 X122.784 Y113.473 E298.66228
G1 X122.5 Y113.5 E298.70023
G1 X113.5 Y113.5 E299.8976
G1 X113.5 Y122.5 E301.09496
G1 X113.473 Y122.784 E301.13292
G1 X113.268 Y123.303 E301.20716
G1 F1492.5 X112.77 Y123.794 E301.30066
G1 F1474.9 X112.261 Y123.989 E301.37441
G1 F1482.2 X112 Y124 E301.40958
G1 F1500 X108 Y124 E301.94175
G1 X107.232 Y123.79 E302.04767
G1 X106.732 Y123.303 E302.14053
G1 X106.527 Y122.784 E302.21477
G1 X106.5 Y122.5 E302.25273
G1 X106.5 Y113.5 E303.45009
G1 X97.5 Y113.5 E304.64745
G1 X97.216 Y113.473 E304.68541
G1 X96.697 Y113.268 E304.75965
G1 F1492.5 X96.206 Y112.77 E304.85315
G1 F1474.9 X96.011 Y112.261 E304.9269
G1 F1482.2 X96 Y113.651 E305.11406
G1 F1500 X96 Y115.5 E305.36005
G1 X99.074 Y115.5 E305.76901
G1 X99.926 Y115.583 E305.8829
G1 X100.217 Y115.641 E305.92238
G1 X100.966 Y115.869 E306.02654
G1 X101.23 Y115.977 E306.06449
G1 X101.926 Y116.345 E306.16923
G1 X102.185 Y116.519 E306.21074
G1 X102.886 Y117.112 E306.3329
G1 X103.477 Y117.811 E306.45468
G1 X103.647 Y118.064 E306.49523
G1 X104.02 Y118.76 E306.60028
G1 X104.133 Y119.037 E306.64008
G1 X104.357 Y119.785 E306.74397
G1 X104.412 Y120.063 E306.78167
G1 X104.5 Y120.915 E306.89562
G1 X104.5 Y124 E307.30605
G1 X108 Y124 E307.77169
G0 F9000 X104.972 Y123.528
G0 X103.66 Y119.07
G0 X103.194 Y118.197
G0 X102.566 Y117.434
G0 X101.803 Y116.806
G0 X98.837 Y115.027
G0 X96.472 Y115.028
G0 X96.011 Y112.261
G1 F1482.2 X96 Y112 E307.80686
G1 F1500 X96 Y108 E308.33903
G1 X96.21 Y107.232 E308.44495
G1 X96.697 Y106.732 E308.53781
G1 X97.216 Y106.527 E308.61205
G1 X97.5 Y106.5 E308.65
G1 X106.5 Y106.5 E309.84737
G1 X106.5 Y97.5 E311.04473
G1 X106.527 Y97.216 E311.08269
G1 X106.732 Y96.697 E311.15693
G1 F1492.5 X107.23 Y96.206 E311.25043
G1 F1474.9 X107.739 Y96.011 E311.32418
G1 F1482.2 X106.349 Y96 E311.51134
G1 F1500 X104.5 Y96 E311.75733
G1 X104.5 Y99.079 E312.16696
G1 X104.392 Y100.093 E312.30263
G1 X104.133 Y100.959 E312.42288
G1 X104.02 Y101.236 E312.46268
G1 X103.647 Y101.932 E312.56774
G1 X103.477 Y102.185 E312.60829
G1 X102.885 Y102.885 E312.73026
G1 X102.185 Y103.477 E312.85222
G1 X101.932 Y103.647 E312.89278
G1 X101.236 Y104.019 E312.99777
G1 X100.959 Y104.133 E313.03762
G1 X100.093 Y104.392 E313.15787
G1 X99.079 Y104.5 E313.29354
G1 X96 Y104.5 E313.70317
G1 X96 Y108 E314.16881
G1 F1500 E307.66881
G0 F9000 X96.472 Y115.028
G0 X101.834 Y115.75
G0 X104.961 Y120.886
G0 X104.972 Y123.528
G0 X107.744 Y123.6
G0 X107.744 Y122.93
;TYPE:WALL-OUTER
G1 F1500 E314.16881
G1 X107.577 Y122.768 E314.19977
G1 X107.5 Y122.569 E314.22816
G1 X107.5 Y112.5 E315.56774
G1 X97.428 Y112.5 E316.90773
G1 X97.232 Y112.423 E316.93574
G1 X97.07 Y112.256 E316.9667
G1 X97 Y112.068 E316.99338
G1 X97 Y108 E317.53459
G1 X97.07 Y107.744 E317.5699
G1 X97.232 Y107.577 E317.60086
G1 X97.431 Y107.5 E317.62924
G1 X107.5 Y107.5 E318.96883
G1 X107.5 Y97.428 E320.30881
G1 X107.577 Y97.232 E320.33683
G1 X107.744 Y97.07 E320.36778
G1 X107.932 Y97 E320.39447
G1 X112 Y97 E320.93568
G1 X112.256 Y97.07 E320.97099
G1 X112.423 Y97.232 E321.00194
G1 X112.5 Y97.428 E321.02996
G1 X112.501 Y107.499 E322.36981
G1 X122.572 Y107.5 E323.70966
G1 X122.768 Y107.577 E323.73768
G1 X122.93 Y107.743 E323.76854
G1 X123 Y108 E323.80397
G1 X123 Y112.068 E324.34518
G1 X122.93 Y112.256 E324.37187
G1 X122.768 Y112.423 E324.40283
G1 X122.569 Y112.5 E324.43121
G1 X112.5 Y112.5 E325.7708
G1 X112.5 Y122.572 E327.11078
G1 X112.423 Y122.768 E327.1388
G1 X112.256 Y122.93 E327.16975
G1 X112.068 Y123 E327.19644
G1 X108 Y123 E327.73765
G1 X107.744 Y122.93 E327.77296
G1 F1500 E321.27296
G0 F9000 X107.744 Y123.6
G0 X115.93 Y124.43
G0 X116.5 Y125
G1 F1500 E327.77296
G1 X116.502 Y120.951 E328.31164
G1 X116.583 Y120.116 E328.42325
G1 X116.839 Y119.275 E328.54021
G1 X117.254 Y118.49 E328.65834
G1 X117.816 Y117.816 E328.77509
G1 X118.49 Y117.254 E328.89184
G1 X119.276 Y116.839 E329.01009
G1 X120.129 Y116.583 E329.12858
G1 X120.951 Y116.502 E329.23847
G1 X125 Y116.5 E329.77715
G1 X125 Y103.5 E331.50668
G1 X120.949 Y103.498 E332.04562
G1 X120.12 Y103.413 E332.15649
G1 X119.281 Y103.163 E332.27296
G1 X118.486 Y102.739 E332.39283
G1 X117.816 Y102.18 E332.50892
G1 X117.254 Y101.506 E332.62567
G1 X116.839 Y100.72 E332.74392
G1 X116.583 Y99.867 E332.86241
G1 X116.502 Y99.049 E332.97177
G1 X116.5 Y95 E333.51045
G1 X103.5 Y95 E335.23997
G1 X103.498 Y99.052 E335.77905
G1 X103.413 Y99.867 E335.88807
G1 X103.16 Y100.723 E336.00682
G1 X102.738 Y101.51 E336.12563
G1 X102.18 Y102.18 E336.24163
G1 X101.51 Y102.738 E336.35763
G1 X100.719 Y103.161 E336.47697
G1 X99.867 Y103.413 E336.59518
G1 X99.052 Y103.498 E336.70419
G1 X95 Y103.5 E337.24327
G1 X95 Y116.5 E338.9728
G1 X99.049 Y116.502 E339.51148
G1 X99.88 Y116.583 E339.62256
G1 X100.721 Y116.839 E339.73952
G1 X101.506 Y117.254 E339.85765
G1 X102.18 Y117.816 E339.9744
G1 X102.738 Y118.486 E340.0904
G1 X103.159 Y119.272 E340.20903
G1 X103.413 Y120.12 E340.3268
G1 X103.498 Y120.949 E340.43767
G1 X103.5 Y125 E340.97662
G1 X116.5 Y125 E342.70614
G0 F9000 X115.93 Y124.43
G0 X115.961 Y120.95
G0 X116.052 Y120.017
G0 X116.34 Y119.07
G0 X116.806 Y118.197
G0 X117.434 Y117.434
G0 X118.197 Y116.806
G0 X119.07 Y116.34
G0 X123.528 Y115.028
G0 X123.522 Y113.685
G0 X122.856 Y113.867
G0 X122.976 Y114.476
;TYPE:SKIN
G1 F1222.5 X122.551 Y114.499 E342.77562
G1 F1244.8 X120.836 Y114.501 E343.05056
G1 F1193.3 X119.751 Y114.556 E343.23224
G0 F9000 X119.746 Y115.232
G0 X123.528 Y115.028
G0 X123.522 Y113.685
G0 X115.698 Y113.9
G0 X115.698 Y115.457
G1 F1056.3 X115.522 Y115.457 E343.26549
G1 X115.433 Y115.61 E343.29893
G1 X115.522 Y115.763 E343.33237
G1 X115.698 Y115.763 E343.36562
G1 X115.787 Y115.61 E343.39906
G0 F9000 X116.973 Y116.696
G0 X115.183 Y120.038
G0 X114.548 Y119.908
G1 F1220.5 X114.481 Y119.461 E343.47296
G1 F1387.6 X114.401 Y118.683 E343.58544
G1 F1500 X114.4 Y114.4 E344.15525
G1 X118.691 Y114.4 E344.72613
G1 F1392.8 X119.731 Y114.553 E344.87675
G1 X118.781 Y115.002 E345.02731
G1 F1500 X118.339 Y115.185 E345.09095
G1 X117.655 Y115.545 E345.19379
G1 X117.269 Y115.8 E345.25533
G1 X116.466 Y116.466 E345.39413
G1 X115.831 Y117.228 E345.52609
G1 X115.572 Y117.609 E345.58738
G1 X115.165 Y118.381 E345.70349
G1 F1435.4 X114.921 Y118.965 E345.79148
G1 F1319.3 X114.676 Y119.55 E345.88742
G1 F1210.7 X114.548 Y119.908 E345.95009
G1 F1200 X114.501 Y120.851 E346.10711
G1 F1246.9 X114.499 Y122.551 E346.37919
G1 F1224.5 X114.476 Y122.976 E346.44855
G0 F9000 X113.867 Y122.856
G0 X113.028 Y123.528
G0 X104.972 Y123.528
G0 X103.805 Y117.447
G0 X99.101 Y115.039
G0 X96.472 Y115.028
G0 X96.478 Y113.685
G0 X97.144 Y113.867
G0 X97.024 Y114.476
G1 F1223.5 X97.449 Y114.499 E346.51798
G1 F1245.8 X99.149 Y114.501 E346.79028
G1 F1200 X100.092 Y114.548 E346.9473
G0 F9000 X99.957 Y115.182
G0 X102.761 Y116.478
G0 X104.473 Y115.461
G1 F1049 X104.296 Y115.461 E346.98097
G1 X104.207 Y115.615 E347.01481
G1 X104.297 Y115.769 E347.04875
G1 X104.474 Y115.769 E347.08242
G1 X104.563 Y115.615 E347.11626
G0 F9000 X103.569 Y117.296
G0 X104.869 Y120.593
G0 X105.449 Y119.895
G1 F1204.8 X105.317 Y119.542 E347.17868
G1 F1371.1 X104.999 Y118.794 E347.29698
G1 F1500 X104.827 Y118.366 E347.35835
G1 X104.445 Y117.647 E347.46667
G1 X104.195 Y117.272 E347.52663
G1 X103.527 Y116.471 E347.66539
G1 X102.765 Y115.832 E347.79769
G1 X102.383 Y115.572 E347.85917
G1 X101.658 Y115.185 E347.9685
G1 X101.255 Y115.017 E348.02659
G1 F1374.9 X100.45 Y114.676 E348.15349
G1 F1210.7 X100.092 Y114.548 E348.21616
G1 F1220.5 X100.54 Y114.481 E348.29022
G1 F1387.6 X101.302 Y114.4 E348.40043
G1 F1500 X105.6 Y114.4 E348.97224
G1 X105.6 Y118.707 E349.54524
G1 F1382.5 X105.515 Y119.466 E349.65549
G1 F1213.6 X105.449 Y119.895 E349.72686
G1 F1197.1 X105.498 Y120.822 E349.88161
G1 F1244.8 X105.501 Y122.551 E350.15879
G1 F1222.5 X105.524 Y122.976 E350.22827
G0 F9000 X106.133 Y122.856
G0 X106.315 Y123.522
G0 X104.972 Y123.528
G0 X104.964 Y120.681
G0 X101.447 Y115.571
G0 X96.472 Y115.028
G0 X96.472 Y106.972
G0 X97.144 Y106.133
G0 X97.024 Y105.524
G1 F1223.5 X97.449 Y105.501 E350.29769
G1 F1247.9 X99.1 Y105.5 E350.56171
G1 F1190.5 X100.239 Y105.44 E350.75291
G0 F9000 X99.138 Y104.896
G0 X101.803 Y103.194
G0 X102.566 Y102.566
G0 X103.194 Y101.803
G0 X104.974 Y98.428
G0 X104.972 Y96.472
G0 X106.315 Y96.478
G0 X106.133 Y97.144
G0 X105.524 Y97.024
G1 F1223.5 X105.501 Y97.449 E350.82233
G1 F1245.8 X105.498 Y99.167 E351.09752
G1 F1188.6 X105.44 Y100.282 E351.28498
G0 F9000 X106.1 Y100.282
G0 X106.1 Y104.229
G0 X104.473 Y104.229
G1 F1047.5 X104.295 Y104.229 E351.31889
G1 X104.205 Y104.384 E351.35304
G1 X104.295 Y104.539 E351.38719
G1 X104.473 Y104.539 E351.4211
G1 X104.563 Y104.384 E351.45524
G0 F9000 X106.1 Y104.384
G0 X106.1 Y105.6
G0 X105.6 Y105.6
G1 F1500 X101.299 Y105.6 E352.02745
G1 F1388.9 X100.769 Y105.52 E352.10447
G1 F1209.7 X100.239 Y105.44 E352.19289
G1 X100.725 Y105.218 E352.28103
G1 F1388.9 X101.211 Y104.995 E352.35787
G1 F1500 X101.617 Y104.83 E352.41617
G1 X102.351 Y104.442 E352.52663
G1 X102.723 Y104.196 E352.58596
G1 X103.526 Y103.526 E352.72509
G1 X104.197 Y102.722 E352.86442
G1 X104.421 Y102.386 E352.91814
G1 X104.805 Y101.678 E353.0253
G1 X104.999 Y101.204 E353.09343
G1 F1388.9 X105.219 Y100.743 E353.16683
G1 F1209.7 X105.44 Y100.282 E353.25117
G1 X105.52 Y100.787 E353.33552
G1 F1388.9 X105.6 Y101.292 E353.40898
G1 F1500 X105.6 Y105.6 E353.98212
G1 F1500 E347.48212
G0 F9000 X106.1 Y105.6
G0 X106.972 Y96.472
G0 X113.028 Y96.472
G0 X113.973 Y106.027
G0 X122.399 Y106.099
G0 X122.976 Y105.524
G1 F1500 E353.98212
G1 F1223.5 X122.547 Y105.501 E354.05219
G1 F1246.9 X120.833 Y105.498 E354.32652
G1 F1198.1 X119.9 Y105.447 E354.48215
G0 F9000 X119.898 Y106.099
G0 X123.522 Y106.314
G0 X123.528 Y104.972
G0 X118.808 Y104.554
G0 X116.806 Y101.803
G0 X115.039 Y99.094
G0 X115.028 Y96.472
G0 X113.685 Y96.478
G0 X113.9 Y97.6
G0 X114.476 Y97.024
G1 F1224.5 X114.499 Y97.449 E354.55152
G1 F1249 X114.5 Y99.092 E354.81404
G1 F1195.2 X114.556 Y100.233 E355.00478
G0 F9000 X113.9 Y100.233
G0 X113.685 Y96.478
G0 X115.028 Y96.472
G0 X116.466 Y102.746
G0 X115.698 Y104.23
G1 F1054.9 X115.522 Y104.23 E355.03807
G1 X115.433 Y104.383 E355.07156
G1 X115.522 Y104.536 E355.10505
G1 X115.698 Y104.536 E355.13834
G1 X115.787 Y104.383 E355.17183
G0 F9000 X117.3 Y103.572
G0 X123.528 Y104.972
G0 X123.522 Y106.314
G0 X113.973 Y106.027
G0 X113.9 Y105.596
G0 X114.4 Y105.596
G1 F1500 X114.401 Y101.308 E355.74231
G1 F1392.8 X114.553 Y100.252 E355.89518
G1 X115.005 Y101.218 E356.04799
G1 F1500 X115.185 Y101.658 E356.11124
G1 X115.572 Y102.383 E356.22057
G1 X115.8 Y102.723 E356.27504
G1 X116.467 Y103.527 E356.41402
G1 X117.232 Y104.165 E356.54654
G1 X117.601 Y104.416 E356.60592
G1 X118.38 Y104.835 E356.72359
G1 X118.776 Y104.996 E356.78047
G1 F1368.6 X119.558 Y105.326 E356.90423
G1 F1202.9 X119.9 Y105.447 E356.96441
G1 F1212.6 X119.474 Y105.512 E357.03533
G1 F1381.2 X118.689 Y105.597 E357.14941
G1 F1500 X114.4 Y105.596 E357.72002
;MESH:NONMESH
G0 F300 X114.4 Y105.596 Z1.28
G0 F9000 X113.9 Y105.596
G0 X113.028 Y96.472
G0 X107.739 Y96.011
;TIME_ELAPSED:179.817460
;LAYER:3
;TYPE:WALL-INNER
;MESH:plate holder-Body.stl
G1 F1482.2 X108 Y96 E357.7552
G1 F1500 X112 Y96 E358.28736
G0 F9000 X115.028 Y96.472
G0 X116.34 Y100.93
G0 X116.806 Y101.803
G0 X117.434 Y102.566
G0 X118.197 Y103.194
G0 X120.973 Y104.972
G0 X123.528 Y104.972
G0 X124 Y108
G1 F1500 X124 Y104.5 E358.753
G1 X120.917 Y104.5 E359.16316
G1 X120.063 Y104.413 E359.27737
G1 X119.785 Y104.357 E359.3151
G1 X119.037 Y104.134 E359.41894
G1 X118.76 Y104.019 E359.45884
G1 X118.064 Y103.647 E359.56383
G1 X117.811 Y103.477 E359.60439
G1 X117.112 Y102.886 E359.72617
G1 X116.519 Y102.185 E359.84832
G1 X116.345 Y101.926 E359.88983
G1 X115.977 Y101.23 E359.99458
G1 X115.869 Y100.966 E360.03252
G1 X115.604 Y100.094 E360.15377
G1 X115.5 Y99.077 E360.28978
G1 X115.5 Y96 E360.69915
G1 X112 Y96 E361.16479
G1 X112.768 Y96.21 E361.27071
G1 X113.268 Y96.697 E361.36357
G1 X113.473 Y97.216 E361.43781
G1 X113.5 Y97.5 E361.47577
G1 X113.501 Y106.499 E362.673
G1 X122.5 Y106.5 E363.87023
G1 X122.784 Y106.527 E363.90818
G1 X123.303 Y106.731 E363.98237
G1 X123.79 Y107.231 E364.07523
G1 X124 Y108 E364.18129
G1 X124 Y112 E364.71345
G1 F1483.7 X123.989 Y112.261 E364.74859
G0 F9000 X123.528 Y115.028
G0 X119.07 Y116.34
G0 X118.197 Y116.806
G0 X117.434 Y117.434
G0 X116.806 Y118.197
G0 X115.029 Y121.221
G0 X115.028 Y123.528
G0 X112.261 Y123.989
G1 F1482.2 X113.651 Y124 E364.93574
G1 F1500 X115.5 Y124 E365.18173
G1 X115.5 Y121 E365.58085
G1 X115.583 Y120.071 E365.70494
G1 X115.641 Y119.779 E365.74455
G1 X115.869 Y119.03 E365.84871
G1 X115.977 Y118.766 E365.88666
G1 X116.345 Y118.07 E365.9914
G1 X116.519 Y117.811 E366.03291
G1 X117.111 Y117.111 E366.15488
G1 X117.811 Y116.519 E366.27684
G1 X118.07 Y116.345 E366.31836
G1 X118.766 Y115.977 E366.4231
G1 X119.03 Y115.869 E366.46105
G1 X119.902 Y115.604 E366.5823
G1 X120.924 Y115.5 E366.71897
G1 X124 Y115.5 E367.1282
G1 F1483.7 X123.989 Y112.261 E367.56386
G1 F1477.8 X123.794 Y112.77 E367.63746
G1 F1494 X123.303 Y113.268 E367.73088
G1 F1500 X122.784 Y113.473 E367.80512
G1 X122.5 Y113.5 E367.84307
G1 X113.5 Y113.5 E369.04044
G1 X113.5 Y122.5 E370.2378
G1 X113.473 Y122.784 E370.27576
G1 X113.268 Y123.303 E370.34999
G1 F1492.5 X112.77 Y123.794 E370.4435
G1 F1474.9 X112.261 Y123.989 E370.51725
G1 F1482.2 X112 Y124 E370.55242
G1 F1500 X108 Y124 E371.08458
G1 X107.232 Y123.79 E371.19051
G1 X106.732 Y123.303 E371.28337
G1 X106.527 Y122.784 E371.35761
G1 X106.5 Y122.5 E371.39556
G1 X106.5 Y113.5 E372.59293
G1 X97.5 Y113.5 E373.79029
G1 X97.216 Y113.473 E373.82825
G1 X96.697 Y113.268 E373.90249
G1 F1492.5 X96.206 Y112.77 E373.99599
G1 F1474.9 X96.011 Y112.261 E374.06974
G1 F1482.2 X96 Y113.651 E374.25689
G1 F1500 X96 Y115.5 E374.50288
G1 X99.074 Y115.5 E374.91185
G1 X99.926 Y115.583 E375.02574
G1 X100.217 Y115.641 E375.06522
G1 X100.966 Y115.869 E375.16938
G1 X101.23 Y115.977 E375.20732
G1 X101.926 Y116.345 E375.31207
G1 X102.185 Y116.519 E375.35358
G1 X102.886 Y117.112 E375.47573
G1 X103.477 Y117.811 E375.59751
G1 X103.647 Y118.064 E375.63807
G1 X104.02 Y118.76 E375.74312
G1 X104.133 Y119.037 E375.78292
G1 X104.357 Y119.785 E375.8868
G1 X104.412 Y120.063 E375.9245
G1 X104.5 Y120.915 E376.03846
G1 X104.5 Y124 E376.44889
G1 X108 Y124 E376.91453
G0 F9000 X104.972 Y123.528
G0 X103.66 Y119.07
G0 X103.194 Y118.197
G0 X102.566 Y117.434
G0 X101.803 Y116.806
G0 X98.837 Y115.027
G0 X96.472 Y115.028
G0 X96.011 Y112.261
G1 F1482.2 X96 Y112 E376.9497
G1 F1500 X96 Y108 E377.48186
G1 X96.21 Y107.232 E377.58779
G1 X96.697 Y106.732 E377.68065
G1 X97.216 Y106.527 E377.75489
G1 X97.5 Y106.5 E377.79284
G1 X106.5 Y106.5 E378.99021
G1 X106.5 Y97.5 E380.18757
G1 X106.527 Y97.216 E380.22553
G1 X106.732 Y96.697 E380.29976
G1 F1492.5 X107.23 Y96.206 E380.39327
G1 F1474.9 X107.739 Y96.011 E380.46702
G1 F1482.2 X106.349 Y96 E380.65417
G1 F1500 X104.5 Y96 E380.90016
G1 X104.5 Y99.079 E381.3098
G1 X104.392 Y100.093 E381.44546
G1 X104.133 Y100.959 E381.56572
G1 X104.02 Y101.236 E381.60552
G1 X103.647 Y101.932 E381.71057
G1 X103.477 Y102.185 E381.75113
G1 X102.885 Y102.885 E381.87309
G1 X102.185 Y103.477 E381.99506
G1 X101.932 Y103.647 E382.03561
G1 X101.236 Y104.019 E382.14061
G1 X100.959 Y104.133 E382.18046
G1 X100.093 Y104.392 E382.30071
G1 X99.079 Y104.5 E382.43638
G1 X96 Y104.5 E382.84601
G1 X96 Y108 E383.31165
G1 F1500 E376.81165
G0 F9000 X96.472 Y115.028
G0 X101.834 Y115.75
G0 X104.961 Y120.886
G0 X104.972 Y123.528
G0 X107.744 Y123.6
G0 X107.744 Y122.93
;TYPE:WALL-OUTER
G1 F1500 E383.31165
G1 X107.577 Y122.768 E383.34261
G1 X107.5 Y122.569 E383.37099
G1 X107.5 Y112.5 E384.71058
G1 X97.428 Y112.5 E386.05056
G1 X97.232 Y112.423 E386.07858
G1 X97.07 Y112.256 E386.10953
G1 X97 Y112.068 E386.13622
G1 X97 Y108 E386.67743
G1 X97.07 Y107.744 E386.71274
G1 X97.232 Y107.577 E386.74369
G1 X97.431 Y107.5 E386.77208
G1 X107.5 Y107.5 E388.11167
G1 X107.5 Y97.428 E389.45165
G1 X107.577 Y97.232 E389.47967
G1 X107.744 Y97.07 E389.51062
G1 X107.932 Y97 E389.53731
G1 X112 Y97 E390.07852
G1 X112.256 Y97.07 E390.11383
G1 X112.423 Y97.232 E390.14478
G1 X112.5 Y97.428 E390.1728
G1 X112.501 Y107.499 E391.51265
G1 X122.572 Y107.5 E392.8525
G1 X122.768 Y107.577 E392.88052
G1 X122.93 Y107.743 E392.91137
G1 X123 Y108 E392.94681
G1 X123 Y112.068 E393.48802
G1 X122.93 Y112.256 E393.51471
G1 X122.768 Y112.423 E393.54566
G1 X122.569 Y112.5 E393.57405
G1 X112.5 Y112.5 E394.91364
G1 X112.5 Y122.572 E396.25362
G1 X112.423 Y122.768 E396.28164
G1 X112.256 Y122.93 E396.31259
G1 X112.068 Y123 E396.33928
G1 X108 Y123 E396.88049
G1 X107.744 Y122.93 E396.9158
G1 F1500 E390.4158
G0 F9000 X107.744 Y123.6
G0 X115.93 Y124.43
G0 X116.5 Y125
G1 F1500 E396.9158
G1 X116.502 Y120.951 E397.45448
G1 X116.583 Y120.116 E397.56609
G1 X116.839 Y119.275 E397.68304
G1 X117.254 Y118.49 E397.80118
G1 X117.816 Y117.816 E397.91793
G1 X118.49 Y117.254 E398.03468
G1 X119.276 Y116.839 E398.15293
G1 X120.129 Y116.583 E398.27142
G1 X120.951 Y116.502 E398.3813
G1 X125 Y116.5 E398.91999
G1 X125 Y103.5 E400.64951
G1 X120.949 Y103.498 E401.18846
G1 X120.12 Y103.413 E401.29933
G1 X119.281 Y103.163 E401.4158
G1 X118.486 Y102.739 E401.53567
G1 X117.816 Y102.18 E401.65176
G1 X117.254 Y101.506 E401.76851
G1 X116.839 Y100.72 E401.88676
G1 X116.583 Y99.867 E402.00524
G1 X116.502 Y99.049 E402.1146
G1 X116.5 Y95 E402.65328
G1 X103.5 Y95 E404.38281
G1 X103.498 Y99.052 E404.92189
G1 X103.413 Y99.867 E405.03091
G1 X103.16 Y100.723 E405.14966
G1 X102.738 Y101.51 E405.26847
G1 X102.18 Y102.18 E405.38447
G1 X101.51 Y102.738 E405.50047
G1 X100.719 Y103.161 E405.61981
G1 X99.867 Y103.413 E405.73801
G1 X99.052 Y103.498 E405.84703
G1 X95 Y103.5 E406.38611
G1 X95 Y116.5 E408.11564
G1 X99.049 Y116.502 E408.65432
G1 X99.88 Y116.583 E408.7654
G1 X100.721 Y116.839 E408.88235
G1 X101.506 Y117.254 E409.00049
G1 X102.18 Y117.816 E409.11724
G1 X102.738 Y118.486 E409.23324
G1 X103.159 Y119.272 E409.35187
G1 X103.413 Y120.12 E409.46964
G1 X103.498 Y120.949 E409.58051
G1 X103.5 Y125 E410.11945
G1 X116.5 Y125 E411.84898
G0 F9000 X115.93 Y124.43
G0 X115.961 Y120.95
G0 X116.052 Y120.017
G0 X116.34 Y119.07
G0 X116.806 Y118.197
G0 X117.434 Y117.434
G0 X118.197 Y116.806
G0 X119.07 Y116.34
G0 X123.528 Y115.028
G0 X123.522 Y113.685
G0 X122.856 Y113.867
G0 X122.976 Y114.476
;TYPE:SKIN
G1 F1222.5 X122.551 Y114.499 E411.91846
G1 F1244.8 X120.836 Y114.501 E412.1934
G1 F1193.3 X119.751 Y114.556 E412.37508
G0 F9000 X119.746 Y115.232
G0 X123.528 Y115.028
G0 X123.522 Y113.685
G0 X115.698 Y113.9
G0 X115.698 Y115.457
G1 F1056.3 X115.522 Y115.457 E412.40833
G1 X115.433 Y115.61 E412.44177
G1 X115.522 Y115.763 E412.4752
G1 X115.698 Y115.763 E412.50845
G1 X115.787 Y115.61 E412.54189
G0 F9000 X116.973 Y116.696
G0 X115.183 Y120.038
G0 X114.548 Y119.908
G1 F1220.5 X114.481 Y119.461 E412.6158
G1 F1387.6 X114.401 Y118.683 E412.72828
G1 F1500 X114.4 Y114.4 E413.29809
G1 X118.691 Y114.4 E413.86897
G1 F1392.8 X119.731 Y114.553 E414.01959
G1 X118.781 Y115.002 E414.17014
G1 F1500 X118.339 Y115.185 E414.23379
G1 X117.655 Y115.545 E414.33662
G1 X117.269 Y115.8 E414.39817
G1 X116.466 Y116.466 E414.53696
G1 X115.831 Y117.228 E414.66893
G1 X115.572 Y117.609 E414.73022
G1 X115.165 Y118.381 E414.84633
G1 F1435.4 X114.921 Y118.965 E414.93432
G1 F1319.3 X114.676 Y119.55 E415.03026
G1 F1210.7 X114.548 Y119.908 E415.09293
G1 F1200 X114.501 Y120.851 E415.24994
G1 F1246.9 X114.499 Y122.551 E415.52203
G1 F1224.5 X114.476 Y122.976 E415.59139
G0 F9000 X113.867 Y122.856
G0 X113.028 Y123.528
G0 X104.972 Y123.528
G0 X103.805 Y117.447
G0 X99.101 Y115.039
G0 X96.472 Y115.028
G0 X96.478 Y113.685
G0 X97.144 Y113.867
G0 X97.024 Y114.476
G1 F1223.5 X97.449 Y114.499 E415.66081
G1 F1245.8 X99.149 Y114.501 E415.93312
G1 F1200 X100.092 Y114.548 E416.09014
G0 F9000 X99.957 Y115.182
G0 X102.761 Y116.478
G0 X104.473 Y115.461
G1 F1049 X104.296 Y115.461 E416.12381
G1 X104.207 Y115.615 E416.15765
G1 X104.297 Y115.769 E416.19158
G1 X104.474 Y115.769 E416.22526
G1 X104.563 Y115.615 E416.2591
G0 F9000 X103.569 Y117.296
G0 X104.869 Y120.593
G0 X105.449 Y119.895
G1 F1204.8 X105.317 Y119.542 E416.32152
G1 F1371.1 X104.999 Y118.794 E416.43982
G1 F1500 X104.827 Y118.366 E416.50119
G1 X104.445 Y117.647 E416.60951
G1 X104.195 Y117.272 E416.66947
G1 X103.527 Y116.471 E416.80823
G1 X102.765 Y115.832 E416.94053
G1 X102.383 Y115.572 E417.00201
G1 X101.658 Y115.185 E417.11134
G1 X101.255 Y115.017 E417.16943
G1 F1374.9 X100.45 Y114.676 E417.29632
G1 F1210.7 X100.092 Y114.548 E417.35899
G1 F1220.5 X100.54 Y114.481 E417.43306
G1 F1387.6 X101.302 Y114.4 E417.54327
G1 F1500 X105.6 Y114.4 E418.11507
G1 X105.6 Y118.707 E418.68808
G1 F1382.5 X105.515 Y119.466 E418.79833
G1 F1213.6 X105.449 Y119.895 E418.8697
G1 F1197.1 X105.498 Y120.822 E419.02445
G1 F1244.8 X105.501 Y122.551 E419.30163
G1 F1222.5 X105.524 Y122.976 E419.37111
G0 F9000 X106.133 Y122.856
G0 X106.315 Y123.522
G0 X104.972 Y123.528
G0 X104.964 Y120.681
G0 X101.447 Y115.571
G0 X96.472 Y115.028
G0 X96.472 Y106.972
G0 X97.144 Y106.133
G0 X97.024 Y105.524
G1 F1223.5 X97.449 Y105.501 E419.44053
G1 F1247.9 X99.1 Y105.5 E419.70455
G1 F1190.5 X100.239 Y105.44 E419.89575
G0 F9000 X99.138 Y104.896
G0 X101.803 Y103.194
G0 X102.566 Y102.566
G0 X103.194 Y101.803
G0 X104.974 Y98.428
G0 X104.972 Y96.472
G0 X106.315 Y96.478
G0 X106.133 Y97.144
G0 X105.524 Y97.024
G1 F1223.5 X105.501 Y97.449 E419.96517
G1 F1245.8 X105.498 Y99.167 E420.24036
G1 F1188.6 X105.44 Y100.282 E420.42782
G0 F9000 X106.1 Y100.282
G0 X106.1 Y104.229
G0 X104.473 Y104.229
G1 F1047.5 X104.295 Y104.229 E420.46173
G1 X104.205 Y104.384 E420.49588
G1 X104.295 Y104.539 E420.53002
G1 X104.473 Y104.539 E420.56393
G1 X104.563 Y104.384 E420.59808
G0 F9000 X106.1 Y104.384
G0 X106.1 Y105.6
G0 X105.6 Y105.6
G1 F1500 X101.299 Y105.6 E421.17029
G1 F1388.9 X100.769 Y105.52 E421.2473
G1 F1209.7 X100.239 Y105.44 E421.33573
G1 X100.725 Y105.218 E421.42387
G1 F1388.9 X101.211 Y104.995 E421.5007
G1 F1500 X101.617 Y104.83 E421.55901
G1 X102.351 Y104.442 E421.66946
G1 X102.723 Y104.196 E421.7288
G1 X103.526 Y103.526 E421.86793
G1 X104.197 Y102.722 E422.00725
G1 X104.421 Y102.386 E422.06098
G1 X104.805 Y101.678 E422.16813
G1 X104.999 Y101.204 E422.23627
G1 F1388.9 X105.219 Y100.743 E422.30967
G1 F1209.7 X105.44 Y100.282 E422.394
G1 X105.52 Y100.787 E422.47835
G1 F1388.9 X105.6 Y101.292 E422.55182
G1 F1500 X105.6 Y105.6 E423.12496
G1 F1500 E416.62496
G0 F9000 X106.1 Y105.6
G0 X106.972 Y96.472
G0 X113.028 Y96.472
G0 X113.973 Y106.027
G0 X122.399 Y106.099
G0 X122.976 Y105.524
G1 F1500 E423.12496
G1 F1223.5 X122.547 Y105.501 E423.19503
G1 F1246.9 X120.833 Y105.498 E423.46935
G1 F1198.1 X119.9 Y105.447 E423.62499
G0 F9000 X119.898 Y106.099
G0 X123.522 Y106.314
G0 X123.528 Y104.972
G0 X118.808 Y104.554
G0 X116.806 Y101.803
G0 X115.039 Y99.094
G0 X115.028 Y96.472
G0 X113.685 Y96.478
G0 X113.9 Y97.6
G0 X114.476 Y97.024
G1 F1224.5 X114.499 Y97.449 E423.69436
G1 F1249 X114.5 Y99.092 E423.95688
G1 F1195.2 X114.556 Y100.233 E424.14762
G0 F9000 X113.9 Y100.233
G0 X113.685 Y96.478
G0 X115.028 Y96.472
G0 X116.466 Y102.746
G0 X115.698 Y104.23
G1 F1054.9 X115.522 Y104.23 E424.18091
G1 X115.433 Y104.383 E424.2144
G1 X115.522 Y104.536 E424.24788
G1 X115.698 Y104.536 E424.28118
G1 X115.787 Y104.383 E424.31467
G0 F9000 X117.3 Y103.572
G0 X123.528 Y104.972
G0 X123.522 Y106.314
G0 X113.973 Y106.027
G0 X113.9 Y105.596
G0 X114.4 Y105.596
G1 F1500 X114.401 Y101.308 E424.88514
G1 F1392.8 X114.553 Y100.252 E425.03801
G1 X115.005 Y101.218 E425.19083
G1 F1500 X115.185 Y101.658 E425.25408
G1 X115.572 Y102.383 E425.36341
G1 X115.8 Y102.723 E425.41787
G1 X116.467 Y103.527 E425.55686
G1 X117.232 Y104.165 E425.68938
G1 X117.601 Y104.416 E425.74875
G1 X118.38 Y104.835 E425.86643
G1 X118.776 Y104.996 E425.9233
G1 F1368.6 X119.558 Y105.326 E426.04707
G1 F1202.9 X119.9 Y105.447 E426.10725
G1 F1212.6 X119.474 Y105.512 E426.17817
G1 F1381.2 X118.689 Y105.597 E426.29225
G1 F1500 X114.4 Y105.596 E426.86286
;MESH:NONMESH
G0 F300 X114.4 Y105.596 Z1.6
G0 F9000 X113.9 Y105.596
G0 X113.028 Y96.472
G0 X107.739 Y96.011
;TIME_ELAPSED:215.568838
;LAYER:4
;TYPE:WALL-INNER
;MESH:plate holder-Body.stl
G1 F1482.2 X108 Y96 E426.89803
G1 F1500 X112 Y96 E427.4302
G0 F9000 X113.028 Y96.472
G0 X116.806 Y101.803
G0 X117.434 Y102.566
G0 X122.972 Y106.972
G0 X123.528 Y106.972
G0 X124 Y108
G1 F1500 X124 Y104.5 E427.89584
G1 X120.917 Y104.5 E428.306
G1 X120.063 Y104.413 E428.42021
G1 X119.785 Y104.357 E428.45793
G1 X119.037 Y104.134 E428.56178
G1 X118.76 Y104.019 E428.60168
G1 X118.064 Y103.647 E428.70667
G1 X117.811 Y103.477 E428.74722
G1 X117.112 Y102.886 E428.869
G1 X116.519 Y102.185 E428.99116
G1 X116.345 Y101.926 E429.03267
G1 X115.977 Y101.23 E429.13741
G1 X115.869 Y100.966 E429.17536
G1 X115.604 Y100.094 E429.29661
G1 X115.5 Y99.077 E429.43262
G1 X115.5 Y96 E429.84198
G1 X112 Y96 E430.30763
G1 X112.768 Y96.21 E430.41355
G1 X113.268 Y96.697 E430.50641
G1 X113.473 Y97.216 E430.58065
G1 X113.5 Y97.5 E430.6186
G1 X113.501 Y106.499 E431.81584
G1 X122.5 Y106.5 E433.01307
G1 X122.784 Y106.527 E433.05102
G1 X123.303 Y106.731 E433.12521
G1 X123.79 Y107.231 E433.21807
G1 X124 Y108 E433.32413
G1 X124 Y112 E433.85629
G1 F1483.7 X123.989 Y112.261 E433.89142
G0 F9000 X123.43 Y114.07
G0 X118.685 Y115.411
G0 X117.638 Y115.971
G0 X116.723 Y116.723
G0 X115.971 Y117.638
G0 X115.411 Y118.685
G0 X114.07 Y123.43
G0 X112.261 Y123.989
G1 F1482.2 X113.651 Y124 E434.07858
G1 F1500 X115.5 Y124 E434.32457
G1 X115.5 Y121 E434.72369
G1 X115.583 Y120.071 E434.84778
G1 X115.641 Y119.779 E434.88738
G1 X115.869 Y119.03 E434.99155
G1 X115.977 Y118.766 E435.02949
G1 X116.345 Y118.07 E435.13424
G1 X116.519 Y117.811 E435.17575
G1 X117.111 Y117.111 E435.29771
G1 X117.811 Y116.519 E435.41968
G1 X118.07 Y116.345 E435.46119
G1 X118.766 Y115.977 E435.56594
G1 X119.03 Y115.869 E435.60388
G1 X119.902 Y115.604 E435.72513
G1 X120.924 Y115.5 E435.8618
G1 X124 Y115.5 E436.27104
G1 F1483.7 X123.989 Y112.261 E436.7067
G1 F1477.8 X123.794 Y112.77 E436.7803
G1 F1494 X123.303 Y113.268 E436.87372
G1 F1500 X122.784 Y113.473 E436.94796
G1 X122.5 Y113.5 E436.98591
G1 X113.5 Y113.5 E438.18327
G1 X113.5 Y122.5 E439.38064
G1 X113.473 Y122.784 E439.41859
G1 X113.268 Y123.303 E439.49283
G1 F1492.5 X112.77 Y123.794 E439.58634
G1 F1474.9 X112.261 Y123.989 E439.66009
G1 F1482.2 X112 Y124 E439.69526
G1 F1500 X108 Y124 E440.22742
G1 X107.232 Y123.79 E440.33335
G1 X106.732 Y123.303 E440.42621
G1 X106.527 Y122.784 E440.50045
G1 X106.5 Y122.5 E440.5384
G1 X106.5 Y113.5 E441.73576
G1 X97.5 Y113.5 E442.93313
G1 X97.216 Y113.473 E442.97108
G1 X96.697 Y113.268 E443.04532
G1 F1492.5 X96.206 Y112.77 E443.13883
G1 F1474.9 X96.011 Y112.261 E443.21258
G1 F1482.2 X96 Y113.651 E443.39973
G1 F1500 X96 Y115.5 E443.64572
G1 X99.074 Y115.5 E444.05469
G1 X99.926 Y115.583 E444.16858
G1 X100.217 Y115.641 E444.20805
G1 X100.966 Y115.869 E444.31221
G1 X101.23 Y115.977 E444.35016
G1 X101.926 Y116.345 E444.45491
G1 X102.185 Y116.519 E444.49642
G1 X102.886 Y117.112 E444.61857
G1 X103.477 Y117.811 E444.74035
G1 X103.647 Y118.064 E444.7809
G1 X104.02 Y118.76 E444.88596
G1 X104.133 Y119.037 E444.92576
G1 X104.357 Y119.785 E445.02964
G1 X104.412 Y120.063 E445.06734
G1 X104.5 Y120.915 E445.1813
G1 X104.5 Y124 E445.59173
G1 X108 Y124 E446.05737
G0 F9000 X106.972 Y123.528
G0 X103.194 Y118.197
G0 X102.566 Y117.434
G0 X101.879 Y116.869
G0 X96.57 Y114.07
G0 X96.011 Y112.261
G1 F1482.2 X96 Y112 E446.09254
G1 F1500 X96 Y108 E446.6247
G1 X96.21 Y107.232 E446.73063
G1 X96.697 Y106.732 E446.82349
G1 X97.216 Y106.527 E446.89773
G1 X97.5 Y106.5 E446.93568
G1 X106.5 Y106.5 E448.13304
G1 X106.5 Y97.5 E449.33041
G1 X106.527 Y97.216 E449.36836
G1 X106.732 Y96.697 E449.4426
G1 F1492.5 X107.23 Y96.206 E449.53611
G1 F1474.9 X107.739 Y96.011 E449.60986
G1 F1482.2 X106.349 Y96 E449.79701
G1 F1500 X104.5 Y96 E450.043
G1 X104.5 Y99.079 E450.45263
G1 X104.392 Y100.093 E450.5883
G1 X104.133 Y100.959 E450.70856
G1 X104.02 Y101.236 E450.74836
G1 X103.647 Y101.932 E450.85341
G1 X103.477 Y102.185 E450.89396
G1 X102.885 Y102.885 E451.01593
G1 X102.185 Y103.477 E451.1379
G1 X101.932 Y103.647 E451.17845
G1 X101.236 Y104.019 E451.28344
G1 X100.959 Y104.133 E451.32329
G1 X100.093 Y104.392 E451.44355
G1 X99.079 Y104.5 E451.57922
G1 X96 Y104.5 E451.98885
G1 X96 Y108 E452.45449
G1 F1500 E445.95449
G0 F9000 X96.472 Y113.028
G0 X99.338 Y113.033
G0 X103.194 Y118.197
G0 X105.9 Y122.93
G0 X107.744 Y122.93
;TYPE:WALL-OUTER
G1 F1500 E452.45449
G1 X107.577 Y122.768 E452.48544
G1 X107.5 Y122.569 E452.51383
G1 X107.5 Y112.5 E453.85342
G1 X97.428 Y112.5 E455.1934
G1 X97.232 Y112.423 E455.22142
G1 X97.07 Y112.256 E455.25237
G1 X97 Y112.068 E455.27906
G1 X97 Y108 E455.82027
G1 X97.07 Y107.744 E455.85558
G1 X97.232 Y107.577 E455.88653
G1 X97.431 Y107.5 E455.91492
G1 X107.5 Y107.5 E457.2545
G1 X107.5 Y97.428 E458.59449
G1 X107.577 Y97.232 E458.6225
G1 X107.744 Y97.07 E458.65346
G1 X107.932 Y97 E458.68015
G1 X112 Y97 E459.22136
G1 X112.256 Y97.07 E459.25666
G1 X112.423 Y97.232 E459.28762
G1 X112.5 Y97.428 E459.31563
G1 X112.501 Y107.499 E460.65549
G1 X122.572 Y107.5 E461.99534
G1 X122.768 Y107.577 E462.02335
G1 X122.93 Y107.743 E462.05421
G1 X123 Y108 E462.08965
G1 X123 Y112.068 E462.63086
G1 X122.93 Y112.256 E462.65755
G1 X122.768 Y112.423 E462.6885
G1 X122.569 Y112.5 E462.71689
G1 X112.5 Y112.5 E464.05647
G1 X112.5 Y122.572 E465.39646
G1 X112.423 Y122.768 E465.42447
G1 X112.256 Y122.93 E465.45543
G1 X112.068 Y123 E465.48212
G1 X108 Y123 E466.02333
G1 X107.744 Y122.93 E466.05863
G1 F1500 E459.55863
G0 F9000 X105.9 Y122.93
G0 X106.972 Y123.528
G0 X115.93 Y124.43
G0 X116.5 Y125
G1 F1500 E466.05863
G1 X116.502 Y120.951 E466.59732
G1 X116.583 Y120.116 E466.70893
G1 X116.839 Y119.275 E466.82588
G1 X117.254 Y118.49 E466.94402
G1 X117.816 Y117.816 E467.06077
G1 X118.49 Y117.254 E467.17752
G1 X119.276 Y116.839 E467.29577
G1 X120.129 Y116.583 E467.41425
G1 X120.951 Y116.502 E467.52414
G1 X125 Y116.5 E468.06282
G1 X125 Y103.5 E469.79235
G1 X120.949 Y103.498 E470.3313
G1 X120.12 Y103.413 E470.44217
G1 X119.281 Y103.163 E470.55864
G1 X118.486 Y102.739 E470.67851
G1 X117.816 Y102.18 E470.79459
G1 X117.254 Y101.506 E470.91135
G1 X116.839 Y100.72 E471.0296
G1 X116.583 Y99.867 E471.14808
G1 X116.502 Y99.049 E471.25744
G1 X116.5 Y95 E471.79612
G1 X103.5 Y95 E473.52565
G1 X103.498 Y99.052 E474.06473
G1 X103.413 Y99.867 E474.17375
G1 X103.16 Y100.723 E474.2925
G1 X102.738 Y101.51 E474.4113
G1 X102.18 Y102.18 E474.52731
G1 X101.51 Y102.738 E474.64331
G1 X100.719 Y103.161 E474.76265
G1 X99.867 Y103.413 E474.88085
G1 X99.052 Y103.498 E474.98987
G1 X95 Y103.5 E475.52895
G1 X95 Y116.5 E477.25847
G1 X99.049 Y116.502 E477.79715
G1 X99.88 Y116.583 E477.90824
G1 X100.721 Y116.839 E478.02519
G1 X101.506 Y117.254 E478.14332
G1 X102.18 Y117.816 E478.26008
G1 X102.738 Y118.486 E478.37608
G1 X103.159 Y119.272 E478.4947
G1 X103.413 Y120.12 E478.61247
G1 X103.498 Y120.949 E478.72334
G1 X103.5 Y125 E479.26229
G1 X116.5 Y125 E480.99182
G0 F9000 X115.93 Y124.43
G0 X115.961 Y120.95
G0 X116.052 Y120.017
G0 X116.215 Y119.48
G0 X117.659 Y115.891
G0 X117.852 Y116.253
;TYPE:FILL
G1 F3000 X115.299 Y113.7 E481.47216
G1 F1500 E474.97216
G0 F9000 X115.299 Y114.1
G0 X123.528 Y113.028
G0 X123.528 Y106.972
G0 X113.028 Y106.972
G0 X113.028 Y96.472
G0 X106.972 Y96.472
G0 X105.9 Y104.701
G0 X106.3 Y104.701
G1 F1500 E481.47216
G1 F3000 X103.742 Y102.142 E481.95353
G0 F9000 X104.902 Y102.765
;MESH:NONMESH
G0 F300 X104.902 Y102.765 Z1.92
G0 F9000 X105.93 Y96.57
G0 X107.739 Y96.011
;TIME_ELAPSED:239.586456
;LAYER:5
;TYPE:WALL-INNER
;MESH:plate holder-Body.stl
G1 F1482.2 X108 Y96 E481.98871
G1 F1500 X112 Y96 E482.52087
G0 F9000 X113.028 Y96.472
G0 X116.806 Y101.803
G0 X117.434 Y102.566
G0 X122.972 Y106.972
G0 X123.528 Y106.972
G0 X124 Y108
G1 F1500 X124 Y104.5 E482.98651
G1 X120.917 Y104.5 E483.39667
G1 X120.063 Y104.413 E483.51088
G1 X119.785 Y104.357 E483.54861
G1 X119.037 Y104.134 E483.65245
G1 X118.76 Y104.019 E483.69235
G1 X118.064 Y103.647 E483.79734
G1 X117.811 Y103.477 E483.8379
G1 X117.112 Y102.886 E483.95968
G1 X116.519 Y102.185 E484.08183
G1 X116.345 Y101.926 E484.12334
G1 X115.977 Y101.23 E484.22808
G1 X115.869 Y100.966 E484.26603
G1 X115.604 Y100.094 E484.38728
G1 X115.5 Y99.077 E484.52329
G1 X115.5 Y96 E484.93266
G1 X112 Y96 E485.3983
G1 X112.768 Y96.21 E485.50422
G1 X113.268 Y96.697 E485.59708
G1 X113.473 Y97.216 E485.67132
G1 X113.5 Y97.5 E485.70928
G1 X113.501 Y106.499 E486.90651
G1 X122.5 Y106.5 E488.10374
G1 X122.784 Y106.527 E488.14169
G1 X123.303 Y106.731 E488.21588
G1 X123.79 Y107.231 E488.30874
G1 X124 Y108 E488.4148
G1 X124 Y112 E488.94696
G1 F1483.7 X123.989 Y112.261 E488.9821
G0 F9000 X123.43 Y114.07
G0 X118.685 Y115.411
G0 X117.638 Y115.971
G0 X116.723 Y116.723
G0 X115.971 Y117.638
G0 X115.411 Y118.685
G0 X114.07 Y123.43
G0 X112.261 Y123.989
G1 F1482.2 X113.651 Y124 E489.16925
G1 F1500 X115.5 Y124 E489.41524
G1 X115.5 Y121 E489.81436
G1 X115.583 Y120.071 E489.93845
G1 X115.641 Y119.779 E489.97806
G1 X115.869 Y119.03 E490.08222
G1 X115.977 Y118.766 E490.12017
G1 X116.345 Y118.07 E490.22491
G1 X116.519 Y117.811 E490.26642
G1 X117.111 Y117.111 E490.38839
G1 X117.811 Y116.519 E490.51035
G1 X118.07 Y116.345 E490.55187
G1 X118.766 Y115.977 E490.65661
G1 X119.03 Y115.869 E490.69456
G1 X119.902 Y115.604 E490.81581
G1 X120.924 Y115.5 E490.95248
G1 X124 Y115.5 E491.36171
G1 F1483.7 X123.989 Y112.261 E491.79737
G1 F1477.8 X123.794 Y112.77 E491.87097
G1 F1494 X123.303 Y113.268 E491.96439
G1 F1500 X122.784 Y113.473 E492.03863
G1 X122.5 Y113.5 E492.07658
G1 X113.5 Y113.5 E493.27395
G1 X113.5 Y122.5 E494.47131
G1 X113.473 Y122.784 E494.50926
G1 X113.268 Y123.303 E494.5835
G1 F1492.5 X112.77 Y123.794 E494.67701
G1 F1474.9 X112.261 Y123.989 E494.75076
G1 F1482.2 X112 Y124 E494.78593
G1 F1500 X108 Y124 E495.31809
G1 X107.232 Y123.79 E495.42402
G1 X106.732 Y123.303 E495.51688
G1 X106.527 Y122.784 E495.59112
G1 X106.5 Y122.5 E495.62907
G1 X106.5 Y113.5 E496.82644
G1 X97.5 Y113.5 E498.0238
G1 X97.216 Y113.473 E498.06176
G1 X96.697 Y113.268 E498.13599
G1 F1492.5 X96.206 Y112.77 E498.2295
G1 F1474.9 X96.011 Y112.261 E498.30325
G1 F1482.2 X96 Y113.651 E498.4904
G1 F1500 X96 Y115.5 E498.73639
G1 X99.074 Y115.5 E499.14536
G1 X99.926 Y115.583 E499.25925
G1 X100.217 Y115.641 E499.29872
G1 X100.966 Y115.869 E499.40289
G1 X101.23 Y115.977 E499.44083
G1 X101.926 Y116.345 E499.54558
G1 X102.185 Y116.519 E499.58709
G1 X102.886 Y117.112 E499.70924
G1 X103.477 Y117.811 E499.83102
G1 X103.647 Y118.064 E499.87158
G1 X104.02 Y118.76 E499.97663
G1 X104.133 Y119.037 E500.01643
G1 X104.357 Y119.785 E500.12031
G1 X104.412 Y120.063 E500.15801
G1 X104.5 Y120.915 E500.27197
G1 X104.5 Y124 E500.6824
G1 X108 Y124 E501.14804
G0 F9000 X106.972 Y123.528
G0 X103.194 Y118.197
G0 X102.566 Y117.434
G0 X101.879 Y116.869
G0 X96.57 Y114.07
G0 X96.011 Y112.261
G1 F1482.2 X96 Y112 E501.18321
G1 F1500 X96 Y108 E501.71537
G1 X96.21 Y107.232 E501.8213
G1 X96.697 Y106.732 E501.91416
G1 X97.216 Y106.527 E501.9884
G1 X97.5 Y106.5 E502.02635
G1 X106.5 Y106.5 E503.22372
G1 X106.5 Y97.5 E504.42108
G1 X106.527 Y97.216 E504.45903
G1 X106.732 Y96.697 E504.53327
G1 F1492.5 X107.23 Y96.206 E504.62678
G1 F1474.9 X107.739 Y96.011 E504.70053
G1 F1482.2 X106.349 Y96 E504.88768
G1 F1500 X104.5 Y96 E505.13367
G1 X104.5 Y99.079 E505.54331
G1 X104.392 Y100.093 E505.67897
G1 X104.133 Y100.959 E505.79923
G1 X104.02 Y101.236 E505.83903
G1 X103.647 Y101.932 E505.94408
G1 X103.477 Y102.185 E505.98464
G1 X102.885 Y102.885 E506.1066
G1 X102.185 Y103.477 E506.22857
G1 X101.932 Y103.647 E506.26912
G1 X101.236 Y104.019 E506.37411
G1 X100.959 Y104.133 E506.41397
G1 X100.093 Y104.392 E506.53422
G1 X99.079 Y104.5 E506.66989
G1 X96 Y104.5 E507.07952
G1 X96 Y108 E507.54516
G1 F1500 E501.04516
G0 F9000 X96.472 Y113.028
G0 X99.338 Y113.033
G0 X103.194 Y118.197
G0 X105.9 Y122.93
G0 X107.744 Y122.93
;TYPE:WALL-OUTER
G1 F1500 E507.54516
G1 X107.577 Y122.768 E507.57611
G1 X107.5 Y122.569 E507.6045
G1 X107.5 Y112.5 E508.94409
G1 X97.428 Y112.5 E510.28407
G1 X97.232 Y112.423 E510.31209
G1 X97.07 Y112.256 E510.34304
G1 X97 Y112.068 E510.36973
G1 X97 Y108 E510.91094
G1 X97.07 Y107.744 E510.94625
G1 X97.232 Y107.577 E510.9772
G1 X97.431 Y107.5 E511.00559
G1 X107.5 Y107.5 E512.34518
G1 X107.5 Y97.428 E513.68516
G1 X107.577 Y97.232 E513.71318
G1 X107.744 Y97.07 E513.74413
G1 X107.932 Y97 E513.77082
G1 X112 Y97 E514.31203
G1 X112.256 Y97.07 E514.34734
G1 X112.423 Y97.232 E514.37829
G1 X112.5 Y97.428 E514.40631
G1 X112.501 Y107.499 E515.74616
G1 X122.572 Y107.5 E517.08601
G1 X122.768 Y107.577 E517.11403
G1 X122.93 Y107.743 E517.14488
G1 X123 Y108 E517.18032
G1 X123 Y112.068 E517.72153
G1 X122.93 Y112.256 E517.74822
G1 X122.768 Y112.423 E517.77917
G1 X122.569 Y112.5 E517.80756
G1 X112.5 Y112.5 E519.14715
G1 X112.5 Y122.572 E520.48713
G1 X112.423 Y122.768 E520.51515
G1 X112.256 Y122.93 E520.5461
G1 X112.068 Y123 E520.57279
G1 X108 Y123 E521.114
G1 X107.744 Y122.93 E521.14931
G1 F1500 E514.64931
G0 F9000 X105.9 Y122.93
G0 X106.972 Y123.528
G0 X115.93 Y124.43
G0 X116.5 Y125
G1 F1500 E521.14931
G1 X116.502 Y120.951 E521.68799
G1 X116.583 Y120.116 E521.7996
G1 X116.839 Y119.275 E521.91655
G1 X117.254 Y118.49 E522.03469
G1 X117.816 Y117.816 E522.15144
G1 X118.49 Y117.254 E522.26819
G1 X119.276 Y116.839 E522.38644
G1 X120.129 Y116.583 E522.50493
G1 X120.951 Y116.502 E522.61481
G1 X125 Y116.5 E523.1535
G1 X125 Y103.5 E524.88302
G1 X120.949 Y103.498 E525.42197
G1 X120.12 Y103.413 E525.53284
G1 X119.281 Y103.163 E525.64931
G1 X118.486 Y102.739 E525.76918
G1 X117.816 Y102.18 E525.88527
G1 X117.254 Y101.506 E526.00202
G1 X116.839 Y100.72 E526.12027
G1 X116.583 Y99.867 E526.23875
G1 X116.502 Y99.049 E526.34811
G1 X116.5 Y95 E526.88679
G1 X103.5 Y95 E528.61632
G1 X103.498 Y99.052 E529.1554
G1 X103.413 Y99.867 E529.26442
G1 X103.16 Y100.723 E529.38317
G1 X102.738 Y101.51 E529.50198
G1 X102.18 Y102.18 E529.61798
G1 X101.51 Y102.738 E529.73398
G1 X100.719 Y103.161 E529.85332
G1 X99.867 Y103.413 E529.97152
G1 X99.052 Y103.498 E530.08054
G1 X95 Y103.5 E530.61962
G1 X95 Y116.5 E532.34915
G1 X99.049 Y116.502 E532.88783
G1 X99.88 Y116.583 E532.99891
G1 X100.721 Y116.839 E533.11586
G1 X101.506 Y117.254 E533.234
G1 X102.18 Y117.816 E533.35075
G1 X102.738 Y118.486 E533.46675
G1 X103.159 Y119.272 E533.58538
G1 X103.413 Y120.12 E533.70315
G1 X103.498 Y120.949 E533.81401
G1 X103.5 Y125 E534.35296
G1 X116.5 Y125 E536.08249
G0 F9000 X115.93 Y124.43
G0 X115.961 Y120.95
G0 X116.052 Y120.017
G0 X116.285 Y119.25
G0 X117.863 Y115.782
G0 X118.049 Y116.13
;TYPE:FILL
G1 F3000 X115.619 Y113.7 E536.53969
G0 F9000 X115.619 Y114.1
G0 X113.028 Y123.528
G0 X106.972 Y123.528
G0 X105.9 Y118.561
G0 X106.3 Y118.561
G1 F3000 X106.006 Y119.659 E536.69091
G0 F9000 X105.9 Y119.659
G0 X101.43 Y114.1
G0 X101.43 Y113.7
G1 F3000 X100.339 Y113.992 E536.84117
G0 F9000 X100.339 Y114.1
G0 X96.472 Y113.028
G0 X96.472 Y106.972
G0 X105.9 Y104.381
G0 X106.3 Y104.381
G1 F3000 X103.866 Y101.946 E537.29921
G0 F9000 X105 Y102.56
;MESH:NONMESH
G0 F300 X105 Y102.56 Z2.24
G0 F9000 X105.93 Y96.57
G0 X107.739 Y96.011
;TIME_ELAPSED:263.234505
;LAYER:6
;TYPE:WALL-INNER
;MESH:plate holder-Body.stl
G1 F1482.2 X108 Y96 E537.33439
G1 F1500 X112 Y96 E537.86655
G0 F9000 X113.028 Y96.472
G0 X116.806 Y101.803
G0 X117.434 Y102.566
G0 X122.972 Y106.972
G0 X123.528 Y106.972
G0 X124 Y108
G1 F1500 X124 Y104.5 E538.33219
G1 X120.917 Y104.5 E538.74235
G1 X120.063 Y104.413 E538.85656
G1 X119.785 Y104.357 E538.89429
G1 X119.037 Y104.134 E538.99813
G1 X118.76 Y104.019 E539.03803
G1 X118.064 Y103.647 E539.14302
G1 X117.811 Y103.477 E539.18358
G1 X117.112 Y102.886 E539.30536
G1 X116.519 Y102.185 E539.42751
G1 X116.345 Y101.926 E539.46902
G1 X115.977 Y101.23 E539.57376
G1 X115.869 Y100.966 E539.61171
G1 X115.604 Y100.094 E539.73296
G1 X115.5 Y99.077 E539.86897
G1 X115.5 Y96 E540.27834
G1 X112 Y96 E540.74398
G1 X112.768 Y96.21 E540.8499
G1 X113.268 Y96.697 E540.94276
G1 X113.473 Y97.216 E541.017
G1 X113.5 Y97.5 E541.05496
G1 X113.501 Y106.499 E542.25219
G1 X122.5 Y106.5 E543.44942
G1 X122.784 Y106.527 E543.48737
G1 X123.303 Y106.731 E543.56156
G1 X123.79 Y107.231 E543.65442
G1 X124 Y108 E543.76048
G1 X124 Y112 E544.29264
G1 F1483.7 X123.989 Y112.261 E544.32778
G0 F9000 X123.43 Y114.07
G0 X118.685 Y115.411
G0 X117.638 Y115.971
G0 X116.723 Y116.723
G0 X115.971 Y117.638
G0 X115.411 Y118.685
G0 X114.07 Y123.43
G0 X112.261 Y123.989
G1 F1482.2 X113.651 Y124 E544.51493
G1 F1500 X115.5 Y124 E544.76092
G1 X115.5 Y121 E545.16004
G1 X115.583 Y120.071 E545.28413
G1 X115.641 Y119.779 E545.32374
G1 X115.869 Y119.03 E545.4279
G1 X115.977 Y118.766 E545.46585
G1 X116.345 Y118.07 E545.57059
G1 X116.519 Y117.811 E545.6121
G1 X117.111 Y117.111 E545.73407
G1 X117.811 Y116.519 E545.85603
G1 X118.07 Y116.345 E545.89755
G1 X118.766 Y115.977 E546.00229
G1 X119.03 Y115.869 E546.04024
G1 X119.902 Y115.604 E546.16149
G1 X120.924 Y115.5 E546.29816
G1 X124 Y115.5 E546.70739
G1 F1483.7 X123.989 Y112.261 E547.14305
G1 F1477.8 X123.794 Y112.77 E547.21665
G1 F1494 X123.303 Y113.268 E547.31007
G1 F1500 X122.784 Y113.473 E547.38431
G1 X122.5 Y113.5 E547.42226
G1 X113.5 Y113.5 E548.61963
G1 X113.5 Y122.5 E549.81699
G1 X113.473 Y122.784 E549.85494
G1 X113.268 Y123.303 E549.92918
G1 F1492.5 X112.77 Y123.794 E550.02269
G1 F1474.9 X112.261 Y123.989 E550.09644
G1 F1482.2 X112 Y124 E550.13161
G1 F1500 X108 Y124 E550.66377
G1 X107.232 Y123.79 E550.7697
G1 X106.732 Y123.303 E550.86256
G1 X106.527 Y122.784 E550.9368
G1 X106.5 Y122.5 E550.97475
G1 X106.5 Y113.5 E552.17212
G1 X97.5 Y113.5 E553.36948
G1 X97.216 Y113.473 E553.40744
G1 X96.697 Y113.268 E553.48167
G1 F1492.5 X96.206 Y112.77 E553.57518
G1 F1474.9 X96.011 Y112.261 E553.64893
G1 F1482.2 X96 Y113.651 E553.83608
G1 F1500 X96 Y115.5 E554.08207
G1 X99.074 Y115.5 E554.49104
G1 X99.926 Y115.583 E554.60493
G1 X100.217 Y115.641 E554.6444
G1 X100.966 Y115.869 E554.74857
G1 X101.23 Y115.977 E554.78651
G1 X101.926 Y116.345 E554.89126
G1 X102.185 Y116.519 E554.93277
G1 X102.886 Y117.112 E555.05492
G1 X103.477 Y117.811 E555.1767
G1 X103.647 Y118.064 E555.21726
G1 X104.02 Y118.76 E555.32231
G1 X104.133 Y119.037 E555.36211
G1 X104.357 Y119.785 E555.46599
G1 X104.412 Y120.063 E555.50369
G1 X104.5 Y120.915 E555.61765
G1 X104.5 Y124 E556.02808
G1 X108 Y124 E556.49372
G0 F9000 X106.972 Y123.528
G0 X103.194 Y118.197
G0 X102.566 Y117.434
G0 X101.879 Y116.869
G0 X96.57 Y114.07
G0 X96.011 Y112.261
G1 F1482.2 X96 Y112 E556.52889
G1 F1500 X96 Y108 E557.06105
G1 X96.21 Y107.232 E557.16698
G1 X96.697 Y106.732 E557.25984
G1 X97.216 Y106.527 E557.33408
G1 X97.5 Y106.5 E557.37203
G1 X106.5 Y106.5 E558.5694
G1 X106.5 Y97.5 E559.76676
G1 X106.527 Y97.216 E559.80471
G1 X106.732 Y96.697 E559.87895
G1 F1492.5 X107.23 Y96.206 E559.97246
G1 F1474.9 X107.739 Y96.011 E560.04621
G1 F1482.2 X106.349 Y96 E560.23336
G1 F1500 X104.5 Y96 E560.47935
G1 X104.5 Y99.079 E560.88899
G1 X104.392 Y100.093 E561.02465
G1 X104.133 Y100.959 E561.14491
G1 X104.02 Y101.236 E561.18471
G1 X103.647 Y101.932 E561.28976
G1 X103.477 Y102.185 E561.33032
G1 X102.885 Y102.885 E561.45228
G1 X102.185 Y103.477 E561.57425
G1 X101.932 Y103.647 E561.6148
G1 X101.236 Y104.019 E561.71979
G1 X100.959 Y104.133 E561.75965
G1 X100.093 Y104.392 E561.8799
G1 X99.079 Y104.5 E562.01557
G1 X96 Y104.5 E562.4252
G1 X96 Y108 E562.89084
G1 F1500 E556.39084
G0 F9000 X96.472 Y113.028
G0 X99.338 Y113.033
G0 X103.194 Y118.197
G0 X105.9 Y122.93
G0 X107.744 Y122.93
;TYPE:WALL-OUTER
G1 F1500 E562.89084
G1 X107.577 Y122.768 E562.92179
G1 X107.5 Y122.569 E562.95018
G1 X107.5 Y112.5 E564.28977
G1 X97.428 Y112.5 E565.62975
G1 X97.232 Y112.423 E565.65777
G1 X97.07 Y112.256 E565.68872
G1 X97 Y112.068 E565.71541
G1 X97 Y108 E566.25662
G1 X97.07 Y107.744 E566.29193
G1 X97.232 Y107.577 E566.32288
G1 X97.431 Y107.5 E566.35127
G1 X107.5 Y107.5 E567.69086
G1 X107.5 Y97.428 E569.03084
G1 X107.577 Y97.232 E569.05886
G1 X107.744 Y97.07 E569.08981
G1 X107.932 Y97 E569.1165
G1 X112 Y97 E569.65771
G1 X112.256 Y97.07 E569.69302
G1 X112.423 Y97.232 E569.72397
G1 X112.5 Y97.428 E569.75199
G1 X112.501 Y107.499 E571.09184
G1 X122.572 Y107.5 E572.43169
G1 X122.768 Y107.577 E572.45971
G1 X122.93 Y107.743 E572.49056
G1 X123 Y108 E572.526
G1 X123 Y112.068 E573.06721
G1 X122.93 Y112.256 E573.0939
G1 X122.768 Y112.423 E573.12485
G1 X122.569 Y112.5 E573.15324
G1 X112.5 Y112.5 E574.49283
G1 X112.5 Y122.572 E575.83281
G1 X112.423 Y122.768 E575.86083
G1 X112.256 Y122.93 E575.89178
G1 X112.068 Y123 E575.91847
G1 X108 Y123 E576.45968
G1 X107.744 Y122.93 E576.49499
G1 F1500 E569.99499
G0 F9000 X105.9 Y122.93
G0 X106.972 Y123.528
G0 X115.93 Y124.43
G0 X116.5 Y125
G1 F1500 E576.49499
G1 X116.502 Y120.951 E577.03367
G1 X116.583 Y120.116 E577.14528
G1 X116.839 Y119.275 E577.26223
G1 X117.254 Y118.49 E577.38037
G1 X117.816 Y117.816 E577.49712
G1 X118.49 Y117.254 E577.61387
G1 X119.276 Y116.839 E577.73212
G1 X120.129 Y116.583 E577.85061
G1 X120.951 Y116.502 E577.96049
G1 X125 Y116.5 E578.49918
G1 X125 Y103.5 E580.2287
G1 X120.949 Y103.498 E580.76765
G1 X120.12 Y103.413 E580.87852
G1 X119.281 Y103.163 E580.99499
G1 X118.486 Y102.739 E581.11486
G1 X117.816 Y102.18 E581.23095
G1 X117.254 Y101.506 E581.3477
G1 X116.839 Y100.72 E581.46595
G1 X116.583 Y99.867 E581.58443
G1 X116.502 Y99.049 E581.69379
G1 X116.5 Y95 E582.23247
G1 X103.5 Y95 E583.962
G1 X103.498 Y99.052 E584.50108
G1 X103.413 Y99.867 E584.6101
G1 X103.16 Y100.723 E584.72885
G1 X102.738 Y101.51 E584.84766
G1 X102.18 Y102.18 E584.96366
G1 X101.51 Y102.738 E585.07966
G1 X100.719 Y103.161 E585.199
G1 X99.867 Y103.413 E585.3172
G1 X99.052 Y103.498 E585.42622
G1 X95 Y103.5 E585.9653
G1 X95 Y116.5 E587.69483
G1 X99.049 Y116.502 E588.23351
G1 X99.88 Y116.583 E588.34459
G1 X100.721 Y116.839 E588.46154
G1 X101.506 Y117.254 E588.57968
G1 X102.18 Y117.816 E588.69643
G1 X102.738 Y118.486 E588.81243
G1 X103.159 Y119.272 E588.93106
G1 X103.413 Y120.12 E589.04883
G1 X103.498 Y120.949 E589.15969
G1 X103.5 Y125 E589.69864
G1 X116.5 Y125 E591.42817
G0 F9000 X115.93 Y124.43
G0 X115.961 Y120.95
G0 X116.052 Y120.017
G0 X116.285 Y119.25
G0 X118.072 Y115.67
G0 X118.258 Y116.019
;TYPE:FILL
G1 F3000 X115.939 Y113.7 E591.86448
G0 F9000 X115.939 Y114.1
G0 X113.028 Y123.528
G0 X106.972 Y123.528
G0 X105.9 Y117.688
G0 X106.3 Y117.688
G1 F3000 X105.763 Y119.694 E592.14076
G0 F9000 X102.304 Y114.1
G0 X102.304 Y113.7
G1 F3000 X100.303 Y114.236 E592.41636
G0 F9000 X96.472 Y113.028
G0 X96.472 Y106.972
G0 X105.9 Y104.061
G0 X106.3 Y104.061
G1 F3000 X103.977 Y101.739 E592.85333
G0 F9000 X105 Y102.353
;MESH:NONMESH
G0 F300 X105 Y102.353 Z2.56
G0 F9000 X105.93 Y96.57
G0 X107.739 Y96.011
;TIME_ELAPSED:286.911095
;LAYER:7
;TYPE:WALL-INNER
;MESH:plate holder-Body.stl
G1 F1482.2 X108 Y96 E592.8885
G1 F1500 X112 Y96 E593.42067
G0 F9000 X113.028 Y96.472
G0 X116.806 Y101.803
G0 X117.434 Y102.566
G0 X122.972 Y106.972
G0 X123.528 Y106.972
G0 X124 Y108
G1 F1500 X124 Y104.5 E593.88631
G1 X120.917 Y104.5 E594.29647
G1 X120.063 Y104.413 E594.41068
G1 X119.785 Y104.357 E594.44841
G1 X119.037 Y104.134 E594.55225
G1 X118.76 Y104.019 E594.59215
G1 X118.064 Y103.647 E594.69714
G1 X117.811 Y103.477 E594.73769
G1 X117.112 Y102.886 E594.85947
G1 X116.519 Y102.185 E594.98163
G1 X116.345 Y101.926 E595.02314
G1 X115.977 Y101.23 E595.12788
G1 X115.869 Y100.966 E595.16583
G1 X115.604 Y100.094 E595.28708
G1 X115.5 Y99.077 E595.42309
G1 X115.5 Y96 E595.83245
G1 X112 Y96 E596.2981
G1 X112.768 Y96.21 E596.40402
G1 X113.268 Y96.697 E596.49688
G1 X113.473 Y97.216 E596.57112
G1 X113.5 Y97.5 E596.60907
G1 X113.501 Y106.499 E597.80631
G1 X122.5 Y106.5 E599.00354
G1 X122.784 Y106.527 E599.04149
G1 X123.303 Y106.731 E599.11568
G1 X123.79 Y107.231 E599.20854
G1 X124 Y108 E599.3146
G1 X124 Y112 E599.84676
G1 F1483.7 X123.989 Y112.261 E599.8819
G0 F9000 X123.43 Y114.07
G0 X118.685 Y115.411
G0 X117.638 Y115.971
G0 X116.723 Y116.723
G0 X115.971 Y117.638
G0 X115.411 Y118.685
G0 X114.07 Y123.43
G0 X112.261 Y123.989
G1 F1482.2 X113.651 Y124 E600.06905
G1 F1500 X115.5 Y124 E600.31504
G1 X115.5 Y121 E600.71416
G1 X115.583 Y120.071 E600.83825
G1 X115.641 Y119.779 E600.87785
G1 X115.869 Y119.03 E600.98202
G1 X115.977 Y118.766 E601.01996
G1 X116.345 Y118.07 E601.12471
G1 X116.519 Y117.811 E601.16622
G1 X117.111 Y117.111 E601.28819
G1 X117.811 Y116.519 E601.41015
G1 X118.07 Y116.345 E601.45166
G1 X118.766 Y115.977 E601.55641
G1 X119.03 Y115.869 E601.59435
G1 X119.902 Y115.604 E601.7156
G1 X120.924 Y115.5 E601.85227
G1 X124 Y115.5 E602.26151
G1 F1483.7 X123.989 Y112.261 E602.69717
G1 F1477.8 X123.794 Y112.77 E602.77077
G1 F1494 X123.303 Y113.268 E602.86419
G1 F1500 X122.784 Y113.473 E602.93843
G1 X122.5 Y113.5 E602.97638
G1 X113.5 Y113.5 E604.17374
G1 X113.5 Y122.5 E605.37111
G1 X113.473 Y122.784 E605.40906
G1 X113.268 Y123.303 E605.4833
G1 F1492.5 X112.77 Y123.794 E605.57681
G1 F1474.9 X112.261 Y123.989 E605.65056
G1 F1482.2 X112 Y124 E605.68573
G1 F1500 X108 Y124 E606.21789
G1 X107.232 Y123.79 E606.32382
G1 X106.732 Y123.303 E606.41668
G1 X106.527 Y122.784 E606.49092
G1 X106.5 Y122.5 E606.52887
G1 X106.5 Y113.5 E607.72624
G1 X97.5 Y113.5 E608.9236
G1 X97.216 Y113.473 E608.96155
G1 X96.697 Y113.268 E609.03579
G1 F1492.5 X96.206 Y112.77 E609.1293
G1 F1474.9 X96.011 Y112.261 E609.20305
G1 F1482.2 X96 Y113.651 E609.3902
G1 F1500 X96 Y115.5 E609.63619
G1 X99.074 Y115.5 E610.04516
G1 X99.926 Y115.583 E610.15905
G1 X100.217 Y115.641 E610.19852
G1 X100.966 Y115.869 E610.30268
G1 X101.23 Y115.977 E610.34063
G1 X101.926 Y116.345 E610.44538
G1 X102.185 Y116.519 E610.48689
G1 X102.886 Y117.112 E610.60904
G1 X103.477 Y117.811 E610.73082
G1 X103.647 Y118.064 E610.77137
G1 X104.02 Y118.76 E610.87643
G1 X104.133 Y119.037 E610.91623
G1 X104.357 Y119.785 E611.02011
G1 X104.412 Y120.063 E611.05781
G1 X104.5 Y120.915 E611.17177
G1 X104.5 Y124 E611.5822
G1 X108 Y124 E612.04784
G0 F9000 X106.972 Y123.528
G0 X103.194 Y118.197
G0 X102.566 Y117.434
G0 X101.879 Y116.869
G0 X96.57 Y114.07
G0 X96.011 Y112.261
G1 F1482.2 X96 Y112 E612.08301
G1 F1500 X96 Y108 E612.61517
G1 X96.21 Y107.232 E612.7211
G1 X96.697 Y106.732 E612.81396
G1 X97.216 Y106.527 E612.8882
G1 X97.5 Y106.5 E612.92615
G1 X106.5 Y106.5 E614.12351
G1 X106.5 Y97.5 E615.32088
G1 X106.527 Y97.216 E615.35883
G1 X106.732 Y96.697 E615.43307
G1 F1492.5 X107.23 Y96.206 E615.52658
G1 F1474.9 X107.739 Y96.011 E615.60033
G1 F1482.2 X106.349 Y96 E615.78748
G1 F1500 X104.5 Y96 E616.03347
G1 X104.5 Y99.079 E616.4431
G1 X104.392 Y100.093 E616.57877
G1 X104.133 Y100.959 E616.69903
G1 X104.02 Y101.236 E616.73883
G1 X103.647 Y101.932 E616.84388
G1 X103.477 Y102.185 E616.88443
G1 X102.885 Y102.885 E617.0064
G1 X102.185 Y103.477 E617.12837
G1 X101.932 Y103.647 E617.16892
G1 X101.236 Y104.019 E617.27391
G1 X100.959 Y104.133 E617.31376
G1 X100.093 Y104.392 E617.43402
G1 X99.079 Y104.5 E617.56969
G1 X96 Y104.5 E617.97932
G1 X96 Y108 E618.44496
G1 F1500 E611.94496
G0 F9000 X96.472 Y113.028
G0 X99.338 Y113.033
G0 X103.194 Y118.197
G0 X105.9 Y122.93
G0 X107.744 Y122.93
;TYPE:WALL-OUTER
G1 F1500 E618.44496
G1 X107.577 Y122.768 E618.47591
G1 X107.5 Y122.569 E618.5043
G1 X107.5 Y112.5 E619.84389
G1 X97.428 Y112.5 E621.18387
G1 X97.232 Y112.423 E621.21189
G1 X97.07 Y112.256 E621.24284
G1 X97 Y112.068 E621.26953
G1 X97 Y108 E621.81074
G1 X97.07 Y107.744 E621.84605
G1 X97.232 Y107.577 E621.877
G1 X97.431 Y107.5 E621.90539
G1 X107.5 Y107.5 E623.24497
G1 X107.5 Y97.428 E624.58496
G1 X107.577 Y97.232 E624.61297
G1 X107.744 Y97.07 E624.64393
G1 X107.932 Y97 E624.67062
G1 X112 Y97 E625.21183
G1 X112.256 Y97.07 E625.24714
G1 X112.423 Y97.232 E625.27809
G1 X112.5 Y97.428 E625.30611
G1 X112.501 Y107.499 E626.64596
G1 X122.572 Y107.5 E627.98581
G1 X122.768 Y107.577 E628.01382
G1 X122.93 Y107.743 E628.04468
G1 X123 Y108 E628.08012
G1 X123 Y112.068 E628.62133
G1 X122.93 Y112.256 E628.64802
G1 X122.768 Y112.423 E628.67897
G1 X122.569 Y112.5 E628.70736
G1 X112.5 Y112.5 E630.04694
G1 X112.5 Y122.572 E631.38693
G1 X112.423 Y122.768 E631.41494
G1 X112.256 Y122.93 E631.4459
G1 X112.068 Y123 E631.47259
G1 X108 Y123 E632.0138
G1 X107.744 Y122.93 E632.04911
G1 F1500 E625.54911
G0 F9000 X105.9 Y122.93
G0 X106.972 Y123.528
G0 X115.93 Y124.43
G0 X116.5 Y125
G1 F1500 E632.04911
G1 X116.502 Y120.951 E632.58779
G1 X116.583 Y120.116 E632.6994
G1 X116.839 Y119.275 E632.81635
G1 X117.254 Y118.49 E632.93449
G1 X117.816 Y117.816 E633.05124
G1 X118.49 Y117.254 E633.16799
G1 X119.276 Y116.839 E633.28624
G1 X120.129 Y116.583 E633.40472
G1 X120.951 Y116.502 E633.51461
G1 X125 Y116.5 E634.05329
G1 X125 Y103.5 E635.78282
G1 X120.949 Y103.498 E636.32177
G1 X120.12 Y103.413 E636.43264
G1 X119.281 Y103.163 E636.54911
G1 X118.486 Y102.739 E636.66898
G1 X117.816 Y102.18 E636.78506
G1 X117.254 Y101.506 E636.90182
G1 X116.839 Y100.72 E637.02007
G1 X116.583 Y99.867 E637.13855
G1 X116.502 Y99.049 E637.24791
G1 X116.5 Y95 E637.78659
G1 X103.5 Y95 E639.51612
G1 X103.498 Y99.052 E640.0552
G1 X103.413 Y99.867 E640.16422
G1 X103.16 Y100.723 E640.28297
G1 X102.738 Y101.51 E640.40177
G1 X102.18 Y102.18 E640.51778
G1 X101.51 Y102.738 E640.63378
G1 X100.719 Y103.161 E640.75312
G1 X99.867 Y103.413 E640.87132
G1 X99.052 Y103.498 E640.98034
G1 X95 Y103.5 E641.51942
G1 X95 Y116.5 E643.24894
G1 X99.049 Y116.502 E643.78763
G1 X99.88 Y116.583 E643.89871
G1 X100.721 Y116.839 E644.01566
G1 X101.506 Y117.254 E644.13379
G1 X102.18 Y117.816 E644.25055
G1 X102.738 Y118.486 E644.36655
G1 X103.159 Y119.272 E644.48517
G1 X103.413 Y120.12 E644.60294
G1 X103.498 Y120.949 E644.71381
G1 X103.5 Y125 E645.25276
G1 X116.5 Y125 E646.98229
G0 F9000 X115.93 Y124.43
G0 X115.961 Y120.95
G0 X116.052 Y120.017
G0 X116.311 Y119.165
G0 X118.281 Y115.558
G0 X118.467 Y115.908
;TYPE:FILL
G1 F3000 X116.26 Y113.7 E647.39762
G0 F9000 X116.26 Y114.1
G0 X113.028 Y123.528
G0 X106.972 Y123.528
G0 X105.9 Y116.811
G0 X106.3 Y116.811
G1 F3000 X105.518 Y119.729 E647.79953
G0 F9000 X103.182 Y114.1
G0 X103.182 Y113.7
G1 F3000 X100.266 Y114.481 E648.20115
G0 F9000 X96.472 Y113.028
G0 X96.472 Y106.972
G0 X105.9 Y103.74
G0 X106.3 Y103.74
G1 F3000 X104.09 Y101.53 E648.61696
G0 F9000 X105 Y102.144
;MESH:NONMESH
G0 F300 X105 Y102.144 Z2.88
G0 F9000 X105.93 Y96.57
G0 X107.739 Y96.011
;TIME_ELAPSED:310.636884
;LAYER:8
;TYPE:WALL-INNER
;MESH:plate holder-Body.stl
G1 F1482.2 X108 Y96 E648.65213
G1 F1500 X112 Y96 E649.18429
G0 F9000 X113.028 Y96.472
G0 X116.806 Y101.803
G0 X117.434 Y102.566
G0 X122.972 Y106.972
G0 X123.528 Y106.972
G0 X124 Y108
G1 F1500 X124 Y104.5 E649.64994
G1 X120.917 Y104.5 E650.0601
G1 X120.063 Y104.413 E650.17431
G1 X119.785 Y104.357 E650.21203
G1 X119.037 Y104.134 E650.31588
G1 X118.76 Y104.019 E650.35578
G1 X118.064 Y103.647 E650.46077
G1 X117.811 Y103.477 E650.50132
G1 X117.112 Y102.886 E650.6231
G1 X116.519 Y102.185 E650.74526
G1 X116.345 Y101.926 E650.78677
G1 X115.977 Y101.23 E650.89151
G1 X115.869 Y100.966 E650.92946
G1 X115.604 Y100.094 E651.05071
G1 X115.5 Y99.077 E651.18672
G1 X115.5 Y96 E651.59608
G1 X112 Y96 E652.06173
G1 X112.768 Y96.21 E652.16765
G1 X113.268 Y96.697 E652.26051
G1 X113.473 Y97.216 E652.33475
G1 X113.5 Y97.5 E652.3727
G1 X113.501 Y106.499 E653.56994
G1 X122.5 Y106.5 E654.76717
G1 X122.784 Y106.527 E654.80512
G1 X123.303 Y106.731 E654.87931
G1 X123.79 Y107.231 E654.97217
G1 X124 Y108 E655.07822
G1 X124 Y112 E655.61039
G1 F1483.7 X123.989 Y112.261 E655.64552
G0 F9000 X123.43 Y114.07
G0 X118.685 Y115.411
G0 X117.638 Y115.971
G0 X116.723 Y116.723
G0 X115.971 Y117.638
G0 X115.411 Y118.685
G0 X114.07 Y123.43
G0 X112.261 Y123.989
G1 F1482.2 X113.651 Y124 E655.83267
G1 F1500 X115.5 Y124 E656.07867
G1 X115.5 Y121 E656.47779
G1 X115.583 Y120.071 E656.60188
G1 X115.641 Y119.779 E656.64148
G1 X115.869 Y119.03 E656.74564
G1 X115.977 Y118.766 E656.78359
G1 X116.345 Y118.07 E656.88833
G1 X116.519 Y117.811 E656.92985
G1 X117.111 Y117.111 E657.05181
G1 X117.811 Y116.519 E657.17378
G1 X118.07 Y116.345 E657.21529
G1 X118.766 Y115.977 E657.32004
G1 X119.03 Y115.869 E657.35798
G1 X119.902 Y115.604 E657.47923
G1 X120.924 Y115.5 E657.6159
G1 X124 Y115.5 E658.02514
G1 F1483.7 X123.989 Y112.261 E658.4608
G1 F1477.8 X123.794 Y112.77 E658.5344
G1 F1494 X123.303 Y113.268 E658.62781
G1 F1500 X122.784 Y113.473 E658.70205
G1 X122.5 Y113.5 E658.74001
G1 X113.5 Y113.5 E659.93737
G1 X113.5 Y122.5 E661.13474
G1 X113.473 Y122.784 E661.17269
G1 X113.268 Y123.303 E661.24693
G1 F1492.5 X112.77 Y123.794 E661.34044
G1 F1474.9 X112.261 Y123.989 E661.41419
G1 F1482.2 X112 Y124 E661.44936
G1 F1500 X108 Y124 E661.98152
G1 X107.232 Y123.79 E662.08745
G1 X106.732 Y123.303 E662.18031
G1 X106.527 Y122.784 E662.25454
G1 X106.5 Y122.5 E662.2925
G1 X106.5 Y113.5 E663.48986
G1 X97.5 Y113.5 E664.68723
G1 X97.216 Y113.473 E664.72518
G1 X96.697 Y113.268 E664.79942
G1 F1492.5 X96.206 Y112.77 E664.89293
G1 F1474.9 X96.011 Y112.261 E664.96668
G1 F1482.2 X96 Y113.651 E665.15383
G1 F1500 X96 Y115.5 E665.39982
G1 X99.074 Y115.5 E665.80879
G1 X99.926 Y115.583 E665.92268
G1 X100.217 Y115.641 E665.96215
G1 X100.966 Y115.869 E666.06631
G1 X101.23 Y115.977 E666.10426
G1 X101.926 Y116.345 E666.209
G1 X102.185 Y116.519 E666.25052
G1 X102.886 Y117.112 E666.37267
G1 X103.477 Y117.811 E666.49445
G1 X103.647 Y118.064 E666.535
G1 X104.02 Y118.76 E666.64006
G1 X104.133 Y119.037 E666.67986
G1 X104.357 Y119.785 E666.78374
G1 X104.412 Y120.063 E666.82144
G1 X104.5 Y120.915 E666.93539
G1 X104.5 Y124 E667.34582
G1 X108 Y124 E667.81147
G0 F9000 X106.972 Y123.528
G0 X103.194 Y118.197
G0 X102.566 Y117.434
G0 X101.879 Y116.869
G0 X96.57 Y114.07
G0 X96.011 Y112.261
G1 F1482.2 X96 Y112 E667.84664
G1 F1500 X96 Y108 E668.3788
G1 X96.21 Y107.232 E668.48473
G1 X96.697 Y106.732 E668.57759
G1 X97.216 Y106.527 E668.65182
G1 X97.5 Y106.5 E668.68978
G1 X106.5 Y106.5 E669.88714
G1 X106.5 Y97.5 E671.08451
G1 X106.527 Y97.216 E671.12246
G1 X106.732 Y96.697 E671.1967
G1 F1492.5 X107.23 Y96.206 E671.29021
G1 F1474.9 X107.739 Y96.011 E671.36396
G1 F1482.2 X106.349 Y96 E671.55111
G1 F1500 X104.5 Y96 E671.7971
G1 X104.5 Y99.079 E672.20673
G1 X104.392 Y100.093 E672.3424
G1 X104.133 Y100.959 E672.46265
G1 X104.02 Y101.236 E672.50245
G1 X103.647 Y101.932 E672.60751
G1 X103.477 Y102.185 E672.64806
G1 X102.885 Y102.885 E672.77003
G1 X102.185 Y103.477 E672.892
G1 X101.932 Y103.647 E672.93255
G1 X101.236 Y104.019 E673.03754
G1 X100.959 Y104.133 E673.07739
G1 X100.093 Y104.392 E673.19765
G1 X99.079 Y104.5 E673.33331
G1 X96 Y104.5 E673.74295
G1 X96 Y108 E674.20859
G1 F1500 E667.70859
G0 F9000 X96.472 Y113.028
G0 X99.338 Y113.033
G0 X103.194 Y118.197
G0 X105.9 Y122.93
G0 X107.744 Y122.93
;TYPE:WALL-OUTER
G1 F1500 E674.20859
G1 X107.577 Y122.768 E674.23954
G1 X107.5 Y122.569 E674.26793
G1 X107.5 Y112.5 E675.60751
G1 X97.428 Y112.5 E676.9475
G1 X97.232 Y112.423 E676.97552
G1 X97.07 Y112.256 E677.00647
G1 X97 Y112.068 E677.03316
G1 X97 Y108 E677.57437
G1 X97.07 Y107.744 E677.60968
G1 X97.232 Y107.577 E677.64063
G1 X97.431 Y107.5 E677.66902
G1 X107.5 Y107.5 E679.0086
G1 X107.5 Y97.428 E680.34859
G1 X107.577 Y97.232 E680.3766
G1 X107.744 Y97.07 E680.40756
G1 X107.932 Y97 E680.43425
G1 X112 Y97 E680.97546
G1 X112.256 Y97.07 E681.01076
G1 X112.423 Y97.232 E681.04172
G1 X112.5 Y97.428 E681.06973
G1 X112.501 Y107.499 E682.40958
G1 X122.572 Y107.5 E683.74944
G1 X122.768 Y107.577 E683.77745
G1 X122.93 Y107.743 E683.80831
G1 X123 Y108 E683.84375
G1 X123 Y112.068 E684.38496
G1 X122.93 Y112.256 E684.41165
G1 X122.768 Y112.423 E684.4426
G1 X122.569 Y112.5 E684.47099
G1 X112.5 Y112.5 E685.81057
G1 X112.5 Y122.572 E687.15056
G1 X112.423 Y122.768 E687.17857
G1 X112.256 Y122.93 E687.20953
G1 X112.068 Y123 E687.23622
G1 X108 Y123 E687.77743
G1 X107.744 Y122.93 E687.81273
G1 F1500 E681.31273
G0 F9000 X105.9 Y122.93
G0 X106.972 Y123.528
G0 X115.93 Y124.43
G0 X116.5 Y125
G1 F1500 E687.81273
G1 X116.502 Y120.951 E688.35141
G1 X116.583 Y120.116 E688.46303
G1 X116.839 Y119.275 E688.57998
G1 X117.254 Y118.49 E688.69811
G1 X117.816 Y117.816 E688.81487
G1 X118.49 Y117.254 E688.93162
G1 X119.276 Y116.839 E689.04987
G1 X120.129 Y116.583 E689.16835
G1 X120.951 Y116.502 E689.27824
G1 X125 Y116.5 E689.81692
G1 X125 Y103.5 E691.54645
G1 X120.949 Y103.498 E692.0854
G1 X120.12 Y103.413 E692.19627
G1 X119.281 Y103.163 E692.31274
G1 X118.486 Y102.739 E692.43261
G1 X117.816 Y102.18 E692.54869
G1 X117.254 Y101.506 E692.66545
G1 X116.839 Y100.72 E692.7837
G1 X116.583 Y99.867 E692.90218
G1 X116.502 Y99.049 E693.01154
G1 X116.5 Y95 E693.55022
G1 X103.5 Y95 E695.27975
G1 X103.498 Y99.052 E695.81883
G1 X103.413 Y99.867 E695.92784
G1 X103.16 Y100.723 E696.0466
G1 X102.738 Y101.51 E696.1654
G1 X102.18 Y102.18 E696.2814
G1 X101.51 Y102.738 E696.39741
G1 X100.719 Y103.161 E696.51674
G1 X99.867 Y103.413 E696.63495
G1 X99.052 Y103.498 E696.74397
G1 X95 Y103.5 E697.28305
G1 X95 Y116.5 E699.01257
G1 X99.049 Y116.502 E699.55125
G1 X99.88 Y116.583 E699.66233
G1 X100.721 Y116.839 E699.77929
G1 X101.506 Y117.254 E699.89742
G1 X102.18 Y117.816 E700.01417
G1 X102.738 Y118.486 E700.13018
G1 X103.159 Y119.272 E700.2488
G1 X103.413 Y120.12 E700.36657
G1 X103.498 Y120.949 E700.47744
G1 X103.5 Y125 E701.01639
G1 X116.5 Y125 E702.74592
G0 F9000 X115.93 Y124.43
G0 X115.961 Y120.95
G0 X116.052 Y120.017
G0 X116.34 Y119.07
G0 X116.472 Y118.822
G0 X118.49 Y115.446
G0 X118.678 Y115.799
;TYPE:FILL
G1 F3000 X116.579 Y113.7 E703.14084
G0 F9000 X116.579 Y114.1
G0 X113.028 Y123.528
G0 X106.972 Y123.528
G0 X105.9 Y115.937
G0 X106.3 Y115.937
G1 F3000 X105.275 Y119.764 E703.66793
G0 F9000 X104.054 Y114.1
G0 X104.054 Y113.7
G1 F3000 X100.23 Y114.725 E704.19464
G0 F9000 X96.472 Y113.028
G0 X96.472 Y106.972
G0 X105.9 Y103.421
G0 X106.3 Y103.421
G1 F3000 X104.199 Y101.32 E704.58993
G0 F9000 X105 Y101.935
;MESH:NONMESH
G0 F300 X105 Y101.935 Z3.2
G0 F9000 X105.93 Y96.57
G0 X107.739 Y96.011
;TIME_ELAPSED:334.406058
;LAYER:9
;TYPE:WALL-INNER
;MESH:plate holder-Body.stl
G1 F1482.2 X108 Y96 E704.62511
G1 F1500 X112 Y96 E705.15727
G0 F9000 X113.028 Y96.472
G0 X116.806 Y101.803
G0 X117.434 Y102.566
G0 X122.972 Y106.972
G0 X123.528 Y106.972
G0 X124 Y108
G1 F1500 X124 Y104.5 E705.62291
G1 X120.917 Y104.5 E706.03307
G1 X120.063 Y104.413 E706.14728
G1 X119.785 Y104.357 E706.18501
G1 X119.037 Y104.134 E706.28885
G1 X118.76 Y104.019 E706.32875
G1 X118.064 Y103.647 E706.43374
G1 X117.811 Y103.477 E706.4743
G1 X117.112 Y102.886 E706.59608
G1 X116.519 Y102.185 E706.71823
G1 X116.345 Y101.926 E706.75974
G1 X115.977 Y101.23 E706.86448
G1 X115.869 Y100.966 E706.90243
G1 X115.604 Y100.094 E707.02368
G1 X115.5 Y99.077 E707.15969
G1 X115.5 Y96 E707.56906
G1 X112 Y96 E708.0347
G1 X112.768 Y96.21 E708.14062
G1 X113.268 Y96.697 E708.23348
G1 X113.473 Y97.216 E708.30772
G1 X113.5 Y97.5 E708.34568
G1 X113.501 Y106.499 E709.54291
G1 X122.5 Y106.5 E710.74014
G1 X122.784 Y106.527 E710.77809
G1 X123.303 Y106.731 E710.85228
G1 X123.79 Y107.231 E710.94514
G1 X124 Y108 E711.0512
G1 X124 Y112 E711.58336
G1 F1483.7 X123.989 Y112.261 E711.6185
G0 F9000 X123.43 Y114.07
G0 X118.685 Y115.411
G0 X117.638 Y115.971
G0 X116.723 Y116.723
G0 X115.971 Y117.638
G0 X115.411 Y118.685
G0 X114.07 Y123.43
G0 X112.261 Y123.989
G1 F1482.2 X113.651 Y124 E711.80565
G1 F1500 X115.5 Y124 E712.05164
G1 X115.5 Y121 E712.45076
G1 X115.583 Y120.071 E712.57485
G1 X115.641 Y119.779 E712.61446
G1 X115.869 Y119.03 E712.71862
G1 X115.977 Y118.766 E712.75657
G1 X116.345 Y118.07 E712.86131
G1 X116.519 Y117.811 E712.90282
G1 X117.111 Y117.111 E713.02479
G1 X117.811 Y116.519 E713.14675
G1 X118.07 Y116.345 E713.18827
G1 X118.766 Y115.977 E713.29301
G1 X119.03 Y115.869 E713.33096
G1 X119.902 Y115.604 E713.45221
G1 X120.924 Y115.5 E713.58888
G1 X124 Y115.5 E713.99811
G1 F1483.7 X123.989 Y112.261 E714.43377
G1 F1477.8 X123.794 Y112.77 E714.50737
G1 F1494 X123.303 Y113.268 E714.60079
G1 F1500 X122.784 Y113.473 E714.67503
G1 X122.5 Y113.5 E714.71298
G1 X113.5 Y113.5 E715.91035
G1 X113.5 Y122.5 E717.10771
G1 X113.473 Y122.784 E717.14566
G1 X113.268 Y123.303 E717.2199
G1 F1492.5 X112.77 Y123.794 E717.31341
G1 F1474.9 X112.261 Y123.989 E717.38716
G1 F1482.2 X112 Y124 E717.42233
G1 F1500 X108 Y124 E717.95449
G1 X107.232 Y123.79 E718.06042
G1 X106.732 Y123.303 E718.15328
G1 X106.527 Y122.784 E718.22752
G1 X106.5 Y122.5 E718.26547
G1 X106.5 Y113.5 E719.46284
G1 X97.5 Y113.5 E720.6602
G1 X97.216 Y113.473 E720.69816
G1 X96.697 Y113.268 E720.77239
G1 F1492.5 X96.206 Y112.77 E720.8659
G1 F1474.9 X96.011 Y112.261 E720.93965
G1 F1482.2 X96 Y113.651 E721.1268
G1 F1500 X96 Y115.5 E721.37279
G1 X99.074 Y115.5 E721.78176
G1 X99.926 Y115.583 E721.89565
G1 X100.217 Y115.641 E721.93512
G1 X100.966 Y115.869 E722.03929
G1 X101.23 Y115.977 E722.07723
G1 X101.926 Y116.345 E722.18198
G1 X102.185 Y116.519 E722.22349
G1 X102.886 Y117.112 E722.34564
G1 X103.477 Y117.811 E722.46742
G1 X103.647 Y118.064 E722.50798
G1 X104.02 Y118.76 E722.61303
G1 X104.133 Y119.037 E722.65283
G1 X104.357 Y119.785 E722.75671
G1 X104.412 Y120.063 E722.79441
G1 X104.5 Y120.915 E722.90837
G1 X104.5 Y124 E723.3188
G1 X108 Y124 E723.78444
G0 F9000 X106.972 Y123.528
G0 X103.194 Y118.197
G0 X102.566 Y117.434
G0 X101.879 Y116.869
G0 X96.57 Y114.07
G0 X96.011 Y112.261
G1 F1482.2 X96 Y112 E723.81961
G1 F1500 X96 Y108 E724.35177
G1 X96.21 Y107.232 E724.4577
G1 X96.697 Y106.732 E724.55056
G1 X97.216 Y106.527 E724.6248
G1 X97.5 Y106.5 E724.66275
G1 X106.5 Y106.5 E725.86012
G1 X106.5 Y97.5 E727.05748
G1 X106.527 Y97.216 E727.09544
G1 X106.732 Y96.697 E727.16967
G1 F1492.5 X107.23 Y96.206 E727.26318
G1 F1474.9 X107.739 Y96.011 E727.33693
G1 F1482.2 X106.349 Y96 E727.52408
G1 F1500 X104.5 Y96 E727.77007
G1 X104.5 Y99.079 E728.17971
G1 X104.392 Y100.093 E728.31537
G1 X104.133 Y100.959 E728.43563
G1 X104.02 Y101.236 E728.47543
G1 X103.647 Y101.932 E728.58048
G1 X103.477 Y102.185 E728.62104
G1 X102.885 Y102.885 E728.743
G1 X102.185 Y103.477 E728.86497
G1 X101.932 Y103.647 E728.90552
G1 X101.236 Y104.019 E729.01051
G1 X100.959 Y104.133 E729.05037
G1 X100.093 Y104.392 E729.17062
G1 X99.079 Y104.5 E729.30629
G1 X96 Y104.5 E729.71592
G1 X96 Y108 E730.18156
G1 F1500 E723.68156
G0 F9000 X96.472 Y113.028
G0 X99.338 Y113.033
G0 X103.194 Y118.197
G0 X105.9 Y122.93
G0 X107.744 Y122.93
;TYPE:WALL-OUTER
G1 F1500 E730.18156
G1 X107.577 Y122.768 E730.21252
G1 X107.5 Y122.569 E730.2409
G1 X107.5 Y112.5 E731.58049
G1 X97.428 Y112.5 E732.92047
G1 X97.232 Y112.423 E732.94849
G1 X97.07 Y112.256 E732.97944
G1 X97 Y112.068 E733.00613
G1 X97 Y108 E733.54734
G1 X97.07 Y107.744 E733.58265
G1 X97.232 Y107.577 E733.6136
G1 X97.431 Y107.5 E733.64199
G1 X107.5 Y107.5 E734.98158
G1 X107.5 Y97.428 E736.32156
G1 X107.577 Y97.232 E736.34958
G1 X107.744 Y97.07 E736.38053
G1 X107.932 Y97 E736.40722
G1 X112 Y97 E736.94843
G1 X112.256 Y97.07 E736.98374
G1 X112.423 Y97.232 E737.01469
G1 X112.5 Y97.428 E737.04271
G1 X112.501 Y107.499 E738.38256
G1 X122.572 Y107.5 E739.72241
G1 X122.768 Y107.577 E739.75043
G1 X122.93 Y107.743 E739.78128
G1 X123 Y108 E739.81672
G1 X123 Y112.068 E740.35793
G1 X122.93 Y112.256 E740.38462
G1 X122.768 Y112.423 E740.41557
G1 X122.569 Y112.5 E740.44396
G1 X112.5 Y112.5 E741.78355
G1 X112.5 Y122.572 E743.12353
G1 X112.423 Y122.768 E743.15155
G1 X112.256 Y122.93 E743.1825
G1 X112.068 Y123 E743.20919
G1 X108 Y123 E743.7504
G1 X107.744 Y122.93 E743.78571
G1 F1500 E737.28571
G0 F9000 X105.9 Y122.93
G0 X106.972 Y123.528
G0 X115.93 Y124.43
G0 X116.5 Y125
G1 F1500 E743.78571
G1 X116.502 Y120.951 E744.32439
G1 X116.583 Y120.116 E744.436
G1 X116.839 Y119.275 E744.55295
G1 X117.254 Y118.49 E744.67109
G1 X117.816 Y117.816 E744.78784
G1 X118.49 Y117.254 E744.90459
G1 X119.276 Y116.839 E745.02284
G1 X120.129 Y116.583 E745.14133
G1 X120.951 Y116.502 E745.25121
G1 X125 Y116.5 E745.7899
G1 X125 Y103.5 E747.51942
G1 X120.949 Y103.498 E748.05837
G1 X120.12 Y103.413 E748.16924
G1 X119.281 Y103.163 E748.28571
G1 X118.486 Y102.739 E748.40558
G1 X117.816 Y102.18 E748.52167
G1 X117.254 Y101.506 E748.63842
G1 X116.839 Y100.72 E748.75667
G1 X116.583 Y99.867 E748.87515
G1 X116.502 Y99.049 E748.98451
G1 X116.5 Y95 E749.52319
G1 X103.5 Y95 E751.25272
G1 X103.498 Y99.052 E751.7918
G1 X103.413 Y99.867 E751.90082
G1 X103.16 Y100.723 E752.01957
G1 X102.738 Y101.51 E752.13838
G1 X102.18 Y102.18 E752.25438
G1 X101.51 Y102.738 E752.37038
G1 X100.719 Y103.161 E752.48972
G1 X99.867 Y103.413 E752.60792
G1 X99.052 Y103.498 E752.71694
G1 X95 Y103.5 E753.25602
G1 X95 Y116.5 E754.98555
G1 X99.049 Y116.502 E755.52423
G1 X99.88 Y116.583 E755.63531
G1 X100.721 Y116.839 E755.75226
G1 X101.506 Y117.254 E755.8704
G1 X102.18 Y117.816 E755.98715
G1 X102.738 Y118.486 E756.10315
G1 X103.159 Y119.272 E756.22178
G1 X103.413 Y120.12 E756.33955
G1 X103.498 Y120.949 E756.45042
G1 X103.5 Y125 E756.98936
G1 X116.5 Y125 E758.71889
G0 F9000 X115.93 Y124.43
G0 X115.961 Y120.95
G0 X116.052 Y120.017
G0 X116.34 Y119.07
G0 X116.717 Y118.363
G0 X118.789 Y115.316
G0 X118.905 Y115.706
;TYPE:FILL
G1 F3000 X116.899 Y113.7 E759.09631
G0 F9000 X116.899 Y114.1
G0 X113.028 Y123.528
G0 X106.972 Y123.528
G0 X105.9 Y115.064
G0 X106.3 Y115.064
G1 F3000 X105.031 Y119.8 E759.74862
G0 F9000 X104.928 Y114.1
G0 X104.928 Y113.7
G1 F3000 X100.193 Y114.969 E760.4008
G0 F9000 X96.472 Y113.028
G0 X96.472 Y106.972
G0 X105.9 Y103.101
G0 X106.3 Y103.101
G1 F3000 X104.291 Y101.092 E760.77879
G0 F9000 X105 Y101.471
;MESH:NONMESH
G0 F300 X105 Y101.471 Z3.52
G0 F9000 X105.93 Y96.57
G0 X107.739 Y96.011
;TIME_ELAPSED:358.210001
;LAYER:10
;TYPE:WALL-INNER
;MESH:plate holder-Body.stl
G1 F1482.2 X108 Y96 E760.81396
G1 F1500 X112 Y96 E761.34612
G0 F9000 X113.028 Y96.472
G0 X116.806 Y101.803
G0 X117.434 Y102.566
G0 X122.972 Y106.972
G0 X123.528 Y106.972
G0 X124 Y108
G1 F1500 X124 Y104.5 E761.81176
G1 X120.917 Y104.5 E762.22193
G1 X120.063 Y104.413 E762.33613
G1 X119.785 Y104.357 E762.37386
G1 X119.037 Y104.134 E762.4777
G1 X118.76 Y104.019 E762.5176
G1 X118.064 Y103.647 E762.6226
G1 X117.811 Y103.477 E762.66315
G1 X117.112 Y102.886 E762.78493
G1 X116.519 Y102.185 E762.90708
G1 X116.345 Y101.926 E762.94859
G1 X115.977 Y101.23 E763.05334
G1 X115.869 Y100.966 E763.09129
G1 X115.604 Y100.094 E763.21254
G1 X115.5 Y99.077 E763.34854
G1 X115.5 Y96 E763.75791
G1 X112 Y96 E764.22355
G1 X112.768 Y96.21 E764.32948
G1 X113.268 Y96.697 E764.42234
G1 X113.473 Y97.216 E764.49658
G1 X113.5 Y97.5 E764.53453
G1 X113.501 Y106.499 E765.73176
G1 X122.5 Y106.5 E766.92899
G1 X122.784 Y106.527 E766.96695
G1 X123.303 Y106.731 E767.04114
G1 X123.79 Y107.231 E767.134
G1 X124 Y108 E767.24005
G1 X124 Y112 E767.77221
G1 F1483.7 X123.989 Y112.261 E767.80735
G0 F9000 X123.43 Y114.07
G0 X118.685 Y115.411
G0 X117.638 Y115.971
G0 X116.723 Y116.723
G0 X115.971 Y117.638
G0 X115.411 Y118.685
G0 X114.07 Y123.43
G0 X112.261 Y123.989
G1 F1482.2 X113.651 Y124 E767.9945
G1 F1500 X115.5 Y124 E768.24049
G1 X115.5 Y121 E768.63961
G1 X115.583 Y120.071 E768.7637
G1 X115.641 Y119.779 E768.80331
G1 X115.869 Y119.03 E768.90747
G1 X115.977 Y118.766 E768.94542
G1 X116.345 Y118.07 E769.05016
G1 X116.519 Y117.811 E769.09167
G1 X117.111 Y117.111 E769.21364
G1 X117.811 Y116.519 E769.33561
G1 X118.07 Y116.345 E769.37712
G1 X118.766 Y115.977 E769.48186
G1 X119.03 Y115.869 E769.51981
G1 X119.902 Y115.604 E769.64106
G1 X120.924 Y115.5 E769.77773
G1 X124 Y115.5 E770.18696
G1 F1483.7 X123.989 Y112.261 E770.62262
G1 F1477.8 X123.794 Y112.77 E770.69623
G1 F1494 X123.303 Y113.268 E770.78964
G1 F1500 X122.784 Y113.473 E770.86388
G1 X122.5 Y113.5 E770.90183
G1 X113.5 Y113.5 E772.0992
G1 X113.5 Y122.5 E773.29656
G1 X113.473 Y122.784 E773.33452
G1 X113.268 Y123.303 E773.40876
G1 F1492.5 X112.77 Y123.794 E773.50226
G1 F1474.9 X112.261 Y123.989 E773.57601
G1 F1482.2 X112 Y124 E773.61118
G1 F1500 X108 Y124 E774.14335
G1 X107.232 Y123.79 E774.24927
G1 X106.732 Y123.303 E774.34213
G1 X106.527 Y122.784 E774.41637
G1 X106.5 Y122.5 E774.45432
G1 X106.5 Y113.5 E775.65169
G1 X97.5 Y113.5 E776.84905
G1 X97.216 Y113.473 E776.88701
G1 X96.697 Y113.268 E776.96125
G1 F1492.5 X96.206 Y112.77 E777.05475
G1 F1474.9 X96.011 Y112.261 E777.1285
G1 F1482.2 X96 Y113.651 E777.31566
G1 F1500 X96 Y115.5 E777.56165
G1 X99.074 Y115.5 E777.97061
G1 X99.926 Y115.583 E778.0845
G1 X100.217 Y115.641 E778.12398
G1 X100.966 Y115.869 E778.22814
G1 X101.23 Y115.977 E778.26609
G1 X101.926 Y116.345 E778.37083
G1 X102.185 Y116.519 E778.41234
G1 X102.886 Y117.112 E778.5345
G1 X103.477 Y117.811 E778.65628
G1 X103.647 Y118.064 E778.69683
G1 X104.02 Y118.76 E778.80188
G1 X104.133 Y119.037 E778.84168
G1 X104.357 Y119.785 E778.94556
G1 X104.412 Y120.063 E778.98327
G1 X104.5 Y120.915 E779.09722
G1 X104.5 Y124 E779.50765
G1 X108 Y124 E779.97329
G0 F9000 X106.972 Y123.528
G0 X103.194 Y118.197
G0 X102.566 Y117.434
G0 X101.879 Y116.869
G0 X96.57 Y114.07
G0 X96.011 Y112.261
G1 F1482.2 X96 Y112 E780.00846
G1 F1500 X96 Y108 E780.54063
G1 X96.21 Y107.232 E780.64655
G1 X96.697 Y106.732 E780.73941
G1 X97.216 Y106.527 E780.81365
G1 X97.5 Y106.5 E780.8516
G1 X106.5 Y106.5 E782.04897
G1 X106.5 Y97.5 E783.24633
G1 X106.527 Y97.216 E783.28429
G1 X106.732 Y96.697 E783.35853
G1 F1492.5 X107.23 Y96.206 E783.45203
G1 F1474.9 X107.739 Y96.011 E783.52578
G1 F1482.2 X106.349 Y96 E783.71293
G1 F1500 X104.5 Y96 E783.95893
G1 X104.5 Y99.079 E784.36856
G1 X104.392 Y100.093 E784.50422
G1 X104.133 Y100.959 E784.62448
G1 X104.02 Y101.236 E784.66428
G1 X103.647 Y101.932 E784.76934
G1 X103.477 Y102.185 E784.80989
G1 X102.885 Y102.885 E784.93186
G1 X102.185 Y103.477 E785.05382
G1 X101.932 Y103.647 E785.09437
G1 X101.236 Y104.019 E785.19937
G1 X100.959 Y104.133 E785.23922
G1 X100.093 Y104.392 E785.35947
G1 X99.079 Y104.5 E785.49514
G1 X96 Y104.5 E785.90477
G1 X96 Y108 E786.37041
G1 F1500 E779.87041
G0 F9000 X96.472 Y113.028
G0 X99.338 Y113.033
G0 X103.194 Y118.197
G0 X105.9 Y122.93
G0 X107.744 Y122.93
;TYPE:WALL-OUTER
G1 F1500 E786.37041
G1 X107.577 Y122.768 E786.40137
G1 X107.5 Y122.569 E786.42976
G1 X107.5 Y112.5 E787.76934
G1 X97.428 Y112.5 E789.10933
G1 X97.232 Y112.423 E789.13734
G1 X97.07 Y112.256 E789.1683
G1 X97 Y112.068 E789.19498
G1 X97 Y108 E789.73619
G1 X97.07 Y107.744 E789.7715
G1 X97.232 Y107.577 E789.80246
G1 X97.431 Y107.5 E789.83084
G1 X107.5 Y107.5 E791.17043
G1 X107.5 Y97.428 E792.51041
G1 X107.577 Y97.232 E792.53843
G1 X107.744 Y97.07 E792.56938
G1 X107.932 Y97 E792.59607
G1 X112 Y97 E793.13728
G1 X112.256 Y97.07 E793.17259
G1 X112.423 Y97.232 E793.20354
G1 X112.5 Y97.428 E793.23156
G1 X112.501 Y107.499 E794.57141
G1 X122.572 Y107.5 E795.91126
G1 X122.768 Y107.577 E795.93928
G1 X122.93 Y107.743 E795.97014
G1 X123 Y108 E796.00557
G1 X123 Y112.068 E796.54678
G1 X122.93 Y112.256 E796.57347
G1 X122.768 Y112.423 E796.60443
G1 X122.569 Y112.5 E796.63281
G1 X112.5 Y112.5 E797.9724
G1 X112.5 Y122.572 E799.31238
G1 X112.423 Y122.768 E799.3404
G1 X112.256 Y122.93 E799.37135
G1 X112.068 Y123 E799.39804
G1 X108 Y123 E799.93925
G1 X107.744 Y122.93 E799.97456
G1 F1500 E793.47456
G0 F9000 X105.9 Y122.93
G0 X106.972 Y123.528
G0 X115.93 Y124.43
G0 X116.5 Y125
G1 F1500 E799.97456
G1 X116.502 Y120.951 E800.51324
G1 X116.583 Y120.116 E800.62485
G1 X116.839 Y119.275 E800.74181
G1 X117.254 Y118.49 E800.85994
G1 X117.816 Y117.816 E800.97669
G1 X118.49 Y117.254 E801.09344
G1 X119.276 Y116.839 E801.21169
G1 X120.129 Y116.583 E801.33018
G1 X120.951 Y116.502 E801.44007
G1 X125 Y116.5 E801.97875
G1 X125 Y103.5 E803.70828
G1 X120.949 Y103.498 E804.24722
G1 X120.12 Y103.413 E804.35809
G1 X119.281 Y103.163 E804.47456
G1 X118.486 Y102.739 E804.59443
G1 X117.816 Y102.18 E804.71052
G1 X117.254 Y101.506 E804.82727
G1 X116.839 Y100.72 E804.94552
G1 X116.583 Y99.867 E805.06401
G1 X116.502 Y99.049 E805.17337
G1 X116.5 Y95 E805.71205
G1 X103.5 Y95 E807.44157
G1 X103.498 Y99.052 E807.98065
G1 X103.413 Y99.867 E808.08967
G1 X103.16 Y100.723 E808.20842
G1 X102.738 Y101.51 E808.32723
G1 X102.18 Y102.18 E808.44323
G1 X101.51 Y102.738 E808.55923
G1 X100.719 Y103.161 E808.67857
G1 X99.867 Y103.413 E808.79677
G1 X99.052 Y103.498 E808.90579
G1 X95 Y103.5 E809.44487
G1 X95 Y116.5 E811.1744
G1 X99.049 Y116.502 E811.71308
G1 X99.88 Y116.583 E811.82416
G1 X100.721 Y116.839 E811.94112
G1 X101.506 Y117.254 E812.05925
G1 X102.18 Y117.816 E812.176
G1 X102.738 Y118.486 E812.292
G1 X103.159 Y119.272 E812.41063
G1 X103.413 Y120.12 E812.5284
G1 X103.498 Y120.949 E812.63927
G1 X103.5 Y125 E813.17822
G1 X116.5 Y125 E814.90774
G0 F9000 X115.93 Y124.43
G0 X115.961 Y120.95
G0 X116.052 Y120.017
G0 X116.34 Y119.07
G0 X116.717 Y118.363
G0 X119.031 Y115.243
G0 X119.145 Y115.625
;TYPE:FILL
G1 F3000 X117.22 Y113.7 E815.26993
G0 F9000 X117.22 Y114.1
G0 X113.028 Y123.528
G0 X106.972 Y123.528
G0 X105.9 Y114.187
G0 X106.3 Y114.187
G1 F3000 X104.787 Y119.835 E816.04783
G0 F9000 X104.982 Y119.777
G0 X105.806 Y114.1
G0 X105.806 Y113.7
G1 F3000 X100.157 Y115.213 E816.82587
G0 F9000 X100.216 Y115.017
G0 X96.472 Y113.028
G0 X96.472 Y106.972
G0 X105.9 Y102.78
G0 X106.3 Y102.78
G1 F3000 X104.373 Y100.853 E817.18843
G0 F9000 X105 Y101.23
;MESH:NONMESH
G0 F300 X105 Y101.23 Z3.84
G0 F9000 X105.93 Y96.57
G0 X107.739 Y96.011
;TIME_ELAPSED:382.104465
;LAYER:11
;TYPE:WALL-INNER
;MESH:plate holder-Body.stl
G1 F1482.2 X108 Y96 E817.2236
G1 F1500 X112 Y96 E817.75576
G0 F9000 X113.028 Y96.472
G0 X116.806 Y101.803
G0 X117.434 Y102.566
G0 X122.972 Y106.972
G0 X123.528 Y106.972
G0 X124 Y108
G1 F1500 X124 Y104.5 E818.22141
G1 X120.917 Y104.5 E818.63157
G1 X120.063 Y104.413 E818.74577
G1 X119.785 Y104.357 E818.7835
G1 X119.037 Y104.134 E818.88734
G1 X118.76 Y104.019 E818.92725
G1 X118.064 Y103.647 E819.03224
G1 X117.811 Y103.477 E819.07279
G1 X117.112 Y102.886 E819.19457
G1 X116.519 Y102.185 E819.31673
G1 X116.345 Y101.926 E819.35824
G1 X115.977 Y101.23 E819.46298
G1 X115.869 Y100.966 E819.50093
G1 X115.604 Y100.094 E819.62218
G1 X115.5 Y99.077 E819.75819
G1 X115.5 Y96 E820.16755
G1 X112 Y96 E820.63319
G1 X112.768 Y96.21 E820.73912
G1 X113.268 Y96.697 E820.83198
G1 X113.473 Y97.216 E820.90622
G1 X113.5 Y97.5 E820.94417
G1 X113.501 Y106.499 E822.1414
G1 X122.5 Y106.5 E823.33864
G1 X122.784 Y106.527 E823.37659
G1 X123.303 Y106.731 E823.45078
G1 X123.79 Y107.231 E823.54364
G1 X124 Y108 E823.64969
G1 X124 Y112 E824.18186
G1 F1483.7 X123.989 Y112.261 E824.21699
G0 F9000 X123.43 Y114.07
G0 X118.685 Y115.411
G0 X117.638 Y115.971
G0 X116.723 Y116.723
G0 X115.971 Y117.638
G0 X115.411 Y118.685
G0 X114.07 Y123.43
G0 X112.261 Y123.989
G1 F1482.2 X113.651 Y124 E824.40414
G1 F1500 X115.5 Y124 E824.65014
G1 X115.5 Y121 E825.04926
G1 X115.583 Y120.071 E825.17334
G1 X115.641 Y119.779 E825.21295
G1 X115.869 Y119.03 E825.31711
G1 X115.977 Y118.766 E825.35506
G1 X116.345 Y118.07 E825.4598
G1 X116.519 Y117.811 E825.50131
G1 X117.111 Y117.111 E825.62328
G1 X117.811 Y116.519 E825.74525
G1 X118.07 Y116.345 E825.78676
G1 X118.766 Y115.977 E825.8915
G1 X119.03 Y115.869 E825.92945
G1 X119.902 Y115.604 E826.0507
G1 X120.924 Y115.5 E826.18737
G1 X124 Y115.5 E826.5966
G1 F1483.7 X123.989 Y112.261 E827.03226
G1 F1477.8 X123.794 Y112.77 E827.10587
G1 F1494 X123.303 Y113.268 E827.19928
G1 F1500 X122.784 Y113.473 E827.27352
G1 X122.5 Y113.5 E827.31148
G1 X113.5 Y113.5 E828.50884
G1 X113.5 Y122.5 E829.70621
G1 X113.473 Y122.784 E829.74416
G1 X113.268 Y123.303 E829.8184
G1 F1492.5 X112.77 Y123.794 E829.91191
G1 F1474.9 X112.261 Y123.989 E829.98566
G1 F1482.2 X112 Y124 E830.02083
G1 F1500 X108 Y124 E830.55299
G1 X107.232 Y123.79 E830.65892
G1 X106.732 Y123.303 E830.75177
G1 X106.527 Y122.784 E830.82601
G1 X106.5 Y122.5 E830.86397
G1 X106.5 Y113.5 E832.06133
G1 X97.5 Y113.5 E833.2587
G1 X97.216 Y113.473 E833.29665
G1 X96.697 Y113.268 E833.37089
G1 F1492.5 X96.206 Y112.77 E833.4644
G1 F1474.9 X96.011 Y112.261 E833.53815
G1 F1482.2 X96 Y113.651 E833.7253
G1 F1500 X96 Y115.5 E833.97129
G1 X99.074 Y115.5 E834.38026
G1 X99.926 Y115.583 E834.49414
G1 X100.217 Y115.641 E834.53362
G1 X100.966 Y115.869 E834.63778
G1 X101.23 Y115.977 E834.67573
G1 X101.926 Y116.345 E834.78047
G1 X102.185 Y116.519 E834.82198
G1 X102.886 Y117.112 E834.94414
G1 X103.477 Y117.811 E835.06592
G1 X103.647 Y118.064 E835.10647
G1 X104.02 Y118.76 E835.21153
G1 X104.133 Y119.037 E835.25133
G1 X104.357 Y119.785 E835.35521
G1 X104.412 Y120.063 E835.39291
G1 X104.5 Y120.915 E835.50686
G1 X104.5 Y124 E835.91729
G1 X108 Y124 E836.38293
G0 F9000 X106.972 Y123.528
G0 X103.194 Y118.197
G0 X102.566 Y117.434
G0 X101.879 Y116.869
G0 X96.57 Y114.07
G0 X96.011 Y112.261
G1 F1482.2 X96 Y112 E836.41811
G1 F1500 X96 Y108 E836.95027
G1 X96.21 Y107.232 E837.05619
G1 X96.697 Y106.732 E837.14905
G1 X97.216 Y106.527 E837.22329
G1 X97.5 Y106.5 E837.26125
G1 X106.5 Y106.5 E838.45861
G1 X106.5 Y97.5 E839.65598
G1 X106.527 Y97.216 E839.69393
G1 X106.732 Y96.697 E839.76817
G1 F1492.5 X107.23 Y96.206 E839.86168
G1 F1474.9 X107.739 Y96.011 E839.93543
G1 F1482.2 X106.349 Y96 E840.12258
G1 F1500 X104.5 Y96 E840.36857
G1 X104.5 Y99.079 E840.7782
G1 X104.392 Y100.093 E840.91387
G1 X104.133 Y100.959 E841.03412
G1 X104.02 Y101.236 E841.07392
G1 X103.647 Y101.932 E841.17898
G1 X103.477 Y102.185 E841.21953
G1 X102.885 Y102.885 E841.3415
G1 X102.185 Y103.477 E841.46347
G1 X101.932 Y103.647 E841.50402
G1 X101.236 Y104.019 E841.60901
G1 X100.959 Y104.133 E841.64886
G1 X100.093 Y104.392 E841.76912
G1 X99.079 Y104.5 E841.90478
G1 X96 Y104.5 E842.31441
G1 X96 Y108 E842.78006
G1 F1500 E836.28006
G0 F9000 X96.472 Y113.028
G0 X99.338 Y113.033
G0 X103.194 Y118.197
G0 X105.9 Y122.93
G0 X107.744 Y122.93
;TYPE:WALL-OUTER
G1 F1500 E842.78006
G1 X107.577 Y122.768 E842.81101
G1 X107.5 Y122.569 E842.8394
G1 X107.5 Y112.5 E844.17898
G1 X97.428 Y112.5 E845.51897
G1 X97.232 Y112.423 E845.54698
G1 X97.07 Y112.256 E845.57794
G1 X97 Y112.068 E845.60463
G1 X97 Y108 E846.14584
G1 X97.07 Y107.744 E846.18114
G1 X97.232 Y107.577 E846.2121
G1 X97.431 Y107.5 E846.24049
G1 X107.5 Y107.5 E847.58007
G1 X107.5 Y97.428 E848.92006
G1 X107.577 Y97.232 E848.94807
G1 X107.744 Y97.07 E848.97903
G1 X107.932 Y97 E849.00571
G1 X112 Y97 E849.54692
G1 X112.256 Y97.07 E849.58223
G1 X112.423 Y97.232 E849.61319
G1 X112.5 Y97.428 E849.6412
G1 X112.501 Y107.499 E850.98105
G1 X122.572 Y107.5 E852.3209
G1 X122.768 Y107.577 E852.34892
G1 X122.93 Y107.743 E852.37978
G1 X123 Y108 E852.41522
G1 X123 Y112.068 E852.95642
G1 X122.93 Y112.256 E852.98311
G1 X122.768 Y112.423 E853.01407
G1 X122.569 Y112.5 E853.04246
G1 X112.5 Y112.5 E854.38204
G1 X112.5 Y122.572 E855.72203
G1 X112.423 Y122.768 E855.75004
G1 X112.256 Y122.93 E855.781
G1 X112.068 Y123 E855.80768
G1 X108 Y123 E856.34889
G1 X107.744 Y122.93 E856.3842
G1 F1500 E849.8842
G0 F9000 X105.9 Y122.93
G0 X106.972 Y123.528
G0 X115.93 Y124.43
G0 X116.5 Y125
G1 F1500 E856.3842
G1 X116.502 Y120.951 E856.92288
G1 X116.583 Y120.116 E857.03449
G1 X116.839 Y119.275 E857.15145
G1 X117.254 Y118.49 E857.26958
G1 X117.816 Y117.816 E857.38633
G1 X118.49 Y117.254 E857.50309
G1 X119.276 Y116.839 E857.62134
G1 X120.129 Y116.583 E857.73982
G1 X120.951 Y116.502 E857.84971
G1 X125 Y116.5 E858.38839
G1 X125 Y103.5 E860.11792
G1 X120.949 Y103.498 E860.65687
G1 X120.12 Y103.413 E860.76773
G1 X119.281 Y103.163 E860.8842
G1 X118.486 Y102.739 E861.00407
G1 X117.816 Y102.18 E861.12016
G1 X117.254 Y101.506 E861.23691
G1 X116.839 Y100.72 E861.35516
G1 X116.583 Y99.867 E861.47365
G1 X116.502 Y99.049 E861.58301
G1 X116.5 Y95 E862.12169
G1 X103.5 Y95 E863.85122
G1 X103.498 Y99.052 E864.3903
G1 X103.413 Y99.867 E864.49931
G1 X103.16 Y100.723 E864.61807
G1 X102.738 Y101.51 E864.73687
G1 X102.18 Y102.18 E864.85287
G1 X101.51 Y102.738 E864.96888
G1 X100.719 Y103.161 E865.08821
G1 X99.867 Y103.413 E865.20642
G1 X99.052 Y103.498 E865.31543
G1 X95 Y103.5 E865.85451
G1 X95 Y116.5 E867.58404
G1 X99.049 Y116.502 E868.12272
G1 X99.88 Y116.583 E868.2338
G1 X100.721 Y116.839 E868.35076
G1 X101.506 Y117.254 E868.46889
G1 X102.18 Y117.816 E868.58564
G1 X102.738 Y118.486 E868.70165
G1 X103.159 Y119.272 E868.82027
G1 X103.413 Y120.12 E868.93804
G1 X103.498 Y120.949 E869.04891
G1 X103.5 Y125 E869.58786
G1 X116.5 Y125 E871.31738
G0 F9000 X115.93 Y124.43
G0 X115.961 Y120.95
G0 X116.052 Y120.017
G0 X116.34 Y119.07
G0 X116.717 Y118.363
G0 X119.275 Y115.169
G0 X119.389 Y115.55
;TYPE:FILL
G1 F3000 X117.54 Y113.7 E871.66536
G0 F9000 X117.54 Y114.1
G0 X113.028 Y123.528
G0 X106.972 Y123.528
G0 X105.93 Y114.07
G0 X106.299 Y113.801
G1 F3000 X100.215 Y115.432 E872.50336
G0 F9000 X100.33 Y115.051
G0 X101.315 Y115.411
G0 X102.362 Y115.971
G0 X103.277 Y116.723
G0 X104.029 Y117.638
G0 X104.483 Y118.486
G0 X104.951 Y119.673
G0 X104.566 Y119.788
G1 F3000 X106.197 Y113.699 E873.342
G0 F9000 X105.93 Y114.07
G0 X96.472 Y113.028
G0 X96.472 Y106.972
G0 X105.9 Y102.46
G0 X106.3 Y102.46
G1 F3000 X104.447 Y100.608 E873.69055
G0 F9000 X105 Y100.985
;MESH:NONMESH
G0 F300 X105 Y100.985 Z4.16
G0 F9000 X105.93 Y96.57
G0 X107.739 Y96.011
;TIME_ELAPSED:406.185915
;LAYER:12
;TYPE:WALL-INNER
;MESH:plate holder-Body.stl
G1 F1482.2 X108 Y96 E873.72572
G1 F1500 X112 Y96 E874.25788
G0 F9000 X113.028 Y96.472
G0 X116.806 Y101.803
G0 X117.434 Y102.566
G0 X122.972 Y106.972
G0 X123.528 Y106.972
G0 X124 Y108
G1 F1500 X124 Y104.5 E874.72352
G1 X120.917 Y104.5 E875.13369
G1 X120.063 Y104.413 E875.24789
G1 X119.785 Y104.357 E875.28562
G1 X119.037 Y104.134 E875.38946
G1 X118.76 Y104.019 E875.42937
G1 X118.064 Y103.647 E875.53436
G1 X117.811 Y103.477 E875.57491
G1 X117.112 Y102.886 E875.69669
G1 X116.519 Y102.185 E875.81884
G1 X116.345 Y101.926 E875.86036
G1 X115.977 Y101.23 E875.9651
G1 X115.869 Y100.966 E876.00305
G1 X115.604 Y100.094 E876.1243
G1 X115.5 Y99.077 E876.2603
G1 X115.5 Y96 E876.66967
G1 X112 Y96 E877.13531
G1 X112.768 Y96.21 E877.24124
G1 X113.268 Y96.697 E877.3341
G1 X113.473 Y97.216 E877.40834
G1 X113.5 Y97.5 E877.44629
G1 X113.501 Y106.499 E878.64352
G1 X122.5 Y106.5 E879.84075
G1 X122.784 Y106.527 E879.87871
G1 X123.303 Y106.731 E879.9529
G1 X123.79 Y107.231 E880.04576
G1 X124 Y108 E880.15181
G1 X124 Y112 E880.68397
G1 F1483.7 X123.989 Y112.261 E880.71911
G0 F9000 X123.43 Y114.07
G0 X118.685 Y115.411
G0 X117.638 Y115.971
G0 X116.723 Y116.723
G0 X115.971 Y117.638
G0 X115.411 Y118.685
G0 X114.07 Y123.43
G0 X112.261 Y123.989
G1 F1482.2 X113.651 Y124 E880.90626
G1 F1500 X115.5 Y124 E881.15225
G1 X115.5 Y121 E881.55138
G1 X115.583 Y120.071 E881.67546
G1 X115.641 Y119.779 E881.71507
G1 X115.869 Y119.03 E881.81923
G1 X115.977 Y118.766 E881.85718
G1 X116.345 Y118.07 E881.96192
G1 X116.519 Y117.811 E882.00343
G1 X117.111 Y117.111 E882.1254
G1 X117.811 Y116.519 E882.24737
G1 X118.07 Y116.345 E882.28888
G1 X118.766 Y115.977 E882.39362
G1 X119.03 Y115.869 E882.43157
G1 X119.902 Y115.604 E882.55282
G1 X120.924 Y115.5 E882.68949
G1 X124 Y115.5 E883.09872
G1 F1483.7 X123.989 Y112.261 E883.53438
G1 F1477.8 X123.794 Y112.77 E883.60799
G1 F1494 X123.303 Y113.268 E883.7014
G1 F1500 X122.784 Y113.473 E883.77564
G1 X122.5 Y113.5 E883.8136
G1 X113.5 Y113.5 E885.01096
G1 X113.5 Y122.5 E886.20832
G1 X113.473 Y122.784 E886.24628
G1 X113.268 Y123.303 E886.32052
G1 F1492.5 X112.77 Y123.794 E886.41402
G1 F1474.9 X112.261 Y123.989 E886.48777
G1 F1482.2 X112 Y124 E886.52295
G1 F1500 X108 Y124 E887.05511
G1 X107.232 Y123.79 E887.16103
G1 X106.732 Y123.303 E887.25389
G1 X106.527 Y122.784 E887.32813
G1 X106.5 Y122.5 E887.36609
G1 X106.5 Y113.5 E888.56345
G1 X97.5 Y113.5 E889.76082
G1 X97.216 Y113.473 E889.79877
G1 X96.697 Y113.268 E889.87301
G1 F1492.5 X96.206 Y112.77 E889.96652
G1 F1474.9 X96.011 Y112.261 E890.04027
G1 F1482.2 X96 Y113.651 E890.22742
G1 F1500 X96 Y115.5 E890.47341
G1 X99.074 Y115.5 E890.88238
G1 X99.926 Y115.583 E890.99626
G1 X100.217 Y115.641 E891.03574
G1 X100.966 Y115.869 E891.1399
G1 X101.23 Y115.977 E891.17785
G1 X101.926 Y116.345 E891.28259
G1 X102.185 Y116.519 E891.3241
G1 X102.886 Y117.112 E891.44626
G1 X103.477 Y117.811 E891.56804
G1 X103.647 Y118.064 E891.60859
G1 X104.02 Y118.76 E891.71364
G1 X104.133 Y119.037 E891.75345
G1 X104.357 Y119.785 E891.85733
G1 X104.412 Y120.063 E891.89503
G1 X104.5 Y120.915 E892.00898
G1 X104.5 Y124 E892.41941
G1 X108 Y124 E892.88505
G0 F9000 X106.972 Y123.528
G0 X103.194 Y118.197
G0 X102.566 Y117.434
G0 X101.879 Y116.869
G0 X96.57 Y114.07
G0 X96.011 Y112.261
G1 F1482.2 X96 Y112 E892.92023
G1 F1500 X96 Y108 E893.45239
G1 X96.21 Y107.232 E893.55831
G1 X96.697 Y106.732 E893.65117
G1 X97.216 Y106.527 E893.72541
G1 X97.5 Y106.5 E893.76337
G1 X106.5 Y106.5 E894.96073
G1 X106.5 Y97.5 E896.1581
G1 X106.527 Y97.216 E896.19605
G1 X106.732 Y96.697 E896.27029
G1 F1492.5 X107.23 Y96.206 E896.3638
G1 F1474.9 X107.739 Y96.011 E896.43754
G1 F1482.2 X106.349 Y96 E896.6247
G1 F1500 X104.5 Y96 E896.87069
G1 X104.5 Y99.079 E897.28032
G1 X104.392 Y100.093 E897.41599
G1 X104.133 Y100.959 E897.53624
G1 X104.02 Y101.236 E897.57604
G1 X103.647 Y101.932 E897.6811
G1 X103.477 Y102.185 E897.72165
G1 X102.885 Y102.885 E897.84362
G1 X102.185 Y103.477 E897.96558
G1 X101.932 Y103.647 E898.00614
G1 X101.236 Y104.019 E898.11113
G1 X100.959 Y104.133 E898.15098
G1 X100.093 Y104.392 E898.27124
G1 X99.079 Y104.5 E898.4069
G1 X96 Y104.5 E898.81653
G1 X96 Y108 E899.28218
G1 F1500 E892.78218
G0 F9000 X96.472 Y113.028
G0 X99.338 Y113.033
G0 X103.194 Y118.197
G0 X105.9 Y122.93
G0 X107.744 Y122.93
;TYPE:WALL-OUTER
G1 F1500 E899.28218
G1 X107.577 Y122.768 E899.31313
G1 X107.5 Y122.569 E899.34152
G1 X107.5 Y112.5 E900.6811
G1 X97.428 Y112.5 E902.02109
G1 X97.232 Y112.423 E902.0491
G1 X97.07 Y112.256 E902.08006
G1 X97 Y112.068 E902.10675
G1 X97 Y108 E902.64795
G1 X97.07 Y107.744 E902.68326
G1 X97.232 Y107.577 E902.71422
G1 X97.431 Y107.5 E902.7426
G1 X107.5 Y107.5 E904.08219
G1 X107.5 Y97.428 E905.42217
G1 X107.577 Y97.232 E905.45019
G1 X107.744 Y97.07 E905.48114
G1 X107.932 Y97 E905.50783
G1 X112 Y97 E906.04904
G1 X112.256 Y97.07 E906.08435
G1 X112.423 Y97.232 E906.1153
G1 X112.5 Y97.428 E906.14332
G1 X112.501 Y107.499 E907.48317
G1 X122.572 Y107.5 E908.82302
G1 X122.768 Y107.577 E908.85104
G1 X122.93 Y107.743 E908.8819
G1 X123 Y108 E908.91734
G1 X123 Y112.068 E909.45854
G1 X122.93 Y112.256 E909.48523
G1 X122.768 Y112.423 E909.51619
G1 X122.569 Y112.5 E909.54457
G1 X112.5 Y112.5 E910.88416
G1 X112.5 Y122.572 E912.22414
G1 X112.423 Y122.768 E912.25216
G1 X112.256 Y122.93 E912.28311
G1 X112.068 Y123 E912.3098
G1 X108 Y123 E912.85101
G1 X107.744 Y122.93 E912.88632
G1 F1500 E906.38632
G0 F9000 X105.9 Y122.93
G0 X106.972 Y123.528
G0 X115.93 Y124.43
G0 X116.5 Y125
G1 F1500 E912.88632
G1 X116.502 Y120.951 E913.425
G1 X116.583 Y120.116 E913.53661
G1 X116.839 Y119.275 E913.65357
G1 X117.254 Y118.49 E913.7717
G1 X117.816 Y117.816 E913.88845
G1 X118.49 Y117.254 E914.0052
G1 X119.276 Y116.839 E914.12346
G1 X120.129 Y116.583 E914.24194
G1 X120.951 Y116.502 E914.35183
G1 X125 Y116.5 E914.89051
G1 X125 Y103.5 E916.62004
G1 X120.949 Y103.498 E917.15898
G1 X120.12 Y103.413 E917.26985
G1 X119.281 Y103.163 E917.38632
G1 X118.486 Y102.739 E917.50619
G1 X117.816 Y102.18 E917.62228
G1 X117.254 Y101.506 E917.73903
G1 X116.839 Y100.72 E917.85728
G1 X116.583 Y99.867 E917.97577
G1 X116.502 Y99.049 E918.08513
G1 X116.5 Y95 E918.62381
G1 X103.5 Y95 E920.35333
G1 X103.498 Y99.052 E920.89242
G1 X103.413 Y99.867 E921.00143
G1 X103.16 Y100.723 E921.12018
G1 X102.738 Y101.51 E921.23899
G1 X102.18 Y102.18 E921.35499
G1 X101.51 Y102.738 E921.47099
G1 X100.719 Y103.161 E921.59033
G1 X99.867 Y103.413 E921.70854
G1 X99.052 Y103.498 E921.81755
G1 X95 Y103.5 E922.35663
G1 X95 Y116.5 E924.08616
G1 X99.049 Y116.502 E924.62484
G1 X99.88 Y116.583 E924.73592
G1 X100.721 Y116.839 E924.85288
G1 X101.506 Y117.254 E924.97101
G1 X102.18 Y117.816 E925.08776
G1 X102.738 Y118.486 E925.20376
G1 X103.159 Y119.272 E925.32239
G1 X103.413 Y120.12 E925.44016
G1 X103.498 Y120.949 E925.55103
G1 X103.5 Y125 E926.08998
G1 X116.5 Y125 E927.8195
G0 F9000 X115.93 Y124.43
G0 X115.961 Y120.95
G0 X116.052 Y120.017
G0 X116.34 Y119.07
G0 X116.806 Y118.197
G0 X119.521 Y115.095
G0 X119.634 Y115.475
;TYPE:FILL
G1 F3000 X117.859 Y113.7 E928.15347
G0 F9000 X117.859 Y114.1
G0 X113.028 Y123.528
G0 X106.972 Y123.528
G0 X105.9 Y114.035
G0 X106.3 Y114.035
G1 F3000 X100.624 Y115.556 E928.93525
G0 F9000 X100.739 Y115.175
G0 X101.315 Y115.411
G0 X102.362 Y115.971
G0 X103.277 Y116.723
G0 X104.029 Y117.638
G0 X104.188 Y117.935
G0 X104.826 Y119.259
G0 X104.442 Y119.374
G1 F3000 X105.963 Y113.699 E929.7169
G0 F9000 X105.963 Y114.1
G0 X96.472 Y113.028
G0 X96.472 Y106.972
G0 X105.9 Y102.141
G0 X106.3 Y102.141
G1 F3000 X104.522 Y100.362 E930.05152
G0 F9000 X105 Y100.738
;MESH:NONMESH
G0 F300 X105 Y100.738 Z4.48
G0 F9000 X105.93 Y96.57
G0 X107.739 Y96.011
;TIME_ELAPSED:430.244501
;LAYER:13
;TYPE:WALL-INNER
;MESH:plate holder-Body.stl
G1 F1482.2 X108 Y96 E930.08669
G1 F1500 X112 Y96 E930.61885
G0 F9000 X113.028 Y96.472
G0 X116.806 Y101.803
G0 X117.434 Y102.566
G0 X122.972 Y106.972
G0 X123.528 Y106.972
G0 X124 Y108
G1 F1500 X124 Y104.5 E931.08449
G1 X120.917 Y104.5 E931.49466
G1 X120.063 Y104.413 E931.60886
G1 X119.785 Y104.357 E931.64659
G1 X119.037 Y104.134 E931.75043
G1 X118.76 Y104.019 E931.79034
G1 X118.064 Y103.647 E931.89533
G1 X117.811 Y103.477 E931.93588
G1 X117.112 Y102.886 E932.05766
G1 X116.519 Y102.185 E932.17982
G1 X116.345 Y101.926 E932.22133
G1 X115.977 Y101.23 E932.32607
G1 X115.869 Y100.966 E932.36402
G1 X115.604 Y100.094 E932.48527
G1 X115.5 Y99.077 E932.62128
G1 X115.5 Y96 E933.03064
G1 X112 Y96 E933.49628
G1 X112.768 Y96.21 E933.60221
G1 X113.268 Y96.697 E933.69507
G1 X113.473 Y97.216 E933.76931
G1 X113.5 Y97.5 E933.80726
G1 X113.501 Y106.499 E935.00449
G1 X122.5 Y106.5 E936.20172
G1 X122.784 Y106.527 E936.23968
G1 X123.303 Y106.731 E936.31387
G1 X123.79 Y107.231 E936.40673
G1 X124 Y108 E936.51278
G1 X124 Y112 E937.04494
G1 F1483.7 X123.989 Y112.261 E937.08008
G0 F9000 X123.43 Y114.07
G0 X118.685 Y115.411
G0 X117.638 Y115.971
G0 X116.723 Y116.723
G0 X115.971 Y117.638
G0 X115.411 Y118.685
G0 X114.07 Y123.43
G0 X112.261 Y123.989
G1 F1482.2 X113.651 Y124 E937.26723
G1 F1500 X115.5 Y124 E937.51322
G1 X115.5 Y121 E937.91235
G1 X115.583 Y120.071 E938.03643
G1 X115.641 Y119.779 E938.07604
G1 X115.869 Y119.03 E938.1802
G1 X115.977 Y118.766 E938.21815
G1 X116.345 Y118.07 E938.32289
G1 X116.519 Y117.811 E938.3644
G1 X117.111 Y117.111 E938.48637
G1 X117.811 Y116.519 E938.60834
G1 X118.07 Y116.345 E938.64985
G1 X118.766 Y115.977 E938.75459
G1 X119.03 Y115.869 E938.79254
G1 X119.902 Y115.604 E938.91379
G1 X120.924 Y115.5 E939.05046
G1 X124 Y115.5 E939.45969
G1 F1483.7 X123.989 Y112.261 E939.89535
G1 F1477.8 X123.794 Y112.77 E939.96896
G1 F1494 X123.303 Y113.268 E940.06237
G1 F1500 X122.784 Y113.473 E940.13661
G1 X122.5 Y113.5 E940.17457
G1 X113.5 Y113.5 E941.37193
G1 X113.5 Y122.5 E942.5693
G1 X113.473 Y122.784 E942.60725
G1 X113.268 Y123.303 E942.68149
G1 F1492.5 X112.77 Y123.794 E942.775
G1 F1474.9 X112.261 Y123.989 E942.84875
G1 F1482.2 X112 Y124 E942.88392
G1 F1500 X108 Y124 E943.41608
G1 X107.232 Y123.79 E943.522
G1 X106.732 Y123.303 E943.61486
G1 X106.527 Y122.784 E943.6891
G1 X106.5 Y122.5 E943.72706
G1 X106.5 Y113.5 E944.92442
G1 X97.5 Y113.5 E946.12179
G1 X97.216 Y113.473 E946.15974
G1 X96.697 Y113.268 E946.23398
G1 F1492.5 X96.206 Y112.77 E946.32749
G1 F1474.9 X96.011 Y112.261 E946.40124
G1 F1482.2 X96 Y113.651 E946.58839
G1 F1500 X96 Y115.5 E946.83438
G1 X99.074 Y115.5 E947.24335
G1 X99.926 Y115.583 E947.35723
G1 X100.217 Y115.641 E947.39671
G1 X100.966 Y115.869 E947.50087
G1 X101.23 Y115.977 E947.53882
G1 X101.926 Y116.345 E947.64356
G1 X102.185 Y116.519 E947.68507
G1 X102.886 Y117.112 E947.80723
G1 X103.477 Y117.811 E947.92901
G1 X103.647 Y118.064 E947.96956
G1 X104.02 Y118.76 E948.07462
G1 X104.133 Y119.037 E948.11442
G1 X104.357 Y119.785 E948.2183
G1 X104.412 Y120.063 E948.256
G1 X104.5 Y120.915 E948.36995
G1 X104.5 Y124 E948.78038
G1 X108 Y124 E949.24602
G0 F9000 X106.972 Y123.528
G0 X103.194 Y118.197
G0 X102.566 Y117.434
G0 X101.879 Y116.869
G0 X96.57 Y114.07
G0 X96.011 Y112.261
G1 F1482.2 X96 Y112 E949.2812
G1 F1500 X96 Y108 E949.81336
G1 X96.21 Y107.232 E949.91928
G1 X96.697 Y106.732 E950.01214
G1 X97.216 Y106.527 E950.08638
G1 X97.5 Y106.5 E950.12434
G1 X106.5 Y106.5 E951.3217
G1 X106.5 Y97.5 E952.51907
G1 X106.527 Y97.216 E952.55702
G1 X106.732 Y96.697 E952.63126
G1 F1492.5 X107.23 Y96.206 E952.72477
G1 F1474.9 X107.739 Y96.011 E952.79852
G1 F1482.2 X106.349 Y96 E952.98567
G1 F1500 X104.5 Y96 E953.23166
G1 X104.5 Y99.079 E953.64129
G1 X104.392 Y100.093 E953.77696
G1 X104.133 Y100.959 E953.89721
G1 X104.02 Y101.236 E953.93701
G1 X103.647 Y101.932 E954.04207
G1 X103.477 Y102.185 E954.08262
G1 X102.885 Y102.885 E954.20459
G1 X102.185 Y103.477 E954.32655
G1 X101.932 Y103.647 E954.36711
G1 X101.236 Y104.019 E954.4721
G1 X100.959 Y104.133 E954.51195
G1 X100.093 Y104.392 E954.63221
G1 X99.079 Y104.5 E954.76787
G1 X96 Y104.5 E955.1775
G1 X96 Y108 E955.64315
G1 F1500 E949.14315
G0 F9000 X96.472 Y113.028
G0 X99.338 Y113.033
G0 X103.194 Y118.197
G0 X105.9 Y122.93
G0 X107.744 Y122.93
;TYPE:WALL-OUTER
G1 F1500 E955.64315
G1 X107.577 Y122.768 E955.6741
G1 X107.5 Y122.569 E955.70249
G1 X107.5 Y112.5 E957.04207
G1 X97.428 Y112.5 E958.38206
G1 X97.232 Y112.423 E958.41007
G1 X97.07 Y112.256 E958.44103
G1 X97 Y112.068 E958.46772
G1 X97 Y108 E959.00893
G1 X97.07 Y107.744 E959.04423
G1 X97.232 Y107.577 E959.07519
G1 X97.431 Y107.5 E959.10358
G1 X107.5 Y107.5 E960.44316
G1 X107.5 Y97.428 E961.78315
G1 X107.577 Y97.232 E961.81116
G1 X107.744 Y97.07 E961.84211
G1 X107.932 Y97 E961.8688
G1 X112 Y97 E962.41001
G1 X112.256 Y97.07 E962.44532
G1 X112.423 Y97.232 E962.47628
G1 X112.5 Y97.428 E962.50429
G1 X112.501 Y107.499 E963.84414
G1 X122.572 Y107.5 E965.18399
G1 X122.768 Y107.577 E965.21201
G1 X122.93 Y107.743 E965.24287
G1 X123 Y108 E965.27831
G1 X123 Y112.068 E965.81951
G1 X122.93 Y112.256 E965.8462
G1 X122.768 Y112.423 E965.87716
G1 X122.569 Y112.5 E965.90555
G1 X112.5 Y112.5 E967.24513
G1 X112.5 Y122.572 E968.58512
G1 X112.423 Y122.768 E968.61313
G1 X112.256 Y122.93 E968.64408
G1 X112.068 Y123 E968.67077
G1 X108 Y123 E969.21198
G1 X107.744 Y122.93 E969.24729
G1 F1500 E962.74729
G0 F9000 X105.9 Y122.93
G0 X106.972 Y123.528
G0 X115.93 Y124.43
G0 X116.5 Y125
G1 F1500 E969.24729
G1 X116.502 Y120.951 E969.78597
G1 X116.583 Y120.116 E969.89758
G1 X116.839 Y119.275 E970.01454
G1 X117.254 Y118.49 E970.13267
G1 X117.816 Y117.816 E970.24942
G1 X118.49 Y117.254 E970.36618
G1 X119.276 Y116.839 E970.48443
G1 X120.129 Y116.583 E970.60291
G1 X120.951 Y116.502 E970.7128
G1 X125 Y116.5 E971.25148
G1 X125 Y103.5 E972.98101
G1 X120.949 Y103.498 E973.51995
G1 X120.12 Y103.413 E973.63082
G1 X119.281 Y103.163 E973.74729
G1 X118.486 Y102.739 E973.86716
G1 X117.816 Y102.18 E973.98325
G1 X117.254 Y101.506 E974.1
G1 X116.839 Y100.72 E974.21825
G1 X116.583 Y99.867 E974.33674
G1 X116.502 Y99.049 E974.4461
G1 X116.5 Y95 E974.98478
G1 X103.5 Y95 E976.71431
G1 X103.498 Y99.052 E977.25339
G1 X103.413 Y99.867 E977.3624
G1 X103.16 Y100.723 E977.48115
G1 X102.738 Y101.51 E977.59996
G1 X102.18 Y102.18 E977.71596
G1 X101.51 Y102.738 E977.83196
G1 X100.719 Y103.161 E977.9513
G1 X99.867 Y103.413 E978.06951
G1 X99.052 Y103.498 E978.17852
G1 X95 Y103.5 E978.7176
G1 X95 Y116.5 E980.44713
G1 X99.049 Y116.502 E980.98581
G1 X99.88 Y116.583 E981.09689
G1 X100.721 Y116.839 E981.21385
G1 X101.506 Y117.254 E981.33198
G1 X102.18 Y117.816 E981.44873
G1 X102.738 Y118.486 E981.56473
G1 X103.159 Y119.272 E981.68336
G1 X103.413 Y120.12 E981.80113
G1 X103.498 Y120.949 E981.912
G1 X103.5 Y125 E982.45095
G1 X116.5 Y125 E984.18047
G0 F9000 X115.93 Y124.43
G0 X115.961 Y120.95
G0 X116.052 Y120.017
G0 X116.34 Y119.07
G0 X116.806 Y118.197
G0 X117.162 Y117.764
G0 X119.758 Y115.024
G0 X119.866 Y115.387
;TYPE:FILL
G1 F3000 X118.179 Y113.7 E984.49788
G0 F9000 X118.179 Y114.1
G0 X113.028 Y123.528
G0 X106.972 Y123.528
G0 X105.9 Y114.269
G0 X106.299 Y114.269
G1 F3000 X101.028 Y115.682 E985.2239
G0 F9000 X101.144 Y115.297
G0 X102.362 Y115.971
G0 X103.277 Y116.723
G0 X103.886 Y117.465
G0 X104.703 Y118.852
G0 X104.318 Y118.967
G1 F3000 X105.729 Y113.699 E985.94946
G0 F9000 X105.729 Y114.1
G0 X96.472 Y113.028
G0 X96.472 Y106.972
G0 X105.9 Y101.821
G0 X106.3 Y101.821
G1 F3000 X104.614 Y100.136 E986.26658
G0 F9000 X105 Y100.506
;MESH:NONMESH
G0 F300 X105 Y100.506 Z4.8
G0 F9000 X105.93 Y96.57
G0 X107.739 Y96.011
;TIME_ELAPSED:454.251217
;LAYER:14
;TYPE:WALL-INNER
;MESH:plate holder-Body.stl
G1 F1482.2 X108 Y96 E986.30175
G1 F1500 X112 Y96 E986.83391
G0 F9000 X113.028 Y96.472
G0 X116.806 Y101.803
G0 X117.434 Y102.566
G0 X122.972 Y106.972
G0 X123.528 Y106.972
G0 X124 Y108
G1 F1500 X124 Y104.5 E987.29956
G1 X120.917 Y104.5 E987.70972
G1 X120.063 Y104.413 E987.82392
G1 X119.785 Y104.357 E987.86165
G1 X119.037 Y104.134 E987.9655
G1 X118.76 Y104.019 E988.0054
G1 X118.064 Y103.647 E988.11039
G1 X117.811 Y103.477 E988.15094
G1 X117.112 Y102.886 E988.27272
G1 X116.519 Y102.185 E988.39488
G1 X116.345 Y101.926 E988.43639
G1 X115.977 Y101.23 E988.54113
G1 X115.869 Y100.966 E988.57908
G1 X115.604 Y100.094 E988.70033
G1 X115.5 Y99.077 E988.83634
G1 X115.5 Y96 E989.2457
G1 X112 Y96 E989.71134
G1 X112.768 Y96.21 E989.81727
G1 X113.268 Y96.697 E989.91013
G1 X113.473 Y97.216 E989.98437
G1 X113.5 Y97.5 E990.02232
G1 X113.501 Y106.499 E991.21955
G1 X122.5 Y106.5 E992.41679
G1 X122.784 Y106.527 E992.45474
G1 X123.303 Y106.731 E992.52893
G1 X123.79 Y107.231 E992.62179
G1 X124 Y108 E992.72784
G1 X124 Y112 E993.26001
G1 F1483.7 X123.989 Y112.261 E993.29514
G0 F9000 X123.43 Y114.07
G0 X118.685 Y115.411
G0 X117.638 Y115.971
G0 X116.723 Y116.723
G0 X115.971 Y117.638
G0 X115.411 Y118.685
G0 X114.07 Y123.43
G0 X112.261 Y123.989
G1 F1482.2 X113.651 Y124 E993.48229
G1 F1500 X115.5 Y124 E993.72829
G1 X115.5 Y121 E994.12741
G1 X115.583 Y120.071 E994.25149
G1 X115.641 Y119.779 E994.2911
G1 X115.869 Y119.03 E994.39526
G1 X115.977 Y118.766 E994.43321
G1 X116.345 Y118.07 E994.53795
G1 X116.519 Y117.811 E994.57947
G1 X117.111 Y117.111 E994.70143
G1 X117.811 Y116.519 E994.8234
G1 X118.07 Y116.345 E994.86491
G1 X118.766 Y115.977 E994.96965
G1 X119.03 Y115.869 E995.0076
G1 X119.902 Y115.604 E995.12885
G1 X120.924 Y115.5 E995.26552
G1 X124 Y115.5 E995.67476
G1 F1483.7 X123.989 Y112.261 E996.11042
G1 F1477.8 X123.794 Y112.77 E996.18402
G1 F1494 X123.303 Y113.268 E996.27743
G1 F1500 X122.784 Y113.473 E996.35167
G1 X122.5 Y113.5 E996.38963
G1 X113.5 Y113.5 E997.58699
G1 X113.5 Y122.5 E998.78436
G1 X113.473 Y122.784 E998.82231
G1 X113.268 Y123.303 E998.89655
G1 F1492.5 X112.77 Y123.794 E998.99006
G1 F1474.9 X112.261 Y123.989 E999.06381
G1 F1482.2 X112 Y124 E999.09898
G1 F1500 X108 Y124 E999.63114
G1 X107.232 Y123.79 E999.73707
G1 X106.732 Y123.303 E999.82993
G1 X106.527 Y122.784 E999.90416
G1 X106.5 Y122.5 E999.94212
G1 X106.5 Y113.5 E1001.13948
G1 X97.5 Y113.5 E1002.33685
G1 X97.216 Y113.473 E1002.3748
G1 X96.697 Y113.268 E1002.44904
G1 F1492.5 X96.206 Y112.77 E1002.54255
G1 F1474.9 X96.011 Y112.261 E1002.6163
G1 F1482.2 X96 Y113.651 E1002.80345
G1 F1500 X96 Y115.5 E1003.04944
G1 X99.074 Y115.5 E1003.45841
G1 X99.926 Y115.583 E1003.57229
G1 X100.217 Y115.641 E1003.61177
G1 X100.966 Y115.869 E1003.71593
G1 X101.23 Y115.977 E1003.75388
G1 X101.926 Y116.345 E1003.85862
G1 X102.185 Y116.519 E1003.90013
G1 X102.886 Y117.112 E1004.02229
G1 X103.477 Y117.811 E1004.14407
G1 X103.647 Y118.064 E1004.18462
G1 X104.02 Y118.76 E1004.28968
G1 X104.133 Y119.037 E1004.32948
G1 X104.357 Y119.785 E1004.43336
G1 X104.412 Y120.063 E1004.47106
G1 X104.5 Y120.915 E1004.58501
G1 X104.5 Y124 E1004.99544
G1 X108 Y124 E1005.46109
G0 F9000 X106.972 Y123.528
G0 X103.194 Y118.197
G0 X102.566 Y117.434
G0 X101.879 Y116.869
G0 X96.57 Y114.07
G0 X96.011 Y112.261
G1 F1482.2 X96 Y112 E1005.49626
G1 F1500 X96 Y108 E1006.02842
G1 X96.21 Y107.232 E1006.13435
G1 X96.697 Y106.732 E1006.2272
G1 X97.216 Y106.527 E1006.30144
G1 X97.5 Y106.5 E1006.3394
G1 X106.5 Y106.5 E1007.53676
G1 X106.5 Y97.5 E1008.73413
G1 X106.527 Y97.216 E1008.77208
G1 X106.732 Y96.697 E1008.84632
G1 F1492.5 X107.23 Y96.206 E1008.93983
G1 F1474.9 X107.739 Y96.011 E1009.01358
G1 F1482.2 X106.349 Y96 E1009.20073
G1 F1500 X104.5 Y96 E1009.44672
G1 X104.5 Y99.079 E1009.85635
G1 X104.392 Y100.093 E1009.99202
G1 X104.133 Y100.959 E1010.11227
G1 X104.02 Y101.236 E1010.15207
G1 X103.647 Y101.932 E1010.25713
G1 X103.477 Y102.185 E1010.29768
G1 X102.885 Y102.885 E1010.41965
G1 X102.185 Y103.477 E1010.54162
G1 X101.932 Y103.647 E1010.58217
G1 X101.236 Y104.019 E1010.68716
G1 X100.959 Y104.133 E1010.72701
G1 X100.093 Y104.392 E1010.84727
G1 X99.079 Y104.5 E1010.98293
G1 X96 Y104.5 E1011.39257
G1 X96 Y108 E1011.85821
G1 F1500 E1005.35821
G0 F9000 X96.472 Y113.028
G0 X99.338 Y113.033
G0 X103.194 Y118.197
G0 X105.9 Y122.93
G0 X107.744 Y122.93
;TYPE:WALL-OUTER
G1 F1500 E1011.85821
G1 X107.577 Y122.768 E1011.88916
G1 X107.5 Y122.569 E1011.91755
G1 X107.5 Y112.5 E1013.25713
G1 X97.428 Y112.5 E1014.59712
G1 X97.232 Y112.423 E1014.62513
G1 X97.07 Y112.256 E1014.65609
G1 X97 Y112.068 E1014.68278
G1 X97 Y108 E1015.22399
G1 X97.07 Y107.744 E1015.2593
G1 X97.232 Y107.577 E1015.29025
G1 X97.431 Y107.5 E1015.31864
G1 X107.5 Y107.5 E1016.65822
G1 X107.5 Y97.428 E1017.99821
G1 X107.577 Y97.232 E1018.02622
G1 X107.744 Y97.07 E1018.05718
G1 X107.932 Y97 E1018.08387
G1 X112 Y97 E1018.62507
G1 X112.256 Y97.07 E1018.66038
G1 X112.423 Y97.232 E1018.69134
G1 X112.5 Y97.428 E1018.71935
G1 X112.501 Y107.499 E1020.0592
G1 X122.572 Y107.5 E1021.39906
G1 X122.768 Y107.577 E1021.42707
G1 X122.93 Y107.743 E1021.45793
G1 X123 Y108 E1021.49337
G1 X123 Y112.068 E1022.03458
G1 X122.93 Y112.256 E1022.06127
G1 X122.768 Y112.423 E1022.09222
G1 X122.569 Y112.5 E1022.12061
G1 X112.5 Y112.5 E1023.46019
G1 X112.5 Y122.572 E1024.80018
G1 X112.423 Y122.768 E1024.82819
G1 X112.256 Y122.93 E1024.85915
G1 X112.068 Y123 E1024.88584
G1 X108 Y123 E1025.42704
G1 X107.744 Y122.93 E1025.46235
G1 F1500 E1018.96235
G0 F9000 X105.9 Y122.93
G0 X106.972 Y123.528
G0 X115.93 Y124.43
G0 X116.5 Y125
G1 F1500 E1025.46235
G1 X116.502 Y120.951 E1026.00103
G1 X116.583 Y120.116 E1026.11264
G1 X116.839 Y119.275 E1026.2296
G1 X117.254 Y118.49 E1026.34773
G1 X117.816 Y117.816 E1026.46449
G1 X118.49 Y117.254 E1026.58124
G1 X119.276 Y116.839 E1026.69949
G1 X120.129 Y116.583 E1026.81797
G1 X120.951 Y116.502 E1026.92786
G1 X125 Y116.5 E1027.46654
G1 X125 Y103.5 E1029.19607
G1 X120.949 Y103.498 E1029.73502
G1 X120.12 Y103.413 E1029.84589
G1 X119.281 Y103.163 E1029.96236
G1 X118.486 Y102.739 E1030.08223
G1 X117.816 Y102.18 E1030.19831
G1 X117.254 Y101.506 E1030.31506
G1 X116.839 Y100.72 E1030.43332
G1 X116.583 Y99.867 E1030.5518
G1 X116.502 Y99.049 E1030.66116
G1 X116.5 Y95 E1031.19984
G1 X103.5 Y95 E1032.92937
G1 X103.498 Y99.052 E1033.46845
G1 X103.413 Y99.867 E1033.57746
G1 X103.16 Y100.723 E1033.69622
G1 X102.738 Y101.51 E1033.81502
G1 X102.18 Y102.18 E1033.93102
G1 X101.51 Y102.738 E1034.04703
G1 X100.719 Y103.161 E1034.16636
G1 X99.867 Y103.413 E1034.28457
G1 X99.052 Y103.498 E1034.39358
G1 X95 Y103.5 E1034.93266
G1 X95 Y116.5 E1036.66219
G1 X99.049 Y116.502 E1037.20087
G1 X99.88 Y116.583 E1037.31195
G1 X100.721 Y116.839 E1037.42891
G1 X101.506 Y117.254 E1037.54704
G1 X102.18 Y117.816 E1037.66379
G1 X102.738 Y118.486 E1037.7798
G1 X103.159 Y119.272 E1037.89842
G1 X103.413 Y120.12 E1038.01619
G1 X103.498 Y120.949 E1038.12706
G1 X103.5 Y125 E1038.66601
G1 X116.5 Y125 E1040.39554
G0 F9000 X115.93 Y124.43
G0 X115.961 Y120.95
G0 X116.052 Y120.017
G0 X116.34 Y119.07
G0 X116.806 Y118.197
G0 X117.162 Y117.764
G0 X119.81 Y115.008
G0 X119.809 Y115.01
;TYPE:FILL
G1 F3000 X118.5 Y113.7 E1040.64192
G0 F9000 X118.5 Y114.1
G0 X113.028 Y123.528
G0 X106.972 Y123.528
G0 X105.9 Y114.504
G0 X106.299 Y114.504
G1 F3000 X101.369 Y115.825 E1041.32094
G0 F9000 X101.558 Y115.472
G0 X102.362 Y115.971
G0 X103.277 Y116.723
G0 X103.886 Y117.465
G0 X104.525 Y118.436
G0 X104.175 Y118.622
G1 F3000 X105.494 Y113.699 E1041.999
G0 F9000 X105.494 Y114.1
G0 X96.472 Y113.028
G0 X96.472 Y106.972
G0 X105.9 Y101.5
G0 X106.3 Y101.5
G1 F3000 X104.991 Y100.191 E1042.24529
G0 F9000 X105 Y100.365
;MESH:NONMESH
G0 F300 X105 Y100.365 Z5.12
G0 F9000 X105.93 Y96.57
G0 X107.739 Y96.011
;TIME_ELAPSED:478.124555
;LAYER:15
;TYPE:WALL-INNER
;MESH:plate holder-Body.stl
G1 F1482.2 X108 Y96 E1042.28046
G1 F1500 X112 Y96 E1042.81262
G0 F9000 X113.028 Y96.472
G0 X116.806 Y101.803
G0 X117.434 Y102.566
G0 X122.972 Y106.972
G0 X123.528 Y106.972
G0 X124 Y108
G1 F1500 X124 Y104.5 E1043.27826
G1 X120.917 Y104.5 E1043.68843
G1 X120.063 Y104.413 E1043.80263
G1 X119.785 Y104.357 E1043.84036
G1 X119.037 Y104.134 E1043.9442
G1 X118.76 Y104.019 E1043.9841
G1 X118.064 Y103.647 E1044.0891
G1 X117.811 Y103.477 E1044.12965
G1 X117.112 Y102.886 E1044.25143
G1 X116.519 Y102.185 E1044.37358
G1 X116.345 Y101.926 E1044.41509
G1 X115.977 Y101.23 E1044.51984
G1 X115.869 Y100.966 E1044.55779
G1 X115.604 Y100.094 E1044.67904
G1 X115.5 Y99.077 E1044.81504
G1 X115.5 Y96 E1045.22441
G1 X112 Y96 E1045.69005
G1 X112.768 Y96.21 E1045.79598
G1 X113.268 Y96.697 E1045.88884
G1 X113.473 Y97.216 E1045.96308
G1 X113.5 Y97.5 E1046.00103
G1 X113.501 Y106.499 E1047.19826
G1 X122.5 Y106.5 E1048.39549
G1 X122.784 Y106.527 E1048.43345
G1 X123.303 Y106.731 E1048.50764
G1 X123.79 Y107.231 E1048.6005
G1 X124 Y108 E1048.70655
G1 X124 Y112 E1049.23871
G1 F1483.7 X123.989 Y112.261 E1049.27385
G0 F9000 X123.43 Y114.07
G0 X118.685 Y115.411
G0 X117.638 Y115.971
G0 X116.723 Y116.723
G0 X115.971 Y117.638
G0 X115.411 Y118.685
G0 X114.07 Y123.43
G0 X112.261 Y123.989
G1 F1482.2 X113.651 Y124 E1049.461
G1 F1500 X115.5 Y124 E1049.70699
G1 X115.5 Y121 E1050.10611
G1 X115.583 Y120.071 E1050.2302
G1 X115.641 Y119.779 E1050.26981
G1 X115.869 Y119.03 E1050.37397
G1 X115.977 Y118.766 E1050.41192
G1 X116.345 Y118.07 E1050.51666
G1 X116.519 Y117.811 E1050.55817
G1 X117.111 Y117.111 E1050.68014
G1 X117.811 Y116.519 E1050.80211
G1 X118.07 Y116.345 E1050.84362
G1 X118.766 Y115.977 E1050.94836
G1 X119.03 Y115.869 E1050.98631
G1 X119.902 Y115.604 E1051.10756
G1 X120.924 Y115.5 E1051.24423
G1 X124 Y115.5 E1051.65346
G1 F1483.7 X123.989 Y112.261 E1052.08912
G1 F1477.8 X123.794 Y112.77 E1052.16273
G1 F1494 X123.303 Y113.268 E1052.25614
G1 F1500 X122.784 Y113.473 E1052.33038
G1 X122.5 Y113.5 E1052.36833
G1 X113.5 Y113.5 E1053.5657
G1 X113.5 Y122.5 E1054.76306
G1 X113.473 Y122.784 E1054.80102
G1 X113.268 Y123.303 E1054.87526
G1 F1492.5 X112.77 Y123.794 E1054.96876
G1 F1474.9 X112.261 Y123.989 E1055.04251
G1 F1482.2 X112 Y124 E1055.07768
G1 F1500 X108 Y124 E1055.60985
G1 X107.232 Y123.79 E1055.71577
G1 X106.732 Y123.303 E1055.80863
G1 X106.527 Y122.784 E1055.88287
G1 X106.5 Y122.5 E1055.92082
G1 X106.5 Y113.5 E1057.11819
G1 X97.5 Y113.5 E1058.31555
G1 X97.216 Y113.473 E1058.35351
G1 X96.697 Y113.268 E1058.42775
G1 F1492.5 X96.206 Y112.77 E1058.52125
G1 F1474.9 X96.011 Y112.261 E1058.595
G1 F1482.2 X96 Y113.651 E1058.78216
G1 F1500 X96 Y115.5 E1059.02815
G1 X99.074 Y115.5 E1059.43711
G1 X99.926 Y115.583 E1059.551
G1 X100.217 Y115.641 E1059.59048
G1 X100.966 Y115.869 E1059.69464
G1 X101.23 Y115.977 E1059.73259
G1 X101.926 Y116.345 E1059.83733
G1 X102.185 Y116.519 E1059.87884
G1 X102.886 Y117.112 E1060.001
G1 X103.477 Y117.811 E1060.12278
G1 X103.647 Y118.064 E1060.16333
G1 X104.02 Y118.76 E1060.26838
G1 X104.133 Y119.037 E1060.30818
G1 X104.357 Y119.785 E1060.41206
G1 X104.412 Y120.063 E1060.44977
G1 X104.5 Y120.915 E1060.56372
G1 X104.5 Y124 E1060.97415
G1 X108 Y124 E1061.43979
G0 F9000 X106.972 Y123.528
G0 X103.194 Y118.197
G0 X102.566 Y117.434
G0 X101.879 Y116.869
G0 X96.57 Y114.07
G0 X96.011 Y112.261
G1 F1482.2 X96 Y112 E1061.47496
G1 F1500 X96 Y108 E1062.00713
G1 X96.21 Y107.232 E1062.11305
G1 X96.697 Y106.732 E1062.20591
G1 X97.216 Y106.527 E1062.28015
G1 X97.5 Y106.5 E1062.3181
G1 X106.5 Y106.5 E1063.51547
G1 X106.5 Y97.5 E1064.71283
G1 X106.527 Y97.216 E1064.75079
G1 X106.732 Y96.697 E1064.82503
G1 F1492.5 X107.23 Y96.206 E1064.91853
G1 F1474.9 X107.739 Y96.011 E1064.99228
G1 F1482.2 X106.349 Y96 E1065.17943
G1 F1500 X104.5 Y96 E1065.42543
G1 X104.5 Y99.079 E1065.83506
G1 X104.392 Y100.093 E1065.97072
G1 X104.133 Y100.959 E1066.09098
G1 X104.02 Y101.236 E1066.13078
G1 X103.647 Y101.932 E1066.23584
G1 X103.477 Y102.185 E1066.27639
G1 X102.885 Y102.885 E1066.39836
G1 X102.185 Y103.477 E1066.52032
G1 X101.932 Y103.647 E1066.56087
G1 X101.236 Y104.019 E1066.66587
G1 X100.959 Y104.133 E1066.70572
G1 X100.093 Y104.392 E1066.82597
G1 X99.079 Y104.5 E1066.96164
G1 X96 Y104.5 E1067.37127
G1 X96 Y108 E1067.83691
G1 F1500 E1061.33691
G0 F9000 X96.472 Y113.028
G0 X99.338 Y113.033
G0 X103.194 Y118.197
G0 X105.9 Y122.93
G0 X107.744 Y122.93
;TYPE:WALL-OUTER
G1 F1500 E1067.83691
G1 X107.577 Y122.768 E1067.86787
G1 X107.5 Y122.569 E1067.89626
G1 X107.5 Y112.5 E1069.23584
G1 X97.428 Y112.5 E1070.57583
G1 X97.232 Y112.423 E1070.60384
G1 X97.07 Y112.256 E1070.63479
G1 X97 Y112.068 E1070.66148
G1 X97 Y108 E1071.20269
G1 X97.07 Y107.744 E1071.238
G1 X97.232 Y107.577 E1071.26896
G1 X97.431 Y107.5 E1071.29734
G1 X107.5 Y107.5 E1072.63693
G1 X107.5 Y97.428 E1073.97691
G1 X107.577 Y97.232 E1074.00493
G1 X107.744 Y97.07 E1074.03588
G1 X107.932 Y97 E1074.06257
G1 X112 Y97 E1074.60378
G1 X112.256 Y97.07 E1074.63909
G1 X112.423 Y97.232 E1074.67004
G1 X112.5 Y97.428 E1074.69806
G1 X112.501 Y107.499 E1076.03791
G1 X122.572 Y107.5 E1077.37776
G1 X122.768 Y107.577 E1077.40578
G1 X122.93 Y107.743 E1077.43664
G1 X123 Y108 E1077.47207
G1 X123 Y112.068 E1078.01328
G1 X122.93 Y112.256 E1078.03997
G1 X122.768 Y112.423 E1078.07093
G1 X122.569 Y112.5 E1078.09931
G1 X112.5 Y112.5 E1079.4389
G1 X112.5 Y122.572 E1080.77888
G1 X112.423 Y122.768 E1080.8069
G1 X112.256 Y122.93 E1080.83785
G1 X112.068 Y123 E1080.86454
G1 X108 Y123 E1081.40575
G1 X107.744 Y122.93 E1081.44106
G1 F1500 E1074.94106
G0 F9000 X105.9 Y122.93
G0 X106.972 Y123.528
G0 X115.93 Y124.43
G0 X116.5 Y125
G1 F1500 E1081.44106
G1 X116.502 Y120.951 E1081.97974
G1 X116.583 Y120.116 E1082.09135
G1 X116.839 Y119.275 E1082.20831
G1 X117.254 Y118.49 E1082.32644
G1 X117.816 Y117.816 E1082.44319
G1 X118.49 Y117.254 E1082.55994
G1 X119.276 Y116.839 E1082.67819
G1 X120.129 Y116.583 E1082.79668
G1 X120.951 Y116.502 E1082.90657
G1 X125 Y116.5 E1083.44525
G1 X125 Y103.5 E1085.17478
G1 X120.949 Y103.498 E1085.71372
G1 X120.12 Y103.413 E1085.82459
G1 X119.281 Y103.163 E1085.94106
G1 X118.486 Y102.739 E1086.06093
G1 X117.816 Y102.18 E1086.17702
G1 X117.254 Y101.506 E1086.29377
G1 X116.839 Y100.72 E1086.41202
G1 X116.583 Y99.867 E1086.53051
G1 X116.502 Y99.049 E1086.63987
G1 X116.5 Y95 E1087.17855
G1 X103.5 Y95 E1088.90807
G1 X103.498 Y99.052 E1089.44715
G1 X103.413 Y99.867 E1089.55617
G1 X103.16 Y100.723 E1089.67492
G1 X102.738 Y101.51 E1089.79373
G1 X102.18 Y102.18 E1089.90973
G1 X101.51 Y102.738 E1090.02573
G1 X100.719 Y103.161 E1090.14507
G1 X99.867 Y103.413 E1090.26327
G1 X99.052 Y103.498 E1090.37229
G1 X95 Y103.5 E1090.91137
G1 X95 Y116.5 E1092.6409
G1 X99.049 Y116.502 E1093.17958
G1 X99.88 Y116.583 E1093.29066
G1 X100.721 Y116.839 E1093.40762
G1 X101.506 Y117.254 E1093.52575
G1 X102.18 Y117.816 E1093.6425
G1 X102.738 Y118.486 E1093.7585
G1 X103.159 Y119.272 E1093.87713
G1 X103.413 Y120.12 E1093.9949
G1 X103.498 Y120.949 E1094.10577
G1 X103.5 Y125 E1094.64471
G1 X116.5 Y125 E1096.37424
G0 F9000 X115.93 Y124.43
G0 X115.961 Y120.95
G0 X116.052 Y120.017
G0 X116.34 Y119.07
G0 X116.717 Y118.363
G0 X119.753 Y114.633
;TYPE:FILL
G1 F3000 X118.819 Y113.7 E1096.54988
G0 F9000 X118.819 Y114.1
G0 X113.028 Y123.528
G0 X106.972 Y123.528
G0 X105.9 Y114.738
G0 X106.3 Y114.738
G1 F3000 X101.663 Y115.981 E1097.18857
G0 F9000 X101.852 Y115.63
G0 X102.362 Y115.971
G0 X103.277 Y116.723
G0 X103.49 Y116.983
G0 X104.369 Y118.145
G0 X104.019 Y118.332
G1 F3000 X105.26 Y113.7 E1097.82654
G0 F9000 X105.26 Y114.1
G0 X96.472 Y113.028
G0 X96.472 Y106.972
G0 X105.9 Y101.181
G0 X106.3 Y101.181
G1 F3000 X105.366 Y100.247 E1098.00227
G0 F9000 X105 Y100.365
;MESH:NONMESH
G0 F300 X105 Y100.365 Z5.44
G0 F9000 X105.93 Y96.57
G0 X107.739 Y96.011
;TIME_ELAPSED:501.944712
;LAYER:16
;TYPE:WALL-INNER
;MESH:plate holder-Body.stl
G1 F1482.2 X108 Y96 E1098.03745
G1 F1500 X112 Y96 E1098.56961
G0 F9000 X113.028 Y96.472
G0 X116.806 Y101.803
G0 X117.434 Y102.566
G0 X122.972 Y106.972
G0 X123.528 Y106.972
G0 X124 Y108
G1 F1500 X124 Y104.5 E1099.03525
G1 X120.917 Y104.5 E1099.44541
G1 X120.063 Y104.413 E1099.55962
G1 X119.785 Y104.357 E1099.59735
G1 X119.037 Y104.134 E1099.70119
G1 X118.76 Y104.019 E1099.74109
G1 X118.064 Y103.647 E1099.84608
G1 X117.811 Y103.477 E1099.88664
G1 X117.112 Y102.886 E1100.00842
G1 X116.519 Y102.185 E1100.13057
G1 X116.345 Y101.926 E1100.17208
G1 X115.977 Y101.23 E1100.27682
G1 X115.869 Y100.966 E1100.31477
G1 X115.604 Y100.094 E1100.43602
G1 X115.5 Y99.077 E1100.57203
G1 X115.5 Y96 E1100.9814
G1 X112 Y96 E1101.44704
G1 X112.768 Y96.21 E1101.55296
G1 X113.268 Y96.697 E1101.64582
G1 X113.473 Y97.216 E1101.72006
G1 X113.5 Y97.5 E1101.75802
G1 X113.501 Y106.499 E1102.95525
G1 X122.5 Y106.5 E1104.15248
G1 X122.784 Y106.527 E1104.19043
G1 X123.303 Y106.731 E1104.26462
G1 X123.79 Y107.231 E1104.35748
G1 X124 Y108 E1104.46354
G1 X124 Y112 E1104.9957
G1 F1483.7 X123.989 Y112.261 E1105.03084
G0 F9000 X123.43 Y114.07
G0 X118.685 Y115.411
G0 X117.638 Y115.971
G0 X116.723 Y116.723
G0 X115.971 Y117.638
G0 X115.411 Y118.685
G0 X114.07 Y123.43
G0 X112.261 Y123.989
G1 F1482.2 X113.651 Y124 E1105.21799
G1 F1500 X115.5 Y124 E1105.46398
G1 X115.5 Y121 E1105.8631
G1 X115.583 Y120.071 E1105.98719
G1 X115.641 Y119.779 E1106.0268
G1 X115.869 Y119.03 E1106.13096
G1 X115.977 Y118.766 E1106.16891
G1 X116.345 Y118.07 E1106.27365
G1 X116.519 Y117.811 E1106.31516
G1 X117.111 Y117.111 E1106.43713
G1 X117.811 Y116.519 E1106.55909
G1 X118.07 Y116.345 E1106.60061
G1 X118.766 Y115.977 E1106.70535
G1 X119.03 Y115.869 E1106.7433
G1 X119.902 Y115.604 E1106.86455
G1 X120.924 Y115.5 E1107.00122
G1 X124 Y115.5 E1107.41045
G1 F1483.7 X123.989 Y112.261 E1107.84611
G1 F1477.8 X123.794 Y112.77 E1107.91971
G1 F1494 X123.303 Y113.268 E1108.01313
G1 F1500 X122.784 Y113.473 E1108.08737
G1 X122.5 Y113.5 E1108.12532
G1 X113.5 Y113.5 E1109.32269
G1 X113.5 Y122.5 E1110.52005
G1 X113.473 Y122.784 E1110.558
G1 X113.268 Y123.303 E1110.63224
G1 F1492.5 X112.77 Y123.794 E1110.72575
G1 F1474.9 X112.261 Y123.989 E1110.7995
G1 F1482.2 X112 Y124 E1110.83467
G1 F1500 X108 Y124 E1111.36683
G1 X107.232 Y123.79 E1111.47276
G1 X106.732 Y123.303 E1111.56562
G1 X106.527 Y122.784 E1111.63986
G1 X106.5 Y122.5 E1111.67781
G1 X106.5 Y113.5 E1112.87518
G1 X97.5 Y113.5 E1114.07254
G1 X97.216 Y113.473 E1114.1105
G1 X96.697 Y113.268 E1114.18474
G1 F1492.5 X96.206 Y112.77 E1114.27824
G1 F1474.9 X96.011 Y112.261 E1114.35199
G1 F1482.2 X96 Y113.651 E1114.53914
G1 F1500 X96 Y115.5 E1114.78513
G1 X99.074 Y115.5 E1115.1941
G1 X99.926 Y115.583 E1115.30799
G1 X100.217 Y115.641 E1115.34746
G1 X100.966 Y115.869 E1115.45163
G1 X101.23 Y115.977 E1115.48957
G1 X101.926 Y116.345 E1115.59432
G1 X102.185 Y116.519 E1115.63583
G1 X102.886 Y117.112 E1115.75798
G1 X103.477 Y117.811 E1115.87976
G1 X103.647 Y118.064 E1115.92032
G1 X104.02 Y118.76 E1116.02537
G1 X104.133 Y119.037 E1116.06517
G1 X104.357 Y119.785 E1116.16905
G1 X104.412 Y120.063 E1116.20675
G1 X104.5 Y120.915 E1116.32071
G1 X104.5 Y124 E1116.73114
G1 X108 Y124 E1117.19678
G0 F9000 X106.972 Y123.528
G0 X103.194 Y118.197
G0 X102.566 Y117.434
G0 X101.879 Y116.869
G0 X96.57 Y114.07
G0 X96.011 Y112.261
G1 F1482.2 X96 Y112 E1117.23195
G1 F1500 X96 Y108 E1117.76411
G1 X96.21 Y107.232 E1117.87004
G1 X96.697 Y106.732 E1117.9629
G1 X97.216 Y106.527 E1118.03714
G1 X97.5 Y106.5 E1118.07509
G1 X106.5 Y106.5 E1119.27246
G1 X106.5 Y97.5 E1120.46982
G1 X106.527 Y97.216 E1120.50778
G1 X106.732 Y96.697 E1120.58201
G1 F1492.5 X107.23 Y96.206 E1120.67552
G1 F1474.9 X107.739 Y96.011 E1120.74927
G1 F1482.2 X106.349 Y96 E1120.93642
G1 F1500 X104.5 Y96 E1121.18241
G1 X104.5 Y99.079 E1121.59205
G1 X104.392 Y100.093 E1121.72771
G1 X104.133 Y100.959 E1121.84797
G1 X104.02 Y101.236 E1121.88777
G1 X103.647 Y101.932 E1121.99282
G1 X103.477 Y102.185 E1122.03338
G1 X102.885 Y102.885 E1122.15534
G1 X102.185 Y103.477 E1122.27731
G1 X101.932 Y103.647 E1122.31786
G1 X101.236 Y104.019 E1122.42285
G1 X100.959 Y104.133 E1122.46271
G1 X100.093 Y104.392 E1122.58296
G1 X99.079 Y104.5 E1122.71863
G1 X96 Y104.5 E1123.12826
G1 X96 Y108 E1123.5939
G1 F1500 E1117.0939
G0 F9000 X96.472 Y113.028
G0 X99.338 Y113.033
G0 X103.194 Y118.197
G0 X105.9 Y122.93
G0 X107.744 Y122.93
;TYPE:WALL-OUTER
G1 F1500 E1123.5939
G1 X107.577 Y122.768 E1123.62486
G1 X107.5 Y122.569 E1123.65324
G1 X107.5 Y112.5 E1124.99283
G1 X97.428 Y112.5 E1126.33281
G1 X97.232 Y112.423 E1126.36083
G1 X97.07 Y112.256 E1126.39178
G1 X97 Y112.068 E1126.41847
G1 X97 Y108 E1126.95968
G1 X97.07 Y107.744 E1126.99499
G1 X97.232 Y107.577 E1127.02594
G1 X97.431 Y107.5 E1127.05433
G1 X107.5 Y107.5 E1128.39392
G1 X107.5 Y97.428 E1129.7339
G1 X107.577 Y97.232 E1129.76192
G1 X107.744 Y97.07 E1129.79287
G1 X107.932 Y97 E1129.81956
G1 X112 Y97 E1130.36077
G1 X112.256 Y97.07 E1130.39608
G1 X112.423 Y97.232 E1130.42703
G1 X112.5 Y97.428 E1130.45505
G1 X112.501 Y107.499 E1131.7949
G1 X122.572 Y107.5 E1133.13475
G1 X122.768 Y107.577 E1133.16277
G1 X122.93 Y107.743 E1133.19362
G1 X123 Y108 E1133.22906
G1 X123 Y112.068 E1133.77027
G1 X122.93 Y112.256 E1133.79696
G1 X122.768 Y112.423 E1133.82791
G1 X122.569 Y112.5 E1133.8563
G1 X112.5 Y112.5 E1135.19589
G1 X112.5 Y122.572 E1136.53587
G1 X112.423 Y122.768 E1136.56389
G1 X112.256 Y122.93 E1136.59484
G1 X112.068 Y123 E1136.62153
G1 X108 Y123 E1137.16274
G1 X107.744 Y122.93 E1137.19805
G1 F1500 E1130.69805
G0 F9000 X105.9 Y122.93
G0 X106.972 Y123.528
G0 X115.93 Y124.43
G0 X116.5 Y125
G1 F1500 E1137.19805
G1 X116.502 Y120.951 E1137.73673
G1 X116.583 Y120.116 E1137.84834
G1 X116.839 Y119.275 E1137.96529
G1 X117.254 Y118.49 E1138.08343
G1 X117.816 Y117.816 E1138.20018
G1 X118.49 Y117.254 E1138.31693
G1 X119.276 Y116.839 E1138.43518
G1 X120.129 Y116.583 E1138.55367
G1 X120.951 Y116.502 E1138.66355
G1 X125 Y116.5 E1139.20224
G1 X125 Y103.5 E1140.93176
G1 X120.949 Y103.498 E1141.47071
G1 X120.12 Y103.413 E1141.58158
G1 X119.281 Y103.163 E1141.69805
G1 X118.486 Y102.739 E1141.81792
G1 X117.816 Y102.18 E1141.93401
G1 X117.254 Y101.506 E1142.05076
G1 X116.839 Y100.72 E1142.16901
G1 X116.583 Y99.867 E1142.28749
G1 X116.502 Y99.049 E1142.39685
G1 X116.5 Y95 E1142.93553
G1 X103.5 Y95 E1144.66506
G1 X103.498 Y99.052 E1145.20414
G1 X103.413 Y99.867 E1145.31316
G1 X103.16 Y100.723 E1145.43191
G1 X102.738 Y101.51 E1145.55072
G1 X102.18 Y102.18 E1145.66672
G1 X101.51 Y102.738 E1145.78272
G1 X100.719 Y103.161 E1145.90206
G1 X99.867 Y103.413 E1146.02026
G1 X99.052 Y103.498 E1146.12928
G1 X95 Y103.5 E1146.66836
G1 X95 Y116.5 E1148.39789
G1 X99.049 Y116.502 E1148.93657
G1 X99.88 Y116.583 E1149.04765
G1 X100.721 Y116.839 E1149.1646
G1 X101.506 Y117.254 E1149.28274
G1 X102.18 Y117.816 E1149.39949
G1 X102.738 Y118.486 E1149.51549
G1 X103.159 Y119.272 E1149.63412
G1 X103.413 Y120.12 E1149.75189
G1 X103.498 Y120.949 E1149.86276
G1 X103.5 Y125 E1150.4017
G1 X116.5 Y125 E1152.13123
G0 F9000 X115.93 Y124.43
G0 X115.961 Y120.95
G0 X116.052 Y120.017
G0 X116.34 Y119.07
G0 X116.717 Y118.363
G0 X119.697 Y114.258
;TYPE:FILL
G1 F3000 X119.139 Y113.7 E1152.23622
G0 F9000 X119.139 Y114.1
G0 X113.028 Y123.528
G0 X106.972 Y123.528
G0 X105.9 Y114.972
G0 X106.299 Y114.972
G1 F3000 X101.957 Y116.136 E1152.83428
G0 F9000 X102.145 Y115.787
G0 X103.164 Y116.629
G0 X104.213 Y117.854
G0 X103.863 Y118.041
G1 F3000 X105.026 Y113.699 E1153.4323
G0 F9000 X105.026 Y114.1
G0 X96.472 Y113.028
G0 X96.472 Y106.972
G0 X105.9 Y100.861
G0 X106.3 Y100.861
G1 F3000 X105.741 Y100.302 E1153.53747
G0 F9000 X105.823 Y100.551
;MESH:NONMESH
G0 F300 X105.823 Y100.551 Z5.76
G0 F9000 X105.93 Y96.57
G0 X107.739 Y96.011
;TIME_ELAPSED:525.697304
;LAYER:17
;TYPE:WALL-INNER
;MESH:plate holder-Body.stl
G1 F1482.2 X108 Y96 E1153.57265
G1 F1500 X112 Y96 E1154.10481
G0 F9000 X113.028 Y96.472
G0 X116.806 Y101.803
G0 X117.434 Y102.566
G0 X122.972 Y106.972
G0 X123.528 Y106.972
G0 X124 Y108
G1 F1500 X124 Y104.5 E1154.57045
G1 X120.917 Y104.5 E1154.98061
G1 X120.063 Y104.413 E1155.09482
G1 X119.785 Y104.357 E1155.13255
G1 X119.037 Y104.134 E1155.23639
G1 X118.76 Y104.019 E1155.27629
G1 X118.064 Y103.647 E1155.38128
G1 X117.811 Y103.477 E1155.42184
G1 X117.112 Y102.886 E1155.54362
G1 X116.519 Y102.185 E1155.66577
G1 X116.345 Y101.926 E1155.70728
G1 X115.977 Y101.23 E1155.81202
G1 X115.869 Y100.966 E1155.84997
G1 X115.604 Y100.094 E1155.97122
G1 X115.5 Y99.077 E1156.10723
G1 X115.5 Y96 E1156.5166
G1 X112 Y96 E1156.98224
G1 X112.768 Y96.21 E1157.08816
G1 X113.268 Y96.697 E1157.18102
G1 X113.473 Y97.216 E1157.25526
G1 X113.5 Y97.5 E1157.29322
G1 X113.501 Y106.499 E1158.49045
G1 X122.5 Y106.5 E1159.68768
G1 X122.784 Y106.527 E1159.72563
G1 X123.303 Y106.731 E1159.79982
G1 X123.79 Y107.231 E1159.89268
G1 X124 Y108 E1159.99874
G1 X124 Y112 E1160.5309
G1 F1483.7 X123.989 Y112.261 E1160.56604
G0 F9000 X123.43 Y114.07
G0 X118.685 Y115.411
G0 X117.638 Y115.971
G0 X116.723 Y116.723
G0 X115.971 Y117.638
G0 X115.411 Y118.685
G0 X114.07 Y123.43
G0 X112.261 Y123.989
G1 F1482.2 X113.651 Y124 E1160.75319
G1 F1500 X115.5 Y124 E1160.99918
G1 X115.5 Y121 E1161.3983
G1 X115.583 Y120.071 E1161.52239
G1 X115.641 Y119.779 E1161.562
G1 X115.869 Y119.03 E1161.66616
G1 X115.977 Y118.766 E1161.70411
G1 X116.345 Y118.07 E1161.80885
G1 X116.519 Y117.811 E1161.85036
G1 X117.111 Y117.111 E1161.97233
G1 X117.811 Y116.519 E1162.09429
G1 X118.07 Y116.345 E1162.13581
G1 X118.766 Y115.977 E1162.24055
G1 X119.03 Y115.869 E1162.2785
G1 X119.902 Y115.604 E1162.39975
G1 X120.924 Y115.5 E1162.53642
G1 X124 Y115.5 E1162.94565
G1 F1483.7 X123.989 Y112.261 E1163.38131
G1 F1477.8 X123.794 Y112.77 E1163.45491
G1 F1494 X123.303 Y113.268 E1163.54833
G1 F1500 X122.784 Y113.473 E1163.62257
G1 X122.5 Y113.5 E1163.66052
G1 X113.5 Y113.5 E1164.85789
G1 X113.5 Y122.5 E1166.05525
G1 X113.473 Y122.784 E1166.0932
G1 X113.268 Y123.303 E1166.16744
G1 F1492.5 X112.77 Y123.794 E1166.26095
G1 F1474.9 X112.261 Y123.989 E1166.3347
G1 F1482.2 X112 Y124 E1166.36987
G1 F1500 X108 Y124 E1166.90203
G1 X107.232 Y123.79 E1167.00796
G1 X106.732 Y123.303 E1167.10082
G1 X106.527 Y122.784 E1167.17506
G1 X106.5 Y122.5 E1167.21301
G1 X106.5 Y113.5 E1168.41038
G1 X97.5 Y113.5 E1169.60774
G1 X97.216 Y113.473 E1169.6457
G1 X96.697 Y113.268 E1169.71993
G1 F1492.5 X96.206 Y112.77 E1169.81344
G1 F1474.9 X96.011 Y112.261 E1169.88719
G1 F1482.2 X96 Y113.651 E1170.07434
G1 F1500 X96 Y115.5 E1170.32033
G1 X99.074 Y115.5 E1170.7293
G1 X99.926 Y115.583 E1170.84319
G1 X100.217 Y115.641 E1170.88266
G1 X100.966 Y115.869 E1170.98683
G1 X101.23 Y115.977 E1171.02477
G1 X101.926 Y116.345 E1171.12952
G1 X102.185 Y116.519 E1171.17103
G1 X102.886 Y117.112 E1171.29318
G1 X103.477 Y117.811 E1171.41496
G1 X103.647 Y118.064 E1171.45552
G1 X104.02 Y118.76 E1171.56057
G1 X104.133 Y119.037 E1171.60037
G1 X104.357 Y119.785 E1171.70425
G1 X104.412 Y120.063 E1171.74195
G1 X104.5 Y120.915 E1171.85591
G1 X104.5 Y124 E1172.26634
G1 X108 Y124 E1172.73198
G0 F9000 X106.972 Y123.528
G0 X103.194 Y118.197
G0 X102.566 Y117.434
G0 X101.879 Y116.869
G0 X96.57 Y114.07
G0 X96.011 Y112.261
G1 F1482.2 X96 Y112 E1172.76715
G1 F1500 X96 Y108 E1173.29931
G1 X96.21 Y107.232 E1173.40524
G1 X96.697 Y106.732 E1173.4981
G1 X97.216 Y106.527 E1173.57234
G1 X97.5 Y106.5 E1173.61029
G1 X106.5 Y106.5 E1174.80766
G1 X106.5 Y97.5 E1176.00502
G1 X106.527 Y97.216 E1176.04298
G1 X106.732 Y96.697 E1176.11721
G1 F1492.5 X107.23 Y96.206 E1176.21072
G1 F1474.9 X107.739 Y96.011 E1176.28447
G1 F1482.2 X106.349 Y96 E1176.47162
G1 F1500 X104.5 Y96 E1176.71761
G1 X104.5 Y99.079 E1177.12725
G1 X104.392 Y100.093 E1177.26291
G1 X104.133 Y100.959 E1177.38317
G1 X104.02 Y101.236 E1177.42297
G1 X103.647 Y101.932 E1177.52802
G1 X103.477 Y102.185 E1177.56858
G1 X102.885 Y102.885 E1177.69054
G1 X102.185 Y103.477 E1177.81251
G1 X101.932 Y103.647 E1177.85306
G1 X101.236 Y104.019 E1177.95805
G1 X100.959 Y104.133 E1177.99791
G1 X100.093 Y104.392 E1178.11816
G1 X99.079 Y104.5 E1178.25383
G1 X96 Y104.5 E1178.66346
G1 X96 Y108 E1179.1291
G1 F1500 E1172.6291
G0 F9000 X96.472 Y113.028
G0 X99.338 Y113.033
G0 X103.194 Y118.197
G0 X105.9 Y122.93
G0 X107.744 Y122.93
;TYPE:WALL-OUTER
G1 F1500 E1179.1291
G1 X107.577 Y122.768 E1179.16006
G1 X107.5 Y122.569 E1179.18844
G1 X107.5 Y112.5 E1180.52803
G1 X97.428 Y112.5 E1181.86801
G1 X97.232 Y112.423 E1181.89603
G1 X97.07 Y112.256 E1181.92698
G1 X97 Y112.068 E1181.95367
G1 X97 Y108 E1182.49488
G1 X97.07 Y107.744 E1182.53019
G1 X97.232 Y107.577 E1182.56114
G1 X97.431 Y107.5 E1182.58953
G1 X107.5 Y107.5 E1183.92912
G1 X107.5 Y97.428 E1185.2691
G1 X107.577 Y97.232 E1185.29712
G1 X107.744 Y97.07 E1185.32807
G1 X107.932 Y97 E1185.35476
G1 X112 Y97 E1185.89597
G1 X112.256 Y97.07 E1185.93128
G1 X112.423 Y97.232 E1185.96223
G1 X112.5 Y97.428 E1185.99025
G1 X112.501 Y107.499 E1187.3301
G1 X122.572 Y107.5 E1188.66995
G1 X122.768 Y107.577 E1188.69797
G1 X122.93 Y107.743 E1188.72882
G1 X123 Y108 E1188.76426
G1 X123 Y112.068 E1189.30547
G1 X122.93 Y112.256 E1189.33216
G1 X122.768 Y112.423 E1189.36311
G1 X122.569 Y112.5 E1189.3915
G1 X112.5 Y112.5 E1190.73109
G1 X112.5 Y122.572 E1192.07107
G1 X112.423 Y122.768 E1192.09909
G1 X112.256 Y122.93 E1192.13004
G1 X112.068 Y123 E1192.15673
G1 X108 Y123 E1192.69794
G1 X107.744 Y122.93 E1192.73325
G1 F1500 E1186.23325
G0 F9000 X105.9 Y122.93
G0 X106.972 Y123.528
G0 X115.93 Y124.43
G0 X116.5 Y125
G1 F1500 E1192.73325
G1 X116.502 Y120.951 E1193.27193
G1 X116.583 Y120.116 E1193.38354
G1 X116.839 Y119.275 E1193.50049
G1 X117.254 Y118.49 E1193.61863
G1 X117.816 Y117.816 E1193.73538
G1 X118.49 Y117.254 E1193.85213
G1 X119.276 Y116.839 E1193.97038
G1 X120.129 Y116.583 E1194.08887
G1 X120.951 Y116.502 E1194.19875
G1 X125 Y116.5 E1194.73744
G1 X125 Y103.5 E1196.46696
G1 X120.949 Y103.498 E1197.00591
G1 X120.12 Y103.413 E1197.11678
G1 X119.281 Y103.163 E1197.23325
G1 X118.486 Y102.739 E1197.35312
G1 X117.816 Y102.18 E1197.46921
G1 X117.254 Y101.506 E1197.58596
G1 X116.839 Y100.72 E1197.70421
G1 X116.583 Y99.867 E1197.82269
G1 X116.502 Y99.049 E1197.93205
G1 X116.5 Y95 E1198.47073
G1 X103.5 Y95 E1200.20026
G1 X103.498 Y99.052 E1200.73934
G1 X103.413 Y99.867 E1200.84836
G1 X103.16 Y100.723 E1200.96711
G1 X102.738 Y101.51 E1201.08592
G1 X102.18 Y102.18 E1201.20192
G1 X101.51 Y102.738 E1201.31792
G1 X100.719 Y103.161 E1201.43726
G1 X99.867 Y103.413 E1201.55546
G1 X99.052 Y103.498 E1201.66448
G1 X95 Y103.5 E1202.20356
G1 X95 Y116.5 E1203.93309
G1 X99.049 Y116.502 E1204.47177
G1 X99.88 Y116.583 E1204.58285
G1 X100.721 Y116.839 E1204.6998
G1 X101.506 Y117.254 E1204.81794
G1 X102.18 Y117.816 E1204.93469
G1 X102.738 Y118.486 E1205.05069
G1 X103.159 Y119.272 E1205.16932
G1 X103.413 Y120.12 E1205.28709
G1 X103.498 Y120.949 E1205.39796
G1 X103.5 Y125 E1205.9369
G1 X116.5 Y125 E1207.66643
G0 F9000 X115.93 Y124.43
G0 X115.961 Y120.95
G0 X116.052 Y120.017
G0 X116.34 Y119.07
G0 X116.717 Y118.363
G0 X119.64 Y114.1
G0 X119.64 Y113.882
;TYPE:FILL
G1 F3000 X119.459 Y113.7 E1207.70058
G0 F9000 X119.459 Y114.1
G0 X113.028 Y123.528
G0 X106.972 Y123.528
G0 X105.9 Y115.206
G0 X106.3 Y115.206
G1 F3000 X102.215 Y116.301 E1208.26324
G0 F9000 X102.475 Y115.986
G0 X102.703 Y116.195
G0 X104.014 Y117.525
G0 X103.698 Y117.783
G1 F3000 X104.792 Y113.699 E1208.82573
G0 F9000 X104.792 Y114.1
G0 X96.472 Y113.028
G0 X96.472 Y106.972
G0 X105.9 Y100.541
G0 X106.3 Y100.541
G1 F3000 X106.116 Y100.358 E1208.86025
G0 F9000 X105.808 Y100.603
;MESH:NONMESH
G0 F300 X105.808 Y100.603 Z6.08
G0 F9000 X105.93 Y96.57
G0 X107.739 Y96.011
;TIME_ELAPSED:549.361981
;LAYER:18
;TYPE:WALL-INNER
;MESH:plate holder-Body.stl
G1 F1482.2 X108 Y96 E1208.89543
G1 F1500 X112 Y96 E1209.42759
G0 F9000 X113.028 Y96.472
G0 X116.806 Y101.803
G0 X117.434 Y102.566
G0 X122.972 Y106.972
G0 X123.528 Y106.972
G0 X124 Y108
G1 F1500 X124 Y104.5 E1209.89323
G1 X120.917 Y104.5 E1210.30339
G1 X120.063 Y104.413 E1210.4176
G1 X119.785 Y104.357 E1210.45533
G1 X119.037 Y104.134 E1210.55917
G1 X118.76 Y104.019 E1210.59907
G1 X118.064 Y103.647 E1210.70406
G1 X117.811 Y103.477 E1210.74462
G1 X117.112 Y102.886 E1210.8664
G1 X116.519 Y102.185 E1210.98855
G1 X116.345 Y101.926 E1211.03006
G1 X115.977 Y101.23 E1211.1348
G1 X115.869 Y100.966 E1211.17275
G1 X115.604 Y100.094 E1211.294
G1 X115.5 Y99.077 E1211.43001
G1 X115.5 Y96 E1211.83938
G1 X112 Y96 E1212.30502
G1 X112.768 Y96.21 E1212.41094
G1 X113.268 Y96.697 E1212.5038
G1 X113.473 Y97.216 E1212.57804
G1 X113.5 Y97.5 E1212.616
G1 X113.501 Y106.499 E1213.81323
G1 X122.5 Y106.5 E1215.01046
G1 X122.784 Y106.527 E1215.04841
G1 X123.303 Y106.731 E1215.1226
G1 X123.79 Y107.231 E1215.21546
G1 X124 Y108 E1215.32152
G1 X124 Y112 E1215.85368
G1 F1483.7 X123.989 Y112.261 E1215.88882
G0 F9000 X123.43 Y114.07
G0 X118.685 Y115.411
G0 X117.638 Y115.971
G0 X116.723 Y116.723
G0 X115.971 Y117.638
G0 X115.411 Y118.685
G0 X114.07 Y123.43
G0 X112.261 Y123.989
G1 F1482.2 X113.651 Y124 E1216.07597
G1 F1500 X115.5 Y124 E1216.32196
G1 X115.5 Y121 E1216.72108
G1 X115.583 Y120.071 E1216.84517
G1 X115.641 Y119.779 E1216.88478
G1 X115.869 Y119.03 E1216.98894
G1 X115.977 Y118.766 E1217.02689
G1 X116.345 Y118.07 E1217.13163
G1 X116.519 Y117.811 E1217.17314
G1 X117.111 Y117.111 E1217.29511
G1 X117.811 Y116.519 E1217.41707
G1 X118.07 Y116.345 E1217.45859
G1 X118.766 Y115.977 E1217.56333
G1 X119.03 Y115.869 E1217.60128
G1 X119.902 Y115.604 E1217.72253
G1 X120.924 Y115.5 E1217.8592
G1 X124 Y115.5 E1218.26843
G1 F1483.7 X123.989 Y112.261 E1218.70409
G1 F1477.8 X123.794 Y112.77 E1218.77769
G1 F1494 X123.303 Y113.268 E1218.87111
G1 F1500 X122.784 Y113.473 E1218.94535
G1 X122.5 Y113.5 E1218.9833
G1 X113.5 Y113.5 E1220.18067
G1 X113.5 Y122.5 E1221.37803
G1 X113.473 Y122.784 E1221.41598
G1 X113.268 Y123.303 E1221.49022
G1 F1492.5 X112.77 Y123.794 E1221.58373
G1 F1474.9 X112.261 Y123.989 E1221.65748
G1 F1482.2 X112 Y124 E1221.69265
G1 F1500 X108 Y124 E1222.22481
G1 X107.232 Y123.79 E1222.33074
G1 X106.732 Y123.303 E1222.4236
G1 X106.527 Y122.784 E1222.49784
G1 X106.5 Y122.5 E1222.53579
G1 X106.5 Y113.5 E1223.73316
G1 X97.5 Y113.5 E1224.93052
G1 X97.216 Y113.473 E1224.96848
G1 X96.697 Y113.268 E1225.04271
G1 F1492.5 X96.206 Y112.77 E1225.13622
G1 F1474.9 X96.011 Y112.261 E1225.20997
G1 F1482.2 X96 Y113.651 E1225.39712
G1 F1500 X96 Y115.5 E1225.64311
G1 X99.074 Y115.5 E1226.05208
G1 X99.926 Y115.583 E1226.16597
G1 X100.217 Y115.641 E1226.20544
G1 X100.966 Y115.869 E1226.30961
G1 X101.23 Y115.977 E1226.34755
G1 X101.926 Y116.345 E1226.4523
G1 X102.185 Y116.519 E1226.49381
G1 X102.886 Y117.112 E1226.61596
G1 X103.477 Y117.811 E1226.73774
G1 X103.647 Y118.064 E1226.7783
G1 X104.02 Y118.76 E1226.88335
G1 X104.133 Y119.037 E1226.92315
G1 X104.357 Y119.785 E1227.02703
G1 X104.412 Y120.063 E1227.06473
G1 X104.5 Y120.915 E1227.17869
G1 X104.5 Y124 E1227.58912
G1 X108 Y124 E1228.05476
G0 F9000 X106.972 Y123.528
G0 X103.194 Y118.197
G0 X102.566 Y117.434
G0 X101.879 Y116.869
G0 X96.57 Y114.07
G0 X96.011 Y112.261
G1 F1482.2 X96 Y112 E1228.08993
G1 F1500 X96 Y108 E1228.62209
G1 X96.21 Y107.232 E1228.72802
G1 X96.697 Y106.732 E1228.82088
G1 X97.216 Y106.527 E1228.89512
G1 X97.5 Y106.5 E1228.93307
G1 X106.5 Y106.5 E1230.13044
G1 X106.5 Y97.5 E1231.3278
G1 X106.527 Y97.216 E1231.36576
G1 X106.732 Y96.697 E1231.43999
G1 F1492.5 X107.23 Y96.206 E1231.5335
G1 F1474.9 X107.739 Y96.011 E1231.60725
G1 F1482.2 X106.349 Y96 E1231.7944
G1 F1500 X104.5 Y96 E1232.04039
G1 X104.5 Y99.079 E1232.45003
G1 X104.392 Y100.093 E1232.58569
G1 X104.133 Y100.959 E1232.70595
G1 X104.02 Y101.236 E1232.74575
G1 X103.647 Y101.932 E1232.8508
G1 X103.477 Y102.185 E1232.89136
G1 X102.885 Y102.885 E1233.01332
G1 X102.185 Y103.477 E1233.13529
G1 X101.932 Y103.647 E1233.17584
G1 X101.236 Y104.019 E1233.28083
G1 X100.959 Y104.133 E1233.32069
G1 X100.093 Y104.392 E1233.44094
G1 X99.079 Y104.5 E1233.57661
G1 X96 Y104.5 E1233.98624
G1 X96 Y108 E1234.45188
G1 F1500 E1227.95188
G0 F9000 X96.472 Y113.028
G0 X99.338 Y113.033
G0 X103.194 Y118.197
G0 X105.9 Y122.93
G0 X107.744 Y122.93
;TYPE:WALL-OUTER
G1 F1500 E1234.45188
G1 X107.577 Y122.768 E1234.48283
G1 X107.5 Y122.569 E1234.51122
G1 X107.5 Y112.5 E1235.85081
G1 X97.428 Y112.5 E1237.19079
G1 X97.232 Y112.423 E1237.21881
G1 X97.07 Y112.256 E1237.24976
G1 X97 Y112.068 E1237.27645
G1 X97 Y108 E1237.81766
G1 X97.07 Y107.744 E1237.85297
G1 X97.232 Y107.577 E1237.88392
G1 X97.431 Y107.5 E1237.91231
G1 X107.5 Y107.5 E1239.2519
G1 X107.5 Y97.428 E1240.59188
G1 X107.577 Y97.232 E1240.6199
G1 X107.744 Y97.07 E1240.65085
G1 X107.932 Y97 E1240.67754
G1 X112 Y97 E1241.21875
G1 X112.256 Y97.07 E1241.25406
G1 X112.423 Y97.232 E1241.28501
G1 X112.5 Y97.428 E1241.31303
G1 X112.501 Y107.499 E1242.65288
G1 X122.572 Y107.5 E1243.99273
G1 X122.768 Y107.577 E1244.02075
G1 X122.93 Y107.743 E1244.0516
G1 X123 Y108 E1244.08704
G1 X123 Y112.068 E1244.62825
G1 X122.93 Y112.256 E1244.65494
G1 X122.768 Y112.423 E1244.68589
G1 X122.569 Y112.5 E1244.71428
G1 X112.5 Y112.5 E1246.05387
G1 X112.5 Y122.572 E1247.39385
G1 X112.423 Y122.768 E1247.42187
G1 X112.256 Y122.93 E1247.45282
G1 X112.068 Y123 E1247.47951
G1 X108 Y123 E1248.02072
G1 X107.744 Y122.93 E1248.05603
G1 F1500 E1241.55603
G0 F9000 X105.9 Y122.93
G0 X106.972 Y123.528
G0 X115.93 Y124.43
G0 X116.5 Y125
G1 F1500 E1248.05603
G1 X116.502 Y120.951 E1248.59471
G1 X116.583 Y120.116 E1248.70632
G1 X116.839 Y119.275 E1248.82327
G1 X117.254 Y118.49 E1248.94141
G1 X117.816 Y117.816 E1249.05816
G1 X118.49 Y117.254 E1249.17491
G1 X119.276 Y116.839 E1249.29316
G1 X120.129 Y116.583 E1249.41165
G1 X120.951 Y116.502 E1249.52153
G1 X125 Y116.5 E1250.06022
G1 X125 Y103.5 E1251.78974
G1 X120.949 Y103.498 E1252.32869
G1 X120.12 Y103.413 E1252.43956
G1 X119.281 Y103.163 E1252.55603
G1 X118.486 Y102.739 E1252.6759
G1 X117.816 Y102.18 E1252.79199
G1 X117.254 Y101.506 E1252.90874
G1 X116.839 Y100.72 E1253.02699
G1 X116.583 Y99.867 E1253.14547
G1 X116.502 Y99.049 E1253.25483
G1 X116.5 Y95 E1253.79351
G1 X103.5 Y95 E1255.52304
G1 X103.498 Y99.052 E1256.06212
G1 X103.413 Y99.867 E1256.17114
G1 X103.16 Y100.723 E1256.28989
G1 X102.738 Y101.51 E1256.4087
G1 X102.18 Y102.18 E1256.5247
G1 X101.51 Y102.738 E1256.6407
G1 X100.719 Y103.161 E1256.76004
G1 X99.867 Y103.413 E1256.87824
G1 X99.052 Y103.498 E1256.98726
G1 X95 Y103.5 E1257.52634
G1 X95 Y116.5 E1259.25587
G1 X99.049 Y116.502 E1259.79455
G1 X99.88 Y116.583 E1259.90563
G1 X100.721 Y116.839 E1260.02258
G1 X101.506 Y117.254 E1260.14072
G1 X102.18 Y117.816 E1260.25747
G1 X102.738 Y118.486 E1260.37347
G1 X103.159 Y119.272 E1260.4921
G1 X103.413 Y120.12 E1260.60987
G1 X103.498 Y120.949 E1260.72073
G1 X103.5 Y125 E1261.25968
G1 X116.5 Y125 E1262.98921
G0 F9000 X115.93 Y124.43
G0 X115.961 Y120.95
G0 X116.052 Y120.017
G0 X116.34 Y119.07
G0 X116.806 Y118.197
G0 X119.494 Y115.103
G0 X119.608 Y115.484
;TYPE:FILL
G1 F3000 X119.782 Y114.835 E1263.0786
G0 F9000 X113.032 Y121.148
G0 X113.028 Y123.528
G0 X106.972 Y123.528
G0 X105.9 Y115.441
G0 X106.299 Y115.441
G1 F3000 X102.445 Y116.474 E1263.60944
G0 F9000 X102.697 Y116.168
G0 X103.831 Y117.303
G0 X103.525 Y117.553
G1 F3000 X104.557 Y113.7 E1264.14011
G0 F9000 X104.557 Y114.1
G0 X100.449 Y115.087
G0 X100.334 Y115.467
G1 F3000 X100.147 Y115.28 E1264.1753
G0 F9000 X100.226 Y115.019
G0 X101.315 Y115.411
G0 X102.362 Y115.971
G0 X103.277 Y116.723
G0 X104.029 Y117.638
G0 X104.483 Y118.486
G0 X104.912 Y119.546
G0 X104.527 Y119.661
G1 F3000 X104.713 Y119.846 E1264.2102
G0 F9000 X104.979 Y119.767
G0 X98.876 Y113.032
G0 X96.472 Y113.028
G0 X96.472 Y106.972
G0 X98.868 Y106.969
G0 X104.896 Y100.505
G0 X104.514 Y100.39
G1 F3000 X105.165 Y100.216 E1264.29985
G0 F9000 X105 Y100.365
;MESH:NONMESH
G0 F300 X105 Y100.365 Z6.4
G0 F9000 X105.93 Y96.57
G0 X107.739 Y96.011
;TIME_ELAPSED:573.875523
;LAYER:19
;TYPE:WALL-INNER
;MESH:plate holder-Body.stl
G1 F1482.2 X108 Y96 E1264.33502
G1 F1500 X112 Y96 E1264.86718
G0 F9000 X113.028 Y96.472
G0 X116.806 Y101.803
G0 X117.434 Y102.566
G0 X122.972 Y106.972
G0 X123.528 Y106.972
G0 X124 Y108
G1 F1500 X124 Y104.5 E1265.33282
G1 X120.917 Y104.5 E1265.74299
G1 X120.063 Y104.413 E1265.85719
G1 X119.785 Y104.357 E1265.89492
G1 X119.037 Y104.134 E1265.99876
G1 X118.76 Y104.019 E1266.03866
G1 X118.064 Y103.647 E1266.14366
G1 X117.811 Y103.477 E1266.18421
G1 X117.112 Y102.886 E1266.30599
G1 X116.519 Y102.185 E1266.42814
G1 X116.345 Y101.926 E1266.46966
G1 X115.977 Y101.23 E1266.5744
G1 X115.869 Y100.966 E1266.61235
G1 X115.604 Y100.094 E1266.7336
G1 X115.5 Y99.077 E1266.8696
G1 X115.5 Y96 E1267.27897
G1 X112 Y96 E1267.74461
G1 X112.768 Y96.21 E1267.85054
G1 X113.268 Y96.697 E1267.9434
G1 X113.473 Y97.216 E1268.01764
G1 X113.5 Y97.5 E1268.05559
G1 X113.501 Y106.499 E1269.25282
G1 X122.5 Y106.5 E1270.45005
G1 X122.784 Y106.527 E1270.48801
G1 X123.303 Y106.731 E1270.5622
G1 X123.79 Y107.231 E1270.65506
G1 X124 Y108 E1270.76111
G1 X124 Y112 E1271.29327
G1 F1483.7 X123.989 Y112.261 E1271.32841
G0 F9000 X123.43 Y114.07
G0 X118.685 Y115.411
G0 X117.638 Y115.971
G0 X116.723 Y116.723
G0 X115.971 Y117.638
G0 X115.411 Y118.685
G0 X114.07 Y123.43
G0 X112.261 Y123.989
G1 F1482.2 X113.651 Y124 E1271.51556
G1 F1500 X115.5 Y124 E1271.76155
G1 X115.5 Y121 E1272.16067
G1 X115.583 Y120.071 E1272.28476
G1 X115.641 Y119.779 E1272.32437
G1 X115.869 Y119.03 E1272.42853
G1 X115.977 Y118.766 E1272.46648
G1 X116.345 Y118.07 E1272.57122
G1 X116.519 Y117.811 E1272.61273
G1 X117.111 Y117.111 E1272.7347
G1 X117.811 Y116.519 E1272.85667
G1 X118.07 Y116.345 E1272.89818
G1 X118.766 Y115.977 E1273.00292
G1 X119.03 Y115.869 E1273.04087
G1 X119.902 Y115.604 E1273.16212
G1 X120.924 Y115.5 E1273.29879
G1 X124 Y115.5 E1273.70802
G1 F1483.7 X123.989 Y112.261 E1274.14368
G1 F1477.8 X123.794 Y112.77 E1274.21729
G1 F1494 X123.303 Y113.268 E1274.3107
G1 F1500 X122.784 Y113.473 E1274.38494
G1 X122.5 Y113.5 E1274.42289
G1 X113.5 Y113.5 E1275.62026
G1 X113.5 Y122.5 E1276.81762
G1 X113.473 Y122.784 E1276.85558
G1 X113.268 Y123.303 E1276.92982
G1 F1492.5 X112.77 Y123.794 E1277.02332
G1 F1474.9 X112.261 Y123.989 E1277.09707
G1 F1482.2 X112 Y124 E1277.13224
G1 F1500 X108 Y124 E1277.66441
G1 X107.232 Y123.79 E1277.77033
G1 X106.732 Y123.303 E1277.86319
G1 X106.527 Y122.784 E1277.93743
G1 X106.5 Y122.5 E1277.97539
G1 X106.5 Y113.5 E1279.17275
G1 X97.5 Y113.5 E1280.37011
G1 X97.216 Y113.473 E1280.40807
G1 X96.697 Y113.268 E1280.48231
G1 F1492.5 X96.206 Y112.77 E1280.57581
G1 F1474.9 X96.011 Y112.261 E1280.64956
G1 F1482.2 X96 Y113.651 E1280.83672
G1 F1500 X96 Y115.5 E1281.08271
G1 X99.074 Y115.5 E1281.49167
G1 X99.926 Y115.583 E1281.60556
G1 X100.217 Y115.641 E1281.64504
G1 X100.966 Y115.869 E1281.7492
G1 X101.23 Y115.977 E1281.78715
G1 X101.926 Y116.345 E1281.89189
G1 X102.185 Y116.519 E1281.9334
G1 X102.886 Y117.112 E1282.05556
G1 X103.477 Y117.811 E1282.17734
G1 X103.647 Y118.064 E1282.21789
G1 X104.02 Y118.76 E1282.32294
G1 X104.133 Y119.037 E1282.36274
G1 X104.357 Y119.785 E1282.46663
G1 X104.412 Y120.063 E1282.50433
G1 X104.5 Y120.915 E1282.61828
G1 X104.5 Y124 E1283.02871
G1 X108 Y124 E1283.49435
G0 F9000 X106.972 Y123.528
G0 X103.194 Y118.197
G0 X102.566 Y117.434
G0 X101.879 Y116.869
G0 X96.57 Y114.07
G0 X96.011 Y112.261
G1 F1482.2 X96 Y112 E1283.52952
G1 F1500 X96 Y108 E1284.06169
G1 X96.21 Y107.232 E1284.16761
G1 X96.697 Y106.732 E1284.26047
G1 X97.216 Y106.527 E1284.33471
G1 X97.5 Y106.5 E1284.37266
G1 X106.5 Y106.5 E1285.57003
G1 X106.5 Y97.5 E1286.76739
G1 X106.527 Y97.216 E1286.80535
G1 X106.732 Y96.697 E1286.87959
G1 F1492.5 X107.23 Y96.206 E1286.97309
G1 F1474.9 X107.739 Y96.011 E1287.04684
G1 F1482.2 X106.349 Y96 E1287.234
G1 F1500 X104.5 Y96 E1287.47999
G1 X104.5 Y99.079 E1287.88962
G1 X104.392 Y100.093 E1288.02529
G1 X104.133 Y100.959 E1288.14554
G1 X104.02 Y101.236 E1288.18534
G1 X103.647 Y101.932 E1288.2904
G1 X103.477 Y102.185 E1288.33095
G1 X102.885 Y102.885 E1288.45292
G1 X102.185 Y103.477 E1288.57488
G1 X101.932 Y103.647 E1288.61544
G1 X101.236 Y104.019 E1288.72043
G1 X100.959 Y104.133 E1288.76028
G1 X100.093 Y104.392 E1288.88053
G1 X99.079 Y104.5 E1289.0162
G1 X96 Y104.5 E1289.42583
G1 X96 Y108 E1289.89147
G1 F1500 E1283.39147
G0 F9000 X96.472 Y113.028
G0 X99.338 Y113.033
G0 X103.194 Y118.197
G0 X105.9 Y122.93
G0 X107.744 Y122.93
;TYPE:WALL-OUTER
G1 F1500 E1289.89147
G1 X107.577 Y122.768 E1289.92243
G1 X107.5 Y122.569 E1289.95082
G1 X107.5 Y112.5 E1291.2904
G1 X97.428 Y112.5 E1292.63039
G1 X97.232 Y112.423 E1292.6584
G1 X97.07 Y112.256 E1292.68936
G1 X97 Y112.068 E1292.71604
G1 X97 Y108 E1293.25725
G1 X97.07 Y107.744 E1293.29256
G1 X97.232 Y107.577 E1293.32352
G1 X97.431 Y107.5 E1293.3519
G1 X107.5 Y107.5 E1294.69149
G1 X107.5 Y97.428 E1296.03147
G1 X107.577 Y97.232 E1296.05949
G1 X107.744 Y97.07 E1296.09044
G1 X107.932 Y97 E1296.11713
G1 X112 Y97 E1296.65834
G1 X112.256 Y97.07 E1296.69365
G1 X112.423 Y97.232 E1296.7246
G1 X112.5 Y97.428 E1296.75262
G1 X112.501 Y107.499 E1298.09247
G1 X122.572 Y107.5 E1299.43232
G1 X122.768 Y107.577 E1299.46034
G1 X122.93 Y107.743 E1299.4912
G1 X123 Y108 E1299.52663
G1 X123 Y112.068 E1300.06784
G1 X122.93 Y112.256 E1300.09453
G1 X122.768 Y112.423 E1300.12549
G1 X122.569 Y112.5 E1300.15387
G1 X112.5 Y112.5 E1301.49346
G1 X112.5 Y122.572 E1302.83344
G1 X112.423 Y122.768 E1302.86146
G1 X112.256 Y122.93 E1302.89241
G1 X112.068 Y123 E1302.9191
G1 X108 Y123 E1303.46031
G1 X107.744 Y122.93 E1303.49562
G1 F1500 E1296.99562
G0 F9000 X105.9 Y122.93
G0 X106.972 Y123.528
G0 X115.93 Y124.43
G0 X116.5 Y125
G1 F1500 E1303.49562
G1 X116.502 Y120.951 E1304.0343
G1 X116.583 Y120.116 E1304.14591
G1 X116.839 Y119.275 E1304.26287
G1 X117.254 Y118.49 E1304.381
G1 X117.816 Y117.816 E1304.49775
G1 X118.49 Y117.254 E1304.6145
G1 X119.276 Y116.839 E1304.73275
G1 X120.129 Y116.583 E1304.85124
G1 X120.951 Y116.502 E1304.96113
G1 X125 Y116.5 E1305.49981
G1 X125 Y103.5 E1307.22934
G1 X120.949 Y103.498 E1307.76828
G1 X120.12 Y103.413 E1307.87915
G1 X119.281 Y103.163 E1307.99562
G1 X118.486 Y102.739 E1308.11549
G1 X117.816 Y102.18 E1308.23158
G1 X117.254 Y101.506 E1308.34833
G1 X116.839 Y100.72 E1308.46658
G1 X116.583 Y99.867 E1308.58507
G1 X116.502 Y99.049 E1308.69443
G1 X116.5 Y95 E1309.23311
G1 X103.5 Y95 E1310.96263
G1 X103.498 Y99.052 E1311.50171
G1 X103.413 Y99.867 E1311.61073
G1 X103.16 Y100.723 E1311.72948
G1 X102.738 Y101.51 E1311.84829
G1 X102.18 Y102.18 E1311.96429
G1 X101.51 Y102.738 E1312.08029
G1 X100.719 Y103.161 E1312.19963
G1 X99.867 Y103.413 E1312.31784
G1 X99.052 Y103.498 E1312.42685
G1 X95 Y103.5 E1312.96593
G1 X95 Y116.5 E1314.69546
G1 X99.049 Y116.502 E1315.23414
G1 X99.88 Y116.583 E1315.34522
G1 X100.721 Y116.839 E1315.46218
G1 X101.506 Y117.254 E1315.58031
G1 X102.18 Y117.816 E1315.69706
G1 X102.738 Y118.486 E1315.81306
G1 X103.159 Y119.272 E1315.93169
G1 X103.413 Y120.12 E1316.04946
G1 X103.498 Y120.949 E1316.16033
G1 X103.5 Y125 E1316.69928
G1 X116.5 Y125 E1318.4288
G0 F9000 X115.93 Y124.43
G0 X115.961 Y120.95
G0 X116.052 Y120.017
G0 X116.34 Y119.07
G0 X116.717 Y118.363
G0 X119.239 Y115.18
G0 X119.353 Y115.563
;TYPE:FILL
G1 F3000 X119.698 Y114.274 E1318.60633
G0 F9000 X113.031 Y121.096
G0 X113.028 Y123.528
G0 X106.972 Y123.528
G0 X105.9 Y115.675
G0 X106.299 Y115.675
G1 F3000 X102.657 Y116.651 E1319.10796
G0 F9000 X103.348 Y117.341
G1 F3000 X104.323 Y113.699 E1319.60955
G0 F9000 X104.323 Y114.1
G0 X100.909 Y115.226
G0 X100.794 Y115.608
G1 F3000 X100.188 Y115.002 E1319.72357
G0 F9000 X101.315 Y115.411
G0 X102.362 Y115.971
G0 X103.277 Y116.723
G0 X103.954 Y117.547
G0 X104.775 Y119.093
G0 X104.393 Y119.207
G1 F3000 X104.991 Y119.805 E1319.83608
G0 F9000 X104.992 Y119.81
G0 X98.87 Y113.032
G0 X96.472 Y113.028
G0 X96.472 Y106.972
G0 X98.855 Y106.968
G0 X104.819 Y100.76
G0 X104.437 Y100.645
G1 F3000 X105.728 Y100.299 E1320.0139
G0 F9000 X105.824 Y100.548
;MESH:NONMESH
G0 F300 X105.824 Y100.548 Z6.72
G0 F9000 X105.93 Y96.57
G0 X107.739 Y96.011
;TIME_ELAPSED:598.337961
;LAYER:20
;TYPE:WALL-INNER
;MESH:plate holder-Body.stl
G1 F1482.2 X108 Y96 E1320.04907
G1 F1500 X112 Y96 E1320.58123
G0 F9000 X113.028 Y96.472
G0 X116.806 Y101.803
G0 X117.434 Y102.566
G0 X122.972 Y106.972
G0 X123.528 Y106.972
G0 X124 Y108
G1 F1500 X124 Y104.5 E1321.04688
G1 X120.917 Y104.5 E1321.45704
G1 X120.063 Y104.413 E1321.57125
G1 X119.785 Y104.357 E1321.60897
G1 X119.037 Y104.134 E1321.71282
G1 X118.76 Y104.019 E1321.75272
G1 X118.064 Y103.647 E1321.85771
G1 X117.811 Y103.477 E1321.89826
G1 X117.112 Y102.886 E1322.02004
G1 X116.519 Y102.185 E1322.1422
G1 X116.345 Y101.926 E1322.18371
G1 X115.977 Y101.23 E1322.28845
G1 X115.869 Y100.966 E1322.3264
G1 X115.604 Y100.094 E1322.44765
G1 X115.5 Y99.077 E1322.58366
G1 X115.5 Y96 E1322.99302
G1 X112 Y96 E1323.45867
G1 X112.768 Y96.21 E1323.56459
G1 X113.268 Y96.697 E1323.65745
G1 X113.473 Y97.216 E1323.73169
G1 X113.5 Y97.5 E1323.76964
G1 X113.501 Y106.499 E1324.96688
G1 X122.5 Y106.5 E1326.16411
G1 X122.784 Y106.527 E1326.20206
G1 X123.303 Y106.731 E1326.27625
G1 X123.79 Y107.231 E1326.36911
G1 X124 Y108 E1326.47516
G1 X124 Y112 E1327.00733
G1 F1483.7 X123.989 Y112.261 E1327.04246
G0 F9000 X123.43 Y114.07
G0 X118.685 Y115.411
G0 X117.638 Y115.971
G0 X116.723 Y116.723
G0 X115.971 Y117.638
G0 X115.411 Y118.685
G0 X114.07 Y123.43
G0 X112.261 Y123.989
G1 F1482.2 X113.651 Y124 E1327.22961
G1 F1500 X115.5 Y124 E1327.47561
G1 X115.5 Y121 E1327.87473
G1 X115.583 Y120.071 E1327.99882
G1 X115.641 Y119.779 E1328.03842
G1 X115.869 Y119.03 E1328.14258
G1 X115.977 Y118.766 E1328.18053
G1 X116.345 Y118.07 E1328.28527
G1 X116.519 Y117.811 E1328.32679
G1 X117.111 Y117.111 E1328.44875
G1 X117.811 Y116.519 E1328.57072
G1 X118.07 Y116.345 E1328.61223
G1 X118.766 Y115.977 E1328.71698
G1 X119.03 Y115.869 E1328.75492
G1 X119.902 Y115.604 E1328.87617
G1 X120.924 Y115.5 E1329.01284
G1 X124 Y115.5 E1329.42208
G1 F1483.7 X123.989 Y112.261 E1329.85774
G1 F1477.8 X123.794 Y112.77 E1329.93134
G1 F1494 X123.303 Y113.268 E1330.02475
G1 F1500 X122.784 Y113.473 E1330.09899
G1 X122.5 Y113.5 E1330.13695
G1 X113.5 Y113.5 E1331.33431
G1 X113.5 Y122.5 E1332.53168
G1 X113.473 Y122.784 E1332.56963
G1 X113.268 Y123.303 E1332.64387
G1 F1492.5 X112.77 Y123.794 E1332.73738
G1 F1474.9 X112.261 Y123.989 E1332.81113
G1 F1482.2 X112 Y124 E1332.8463
G1 F1500 X108 Y124 E1333.37846
G1 X107.232 Y123.79 E1333.48439
G1 X106.732 Y123.303 E1333.57725
G1 X106.527 Y122.784 E1333.65149
G1 X106.5 Y122.5 E1333.68944
G1 X106.5 Y113.5 E1334.8868
G1 X97.5 Y113.5 E1336.08417
G1 X97.216 Y113.473 E1336.12212
G1 X96.697 Y113.268 E1336.19636
G1 F1492.5 X96.206 Y112.77 E1336.28987
G1 F1474.9 X96.011 Y112.261 E1336.36362
G1 F1482.2 X96 Y113.651 E1336.55077
G1 F1500 X96 Y115.5 E1336.79676
G1 X99.074 Y115.5 E1337.20573
G1 X99.926 Y115.583 E1337.31962
G1 X100.217 Y115.641 E1337.35909
G1 X100.966 Y115.869 E1337.46325
G1 X101.23 Y115.977 E1337.5012
G1 X101.926 Y116.345 E1337.60594
G1 X102.185 Y116.519 E1337.64746
G1 X102.886 Y117.112 E1337.76961
G1 X103.477 Y117.811 E1337.89139
G1 X103.647 Y118.064 E1337.93194
G1 X104.02 Y118.76 E1338.037
G1 X104.133 Y119.037 E1338.0768
G1 X104.357 Y119.785 E1338.18068
G1 X104.412 Y120.063 E1338.21838
G1 X104.5 Y120.915 E1338.33233
G1 X104.5 Y124 E1338.74276
G1 X108 Y124 E1339.20841
G0 F9000 X106.972 Y123.528
G0 X103.194 Y118.197
G0 X102.566 Y117.434
G0 X101.879 Y116.869
G0 X96.57 Y114.07
G0 X96.011 Y112.261
G1 F1482.2 X96 Y112 E1339.24358
G1 F1500 X96 Y108 E1339.77574
G1 X96.21 Y107.232 E1339.88167
G1 X96.697 Y106.732 E1339.97453
G1 X97.216 Y106.527 E1340.04876
G1 X97.5 Y106.5 E1340.08672
G1 X106.5 Y106.5 E1341.28408
G1 X106.5 Y97.5 E1342.48145
G1 X106.527 Y97.216 E1342.5194
G1 X106.732 Y96.697 E1342.59364
G1 F1492.5 X107.23 Y96.206 E1342.68715
G1 F1474.9 X107.739 Y96.011 E1342.7609
G1 F1482.2 X106.349 Y96 E1342.94805
G1 F1500 X104.5 Y96 E1343.19404
G1 X104.5 Y99.079 E1343.60367
G1 X104.392 Y100.093 E1343.73934
G1 X104.133 Y100.959 E1343.85959
G1 X104.02 Y101.236 E1343.8994
G1 X103.647 Y101.932 E1344.00445
G1 X103.477 Y102.185 E1344.045
G1 X102.885 Y102.885 E1344.16697
G1 X102.185 Y103.477 E1344.28894
G1 X101.932 Y103.647 E1344.32949
G1 X101.236 Y104.019 E1344.43448
G1 X100.959 Y104.133 E1344.47433
G1 X100.093 Y104.392 E1344.59459
G1 X99.079 Y104.5 E1344.73025
G1 X96 Y104.5 E1345.13989
G1 X96 Y108 E1345.60553
G1 F1500 E1339.10553
G0 F9000 X96.472 Y113.028
G0 X99.338 Y113.033
G0 X103.194 Y118.197
G0 X105.9 Y122.93
G0 X107.744 Y122.93
;TYPE:WALL-OUTER
G1 F1500 E1345.60553
G1 X107.577 Y122.768 E1345.63648
G1 X107.5 Y122.569 E1345.66487
G1 X107.5 Y112.5 E1347.00446
G1 X97.428 Y112.5 E1348.34444
G1 X97.232 Y112.423 E1348.37246
G1 X97.07 Y112.256 E1348.40341
G1 X97 Y112.068 E1348.4301
G1 X97 Y108 E1348.97131
G1 X97.07 Y107.744 E1349.00662
G1 X97.232 Y107.577 E1349.03757
G1 X97.431 Y107.5 E1349.06596
G1 X107.5 Y107.5 E1350.40554
G1 X107.5 Y97.428 E1351.74553
G1 X107.577 Y97.232 E1351.77354
G1 X107.744 Y97.07 E1351.8045
G1 X107.932 Y97 E1351.83119
G1 X112 Y97 E1352.3724
G1 X112.256 Y97.07 E1352.4077
G1 X112.423 Y97.232 E1352.43866
G1 X112.5 Y97.428 E1352.46667
G1 X112.501 Y107.499 E1353.80653
G1 X122.572 Y107.5 E1355.14638
G1 X122.768 Y107.577 E1355.17439
G1 X122.93 Y107.743 E1355.20525
G1 X123 Y108 E1355.24069
G1 X123 Y112.068 E1355.7819
G1 X122.93 Y112.256 E1355.80859
G1 X122.768 Y112.423 E1355.83954
G1 X122.569 Y112.5 E1355.86793
G1 X112.5 Y112.5 E1357.20751
G1 X112.5 Y122.572 E1358.5475
G1 X112.423 Y122.768 E1358.57551
G1 X112.256 Y122.93 E1358.60647
G1 X112.068 Y123 E1358.63316
G1 X108 Y123 E1359.17437
G1 X107.744 Y122.93 E1359.20967
G1 F1500 E1352.70967
G0 F9000 X105.9 Y122.93
G0 X106.972 Y123.528
G0 X115.93 Y124.43
G0 X116.5 Y125
G1 F1500 E1359.20967
G1 X116.502 Y120.951 E1359.74836
G1 X116.583 Y120.116 E1359.85997
G1 X116.839 Y119.275 E1359.97692
G1 X117.254 Y118.49 E1360.09505
G1 X117.816 Y117.816 E1360.21181
G1 X118.49 Y117.254 E1360.32856
G1 X119.276 Y116.839 E1360.44681
G1 X120.129 Y116.583 E1360.56529
G1 X120.951 Y116.502 E1360.67518
G1 X125 Y116.5 E1361.21386
G1 X125 Y103.5 E1362.94339
G1 X120.949 Y103.498 E1363.48234
G1 X120.12 Y103.413 E1363.59321
G1 X119.281 Y103.163 E1363.70968
G1 X118.486 Y102.739 E1363.82955
G1 X117.816 Y102.18 E1363.94563
G1 X117.254 Y101.506 E1364.06239
G1 X116.839 Y100.72 E1364.18064
G1 X116.583 Y99.867 E1364.29912
G1 X116.502 Y99.049 E1364.40848
G1 X116.5 Y95 E1364.94716
G1 X103.5 Y95 E1366.67669
G1 X103.498 Y99.052 E1367.21577
G1 X103.413 Y99.867 E1367.32478
G1 X103.16 Y100.723 E1367.44354
G1 X102.738 Y101.51 E1367.56234
G1 X102.18 Y102.18 E1367.67834
G1 X101.51 Y102.738 E1367.79435
G1 X100.719 Y103.161 E1367.91368
G1 X99.867 Y103.413 E1368.03189
G1 X99.052 Y103.498 E1368.14091
G1 X95 Y103.5 E1368.67999
G1 X95 Y116.5 E1370.40951
G1 X99.049 Y116.502 E1370.94819
G1 X99.88 Y116.583 E1371.05927
G1 X100.721 Y116.839 E1371.17623
G1 X101.506 Y117.254 E1371.29436
G1 X102.18 Y117.816 E1371.41111
G1 X102.738 Y118.486 E1371.52712
G1 X103.159 Y119.272 E1371.64574
G1 X103.413 Y120.12 E1371.76351
G1 X103.498 Y120.949 E1371.87438
G1 X103.5 Y125 E1372.41333
G1 X116.5 Y125 E1374.14286
G0 F9000 X115.93 Y124.43
G0 X115.961 Y120.95
G0 X116.052 Y120.017
G0 X116.34 Y119.07
G0 X116.717 Y118.363
G0 X118.984 Y115.257
G0 X119.098 Y115.64
;TYPE:FILL
G1 F3000 X119.615 Y113.713 E1374.40829
G0 F9000 X119.615 Y114.1
G0 X114.547 Y114.1
G0 X114.547 Y113.699
G1 F3000 X113.7 Y113.926 E1374.52495
G0 F9000 X114.07 Y114.07
G0 X113.028 Y123.528
G0 X106.972 Y123.528
G0 X105.9 Y115.909
G0 X106.3 Y115.909
G1 F3000 X102.869 Y116.828 E1374.99751
G1 X103.17 Y117.129
G1 X104.089 Y113.699 E1375.46993
G0 F9000 X104.089 Y114.1
G0 X101.489 Y115.435
G0 X101.297 Y115.792
G1 F3000 X100.23 Y114.724 E1375.67078
G0 F9000 X102.362 Y115.971
G0 X103.277 Y116.723
G0 X103.886 Y117.465
G0 X104.567 Y118.514
G0 X104.21 Y118.704
G1 F3000 X105.271 Y119.765 E1375.8704
G0 F9000 X99.057 Y113.032
G0 X96.472 Y113.028
G0 X96.472 Y106.972
G0 X105.93 Y105.93
G0 X106.072 Y106.3
G1 F3000 X106.3 Y105.45 E1375.98749
G0 F9000 X105.9 Y105.45
G0 X104.742 Y101.015
G0 X104.36 Y100.9
G1 F3000 X106.291 Y100.382 E1376.25347
G0 F9000 X105.801 Y100.625
;MESH:NONMESH
G0 F300 X105.801 Y100.625 Z7.04
G0 F9000 X105.93 Y96.57
G0 X107.739 Y96.011
;TIME_ELAPSED:623.286876
;LAYER:21
;TYPE:WALL-INNER
;MESH:plate holder-Body.stl
G1 F1482.2 X108 Y96 E1376.28864
G1 F1500 X112 Y96 E1376.8208
G0 F9000 X115.028 Y96.472
G0 X116.34 Y100.93
G0 X116.806 Y101.803
G0 X117.434 Y102.566
G0 X118.197 Y103.194
G0 X120.973 Y104.972
G0 X123.528 Y104.972
G0 X124 Y108
G1 F1500 X124 Y104.5 E1377.28645
G1 X120.917 Y104.5 E1377.69661
G1 X120.063 Y104.413 E1377.81081
G1 X119.785 Y104.357 E1377.84854
G1 X119.037 Y104.134 E1377.95238
G1 X118.76 Y104.019 E1377.99229
G1 X118.064 Y103.647 E1378.09728
G1 X117.811 Y103.477 E1378.13783
G1 X117.112 Y102.886 E1378.25961
G1 X116.519 Y102.185 E1378.38177
G1 X116.345 Y101.926 E1378.42328
G1 X115.977 Y101.23 E1378.52802
G1 X115.869 Y100.966 E1378.56597
G1 X115.604 Y100.094 E1378.68722
G1 X115.5 Y99.077 E1378.82323
G1 X115.5 Y96 E1379.23259
G1 X112 Y96 E1379.69823
G1 X112.768 Y96.21 E1379.80416
G1 X113.268 Y96.697 E1379.89702
G1 X113.473 Y97.216 E1379.97126
G1 X113.5 Y97.5 E1380.00921
G1 X113.501 Y106.499 E1381.20644
G1 X122.5 Y106.5 E1382.40368
G1 X122.784 Y106.527 E1382.44163
G1 X123.303 Y106.731 E1382.51582
G1 X123.79 Y107.231 E1382.60868
G1 X124 Y108 E1382.71473
G1 X124 Y112 E1383.2469
G1 F1483.7 X123.989 Y112.261 E1383.28203
G0 F9000 X123.528 Y115.028
G0 X119.07 Y116.34
G0 X118.197 Y116.806
G0 X117.434 Y117.434
G0 X116.806 Y118.197
G0 X115.029 Y121.221
G0 X115.028 Y123.528
G0 X112.261 Y123.989
G1 F1482.2 X113.651 Y124 E1383.46918
G1 F1500 X115.5 Y124 E1383.71518
G1 X115.5 Y121 E1384.1143
G1 X115.583 Y120.071 E1384.23838
G1 X115.641 Y119.779 E1384.27799
G1 X115.869 Y119.03 E1384.38215
G1 X115.977 Y118.766 E1384.4201
G1 X116.345 Y118.07 E1384.52484
G1 X116.519 Y117.811 E1384.56635
G1 X117.111 Y117.111 E1384.68832
G1 X117.811 Y116.519 E1384.81029
G1 X118.07 Y116.345 E1384.8518
G1 X118.766 Y115.977 E1384.95654
G1 X119.03 Y115.869 E1384.99449
G1 X119.902 Y115.604 E1385.11574
G1 X120.924 Y115.5 E1385.25241
G1 X124 Y115.5 E1385.66164
G1 F1483.7 X123.989 Y112.261 E1386.09731
G1 F1477.8 X123.794 Y112.77 E1386.17091
G1 F1494 X123.303 Y113.268 E1386.26432
G1 F1500 X122.784 Y113.473 E1386.33856
G1 X122.5 Y113.5 E1386.37652
G1 X113.5 Y113.5 E1387.57388
G1 X113.5 Y122.5 E1388.77125
G1 X113.473 Y122.784 E1388.8092
G1 X113.268 Y123.303 E1388.88344
G1 F1492.5 X112.77 Y123.794 E1388.97695
G1 F1474.9 X112.261 Y123.989 E1389.0507
G1 F1482.2 X112 Y124 E1389.08587
G1 F1500 X108 Y124 E1389.61803
G1 X107.232 Y123.79 E1389.72396
G1 X106.732 Y123.303 E1389.81681
G1 X106.527 Y122.784 E1389.89105
G1 X106.5 Y122.5 E1389.92901
G1 X106.5 Y113.5 E1391.12637
G1 X97.5 Y113.5 E1392.32374
G1 X97.216 Y113.473 E1392.36169
G1 X96.697 Y113.268 E1392.43593
G1 F1492.5 X96.206 Y112.77 E1392.52944
G1 F1474.9 X96.011 Y112.261 E1392.60319
G1 F1482.2 X96 Y113.651 E1392.79034
G1 F1500 X96 Y115.5 E1393.03633
G1 X99.074 Y115.5 E1393.4453
G1 X99.926 Y115.583 E1393.55918
G1 X100.217 Y115.641 E1393.59866
G1 X100.966 Y115.869 E1393.70282
G1 X101.23 Y115.977 E1393.74077
G1 X101.926 Y116.345 E1393.84551
G1 X102.185 Y116.519 E1393.88702
G1 X102.886 Y117.112 E1394.00918
G1 X103.477 Y117.811 E1394.13096
G1 X103.647 Y118.064 E1394.17151
G1 X104.02 Y118.76 E1394.27657
G1 X104.133 Y119.037 E1394.31637
G1 X104.357 Y119.785 E1394.42025
G1 X104.412 Y120.063 E1394.45795
G1 X104.5 Y120.915 E1394.5719
G1 X104.5 Y124 E1394.98233
G1 X108 Y124 E1395.44798
G0 F9000 X104.972 Y123.528
G0 X103.66 Y119.07
G0 X103.194 Y118.197
G0 X102.566 Y117.434
G0 X101.803 Y116.806
G0 X98.837 Y115.027
G0 X96.472 Y115.028
G0 X96.011 Y112.261
G1 F1482.2 X96 Y112 E1395.48315
G1 F1500 X96 Y108 E1396.01531
G1 X96.21 Y107.232 E1396.12123
G1 X96.697 Y106.732 E1396.21409
G1 X97.216 Y106.527 E1396.28833
G1 X97.5 Y106.5 E1396.32629
G1 X106.5 Y106.5 E1397.52365
G1 X106.5 Y97.5 E1398.72102
G1 X106.527 Y97.216 E1398.75897
G1 X106.732 Y96.697 E1398.83321
G1 F1492.5 X107.23 Y96.206 E1398.92672
G1 F1474.9 X107.739 Y96.011 E1399.00047
G1 F1482.2 X106.349 Y96 E1399.18762
G1 F1500 X104.5 Y96 E1399.43361
G1 X104.5 Y99.079 E1399.84324
G1 X104.392 Y100.093 E1399.97891
G1 X104.133 Y100.959 E1400.09916
G1 X104.02 Y101.236 E1400.13896
G1 X103.647 Y101.932 E1400.24402
G1 X103.477 Y102.185 E1400.28457
G1 X102.885 Y102.885 E1400.40654
G1 X102.185 Y103.477 E1400.52851
G1 X101.932 Y103.647 E1400.56906
G1 X101.236 Y104.019 E1400.67405
G1 X100.959 Y104.133 E1400.7139
G1 X100.093 Y104.392 E1400.83416
G1 X99.079 Y104.5 E1400.96982
G1 X96 Y104.5 E1401.37945
G1 X96 Y108 E1401.8451
G1 F1500 E1395.3451
G0 F9000 X96.472 Y115.028
G0 X101.834 Y115.75
G0 X104.961 Y120.886
G0 X104.972 Y123.528
G0 X107.744 Y123.6
G0 X107.744 Y122.93
;TYPE:WALL-OUTER
G1 F1500 E1401.8451
G1 X107.577 Y122.768 E1401.87605
G1 X107.5 Y122.569 E1401.90444
G1 X107.5 Y112.5 E1403.24402
G1 X97.428 Y112.5 E1404.58401
G1 X97.232 Y112.423 E1404.61202
G1 X97.07 Y112.256 E1404.64298
G1 X97 Y112.068 E1404.66967
G1 X97 Y108 E1405.21088
G1 X97.07 Y107.744 E1405.24618
G1 X97.232 Y107.577 E1405.27714
G1 X97.431 Y107.5 E1405.30553
G1 X107.5 Y107.5 E1406.64511
G1 X107.5 Y97.428 E1407.9851
G1 X107.577 Y97.232 E1408.01311
G1 X107.744 Y97.07 E1408.04407
G1 X107.932 Y97 E1408.07075
G1 X112 Y97 E1408.61196
G1 X112.256 Y97.07 E1408.64727
G1 X112.423 Y97.232 E1408.67823
G1 X112.5 Y97.428 E1408.70624
G1 X112.501 Y107.499 E1410.04609
G1 X122.572 Y107.5 E1411.38594
G1 X122.768 Y107.577 E1411.41396
G1 X122.93 Y107.743 E1411.44482
G1 X123 Y108 E1411.48026
G1 X123 Y112.068 E1412.02147
G1 X122.93 Y112.256 E1412.04815
G1 X122.768 Y112.423 E1412.07911
G1 X122.569 Y112.5 E1412.1075
G1 X112.5 Y112.5 E1413.44708
G1 X112.5 Y122.572 E1414.78707
G1 X112.423 Y122.768 E1414.81508
G1 X112.256 Y122.93 E1414.84604
G1 X112.068 Y123 E1414.87272
G1 X108 Y123 E1415.41393
G1 X107.744 Y122.93 E1415.44924
G1 F1500 E1408.94924
G0 F9000 X107.744 Y123.6
G0 X115.93 Y124.43
G0 X116.5 Y125
G1 F1500 E1415.44924
G1 X116.502 Y120.951 E1415.98792
G1 X116.583 Y120.116 E1416.09953
G1 X116.839 Y119.275 E1416.21649
G1 X117.254 Y118.49 E1416.33462
G1 X117.816 Y117.816 E1416.45137
G1 X118.49 Y117.254 E1416.56813
G1 X119.276 Y116.839 E1416.68638
G1 X120.129 Y116.583 E1416.80486
G1 X120.951 Y116.502 E1416.91475
G1 X125 Y116.5 E1417.45343
G1 X125 Y103.5 E1419.18296
G1 X120.949 Y103.498 E1419.72191
G1 X120.12 Y103.413 E1419.83277
G1 X119.281 Y103.163 E1419.94925
G1 X118.486 Y102.739 E1420.06911
G1 X117.816 Y102.18 E1420.1852
G1 X117.254 Y101.506 E1420.30195
G1 X116.839 Y100.72 E1420.4202
G1 X116.583 Y99.867 E1420.53869
G1 X116.502 Y99.049 E1420.64805
G1 X116.5 Y95 E1421.18673
G1 X103.5 Y95 E1422.91626
G1 X103.498 Y99.052 E1423.45534
G1 X103.413 Y99.867 E1423.56435
G1 X103.16 Y100.723 E1423.68311
G1 X102.738 Y101.51 E1423.80191
G1 X102.18 Y102.18 E1423.91791
G1 X101.51 Y102.738 E1424.03392
G1 X100.719 Y103.161 E1424.15325
G1 X99.867 Y103.413 E1424.27146
G1 X99.052 Y103.498 E1424.38047
G1 X95 Y103.5 E1424.91955
G1 X95 Y116.5 E1426.64908
G1 X99.049 Y116.502 E1427.18776
G1 X99.88 Y116.583 E1427.29884
G1 X100.721 Y116.839 E1427.4158
G1 X101.506 Y117.254 E1427.53393
G1 X102.18 Y117.816 E1427.65068
G1 X102.738 Y118.486 E1427.76669
G1 X103.159 Y119.272 E1427.88531
G1 X103.413 Y120.12 E1428.00308
G1 X103.498 Y120.949 E1428.11395
G1 X103.5 Y125 E1428.6529
G1 X116.5 Y125 E1430.38242
G0 F9000 X115.93 Y124.43
G0 X115.961 Y120.95
G0 X116.052 Y120.017
G0 X116.34 Y119.07
G0 X116.806 Y118.197
G0 X117.434 Y117.434
G0 X118.197 Y116.806
G0 X119.07 Y116.34
G0 X123.528 Y115.028
G0 X123.522 Y113.685
G0 X122.856 Y113.867
G0 X122.976 Y114.476
;TYPE:SKIN
G1 F1222.5 X122.551 Y114.499 E1430.4519
G1 F1244.8 X120.836 Y114.501 E1430.72684
G1 F1193.3 X119.751 Y114.556 E1430.90852
G0 F9000 X119.746 Y115.232
G0 X123.528 Y115.028
G0 X123.522 Y113.685
G0 X115.698 Y113.9
G0 X115.698 Y115.457
G1 F1056.3 X115.522 Y115.457 E1430.94177
G1 X115.433 Y115.61 E1430.97521
G1 X115.522 Y115.763 E1431.00865
G1 X115.698 Y115.763 E1431.0419
G1 X115.787 Y115.61 E1431.07534
G0 F9000 X116.973 Y116.696
G0 X115.183 Y120.038
G0 X114.548 Y119.908
G1 F1220.5 X114.481 Y119.461 E1431.14924
G1 F1387.6 X114.401 Y118.683 E1431.26172
G1 F1500 X114.4 Y114.4 E1431.83153
G1 X118.691 Y114.4 E1432.40241
G1 F1392.8 X119.731 Y114.553 E1432.55303
G1 X118.781 Y115.002 E1432.70359
G1 F1500 X118.339 Y115.185 E1432.76723
G1 X117.655 Y115.545 E1432.87007
G1 X117.269 Y115.8 E1432.93162
G1 X116.466 Y116.466 E1433.07041
G1 X115.831 Y117.228 E1433.20237
G1 X115.572 Y117.609 E1433.26366
G1 X115.165 Y118.381 E1433.37977
G1 F1435.4 X114.921 Y118.965 E1433.46776
G1 F1319.3 X114.676 Y119.55 E1433.5637
G1 F1210.7 X114.548 Y119.908 E1433.62637
G1 F1200 X114.501 Y120.851 E1433.78339
G1 F1246.9 X114.499 Y122.551 E1434.05547
G1 F1224.5 X114.476 Y122.976 E1434.12484
G0 F9000 X113.867 Y122.856
G0 X113.028 Y123.528
G0 X104.972 Y123.528
G0 X103.805 Y117.447
G0 X99.101 Y115.039
G0 X96.472 Y115.028
G0 X96.478 Y113.685
G0 X97.144 Y113.867
G0 X97.024 Y114.476
G1 F1223.5 X97.449 Y114.499 E1434.19426
G1 F1245.8 X99.149 Y114.501 E1434.46657
G1 F1200 X100.092 Y114.548 E1434.62358
G0 F9000 X99.957 Y115.182
G0 X102.761 Y116.478
G0 X104.473 Y115.461
G1 F1049 X104.296 Y115.461 E1434.65726
G1 X104.207 Y115.615 E1434.69109
G1 X104.297 Y115.769 E1434.72503
G1 X104.474 Y115.769 E1434.7587
G1 X104.563 Y115.615 E1434.79254
G0 F9000 X103.569 Y117.296
G0 X104.869 Y120.593
G0 X105.449 Y119.895
G1 F1204.8 X105.317 Y119.542 E1434.85497
G1 F1371.1 X104.999 Y118.794 E1434.97326
G1 F1500 X104.827 Y118.366 E1435.03463
G1 X104.445 Y117.647 E1435.14295
G1 X104.195 Y117.272 E1435.20291
G1 X103.527 Y116.471 E1435.34167
G1 X102.765 Y115.832 E1435.47398
G1 X102.383 Y115.572 E1435.53545
G1 X101.658 Y115.185 E1435.64479
G1 X101.255 Y115.017 E1435.70287
G1 F1374.9 X100.45 Y114.676 E1435.82977
G1 F1210.7 X100.092 Y114.548 E1435.89244
G1 F1220.5 X100.54 Y114.481 E1435.96651
G1 F1387.6 X101.302 Y114.4 E1436.07671
G1 F1500 X105.6 Y114.4 E1436.64852
G1 X105.6 Y118.707 E1437.22152
G1 F1382.5 X105.515 Y119.466 E1437.33177
G1 F1213.6 X105.449 Y119.895 E1437.40314
G1 F1197.1 X105.498 Y120.822 E1437.55789
G1 F1244.8 X105.501 Y122.551 E1437.83507
G1 F1222.5 X105.524 Y122.976 E1437.90455
G0 F9000 X106.133 Y122.856
G0 X106.315 Y123.522
G0 X104.972 Y123.528
G0 X104.964 Y120.681
G0 X101.447 Y115.571
G0 X96.472 Y115.028
G0 X96.472 Y106.972
G0 X97.144 Y106.133
G0 X97.024 Y105.524
G1 F1223.5 X97.449 Y105.501 E1437.97398
G1 F1247.9 X99.1 Y105.5 E1438.23799
G1 F1190.5 X100.239 Y105.44 E1438.42919
G0 F9000 X99.138 Y104.896
G0 X101.803 Y103.194
G0 X102.566 Y102.566
G0 X103.194 Y101.803
G0 X104.974 Y98.428
G0 X104.972 Y96.472
G0 X106.315 Y96.478
G0 X106.133 Y97.144
G0 X105.524 Y97.024
G1 F1223.5 X105.501 Y97.449 E1438.49861
G1 F1245.8 X105.498 Y99.167 E1438.7738
G1 F1188.6 X105.44 Y100.282 E1438.96126
G0 F9000 X106.1 Y100.282
G0 X106.1 Y104.229
G0 X104.473 Y104.229
G1 F1047.5 X104.295 Y104.229 E1438.99517
G1 X104.205 Y104.384 E1439.02932
G1 X104.295 Y104.539 E1439.06347
G1 X104.473 Y104.539 E1439.09738
G1 X104.563 Y104.384 E1439.13153
G0 F9000 X106.1 Y104.384
G0 X106.1 Y105.6
G0 X105.6 Y105.6
G1 F1500 X101.299 Y105.6 E1439.70373
G1 F1388.9 X100.769 Y105.52 E1439.78075
G1 F1209.7 X100.239 Y105.44 E1439.86917
G1 X100.725 Y105.218 E1439.95732
G1 F1388.9 X101.211 Y104.995 E1440.03415
G1 F1500 X101.617 Y104.83 E1440.09245
G1 X102.351 Y104.442 E1440.20291
G1 X102.723 Y104.196 E1440.26224
G1 X103.526 Y103.526 E1440.40138
G1 X104.197 Y102.722 E1440.5407
G1 X104.421 Y102.386 E1440.59442
G1 X104.805 Y101.678 E1440.70158
G1 X104.999 Y101.204 E1440.76972
G1 F1388.9 X105.219 Y100.743 E1440.84311
G1 F1209.7 X105.44 Y100.282 E1440.92745
G1 X105.52 Y100.787 E1441.0118
G1 F1388.9 X105.6 Y101.292 E1441.08526
G1 F1500 X105.6 Y105.6 E1441.6584
G1 F1500 E1435.1584
G0 F9000 X106.1 Y105.6
G0 X106.972 Y96.472
G0 X113.028 Y96.472
G0 X113.973 Y106.027
G0 X122.399 Y106.099
G0 X122.976 Y105.524
G1 F1500 E1441.6584
G1 F1223.5 X122.547 Y105.501 E1441.72848
G1 F1246.9 X120.833 Y105.498 E1442.0028
G1 F1198.1 X119.9 Y105.447 E1442.15844
G0 F9000 X119.898 Y106.099
G0 X123.522 Y106.314
G0 X123.528 Y104.972
G0 X118.808 Y104.554
G0 X116.806 Y101.803
G0 X115.039 Y99.094
G0 X115.028 Y96.472
G0 X113.685 Y96.478
G0 X113.9 Y97.6
G0 X114.476 Y97.024
G1 F1224.5 X114.499 Y97.449 E1442.2278
G1 F1249 X114.5 Y99.092 E1442.49032
G1 F1195.2 X114.556 Y100.233 E1442.68106
G0 F9000 X113.9 Y100.233
G0 X113.685 Y96.478
G0 X115.028 Y96.472
G0 X116.466 Y102.746
G0 X115.698 Y104.23
G1 F1054.9 X115.522 Y104.23 E1442.71436
G1 X115.433 Y104.383 E1442.74784
G1 X115.522 Y104.536 E1442.78133
G1 X115.698 Y104.536 E1442.81463
G1 X115.787 Y104.383 E1442.84811
G0 F9000 X117.3 Y103.572
G0 X123.528 Y104.972
G0 X123.522 Y106.314
G0 X113.973 Y106.027
G0 X113.9 Y105.596
G0 X114.4 Y105.596
G1 F1500 X114.401 Y101.308 E1443.41859
G1 F1392.8 X114.553 Y100.252 E1443.57146
G1 X115.005 Y101.218 E1443.72427
G1 F1500 X115.185 Y101.658 E1443.78752
G1 X115.572 Y102.383 E1443.89686
G1 X115.8 Y102.723 E1443.95132
G1 X116.467 Y103.527 E1444.0903
G1 X117.232 Y104.165 E1444.22283
G1 X117.601 Y104.416 E1444.2822
G1 X118.38 Y104.835 E1444.39988
G1 X118.776 Y104.996 E1444.45675
G1 F1368.6 X119.558 Y105.326 E1444.58051
G1 F1202.9 X119.9 Y105.447 E1444.6407
G1 F1212.6 X119.474 Y105.512 E1444.71161
G1 F1381.2 X118.689 Y105.597 E1444.8257
G1 F1500 X114.4 Y105.596 E1445.39631
;MESH:NONMESH
G0 F300 X114.4 Y105.596 Z7.36
G0 F9000 X113.9 Y105.596
G0 X113.028 Y96.472
G0 X107.739 Y96.011
;TIME_ELAPSED:659.038254
;LAYER:22
;TYPE:WALL-INNER
;MESH:plate holder-Body.stl
G1 F1482.2 X108 Y96 E1445.43148
G1 F1500 X112 Y96 E1445.96364
G0 F9000 X115.028 Y96.472
G0 X116.34 Y100.93
G0 X116.806 Y101.803
G0 X117.434 Y102.566
G0 X118.197 Y103.194
G0 X120.973 Y104.972
G0 X123.528 Y104.972
G0 X124 Y108
G1 F1500 X124 Y104.5 E1446.42928
G1 X120.917 Y104.5 E1446.83945
G1 X120.063 Y104.413 E1446.95365
G1 X119.785 Y104.357 E1446.99138
G1 X119.037 Y104.134 E1447.09522
G1 X118.76 Y104.019 E1447.13512
G1 X118.064 Y103.647 E1447.24012
G1 X117.811 Y103.477 E1447.28067
G1 X117.112 Y102.886 E1447.40245
G1 X116.519 Y102.185 E1447.5246
G1 X116.345 Y101.926 E1447.56611
G1 X115.977 Y101.23 E1447.67086
G1 X115.869 Y100.966 E1447.70881
G1 X115.604 Y100.094 E1447.83006
G1 X115.5 Y99.077 E1447.96606
G1 X115.5 Y96 E1448.37543
G1 X112 Y96 E1448.84107
G1 X112.768 Y96.21 E1448.947
G1 X113.268 Y96.697 E1449.03986
G1 X113.473 Y97.216 E1449.1141
G1 X113.5 Y97.5 E1449.15205
G1 X113.501 Y106.499 E1450.34928
G1 X122.5 Y106.5 E1451.54651
G1 X122.784 Y106.527 E1451.58447
G1 X123.303 Y106.731 E1451.65866
G1 X123.79 Y107.231 E1451.75152
G1 X124 Y108 E1451.85757
G1 X124 Y112 E1452.38973
G1 F1483.7 X123.989 Y112.261 E1452.42487
G0 F9000 X123.528 Y115.028
G0 X119.07 Y116.34
G0 X118.197 Y116.806
G0 X117.434 Y117.434
G0 X116.806 Y118.197
G0 X115.029 Y121.221
G0 X115.028 Y123.528
G0 X112.261 Y123.989
G1 F1482.2 X113.651 Y124 E1452.61202
G1 F1500 X115.5 Y124 E1452.85801
G1 X115.5 Y121 E1453.25713
G1 X115.583 Y120.071 E1453.38122
G1 X115.641 Y119.779 E1453.42083
G1 X115.869 Y119.03 E1453.52499
G1 X115.977 Y118.766 E1453.56294
G1 X116.345 Y118.07 E1453.66768
G1 X116.519 Y117.811 E1453.70919
G1 X117.111 Y117.111 E1453.83116
G1 X117.811 Y116.519 E1453.95313
G1 X118.07 Y116.345 E1453.99464
G1 X118.766 Y115.977 E1454.09938
G1 X119.03 Y115.869 E1454.13733
G1 X119.902 Y115.604 E1454.25858
G1 X120.924 Y115.5 E1454.39525
G1 X124 Y115.5 E1454.80448
G1 F1483.7 X123.989 Y112.261 E1455.24014
G1 F1477.8 X123.794 Y112.77 E1455.31375
G1 F1494 X123.303 Y113.268 E1455.40716
G1 F1500 X122.784 Y113.473 E1455.4814
G1 X122.5 Y113.5 E1455.51935
G1 X113.5 Y113.5 E1456.71672
G1 X113.5 Y122.5 E1457.91408
G1 X113.473 Y122.784 E1457.95204
G1 X113.268 Y123.303 E1458.02628
G1 F1492.5 X112.77 Y123.794 E1458.11978
G1 F1474.9 X112.261 Y123.989 E1458.19353
G1 F1482.2 X112 Y124 E1458.2287
G1 F1500 X108 Y124 E1458.76087
G1 X107.232 Y123.79 E1458.86679
G1 X106.732 Y123.303 E1458.95965
G1 X106.527 Y122.784 E1459.03389
G1 X106.5 Y122.5 E1459.07184
G1 X106.5 Y113.5 E1460.26921
G1 X97.5 Y113.5 E1461.46657
G1 X97.216 Y113.473 E1461.50453
G1 X96.697 Y113.268 E1461.57877
G1 F1492.5 X96.206 Y112.77 E1461.67227
G1 F1474.9 X96.011 Y112.261 E1461.74602
G1 F1482.2 X96 Y113.651 E1461.93318
G1 F1500 X96 Y115.5 E1462.17917
G1 X99.074 Y115.5 E1462.58813
G1 X99.926 Y115.583 E1462.70202
G1 X100.217 Y115.641 E1462.7415
G1 X100.966 Y115.869 E1462.84566
G1 X101.23 Y115.977 E1462.88361
G1 X101.926 Y116.345 E1462.98835
G1 X102.185 Y116.519 E1463.02986
G1 X102.886 Y117.112 E1463.15202
G1 X103.477 Y117.811 E1463.2738
G1 X103.647 Y118.064 E1463.31435
G1 X104.02 Y118.76 E1463.4194
G1 X104.133 Y119.037 E1463.4592
G1 X104.357 Y119.785 E1463.56308
G1 X104.412 Y120.063 E1463.60079
G1 X104.5 Y120.915 E1463.71474
G1 X104.5 Y124 E1464.12517
G1 X108 Y124 E1464.59081
G0 F9000 X104.972 Y123.528
G0 X103.66 Y119.07
G0 X103.194 Y118.197
G0 X102.566 Y117.434
G0 X101.803 Y116.806
G0 X98.837 Y115.027
G0 X96.472 Y115.028
G0 X96.011 Y112.261
G1 F1482.2 X96 Y112 E1464.62598
G1 F1500 X96 Y108 E1465.15815
G1 X96.21 Y107.232 E1465.26407
G1 X96.697 Y106.732 E1465.35693
G1 X97.216 Y106.527 E1465.43117
G1 X97.5 Y106.5 E1465.46912
G1 X106.5 Y106.5 E1466.66649
G1 X106.5 Y97.5 E1467.86385
G1 X106.527 Y97.216 E1467.90181
G1 X106.732 Y96.697 E1467.97605
G1 F1492.5 X107.23 Y96.206 E1468.06955
G1 F1474.9 X107.739 Y96.011 E1468.1433
G1 F1482.2 X106.349 Y96 E1468.33045
G1 F1500 X104.5 Y96 E1468.57645
G1 X104.5 Y99.079 E1468.98608
G1 X104.392 Y100.093 E1469.12174
G1 X104.133 Y100.959 E1469.242
G1 X104.02 Y101.236 E1469.2818
G1 X103.647 Y101.932 E1469.38686
G1 X103.477 Y102.185 E1469.42741
G1 X102.885 Y102.885 E1469.54938
G1 X102.185 Y103.477 E1469.67134
G1 X101.932 Y103.647 E1469.71189
G1 X101.236 Y104.019 E1469.81689
G1 X100.959 Y104.133 E1469.85674
G1 X100.093 Y104.392 E1469.97699
G1 X99.079 Y104.5 E1470.11266
G1 X96 Y104.5 E1470.52229
G1 X96 Y108 E1470.98793
G1 F1500 E1464.48793
G0 F9000 X96.472 Y115.028
G0 X101.834 Y115.75
G0 X104.961 Y120.886
G0 X104.972 Y123.528
G0 X107.744 Y123.6
G0 X107.744 Y122.93
;TYPE:WALL-OUTER
G1 F1500 E1470.98793
G1 X107.577 Y122.768 E1471.01889
G1 X107.5 Y122.569 E1471.04728
G1 X107.5 Y112.5 E1472.38686
G1 X97.428 Y112.5 E1473.72685
G1 X97.232 Y112.423 E1473.75486
G1 X97.07 Y112.256 E1473.78581
G1 X97 Y112.068 E1473.8125
G1 X97 Y108 E1474.35371
G1 X97.07 Y107.744 E1474.38902
G1 X97.232 Y107.577 E1474.41998
G1 X97.431 Y107.5 E1474.44836
G1 X107.5 Y107.5 E1475.78795
G1 X107.5 Y97.428 E1477.12793
G1 X107.577 Y97.232 E1477.15595
G1 X107.744 Y97.07 E1477.1869
G1 X107.932 Y97 E1477.21359
G1 X112 Y97 E1477.7548
G1 X112.256 Y97.07 E1477.79011
G1 X112.423 Y97.232 E1477.82106
G1 X112.5 Y97.428 E1477.84908
G1 X112.501 Y107.499 E1479.18893
G1 X122.572 Y107.5 E1480.52878
G1 X122.768 Y107.577 E1480.5568
G1 X122.93 Y107.743 E1480.58766
G1 X123 Y108 E1480.62309
G1 X123 Y112.068 E1481.1643
G1 X122.93 Y112.256 E1481.19099
G1 X122.768 Y112.423 E1481.22195
G1 X122.569 Y112.5 E1481.25033
G1 X112.5 Y112.5 E1482.58992
G1 X112.5 Y122.572 E1483.9299
G1 X112.423 Y122.768 E1483.95792
G1 X112.256 Y122.93 E1483.98887
G1 X112.068 Y123 E1484.01556
G1 X108 Y123 E1484.55677
G1 X107.744 Y122.93 E1484.59208
G1 F1500 E1478.09208
G0 F9000 X107.744 Y123.6
G0 X115.93 Y124.43
G0 X116.5 Y125
G1 F1500 E1484.59208
G1 X116.502 Y120.951 E1485.13076
G1 X116.583 Y120.116 E1485.24237
G1 X116.839 Y119.275 E1485.35933
G1 X117.254 Y118.49 E1485.47746
G1 X117.816 Y117.816 E1485.59421
G1 X118.49 Y117.254 E1485.71096
G1 X119.276 Y116.839 E1485.82921
G1 X120.129 Y116.583 E1485.9477
G1 X120.951 Y116.502 E1486.05759
G1 X125 Y116.5 E1486.59627
G1 X125 Y103.5 E1488.3258
G1 X120.949 Y103.498 E1488.86474
G1 X120.12 Y103.413 E1488.97561
G1 X119.281 Y103.163 E1489.09208
G1 X118.486 Y102.739 E1489.21195
G1 X117.816 Y102.18 E1489.32804
G1 X117.254 Y101.506 E1489.44479
G1 X116.839 Y100.72 E1489.56304
G1 X116.583 Y99.867 E1489.68153
G1 X116.502 Y99.049 E1489.79089
G1 X116.5 Y95 E1490.32957
G1 X103.5 Y95 E1492.05909
G1 X103.498 Y99.052 E1492.59817
G1 X103.413 Y99.867 E1492.70719
G1 X103.16 Y100.723 E1492.82594
G1 X102.738 Y101.51 E1492.94475
G1 X102.18 Y102.18 E1493.06075
G1 X101.51 Y102.738 E1493.17675
G1 X100.719 Y103.161 E1493.29609
G1 X99.867 Y103.413 E1493.41429
G1 X99.052 Y103.498 E1493.52331
G1 X95 Y103.5 E1494.06239
G1 X95 Y116.5 E1495.79192
G1 X99.049 Y116.502 E1496.3306
G1 X99.88 Y116.583 E1496.44168
G1 X100.721 Y116.839 E1496.55864
G1 X101.506 Y117.254 E1496.67677
G1 X102.18 Y117.816 E1496.79352
G1 X102.738 Y118.486 E1496.90952
G1 X103.159 Y119.272 E1497.02815
G1 X103.413 Y120.12 E1497.14592
G1 X103.498 Y120.949 E1497.25679
G1 X103.5 Y125 E1497.79573
G1 X116.5 Y125 E1499.52526
G0 F9000 X115.93 Y124.43
G0 X115.961 Y120.95
G0 X116.052 Y120.017
G0 X116.34 Y119.07
G0 X116.806 Y118.197
G0 X117.434 Y117.434
G0 X118.197 Y116.806
G0 X119.07 Y116.34
G0 X123.528 Y115.028
G0 X123.522 Y113.685
G0 X122.856 Y113.867
G0 X122.976 Y114.476
;TYPE:SKIN
G1 F1222.5 X122.551 Y114.499 E1499.59474
G1 F1244.8 X120.836 Y114.501 E1499.86968
G1 F1193.3 X119.751 Y114.556 E1500.05136
G0 F9000 X119.746 Y115.232
G0 X123.528 Y115.028
G0 X123.522 Y113.685
G0 X115.698 Y113.9
G0 X115.698 Y115.457
G1 F1056.3 X115.522 Y115.457 E1500.08461
G1 X115.433 Y115.61 E1500.11805
G1 X115.522 Y115.763 E1500.15149
G1 X115.698 Y115.763 E1500.18474
G1 X115.787 Y115.61 E1500.21817
G0 F9000 X116.973 Y116.696
G0 X115.183 Y120.038
G0 X114.548 Y119.908
G1 F1220.5 X114.481 Y119.461 E1500.29208
G1 F1387.6 X114.401 Y118.683 E1500.40456
G1 F1500 X114.4 Y114.4 E1500.97437
G1 X118.691 Y114.4 E1501.54525
G1 F1392.8 X119.731 Y114.553 E1501.69587
G1 X118.781 Y115.002 E1501.84643
G1 F1500 X118.339 Y115.185 E1501.91007
G1 X117.655 Y115.545 E1502.0129
G1 X117.269 Y115.8 E1502.07445
G1 X116.466 Y116.466 E1502.21325
G1 X115.831 Y117.228 E1502.34521
G1 X115.572 Y117.609 E1502.4065
G1 X115.165 Y118.381 E1502.52261
G1 F1435.4 X114.921 Y118.965 E1502.6106
G1 F1319.3 X114.676 Y119.55 E1502.70654
G1 F1210.7 X114.548 Y119.908 E1502.76921
G1 F1200 X114.501 Y120.851 E1502.92623
G1 F1246.9 X114.499 Y122.551 E1503.19831
G1 F1224.5 X114.476 Y122.976 E1503.26767
G0 F9000 X113.867 Y122.856
G0 X113.028 Y123.528
G0 X104.972 Y123.528
G0 X103.805 Y117.447
G0 X99.101 Y115.039
G0 X96.472 Y115.028
G0 X96.478 Y113.685
G0 X97.144 Y113.867
G0 X97.024 Y114.476
G1 F1223.5 X97.449 Y114.499 E1503.3371
G1 F1245.8 X99.149 Y114.501 E1503.6094
G1 F1200 X100.092 Y114.548 E1503.76642
G0 F9000 X99.957 Y115.182
G0 X102.761 Y116.478
G0 X104.473 Y115.461
G1 F1049 X104.296 Y115.461 E1503.80009
G1 X104.207 Y115.615 E1503.83393
G1 X104.297 Y115.769 E1503.86787
G1 X104.474 Y115.769 E1503.90154
G1 X104.563 Y115.615 E1503.93538
G0 F9000 X103.569 Y117.296
G0 X104.869 Y120.593
G0 X105.449 Y119.895
G1 F1204.8 X105.317 Y119.542 E1503.9978
G1 F1371.1 X104.999 Y118.794 E1504.1161
G1 F1500 X104.827 Y118.366 E1504.17747
G1 X104.445 Y117.647 E1504.28579
G1 X104.195 Y117.272 E1504.34575
G1 X103.527 Y116.471 E1504.48451
G1 X102.765 Y115.832 E1504.61681
G1 X102.383 Y115.572 E1504.67829
G1 X101.658 Y115.185 E1504.78762
G1 X101.255 Y115.017 E1504.84571
G1 F1374.9 X100.45 Y114.676 E1504.97261
G1 F1210.7 X100.092 Y114.548 E1505.03528
G1 F1220.5 X100.54 Y114.481 E1505.10934
G1 F1387.6 X101.302 Y114.4 E1505.21955
G1 F1500 X105.6 Y114.4 E1505.79136
G1 X105.6 Y118.707 E1506.36436
G1 F1382.5 X105.515 Y119.466 E1506.47461
G1 F1213.6 X105.449 Y119.895 E1506.54598
G1 F1197.1 X105.498 Y120.822 E1506.70073
G1 F1244.8 X105.501 Y122.551 E1506.97791
G1 F1222.5 X105.524 Y122.976 E1507.04739
G0 F9000 X106.133 Y122.856
G0 X106.315 Y123.522
G0 X104.972 Y123.528
G0 X104.964 Y120.681
G0 X101.447 Y115.571
G0 X96.472 Y115.028
G0 X96.472 Y106.972
G0 X97.144 Y106.133
G0 X97.024 Y105.524
G1 F1223.5 X97.449 Y105.501 E1507.11681
G1 F1247.9 X99.1 Y105.5 E1507.38083
G1 F1190.5 X100.239 Y105.44 E1507.57203
G0 F9000 X99.138 Y104.896
G0 X101.803 Y103.194
G0 X102.566 Y102.566
G0 X103.194 Y101.803
G0 X104.974 Y98.428
G0 X104.972 Y96.472
G0 X106.315 Y96.478
G0 X106.133 Y97.144
G0 X105.524 Y97.024
G1 F1223.5 X105.501 Y97.449 E1507.64145
G1 F1245.8 X105.498 Y99.167 E1507.91664
G1 F1188.6 X105.44 Y100.282 E1508.1041
G0 F9000 X106.1 Y100.282
G0 X106.1 Y104.229
G0 X104.473 Y104.229
G1 F1047.5 X104.295 Y104.229 E1508.13801
G1 X104.205 Y104.384 E1508.17216
G1 X104.295 Y104.539 E1508.2063
G1 X104.473 Y104.539 E1508.24022
G1 X104.563 Y104.384 E1508.27436
G0 F9000 X106.1 Y104.384
G0 X106.1 Y105.6
G0 X105.6 Y105.6
G1 F1500 X101.299 Y105.6 E1508.84657
G1 F1388.9 X100.769 Y105.52 E1508.92359
G1 F1209.7 X100.239 Y105.44 E1509.01201
G1 X100.725 Y105.218 E1509.10015
G1 F1388.9 X101.211 Y104.995 E1509.17698
G1 F1500 X101.617 Y104.83 E1509.23529
G1 X102.351 Y104.442 E1509.34575
G1 X102.723 Y104.196 E1509.40508
G1 X103.526 Y103.526 E1509.54421
G1 X104.197 Y102.722 E1509.68354
G1 X104.421 Y102.386 E1509.73726
G1 X104.805 Y101.678 E1509.84441
G1 X104.999 Y101.204 E1509.91255
G1 F1388.9 X105.219 Y100.743 E1509.98595
G1 F1209.7 X105.44 Y100.282 E1510.07029
G1 X105.52 Y100.787 E1510.15464
G1 F1388.9 X105.6 Y101.292 E1510.2281
G1 F1500 X105.6 Y105.6 E1510.80124
G1 F1500 E1504.30124
G0 F9000 X106.1 Y105.6
G0 X106.972 Y96.472
G0 X113.028 Y96.472
G0 X113.973 Y106.027
G0 X122.399 Y106.099
G0 X122.976 Y105.524
G1 F1500 E1510.80124
G1 F1223.5 X122.547 Y105.501 E1510.87131
G1 F1246.9 X120.833 Y105.498 E1511.14564
G1 F1198.1 X119.9 Y105.447 E1511.30127
G0 F9000 X119.898 Y106.099
G0 X123.522 Y106.314
G0 X123.528 Y104.972
G0 X118.808 Y104.554
G0 X116.806 Y101.803
G0 X115.039 Y99.094
G0 X115.028 Y96.472
G0 X113.685 Y96.478
G0 X113.9 Y97.6
G0 X114.476 Y97.024
G1 F1224.5 X114.499 Y97.449 E1511.37064
G1 F1249 X114.5 Y99.092 E1511.63316
G1 F1195.2 X114.556 Y100.233 E1511.8239
G0 F9000 X113.9 Y100.233
G0 X113.685 Y96.478
G0 X115.028 Y96.472
G0 X116.466 Y102.746
G0 X115.698 Y104.23
G1 F1054.9 X115.522 Y104.23 E1511.85719
G1 X115.433 Y104.383 E1511.89068
G1 X115.522 Y104.536 E1511.92417
G1 X115.698 Y104.536 E1511.95746
G1 X115.787 Y104.383 E1511.99095
G0 F9000 X117.3 Y103.572
G0 X123.528 Y104.972
G0 X123.522 Y106.314
G0 X113.973 Y106.027
G0 X113.9 Y105.596
G0 X114.4 Y105.596
G1 F1500 X114.401 Y101.308 E1512.56143
G1 F1392.8 X114.553 Y100.252 E1512.71429
G1 X115.005 Y101.218 E1512.86711
G1 F1500 X115.185 Y101.658 E1512.93036
G1 X115.572 Y102.383 E1513.03969
G1 X115.8 Y102.723 E1513.09416
G1 X116.467 Y103.527 E1513.23314
G1 X117.232 Y104.165 E1513.36566
G1 X117.601 Y104.416 E1513.42504
G1 X118.38 Y104.835 E1513.54271
G1 X118.776 Y104.996 E1513.59959
G1 F1368.6 X119.558 Y105.326 E1513.72335
G1 F1202.9 X119.9 Y105.447 E1513.78353
G1 F1212.6 X119.474 Y105.512 E1513.85445
G1 F1381.2 X118.689 Y105.597 E1513.96853
G1 F1500 X114.4 Y105.596 E1514.53914
;MESH:NONMESH
G0 F300 X114.4 Y105.596 Z7.68
G0 F9000 X113.9 Y105.596
G0 X113.028 Y96.472
G0 X107.739 Y96.011
;TIME_ELAPSED:694.789632
;LAYER:23
;TYPE:WALL-INNER
;MESH:plate holder-Body.stl
G1 F1482.2 X108 Y96 E1514.57432
G1 F1500 X112 Y96 E1515.10648
G0 F9000 X115.028 Y96.472
G0 X116.34 Y100.93
G0 X116.806 Y101.803
G0 X117.434 Y102.566
G0 X118.197 Y103.194
G0 X120.973 Y104.972
G0 X123.528 Y104.972
G0 X124 Y108
G1 F1500 X124 Y104.5 E1515.57212
G1 X120.917 Y104.5 E1515.98228
G1 X120.063 Y104.413 E1516.09649
G1 X119.785 Y104.357 E1516.13422
G1 X119.037 Y104.134 E1516.23806
G1 X118.76 Y104.019 E1516.27796
G1 X118.064 Y103.647 E1516.38295
G1 X117.811 Y103.477 E1516.42351
G1 X117.112 Y102.886 E1516.54529
G1 X116.519 Y102.185 E1516.66744
G1 X116.345 Y101.926 E1516.70895
G1 X115.977 Y101.23 E1516.81369
G1 X115.869 Y100.966 E1516.85164
G1 X115.604 Y100.094 E1516.97289
G1 X115.5 Y99.077 E1517.1089
G1 X115.5 Y96 E1517.51827
G1 X112 Y96 E1517.98391
G1 X112.768 Y96.21 E1518.08983
G1 X113.268 Y96.697 E1518.18269
G1 X113.473 Y97.216 E1518.25693
G1 X113.5 Y97.5 E1518.29489
G1 X113.501 Y106.499 E1519.49212
G1 X122.5 Y106.5 E1520.68935
G1 X122.784 Y106.527 E1520.7273
G1 X123.303 Y106.731 E1520.80149
G1 X123.79 Y107.231 E1520.89435
G1 X124 Y108 E1521.00041
G1 X124 Y112 E1521.53257
G1 F1483.7 X123.989 Y112.261 E1521.56771
G0 F9000 X123.528 Y115.028
G0 X119.07 Y116.34
G0 X118.197 Y116.806
G0 X117.434 Y117.434
G0 X116.806 Y118.197
G0 X115.029 Y121.221
G0 X115.028 Y123.528
G0 X112.261 Y123.989
G1 F1482.2 X113.651 Y124 E1521.75486
G1 F1500 X115.5 Y124 E1522.00085
G1 X115.5 Y121 E1522.39997
G1 X115.583 Y120.071 E1522.52406
G1 X115.641 Y119.779 E1522.56367
G1 X115.869 Y119.03 E1522.66783
G1 X115.977 Y118.766 E1522.70578
G1 X116.345 Y118.07 E1522.81052
G1 X116.519 Y117.811 E1522.85203
G1 X117.111 Y117.111 E1522.974
G1 X117.811 Y116.519 E1523.09596
G1 X118.07 Y116.345 E1523.13748
G1 X118.766 Y115.977 E1523.24222
G1 X119.03 Y115.869 E1523.28017
G1 X119.902 Y115.604 E1523.40142
G1 X120.924 Y115.5 E1523.53809
G1 X124 Y115.5 E1523.94732
G1 F1483.7 X123.989 Y112.261 E1524.38298
G1 F1477.8 X123.794 Y112.77 E1524.45658
G1 F1494 X123.303 Y113.268 E1524.55
G1 F1500 X122.784 Y113.473 E1524.62424
G1 X122.5 Y113.5 E1524.66219
G1 X113.5 Y113.5 E1525.85956
G1 X113.5 Y122.5 E1527.05692
G1 X113.473 Y122.784 E1527.09487
G1 X113.268 Y123.303 E1527.16911
G1 F1492.5 X112.77 Y123.794 E1527.26262
G1 F1474.9 X112.261 Y123.989 E1527.33637
G1 F1482.2 X112 Y124 E1527.37154
G1 F1500 X108 Y124 E1527.9037
G1 X107.232 Y123.79 E1528.00963
G1 X106.732 Y123.303 E1528.10249
G1 X106.527 Y122.784 E1528.17673
G1 X106.5 Y122.5 E1528.21468
G1 X106.5 Y113.5 E1529.41205
G1 X97.5 Y113.5 E1530.60941
G1 X97.216 Y113.473 E1530.64737
G1 X96.697 Y113.268 E1530.7216
G1 F1492.5 X96.206 Y112.77 E1530.81511
G1 F1474.9 X96.011 Y112.261 E1530.88886
G1 F1482.2 X96 Y113.651 E1531.07601
G1 F1500 X96 Y115.5 E1531.322
G1 X99.074 Y115.5 E1531.73097
G1 X99.926 Y115.583 E1531.84486
G1 X100.217 Y115.641 E1531.88433
G1 X100.966 Y115.869 E1531.9885
G1 X101.23 Y115.977 E1532.02644
G1 X101.926 Y116.345 E1532.13119
G1 X102.185 Y116.519 E1532.1727
G1 X102.886 Y117.112 E1532.29485
G1 X103.477 Y117.811 E1532.41663
G1 X103.647 Y118.064 E1532.45719
G1 X104.02 Y118.76 E1532.56224
G1 X104.133 Y119.037 E1532.60204
G1 X104.357 Y119.785 E1532.70592
G1 X104.412 Y120.063 E1532.74362
G1 X104.5 Y120.915 E1532.85758
G1 X104.5 Y124 E1533.26801
G1 X108 Y124 E1533.73365
G0 F9000 X104.972 Y123.528
G0 X103.66 Y119.07
G0 X103.194 Y118.197
G0 X102.566 Y117.434
G0 X101.803 Y116.806
G0 X98.837 Y115.027
G0 X96.472 Y115.028
G0 X96.011 Y112.261
G1 F1482.2 X96 Y112 E1533.76882
G1 F1500 X96 Y108 E1534.30098
G1 X96.21 Y107.232 E1534.40691
G1 X96.697 Y106.732 E1534.49977
G1 X97.216 Y106.527 E1534.57401
G1 X97.5 Y106.5 E1534.61196
G1 X106.5 Y106.5 E1535.80933
G1 X106.5 Y97.5 E1537.00669
G1 X106.527 Y97.216 E1537.04465
G1 X106.732 Y96.697 E1537.11888
G1 F1492.5 X107.23 Y96.206 E1537.21239
G1 F1474.9 X107.739 Y96.011 E1537.28614
G1 F1482.2 X106.349 Y96 E1537.47329
G1 F1500 X104.5 Y96 E1537.71928
G1 X104.5 Y99.079 E1538.12892
G1 X104.392 Y100.093 E1538.26458
G1 X104.133 Y100.959 E1538.38484
G1 X104.02 Y101.236 E1538.42464
G1 X103.647 Y101.932 E1538.52969
G1 X103.477 Y102.185 E1538.57025
G1 X102.885 Y102.885 E1538.69221
G1 X102.185 Y103.477 E1538.81418
G1 X101.932 Y103.647 E1538.85473
G1 X101.236 Y104.019 E1538.95972
G1 X100.959 Y104.133 E1538.99958
G1 X100.093 Y104.392 E1539.11983
G1 X99.079 Y104.5 E1539.2555
G1 X96 Y104.5 E1539.66513
G1 X96 Y108 E1540.13077
G1 F1500 E1533.63077
G0 F9000 X96.472 Y115.028
G0 X101.834 Y115.75
G0 X104.961 Y120.886
G0 X104.972 Y123.528
G0 X107.744 Y123.6
G0 X107.744 Y122.93
;TYPE:WALL-OUTER
G1 F1500 E1540.13077
G1 X107.577 Y122.768 E1540.16173
G1 X107.5 Y122.569 E1540.19011
G1 X107.5 Y112.5 E1541.5297
G1 X97.428 Y112.5 E1542.86968
G1 X97.232 Y112.423 E1542.8977
G1 X97.07 Y112.256 E1542.92865
G1 X97 Y112.068 E1542.95534
G1 X97 Y108 E1543.49655
G1 X97.07 Y107.744 E1543.53186
G1 X97.232 Y107.577 E1543.56281
G1 X97.431 Y107.5 E1543.5912
G1 X107.5 Y107.5 E1544.93079
G1 X107.5 Y97.428 E1546.27077
G1 X107.577 Y97.232 E1546.29879
G1 X107.744 Y97.07 E1546.32974
G1 X107.932 Y97 E1546.35643
G1 X112 Y97 E1546.89764
G1 X112.256 Y97.07 E1546.93295
G1 X112.423 Y97.232 E1546.9639
G1 X112.5 Y97.428 E1546.99192
G1 X112.501 Y107.499 E1548.33177
G1 X122.572 Y107.5 E1549.67162
G1 X122.768 Y107.577 E1549.69964
G1 X122.93 Y107.743 E1549.73049
G1 X123 Y108 E1549.76593
G1 X123 Y112.068 E1550.30714
G1 X122.93 Y112.256 E1550.33383
G1 X122.768 Y112.423 E1550.36478
G1 X122.569 Y112.5 E1550.39317
G1 X112.5 Y112.5 E1551.73276
G1 X112.5 Y122.572 E1553.07274
G1 X112.423 Y122.768 E1553.10076
G1 X112.256 Y122.93 E1553.13171
G1 X112.068 Y123 E1553.1584
G1 X108 Y123 E1553.69961
G1 X107.744 Y122.93 E1553.73492
G1 F1500 E1547.23492
G0 F9000 X107.744 Y123.6
G0 X115.93 Y124.43
G0 X116.5 Y125
G1 F1500 E1553.73492
G1 X116.502 Y120.951 E1554.2736
G1 X116.583 Y120.116 E1554.38521
G1 X116.839 Y119.275 E1554.50216
G1 X117.254 Y118.49 E1554.6203
G1 X117.816 Y117.816 E1554.73705
G1 X118.49 Y117.254 E1554.8538
G1 X119.276 Y116.839 E1554.97205
G1 X120.129 Y116.583 E1555.09054
G1 X120.951 Y116.502 E1555.20042
G1 X125 Y116.5 E1555.73911
G1 X125 Y103.5 E1557.46863
G1 X120.949 Y103.498 E1558.00758
G1 X120.12 Y103.413 E1558.11845
G1 X119.281 Y103.163 E1558.23492
G1 X118.486 Y102.739 E1558.35479
G1 X117.816 Y102.18 E1558.47088
G1 X117.254 Y101.506 E1558.58763
G1 X116.839 Y100.72 E1558.70588
G1 X116.583 Y99.867 E1558.82436
G1 X116.502 Y99.049 E1558.93372
G1 X116.5 Y95 E1559.4724
G1 X103.5 Y95 E1561.20193
G1 X103.498 Y99.052 E1561.74101
G1 X103.413 Y99.867 E1561.85003
G1 X103.16 Y100.723 E1561.96878
G1 X102.738 Y101.51 E1562.08759
G1 X102.18 Y102.18 E1562.20359
G1 X101.51 Y102.738 E1562.31959
G1 X100.719 Y103.161 E1562.43893
G1 X99.867 Y103.413 E1562.55713
G1 X99.052 Y103.498 E1562.66615
G1 X95 Y103.5 E1563.20523
G1 X95 Y116.5 E1564.93476
G1 X99.049 Y116.502 E1565.47344
G1 X99.88 Y116.583 E1565.58452
G1 X100.721 Y116.839 E1565.70147
G1 X101.506 Y117.254 E1565.81961
G1 X102.18 Y117.816 E1565.93636
G1 X102.738 Y118.486 E1566.05236
G1 X103.159 Y119.272 E1566.17099
G1 X103.413 Y120.12 E1566.28876
G1 X103.498 Y120.949 E1566.39963
G1 X103.5 Y125 E1566.93857
G1 X116.5 Y125 E1568.6681
G0 F9000 X115.93 Y124.43
G0 X115.961 Y120.95
G0 X116.052 Y120.017
G0 X116.34 Y119.07
G0 X116.806 Y118.197
G0 X117.434 Y117.434
G0 X118.197 Y116.806
G0 X119.07 Y116.34
G0 X123.528 Y115.028
G0 X123.522 Y113.685
G0 X122.856 Y113.867
G0 X122.976 Y114.476
;TYPE:SKIN
G1 F1222.5 X122.551 Y114.499 E1568.73758
G1 F1244.8 X120.836 Y114.501 E1569.01252
G1 F1193.3 X119.751 Y114.556 E1569.1942
G0 F9000 X119.746 Y115.232
G0 X123.528 Y115.028
G0 X123.522 Y113.685
G0 X115.698 Y113.9
G0 X115.698 Y115.457
G1 F1056.3 X115.522 Y115.457 E1569.22745
G1 X115.433 Y115.61 E1569.26088
G1 X115.522 Y115.763 E1569.29432
G1 X115.698 Y115.763 E1569.32757
G1 X115.787 Y115.61 E1569.36101
G0 F9000 X116.973 Y116.696
G0 X115.183 Y120.038
G0 X114.548 Y119.908
G1 F1220.5 X114.481 Y119.461 E1569.43492
G1 F1387.6 X114.401 Y118.683 E1569.5474
G1 F1500 X114.4 Y114.4 E1570.11721
G1 X118.691 Y114.4 E1570.68809
G1 F1392.8 X119.731 Y114.553 E1570.83871
G1 X118.781 Y115.002 E1570.98926
G1 F1500 X118.339 Y115.185 E1571.05291
G1 X117.655 Y115.545 E1571.15574
G1 X117.269 Y115.8 E1571.21729
G1 X116.466 Y116.466 E1571.35608
G1 X115.831 Y117.228 E1571.48805
G1 X115.572 Y117.609 E1571.54934
G1 X115.165 Y118.381 E1571.66545
G1 F1435.4 X114.921 Y118.965 E1571.75344
G1 F1319.3 X114.676 Y119.55 E1571.84938
G1 F1210.7 X114.548 Y119.908 E1571.91205
G1 F1200 X114.501 Y120.851 E1572.06906
G1 F1246.9 X114.499 Y122.551 E1572.34115
G1 F1224.5 X114.476 Y122.976 E1572.41051
G0 F9000 X113.867 Y122.856
G0 X113.028 Y123.528
G0 X104.972 Y123.528
G0 X103.805 Y117.447
G0 X99.101 Y115.039
G0 X96.472 Y115.028
G0 X96.478 Y113.685
G0 X97.144 Y113.867
G0 X97.024 Y114.476
G1 F1223.5 X97.449 Y114.499 E1572.47993
G1 F1245.8 X99.149 Y114.501 E1572.75224
G1 F1200 X100.092 Y114.548 E1572.90926
G0 F9000 X99.957 Y115.182
G0 X102.761 Y116.478
G0 X104.473 Y115.461
G1 F1049 X104.296 Y115.461 E1572.94293
G1 X104.207 Y115.615 E1572.97677
G1 X104.297 Y115.769 E1573.0107
G1 X104.474 Y115.769 E1573.04438
G1 X104.563 Y115.615 E1573.07822
G0 F9000 X103.569 Y117.296
G0 X104.869 Y120.593
G0 X105.449 Y119.895
G1 F1204.8 X105.317 Y119.542 E1573.14064
G1 F1371.1 X104.999 Y118.794 E1573.25894
G1 F1500 X104.827 Y118.366 E1573.32031
G1 X104.445 Y117.647 E1573.42863
G1 X104.195 Y117.272 E1573.48859
G1 X103.527 Y116.471 E1573.62735
G1 X102.765 Y115.832 E1573.75965
G1 X102.383 Y115.572 E1573.82113
G1 X101.658 Y115.185 E1573.93046
G1 X101.255 Y115.017 E1573.98855
G1 F1374.9 X100.45 Y114.676 E1574.11544
G1 F1210.7 X100.092 Y114.548 E1574.17811
G1 F1220.5 X100.54 Y114.481 E1574.25218
G1 F1387.6 X101.302 Y114.4 E1574.36239
G1 F1500 X105.6 Y114.4 E1574.93419
G1 X105.6 Y118.707 E1575.5072
G1 F1382.5 X105.515 Y119.466 E1575.61745
G1 F1213.6 X105.449 Y119.895 E1575.68882
G1 F1197.1 X105.498 Y120.822 E1575.84357
G1 F1244.8 X105.501 Y122.551 E1576.12075
G1 F1222.5 X105.524 Y122.976 E1576.19023
G0 F9000 X106.133 Y122.856
G0 X106.315 Y123.522
G0 X104.972 Y123.528
G0 X104.964 Y120.681
G0 X101.447 Y115.571
G0 X96.472 Y115.028
G0 X96.472 Y106.972
G0 X97.144 Y106.133
G0 X97.024 Y105.524
G1 F1223.5 X97.449 Y105.501 E1576.25965
G1 F1247.9 X99.1 Y105.5 E1576.52367
G1 F1190.5 X100.239 Y105.44 E1576.71487
G0 F9000 X99.138 Y104.896
G0 X101.803 Y103.194
G0 X102.566 Y102.566
G0 X103.194 Y101.803
G0 X104.974 Y98.428
G0 X104.972 Y96.472
G0 X106.315 Y96.478
G0 X106.133 Y97.144
G0 X105.524 Y97.024
G1 F1223.5 X105.501 Y97.449 E1576.78429
G1 F1245.8 X105.498 Y99.167 E1577.05948
G1 F1188.6 X105.44 Y100.282 E1577.24694
G0 F9000 X106.1 Y100.282
G0 X106.1 Y104.229
G0 X104.473 Y104.229
G1 F1047.5 X104.295 Y104.229 E1577.28085
G1 X104.205 Y104.384 E1577.315
G1 X104.295 Y104.539 E1577.34914
G1 X104.473 Y104.539 E1577.38305
G1 X104.563 Y104.384 E1577.4172
G0 F9000 X106.1 Y104.384
G0 X106.1 Y105.6
G0 X105.6 Y105.6
G1 F1500 X101.299 Y105.6 E1577.98941
G1 F1388.9 X100.769 Y105.52 E1578.06642
G1 F1209.7 X100.239 Y105.44 E1578.15485
G1 X100.725 Y105.218 E1578.24299
G1 F1388.9 X101.211 Y104.995 E1578.31982
G1 F1500 X101.617 Y104.83 E1578.37813
G1 X102.351 Y104.442 E1578.48858
G1 X102.723 Y104.196 E1578.54792
G1 X103.526 Y103.526 E1578.68705
G1 X104.197 Y102.722 E1578.82637
G1 X104.421 Y102.386 E1578.8801
G1 X104.805 Y101.678 E1578.98725
G1 X104.999 Y101.204 E1579.05539
G1 F1388.9 X105.219 Y100.743 E1579.12879
G1 F1209.7 X105.44 Y100.282 E1579.21312
G1 X105.52 Y100.787 E1579.29747
G1 F1388.9 X105.6 Y101.292 E1579.37094
G1 F1500 X105.6 Y105.6 E1579.94408
G1 F1500 E1573.44408
G0 F9000 X106.1 Y105.6
G0 X106.972 Y96.472
G0 X113.028 Y96.472
G0 X113.973 Y106.027
G0 X122.399 Y106.099
G0 X122.976 Y105.524
G1 F1500 E1579.94408
G1 F1223.5 X122.547 Y105.501 E1580.01415
G1 F1246.9 X120.833 Y105.498 E1580.28847
G1 F1198.1 X119.9 Y105.447 E1580.44411
G0 F9000 X119.898 Y106.099
G0 X123.522 Y106.314
G0 X123.528 Y104.972
G0 X118.808 Y104.554
G0 X116.806 Y101.803
G0 X115.039 Y99.094
G0 X115.028 Y96.472
G0 X113.685 Y96.478
G0 X113.9 Y97.6
G0 X114.476 Y97.024
G1 F1224.5 X114.499 Y97.449 E1580.51348
G1 F1249 X114.5 Y99.092 E1580.776
G1 F1195.2 X114.556 Y100.233 E1580.96674
G0 F9000 X113.9 Y100.233
G0 X113.685 Y96.478
G0 X115.028 Y96.472
G0 X116.466 Y102.746
G0 X115.698 Y104.23
G1 F1054.9 X115.522 Y104.23 E1581.00003
G1 X115.433 Y104.383 E1581.03352
G1 X115.522 Y104.536 E1581.067
G1 X115.698 Y104.536 E1581.1003
G1 X115.787 Y104.383 E1581.13379
G0 F9000 X117.3 Y103.572
G0 X123.528 Y104.972
G0 X123.522 Y106.314
G0 X113.973 Y106.027
G0 X113.9 Y105.596
G0 X114.4 Y105.596
G1 F1500 X114.401 Y101.308 E1581.70426
G1 F1392.8 X114.553 Y100.252 E1581.85713
G1 X115.005 Y101.218 E1582.00995
G1 F1500 X115.185 Y101.658 E1582.07319
G1 X115.572 Y102.383 E1582.18253
G1 X115.8 Y102.723 E1582.23699
G1 X116.467 Y103.527 E1582.37597
G1 X117.232 Y104.165 E1582.5085
G1 X117.601 Y104.416 E1582.56787
G1 X118.38 Y104.835 E1582.68555
G1 X118.776 Y104.996 E1582.74242
G1 F1368.6 X119.558 Y105.326 E1582.86619
G1 F1202.9 X119.9 Y105.447 E1582.92637
G1 F1212.6 X119.474 Y105.512 E1582.99729
G1 F1381.2 X118.689 Y105.597 E1583.11137
G1 F1500 X114.4 Y105.596 E1583.68198
;MESH:NONMESH
G0 F300 X114.4 Y105.596 Z8
G0 F9000 X113.9 Y105.596
G0 X113.028 Y96.472
G0 X107.739 Y96.011
;TIME_ELAPSED:730.541009
;LAYER:24
;TYPE:WALL-INNER
;MESH:plate holder-Body.stl
G1 F1482.2 X108 Y96 E1583.71715
G1 F1500 X112 Y96 E1584.24932
G0 F9000 X115.028 Y96.472
G0 X116.34 Y100.93
G0 X116.806 Y101.803
G0 X117.434 Y102.566
G0 X118.197 Y103.194
G0 X120.973 Y104.972
G0 X123.528 Y104.972
G0 X124 Y108
G1 F1500 X124 Y104.5 E1584.71496
G1 X120.917 Y104.5 E1585.12512
G1 X120.063 Y104.413 E1585.23933
G1 X119.785 Y104.357 E1585.27705
G1 X119.037 Y104.134 E1585.3809
G1 X118.76 Y104.019 E1585.4208
G1 X118.064 Y103.647 E1585.52579
G1 X117.811 Y103.477 E1585.56634
G1 X117.112 Y102.886 E1585.68812
G1 X116.519 Y102.185 E1585.81028
G1 X116.345 Y101.926 E1585.85179
G1 X115.977 Y101.23 E1585.95653
G1 X115.869 Y100.966 E1585.99448
G1 X115.604 Y100.095 E1586.1156
G1 X115.5 Y99.092 E1586.24976
G1 X115.5 Y96 E1586.66112
G1 X112 Y96 E1587.12676
G1 X112.768 Y96.21 E1587.23269
G1 X113.268 Y96.697 E1587.32555
G1 X113.473 Y97.216 E1587.39979
G1 X113.5 Y97.5 E1587.43774
G1 X113.501 Y106.499 E1588.63497
G1 X122.5 Y106.5 E1589.8322
G1 X122.784 Y106.527 E1589.87016
G1 X123.303 Y106.731 E1589.94435
G1 X123.79 Y107.231 E1590.03721
G1 X124 Y108 E1590.14326
G1 X124 Y112 E1590.67542
G1 F1483.7 X123.989 Y112.261 E1590.71056
G0 F9000 X123.528 Y115.028
G0 X119.07 Y116.34
G0 X118.197 Y116.806
G0 X117.434 Y117.434
G0 X116.806 Y118.197
G0 X115.029 Y121.221
G0 X115.028 Y123.528
G0 X112.261 Y123.989
G1 F1482.2 X113.651 Y124 E1590.89771
G1 F1500 X115.5 Y124 E1591.1437
G1 X115.5 Y121 E1591.54282
G1 X115.583 Y120.071 E1591.66691
G1 X115.641 Y119.779 E1591.70652
G1 X115.869 Y119.03 E1591.81068
G1 X115.977 Y118.766 E1591.84863
G1 X116.345 Y118.07 E1591.95337
G1 X116.519 Y117.811 E1591.99488
G1 X117.111 Y117.111 E1592.11685
G1 X117.811 Y116.519 E1592.23882
G1 X118.07 Y116.345 E1592.28033
G1 X118.766 Y115.977 E1592.38507
G1 X119.032 Y115.868 E1592.42332
G1 X119.902 Y115.604 E1592.54427
G1 X120.902 Y115.5 E1592.67803
G1 X124 Y115.5 E1593.09019
G1 F1483.7 X123.989 Y112.261 E1593.52585
G1 F1477.8 X123.794 Y112.77 E1593.59946
G1 F1494 X123.303 Y113.268 E1593.69287
G1 F1500 X122.784 Y113.473 E1593.76711
G1 X122.5 Y113.5 E1593.80506
G1 X113.5 Y113.5 E1595.00243
G1 X113.5 Y122.5 E1596.19979
G1 X113.473 Y122.784 E1596.23775
G1 X113.268 Y123.303 E1596.31199
G1 F1492.5 X112.77 Y123.794 E1596.40549
G1 F1474.9 X112.261 Y123.989 E1596.47924
G1 F1482.2 X112 Y124 E1596.51441
G1 F1500 X108 Y124 E1597.04658
G1 X107.232 Y123.79 E1597.1525
G1 X106.732 Y123.303 E1597.24536
G1 X106.526 Y122.783 E1597.31977
G1 X106.5 Y122.5 E1597.35758
G1 X106.5 Y113.5 E1598.55495
G1 X97.5 Y113.5 E1599.75231
G1 X97.216 Y113.473 E1599.79027
G1 X96.697 Y113.268 E1599.8645
G1 F1492.5 X96.206 Y112.77 E1599.95801
G1 F1474.9 X96.011 Y112.261 E1600.03176
G1 F1482.2 X96 Y113.651 E1600.21891
G1 F1500 X96 Y115.5 E1600.4649
G1 X99.074 Y115.5 E1600.87387
G1 X99.926 Y115.583 E1600.98776
G1 X100.217 Y115.641 E1601.02723
G1 X100.966 Y115.869 E1601.1314
G1 X101.23 Y115.977 E1601.16934
G1 X101.926 Y116.345 E1601.27409
G1 X102.185 Y116.519 E1601.3156
G1 X102.886 Y117.112 E1601.43775
G1 X103.477 Y117.811 E1601.55953
G1 X103.647 Y118.064 E1601.60008
G1 X104.02 Y118.76 E1601.70514
G1 X104.134 Y119.039 E1601.74524
G1 X104.358 Y119.791 E1601.84963
G1 X104.413 Y120.071 E1601.88759
G1 X104.496 Y120.904 E1601.99896
G1 X104.5 Y123.999 E1602.41072
G1 X108 Y124 E1602.87637
G0 F9000 X104.972 Y123.527
G0 X103.66 Y119.07
G0 X103.194 Y118.197
G0 X102.566 Y117.434
G0 X101.803 Y116.806
G0 X98.837 Y115.027
G0 X96.472 Y115.028
G0 X96.011 Y112.261
G1 F1482.2 X96 Y112 E1602.91154
G1 F1500 X96 Y108 E1603.4437
G1 X96.21 Y107.232 E1603.54963
G1 X96.697 Y106.732 E1603.64248
G1 X97.217 Y106.526 E1603.7169
G1 X97.5 Y106.5 E1603.75471
G1 X106.5 Y106.5 E1604.95207
G1 X106.5 Y97.5 E1606.14943
G1 X106.527 Y97.216 E1606.18739
G1 X106.732 Y96.697 E1606.26163
G1 F1492.5 X107.23 Y96.206 E1606.35513
G1 F1474.9 X107.739 Y96.011 E1606.42888
G1 F1482.2 X106.349 Y96 E1606.61604
G1 F1500 X104.5 Y96 E1606.86203
G1 X104.5 Y99.079 E1607.27166
G1 X104.392 Y100.093 E1607.40733
G1 X104.133 Y100.959 E1607.52758
G1 X104.02 Y101.236 E1607.56738
G1 X103.647 Y101.932 E1607.67244
G1 X103.477 Y102.185 E1607.71299
G1 X102.885 Y102.885 E1607.83496
G1 X102.185 Y103.477 E1607.95692
G1 X101.932 Y103.647 E1607.99748
G1 X101.236 Y104.019 E1608.10247
G1 X100.959 Y104.133 E1608.14232
G1 X100.092 Y104.393 E1608.26274
G1 X99.093 Y104.496 E1608.39635
G1 X96.001 Y104.5 E1608.80771
G1 X96 Y108 E1609.27336
G1 F1500 E1602.77336
G0 F9000 X96.472 Y115.028
G0 X100.61 Y115.265
G0 X103.194 Y118.197
G0 X103.66 Y119.07
G0 X104.972 Y123.527
G0 X105.899 Y123.599
G1 F1500 E1609.27336
G0 F9000 X107.744 Y122.93
;TYPE:WALL-OUTER
G1 F1500 X107.577 Y122.768 E1609.30431
G1 X107.5 Y122.575 E1609.33196
G1 X107.5 Y112.5 E1610.67234
G1 X97.428 Y112.5 E1612.01232
G1 X97.232 Y112.423 E1612.04034
G1 X97.07 Y112.256 E1612.07129
G1 X97 Y112.068 E1612.09798
G1 X97 Y108 E1612.63919
G1 X97.07 Y107.744 E1612.6745
G1 X97.232 Y107.577 E1612.70545
G1 X97.425 Y107.5 E1612.7331
G1 X107.5 Y107.5 E1614.07348
G1 X107.5 Y97.428 E1615.41347
G1 X107.577 Y97.232 E1615.44148
G1 X107.744 Y97.07 E1615.47244
G1 X107.932 Y97 E1615.49912
G1 X112 Y97 E1616.04033
G1 X112.256 Y97.07 E1616.07564
G1 X112.423 Y97.232 E1616.1066
G1 X112.5 Y97.428 E1616.13461
G1 X112.501 Y107.499 E1617.47446
G1 X122.572 Y107.5 E1618.81432
G1 X122.768 Y107.577 E1618.84233
G1 X122.93 Y107.743 E1618.87319
G1 X123 Y108 E1618.90863
G1 X123 Y112.068 E1619.44984
G1 X122.93 Y112.256 E1619.47652
G1 X122.768 Y112.423 E1619.50748
G1 X122.569 Y112.5 E1619.53587
G1 X112.5 Y112.5 E1620.87545
G1 X112.5 Y122.572 E1622.21544
G1 X112.423 Y122.768 E1622.24345
G1 X112.256 Y122.93 E1622.27441
G1 X112.068 Y123 E1622.30109
G1 X108 Y123 E1622.8423
G1 X107.744 Y122.93 E1622.87761
G1 F1500 E1616.37761
G0 F9000 X105.899 Y123.599
G0 X115.93 Y124.43
G1 F1500 E1622.87761
G0 F9000 X116.5 Y125
G1 F1500 X116.502 Y120.951 E1623.41629
G1 X116.583 Y120.116 E1623.5279
G1 X116.839 Y119.275 E1623.64486
G1 X117.254 Y118.49 E1623.76299
G1 X117.816 Y117.816 E1623.87974
G1 X118.49 Y117.254 E1623.9965
G1 X119.276 Y116.839 E1624.11475
G1 X120.133 Y116.583 E1624.23374
G1 X120.934 Y116.502 E1624.34085
G1 X125 Y116.5 E1624.88179
G1 X125 Y103.5 E1626.61132
G1 X120.949 Y103.498 E1627.15027
G1 X120.12 Y103.413 E1627.26114
G1 X119.281 Y103.163 E1627.37761
G1 X118.486 Y102.739 E1627.49748
G1 X117.816 Y102.18 E1627.61356
G1 X117.254 Y101.506 E1627.73032
G1 X116.839 Y100.72 E1627.84857
G1 X116.583 Y99.867 E1627.96705
G1 X116.502 Y99.062 E1628.07469
G1 X116.5 Y95 E1628.6151
G1 X103.5 Y95 E1630.34463
G1 X103.498 Y99.052 E1630.88371
G1 X103.413 Y99.867 E1630.99272
G1 X103.16 Y100.723 E1631.11148
G1 X102.738 Y101.51 E1631.23028
G1 X102.18 Y102.18 E1631.34628
G1 X101.51 Y102.738 E1631.46229
G1 X100.719 Y103.161 E1631.58162
G1 X99.867 Y103.413 E1631.69983
G1 X99.062 Y103.494 E1631.80747
G1 X95.001 Y103.5 E1632.34774
G1 X95 Y116.5 E1634.07727
G1 X99.049 Y116.502 E1634.61595
G1 X99.88 Y116.583 E1634.72703
G1 X100.721 Y116.839 E1634.84399
G1 X101.506 Y117.254 E1634.96212
G1 X102.18 Y117.816 E1635.07887
G1 X102.738 Y118.486 E1635.19488
G1 X103.161 Y119.275 E1635.31398
G1 X103.413 Y120.121 E1635.43142
G1 X103.494 Y120.934 E1635.54012
G1 X103.5 Y124.999 E1636.08093
G1 X116.5 Y125 E1637.81045
G0 F9000 X115.93 Y124.43
G0 X115.961 Y120.95
G0 X116.052 Y120.017
G0 X116.34 Y119.07
G0 X116.806 Y118.197
G0 X117.434 Y117.434
G0 X118.197 Y116.806
G0 X118.904 Y116.429
G0 X122.976 Y115.1
G0 X122.976 Y114.476
;TYPE:SKIN
G1 F1222.5 X122.551 Y114.499 E1637.87993
G1 F1245.8 X120.806 Y114.502 E1638.15945
G1 F1193.3 X119.76 Y114.556 E1638.33461
G0 F9000 X119.816 Y115.213
G0 X117.672 Y117.212
G0 X115.183 Y120.038
G0 X114.548 Y119.908
G1 F1220.5 X114.481 Y119.461 E1638.40851
G1 F1387.6 X114.401 Y118.683 E1638.52099
G1 F1500 X114.4 Y114.4 E1639.0908
G1 X118.682 Y114.4 E1639.66048
G1 F1391.5 X119.741 Y114.553 E1639.81394
G1 X118.771 Y115.005 E1639.96741
G1 F1500 X118.39 Y115.155 E1640.02189
G1 X117.61 Y115.571 E1640.1395
G1 X117.274 Y115.795 E1640.19322
G1 X116.466 Y116.466 E1640.33295
G1 X115.831 Y117.228 E1640.46492
G1 X115.572 Y117.609 E1640.52621
G1 X115.165 Y118.381 E1640.64231
G1 F1435.4 X114.921 Y118.965 E1640.73031
G1 F1319.3 X114.676 Y119.55 E1640.82625
G1 F1210.7 X114.548 Y119.908 E1640.88892
G1 F1200 X114.501 Y120.851 E1641.04593
G1 F1246.9 X114.499 Y122.551 E1641.31801
G1 F1224.5 X114.476 Y122.976 E1641.38738
G0 F9000 X113.867 Y122.856
G0 X113.685 Y123.522
G0 X115.028 Y123.528
G0 X116.235 Y117.526
G0 X115.468 Y116.883
G1 F1500 X114.9 Y116.314 E1641.49434
G0 F9000 X116.282 Y117.47
G0 X116.705 Y116.962
G0 X116.112 Y116.112
G1 F1500 X114.9 Y114.9 E1641.72238
G0 F9000 X113.9 Y114.9
G0 X113.685 Y123.522
G0 X115.028 Y123.528
G0 X115.218 Y119.458
G0 X117.469 Y116.283
G0 X116.315 Y114.901
G1 F1500 X116.885 Y115.471 E1641.82962
G1 F1500 E1635.32962
G0 F9000 X117.525 Y116.236
G0 X115.039 Y120.9
G0 X115.028 Y123.528
G0 X106.972 Y123.528
G0 X106.028 Y113.972
G0 X97.144 Y113.867
G1 F1500 E1641.82962
G0 F9000 X97.024 Y114.476
G1 F1223.5 X97.449 Y114.499 E1641.89904
G1 F1245.8 X99.149 Y114.501 E1642.17135
G1 F1200 X100.092 Y114.548 E1642.32837
G0 F9000 X99.957 Y115.182
G0 X104.57 Y119.097
G0 X105.448 Y119.906
G1 F1201.9 X105.326 Y119.559 E1642.38944
G1 F1368.6 X104.999 Y118.789 E1642.51142
G1 F1500 X104.831 Y118.372 E1642.57123
G1 X104.445 Y117.647 E1642.6805
G1 X104.195 Y117.272 E1642.74046
G1 X103.527 Y116.471 E1642.87922
G1 X102.765 Y115.832 E1643.01153
G1 X102.383 Y115.572 E1643.073
G1 X101.658 Y115.185 E1643.18234
G1 X101.255 Y115.017 E1643.24043
G1 F1374.9 X100.45 Y114.676 E1643.36732
G1 F1210.7 X100.092 Y114.548 E1643.42999
G1 F1220.5 X100.54 Y114.481 E1643.50406
G1 F1387.6 X101.302 Y114.4 E1643.61426
G1 F1500 X105.6 Y114.4 E1644.18607
G1 X105.6 Y118.702 E1644.75841
G1 F1381.2 X105.514 Y119.474 E1644.87064
G1 F1211.6 X105.448 Y119.906 E1644.94262
G0 F9000 X104.57 Y119.097
G0 X104.972 Y123.527
G0 X105.518 Y123.599
G0 X105.52 Y122.974
G1 F1222.5 X105.499 Y122.55 E1645.01192
G1 F1242.8 X105.496 Y120.822 E1645.2894
G1 F1194.3 X105.448 Y119.906 E1645.44267
G0 F9000 X104.57 Y119.097
G0 X102.471 Y116.236
G0 X103.586 Y114.9
G1 F1500 X105.1 Y116.414 E1645.72753
G0 F9000 X103.764 Y117.53
G0 X99.101 Y115.039
G0 X96.472 Y115.028
G0 X96.401 Y105.518
G0 X97.023 Y105.52
G1 F1220.5 X97.445 Y105.499 E1645.79662
G1 F1243.8 X99.108 Y105.498 E1646.06344
G1 F1188.6 X100.241 Y105.44 E1646.25392
G0 F9000 X100.174 Y104.786
G0 X102.566 Y102.566
G0 X103.194 Y101.803
G0 X104.976 Y98.628
G0 X104.972 Y96.472
G0 X106.315 Y96.478
G0 X106.133 Y97.144
G0 X105.524 Y97.024
G1 F1223.5 X105.501 Y97.449 E1646.32334
G1 F1245.8 X105.498 Y99.167 E1646.59853
G1 F1188.6 X105.44 Y100.282 E1646.78599
G0 F9000 X106.1 Y100.282
G0 X106.1 Y105.6
G0 X105.6 Y105.6
G1 F1500 X101.31 Y105.6 E1647.35673
G1 F1388.9 X100.252 Y105.442 E1647.51043
G1 X101.221 Y104.992 E1647.66394
G1 F1500 X101.616 Y104.831 E1647.72069
G1 X102.351 Y104.442 E1647.83133
G1 X102.723 Y104.196 E1647.89066
G1 X103.526 Y103.526 E1648.0298
G1 X104.197 Y102.722 E1648.16912
G1 X104.421 Y102.386 E1648.22284
G1 X104.805 Y101.678 E1648.33
G1 X104.999 Y101.204 E1648.39814
G1 F1388.9 X105.219 Y100.743 E1648.47153
G1 F1209.7 X105.44 Y100.282 E1648.55587
G1 X105.52 Y100.787 E1648.64022
G1 F1388.9 X105.6 Y101.292 E1648.71368
G1 F1500 X105.6 Y105.6 E1649.28682
G0 F9000 X106.1 Y105.6
G0 X106.315 Y96.478
G0 X104.972 Y96.472
G0 X103.76 Y102.471
G0 X104.522 Y103.107
G1 F1500 X105.1 Y103.686 E1649.39567
G0 F9000 X106.1 Y103.686
G0 X106.315 Y96.478
G0 X104.972 Y96.472
G0 X103.175 Y103.174
G0 X103.88 Y103.88
G1 F1500 X105.1 Y105.1 E1649.62521
G0 F9000 X106.1 Y105.1
G0 X106.028 Y106.028
G0 X103.686 Y106.1
G0 X103.686 Y105.1
G1 F1500 X103.112 Y104.526 E1649.7332
G1 F1500 E1643.2332
G0 F9000 X102.472 Y103.759
G0 X104.961 Y99.1
G0 X104.972 Y96.472
G0 X113.028 Y96.472
G0 X113.973 Y106.027
G0 X122.399 Y106.099
G1 F1500 E1649.7332
G0 F9000 X122.976 Y105.524
G1 F1223.5 X122.547 Y105.501 E1649.80328
G1 F1246.9 X120.833 Y105.498 E1650.0776
G1 F1198.1 X119.9 Y105.447 E1650.23324
G0 F9000 X119.898 Y106.099
G0 X123.522 Y106.314
G0 X123.528 Y104.972
G0 X119.135 Y104.655
G0 X116.806 Y101.803
G0 X116.429 Y101.096
G0 X115.1 Y97.024
G0 X114.476 Y97.024
G1 F1224.5 X114.499 Y97.449 E1650.3026
G1 F1249 X114.5 Y99.116 E1650.56896
G1 F1195.2 X114.556 Y100.235 E1650.75603
G0 F9000 X113.9 Y100.235
G0 X113.9 Y105.596
G0 X114.4 Y105.596
G1 F1500 X114.401 Y101.305 E1651.32691
G1 F1392.8 X114.553 Y100.254 E1651.47906
G1 X115.005 Y101.215 E1651.63123
G1 F1500 X115.185 Y101.658 E1651.69485
G1 X115.572 Y102.383 E1651.80418
G1 X115.8 Y102.723 E1651.85865
G1 X116.467 Y103.527 E1651.99763
G1 X117.232 Y104.165 E1652.13015
G1 X117.601 Y104.416 E1652.18953
G1 X118.38 Y104.835 E1652.30721
G1 X118.776 Y104.996 E1652.36408
G1 F1368.6 X119.558 Y105.326 E1652.48784
G1 F1202.9 X119.9 Y105.447 E1652.54802
G1 F1212.6 X119.474 Y105.512 E1652.61894
G1 F1381.2 X118.689 Y105.597 E1652.73302
G1 F1500 X114.4 Y105.596 E1653.30364
G0 F9000 X113.9 Y105.596
G0 X113.973 Y106.027
G0 X116.408 Y106.099
G0 X116.41 Y105.097
G1 F1500 X114.9 Y103.586 E1653.58783
;TIME_ELAPSED:767.985952
G1 F1500 E1647.08783
M140 S0
M107
; Ender 3 Custom End G-code
M400 ; Wait for current moves to finish
M220 S100 ; Reset Speed factor override percentage to default (100%)
M221 S100 ; Reset Extrude factor override percentage to default (100%)
G91 ; Set coordinates to relative
G1 F2400 E-3 ; Retract filament 3mm at 40mm/s to prevent stringing
G0 F5000 Z20 ; Move Z Axis up 20mm to allow filament ooze freely
G90 ; Set coordinates to absolute
G0 X0 Y235 F5000 ; Move Heat Bed to the front for easy print removal
M84 ; Disable stepper motors
; End of custom end GCode
M82 ;absolute extrusion mode
M104 S0
;End of Gcode
;SETTING_3 {"global_quality": "[general]\\nversion = 4\\nname = Draft Quality #2
;SETTING_3 \\ndefinition = creality_ender3pro\\n\\n[metadata]\\ntype = quality_c
;SETTING_3 hanges\\nquality_type = draft\\nsetting_version = 23\\n\\n[values]\\n
;SETTING_3 adhesion_type = brim\\nsupport_enable = True\\nsupport_structure = no
;SETTING_3 rmal\\n\\n", "extruder_quality": ["[general]\\nversion = 4\\nname = D
;SETTING_3 raft Quality #2\\ndefinition = creality_base\\n\\n[metadata]\\ntype =
;SETTING_3  quality_changes\\nquality_type = draft\\nsetting_version = 23\\nposi
;SETTING_3 tion = 0\\n\\n[values]\\n\\n"]}
