ISO-10303-21;
HEADER;
FILE_DESCRIPTION(('FreeCAD Model'),'2;1');
FILE_NAME('Open CASCADE Shape Model','2025-11-03T07:34:47',('Author'),(
    ''),'Open CASCADE STEP processor 7.6','FreeCAD','Unknown');
FILE_SCHEMA(('AUTOMOTIVE_DESIGN { 1 0 10303 214 1 1 1 1 }'));
ENDSEC;
DATA;
#1 = APPLICATION_PROTOCOL_DEFINITION('international standard',
  'automotive_design',2000,#2);
#2 = APPLICATION_CONTEXT(
  'core data for automotive mechanical design processes');
#3 = SHAPE_DEFINITION_REPRESENTATION(#4,#10);
#4 = PRODUCT_DEFINITION_SHAPE('','',#5);
#5 = PRODUCT_DEFINITION('design','',#6,#9);
#6 = PRODUCT_DEFINITION_FORMATION('','',#7);
#7 = PRODUCT('InvoluteGear','InvoluteGear','',(#8));
#8 = PRODUCT_CONTEXT('',#2,'mechanical');
#9 = PRODUCT_DEFINITION_CONTEXT('part definition',#2,'design');
#10 = ADVANCED_BREP_SHAPE_REPRESENTATION('',(#11,#15),#12511);
#11 = AXIS2_PLACEMENT_3D('',#12,#13,#14);
#12 = CARTESIAN_POINT('',(0.,0.,0.));
#13 = DIRECTION('',(0.,0.,1.));
#14 = DIRECTION('',(1.,0.,-0.));
#15 = MANIFOLD_SOLID_BREP('',#16);
#16 = CLOSED_SHELL('',(#17,#57,#222,#253,#284,#315,#480,#510,#675,#705,
    #735,#765,#930,#960,#1125,#1155,#1185,#1215,#1380,#1410,#1575,#1605,
    #1635,#1665,#1830,#1860,#2025,#2055,#2085,#2115,#2280,#2310,#2475,
    #2505,#2535,#2565,#2730,#2760,#2925,#2955,#2985,#3015,#3180,#3210,
    #3375,#3405,#3435,#3465,#3630,#3660,#3825,#3855,#3885,#3915,#4080,
    #4110,#4275,#4305,#4335,#4365,#4530,#4560,#4725,#4755,#4785,#4815,
    #4980,#5010,#5175,#5205,#5235,#5265,#5430,#5460,#5625,#5655,#5685,
    #5715,#5880,#5910,#6075,#6105,#6135,#6165,#6330,#6360,#6525,#6555,
    #6585,#6615,#6780,#6810,#6975,#7005,#7035,#7065,#7230,#7260,#7425,
    #7455,#7485,#7515,#7680,#7710,#7875,#7905,#7935,#7965,#8130,#8160,
    #8325,#8355,#8385,#8415,#8580,#8610,#8775,#8805,#8835,#8865,#9030,
    #9060,#9225,#9255,#9285,#9315,#9480,#9510,#9675,#9705,#9735,#9765,
    #9930,#9960,#10125,#10155,#10185,#10215,#10380,#10410,#10575,#10605,
    #10635,#10665,#10830,#10860,#11025,#11055,#11085,#11115,#11280,
    #11310,#11475,#11505,#11535,#11565,#11730,#11760,#11925,#11955,
    #11985,#12015,#12171,#12341));
#17 = ADVANCED_FACE('',(#18),#52,.F.);
#18 = FACE_BOUND('',#19,.F.);
#19 = EDGE_LOOP('',(#20,#30,#38,#46));
#20 = ORIENTED_EDGE('',*,*,#21,.T.);
#21 = EDGE_CURVE('',#22,#24,#26,.T.);
#22 = VERTEX_POINT('',#23);
#23 = CARTESIAN_POINT('',(14.495437310144,-0.363726803655,0.));
#24 = VERTEX_POINT('',#25);
#25 = CARTESIAN_POINT('',(14.495437310144,-0.363726803655,6.));
#26 = LINE('',#27,#28);
#27 = CARTESIAN_POINT('',(14.495437310144,-0.363726803655,0.));
#28 = VECTOR('',#29,1.);
#29 = DIRECTION('',(0.,0.,1.));
#30 = ORIENTED_EDGE('',*,*,#31,.T.);
#31 = EDGE_CURVE('',#24,#32,#34,.T.);
#32 = VERTEX_POINT('',#33);
#33 = CARTESIAN_POINT('',(14.495437310144,0.363726803655,6.));
#34 = LINE('',#35,#36);
#35 = CARTESIAN_POINT('',(14.495437310144,-0.363726803655,6.));
#36 = VECTOR('',#37,1.);
#37 = DIRECTION('',(0.,1.,0.));
#38 = ORIENTED_EDGE('',*,*,#39,.F.);
#39 = EDGE_CURVE('',#40,#32,#42,.T.);
#40 = VERTEX_POINT('',#41);
#41 = CARTESIAN_POINT('',(14.495437310144,0.363726803655,0.));
#42 = LINE('',#43,#44);
#43 = CARTESIAN_POINT('',(14.495437310144,0.363726803655,0.));
#44 = VECTOR('',#45,1.);
#45 = DIRECTION('',(0.,0.,1.));
#46 = ORIENTED_EDGE('',*,*,#47,.F.);
#47 = EDGE_CURVE('',#22,#40,#48,.T.);
#48 = LINE('',#49,#50);
#49 = CARTESIAN_POINT('',(14.495437310144,-0.363726803655,0.));
#50 = VECTOR('',#51,1.);
#51 = DIRECTION('',(0.,1.,0.));
#52 = PLANE('',#53);
#53 = AXIS2_PLACEMENT_3D('',#54,#55,#56);
#54 = CARTESIAN_POINT('',(14.495437310144,-0.363726803655,0.));
#55 = DIRECTION('',(-1.,0.,0.));
#56 = DIRECTION('',(0.,1.,0.));
#57 = ADVANCED_FACE('',(#58),#171,.F.);
#58 = FACE_BOUND('',#59,.F.);
#59 = EDGE_LOOP('',(#60,#61,#113,#121));
#60 = ORIENTED_EDGE('',*,*,#39,.T.);
#61 = ORIENTED_EDGE('',*,*,#62,.T.);
#62 = EDGE_CURVE('',#32,#63,#65,.T.);
#63 = VERTEX_POINT('',#64);
#64 = CARTESIAN_POINT('',(12.651988003942,0.926282585031,6.));
#65 = B_SPLINE_CURVE_WITH_KNOTS('',3,(#66,#67,#68,#69,#70,#71,#72,#73,
    #74,#75,#76,#77,#78,#79,#80,#81,#82,#83,#84,#85,#86,#87,#88,#89,#90,
    #91,#92,#93,#94,#95,#96,#97,#98,#99,#100,#101,#102,#103,#104,#105,
    #106,#107,#108,#109,#110,#111,#112),.UNSPECIFIED.,.F.,.F.,(4,1,1,1,1
    ,1,1,1,1,1,1,1,1,1,1,1,1,1,1,1,1,1,1,1,1,1,1,1,1,1,1,1,1,1,1,1,1,1,1
    ,1,1,1,1,1,4),(0.,8.735293048255E-02,0.172697747622,0.256034451418,
    0.337363041871,0.416683518981,0.493995882747,0.569300133171,
    0.642596270251,0.713884293989,0.783164204383,0.850436001435,
    0.915699685144,0.97895525551,1.040202712533,1.099442056214,
    1.156673286553,1.211896403548,1.265111407202,1.316318297513,
    1.365517074482,1.41270773811,1.457890288395,1.501064725339,
    1.542231048942,1.581389259203,1.618539356124,1.653681339704,
    1.686815209945,1.717940966845,1.747058610407,1.774168140631,
    1.799269557517,1.822362861067,1.843448051283,1.862525128166,
    1.879594091718,1.894654941944,1.907707678849,1.918752302441,
    1.927788812733,1.934817209752,1.939837493553,1.942849664305,
    1.943853723184),.UNSPECIFIED.);
#66 = CARTESIAN_POINT('',(14.495437310144,0.363726803655,6.));
#67 = CARTESIAN_POINT('',(14.469616786226,0.377185778361,6.));
#68 = CARTESIAN_POINT('',(14.41840378172,0.403477442401,6.));
#69 = CARTESIAN_POINT('',(14.341993230749,0.441497724392,6.));
#70 = CARTESIAN_POINT('',(14.266919447644,0.477681997871,6.));
#71 = CARTESIAN_POINT('',(14.193216262609,0.51206991151,6.));
#72 = CARTESIAN_POINT('',(14.12091670131,0.544701852436,6.));
#73 = CARTESIAN_POINT('',(14.050052992794,0.575618703909,6.));
#74 = CARTESIAN_POINT('',(13.980656556828,0.604861890642,6.));
#75 = CARTESIAN_POINT('',(13.912757996828,0.632473349661,6.));
#76 = CARTESIAN_POINT('',(13.846387091624,0.658495520225,6.));
#77 = CARTESIAN_POINT('',(13.781572787811,0.682971328693,6.));
#78 = CARTESIAN_POINT('',(13.718343192223,0.705944174532,6.));
#79 = CARTESIAN_POINT('',(13.656725564671,0.727457915906,6.));
#80 = CARTESIAN_POINT('',(13.59674631089,0.747556855228,6.));
#81 = CARTESIAN_POINT('',(13.538430975726,0.76628572459,6.));
#82 = CARTESIAN_POINT('',(13.48180423655,0.7836896711,6.));
#83 = CARTESIAN_POINT('',(13.42688989691,0.799814242121,6.));
#84 = CARTESIAN_POINT('',(13.373710880411,0.814705370409,6.));
#85 = CARTESIAN_POINT('',(13.322289224835,0.828409359174,6.));
#86 = CARTESIAN_POINT('',(13.272646076495,0.84097286704,6.));
#87 = CARTESIAN_POINT('',(13.22480168483,0.852442892936,6.));
#88 = CARTESIAN_POINT('',(13.178775397241,0.862866760896,6.));
#89 = CARTESIAN_POINT('',(13.134585654158,0.87229210479,6.));
#90 = CARTESIAN_POINT('',(13.092249984364,0.88076685298,6.));
#91 = CARTESIAN_POINT('',(13.051785000544,0.888339212912,6.));
#92 = CARTESIAN_POINT('',(13.013206395093,0.895057655632,6.));
#93 = CARTESIAN_POINT('',(12.976528936162,0.900970900254,6.));
#94 = CARTESIAN_POINT('',(12.941766463943,0.906127898362,6.));
#95 = CARTESIAN_POINT('',(12.908931887217,0.910577818353,6.));
#96 = CARTESIAN_POINT('',(12.878037180129,0.914370029741,6.));
#97 = CARTESIAN_POINT('',(12.849093379228,0.917554087391,6.));
#98 = CARTESIAN_POINT('',(12.822110580745,0.920179715743,6.));
#99 = CARTESIAN_POINT('',(12.797097938126,0.922296792886,6.));
#100 = CARTESIAN_POINT('',(12.774063659801,0.923955334909,6.));
#101 = CARTESIAN_POINT('',(12.753015007271,0.92520547913,6.));
#102 = CARTESIAN_POINT('',(12.733958293204,0.926097470716,6.));
#103 = CARTESIAN_POINT('',(12.716898880602,0.926681638083,6.));
#104 = CARTESIAN_POINT('',(12.701841179628,0.927008403294,6.));
#105 = CARTESIAN_POINT('',(12.688788652796,0.927128183004,6.));
#106 = CARTESIAN_POINT('',(12.677743796007,0.927091618416,6.));
#107 = CARTESIAN_POINT('',(12.668708191458,0.926948839899,6.));
#108 = CARTESIAN_POINT('',(12.661682361999,0.926751410501,6.));
#109 = CARTESIAN_POINT('',(12.656666145589,0.926547263744,6.));
#110 = CARTESIAN_POINT('',(12.653657868614,0.926391824798,6.));
#111 = CARTESIAN_POINT('',(12.65232192108,0.926305343019,6.));
#112 = CARTESIAN_POINT('',(12.651988003942,0.926282585031,6.));
#113 = ORIENTED_EDGE('',*,*,#114,.F.);
#114 = EDGE_CURVE('',#115,#63,#117,.T.);
#115 = VERTEX_POINT('',#116);
#116 = CARTESIAN_POINT('',(12.651988003942,0.926282585031,0.));
#117 = LINE('',#118,#119);
#118 = CARTESIAN_POINT('',(12.651988003942,0.926282585031,0.));
#119 = VECTOR('',#120,1.);
#120 = DIRECTION('',(0.,0.,1.));
#121 = ORIENTED_EDGE('',*,*,#122,.F.);
#122 = EDGE_CURVE('',#40,#115,#123,.T.);
#123 = B_SPLINE_CURVE_WITH_KNOTS('',3,(#124,#125,#126,#127,#128,#129,
    #130,#131,#132,#133,#134,#135,#136,#137,#138,#139,#140,#141,#142,
    #143,#144,#145,#146,#147,#148,#149,#150,#151,#152,#153,#154,#155,
    #156,#157,#158,#159,#160,#161,#162,#163,#164,#165,#166,#167,#168,
    #169,#170),.UNSPECIFIED.,.F.,.F.,(4,1,1,1,1,1,1,1,1,1,1,1,1,1,1,1,1,
    1,1,1,1,1,1,1,1,1,1,1,1,1,1,1,1,1,1,1,1,1,1,1,1,1,1,1,4),(0.,
    8.735293048255E-02,0.172697747622,0.256034451418,0.337363041871,
    0.416683518981,0.493995882747,0.569300133171,0.642596270251,
    0.713884293989,0.783164204383,0.850436001435,0.915699685144,
    0.97895525551,1.040202712533,1.099442056214,1.156673286553,
    1.211896403548,1.265111407202,1.316318297513,1.365517074482,
    1.41270773811,1.457890288395,1.501064725339,1.542231048942,
    1.581389259203,1.618539356124,1.653681339704,1.686815209945,
    1.717940966845,1.747058610407,1.774168140631,1.799269557517,
    1.822362861067,1.843448051283,1.862525128166,1.879594091718,
    1.894654941944,1.907707678849,1.918752302441,1.927788812733,
    1.934817209752,1.939837493553,1.942849664305,1.943853723184),
  .UNSPECIFIED.);
#124 = CARTESIAN_POINT('',(14.495437310144,0.363726803655,0.));
#125 = CARTESIAN_POINT('',(14.469616786226,0.377185778361,0.));
#126 = CARTESIAN_POINT('',(14.41840378172,0.403477442401,0.));
#127 = CARTESIAN_POINT('',(14.341993230749,0.441497724392,0.));
#128 = CARTESIAN_POINT('',(14.266919447644,0.477681997871,0.));
#129 = CARTESIAN_POINT('',(14.193216262609,0.51206991151,0.));
#130 = CARTESIAN_POINT('',(14.12091670131,0.544701852436,0.));
#131 = CARTESIAN_POINT('',(14.050052992794,0.575618703909,0.));
#132 = CARTESIAN_POINT('',(13.980656556828,0.604861890642,0.));
#133 = CARTESIAN_POINT('',(13.912757996828,0.632473349661,0.));
#134 = CARTESIAN_POINT('',(13.846387091624,0.658495520225,0.));
#135 = CARTESIAN_POINT('',(13.781572787811,0.682971328693,0.));
#136 = CARTESIAN_POINT('',(13.718343192223,0.705944174532,0.));
#137 = CARTESIAN_POINT('',(13.656725564671,0.727457915906,0.));
#138 = CARTESIAN_POINT('',(13.59674631089,0.747556855228,0.));
#139 = CARTESIAN_POINT('',(13.538430975726,0.76628572459,0.));
#140 = CARTESIAN_POINT('',(13.48180423655,0.7836896711,0.));
#141 = CARTESIAN_POINT('',(13.42688989691,0.799814242121,0.));
#142 = CARTESIAN_POINT('',(13.373710880411,0.814705370409,0.));
#143 = CARTESIAN_POINT('',(13.322289224835,0.828409359174,0.));
#144 = CARTESIAN_POINT('',(13.272646076495,0.84097286704,0.));
#145 = CARTESIAN_POINT('',(13.22480168483,0.852442892936,0.));
#146 = CARTESIAN_POINT('',(13.178775397241,0.862866760896,0.));
#147 = CARTESIAN_POINT('',(13.134585654158,0.87229210479,0.));
#148 = CARTESIAN_POINT('',(13.092249984364,0.88076685298,0.));
#149 = CARTESIAN_POINT('',(13.051785000544,0.888339212912,0.));
#150 = CARTESIAN_POINT('',(13.013206395093,0.895057655632,0.));
#151 = CARTESIAN_POINT('',(12.976528936162,0.900970900254,0.));
#152 = CARTESIAN_POINT('',(12.941766463943,0.906127898362,0.));
#153 = CARTESIAN_POINT('',(12.908931887217,0.910577818353,0.));
#154 = CARTESIAN_POINT('',(12.878037180129,0.914370029741,0.));
#155 = CARTESIAN_POINT('',(12.849093379228,0.917554087391,0.));
#156 = CARTESIAN_POINT('',(12.822110580745,0.920179715743,0.));
#157 = CARTESIAN_POINT('',(12.797097938126,0.922296792886,0.));
#158 = CARTESIAN_POINT('',(12.774063659801,0.923955334909,0.));
#159 = CARTESIAN_POINT('',(12.753015007271,0.92520547913,0.));
#160 = CARTESIAN_POINT('',(12.733958293204,0.926097470716,0.));
#161 = CARTESIAN_POINT('',(12.716898880602,0.926681638083,0.));
#162 = CARTESIAN_POINT('',(12.701841179628,0.927008403294,0.));
#163 = CARTESIAN_POINT('',(12.688788652796,0.927128183004,0.));
#164 = CARTESIAN_POINT('',(12.677743796007,0.927091618416,0.));
#165 = CARTESIAN_POINT('',(12.668708191458,0.926948839899,0.));
#166 = CARTESIAN_POINT('',(12.661682361999,0.926751410501,0.));
#167 = CARTESIAN_POINT('',(12.656666145589,0.926547263744,0.));
#168 = CARTESIAN_POINT('',(12.653657868614,0.926391824798,0.));
#169 = CARTESIAN_POINT('',(12.65232192108,0.926305343019,-0.));
#170 = CARTESIAN_POINT('',(12.651988003942,0.926282585031,0.));
#171 = SURFACE_OF_LINEAR_EXTRUSION('',#172,#220);
#172 = B_SPLINE_CURVE_WITH_KNOTS('',3,(#173,#174,#175,#176,#177,#178,
    #179,#180,#181,#182,#183,#184,#185,#186,#187,#188,#189,#190,#191,
    #192,#193,#194,#195,#196,#197,#198,#199,#200,#201,#202,#203,#204,
    #205,#206,#207,#208,#209,#210,#211,#212,#213,#214,#215,#216,#217,
    #218,#219),.UNSPECIFIED.,.F.,.F.,(4,1,1,1,1,1,1,1,1,1,1,1,1,1,1,1,1,
    1,1,1,1,1,1,1,1,1,1,1,1,1,1,1,1,1,1,1,1,1,1,1,1,1,1,1,4),(0.,
    8.735293048255E-02,0.172697747622,0.256034451418,0.337363041871,
    0.416683518981,0.493995882747,0.569300133171,0.642596270251,
    0.713884293989,0.783164204383,0.850436001435,0.915699685144,
    0.97895525551,1.040202712533,1.099442056214,1.156673286553,
    1.211896403548,1.265111407202,1.316318297513,1.365517074482,
    1.41270773811,1.457890288395,1.501064725339,1.542231048942,
    1.581389259203,1.618539356124,1.653681339704,1.686815209945,
    1.717940966845,1.747058610407,1.774168140631,1.799269557517,
    1.822362861067,1.843448051283,1.862525128166,1.879594091718,
    1.894654941944,1.907707678849,1.918752302441,1.927788812733,
    1.934817209752,1.939837493553,1.942849664305,1.943853723184),
  .UNSPECIFIED.);
#173 = CARTESIAN_POINT('',(14.495437310144,0.363726803655,0.));
#174 = CARTESIAN_POINT('',(14.469616786226,0.377185778361,0.));
#175 = CARTESIAN_POINT('',(14.41840378172,0.403477442401,0.));
#176 = CARTESIAN_POINT('',(14.341993230749,0.441497724392,0.));
#177 = CARTESIAN_POINT('',(14.266919447644,0.477681997871,0.));
#178 = CARTESIAN_POINT('',(14.193216262609,0.51206991151,0.));
#179 = CARTESIAN_POINT('',(14.12091670131,0.544701852436,0.));
#180 = CARTESIAN_POINT('',(14.050052992794,0.575618703909,0.));
#181 = CARTESIAN_POINT('',(13.980656556828,0.604861890642,0.));
#182 = CARTESIAN_POINT('',(13.912757996828,0.632473349661,0.));
#183 = CARTESIAN_POINT('',(13.846387091624,0.658495520225,0.));
#184 = CARTESIAN_POINT('',(13.781572787811,0.682971328693,0.));
#185 = CARTESIAN_POINT('',(13.718343192223,0.705944174532,0.));
#186 = CARTESIAN_POINT('',(13.656725564671,0.727457915906,0.));
#187 = CARTESIAN_POINT('',(13.59674631089,0.747556855228,0.));
#188 = CARTESIAN_POINT('',(13.538430975726,0.76628572459,0.));
#189 = CARTESIAN_POINT('',(13.48180423655,0.7836896711,0.));
#190 = CARTESIAN_POINT('',(13.42688989691,0.799814242121,0.));
#191 = CARTESIAN_POINT('',(13.373710880411,0.814705370409,0.));
#192 = CARTESIAN_POINT('',(13.322289224835,0.828409359174,0.));
#193 = CARTESIAN_POINT('',(13.272646076495,0.84097286704,0.));
#194 = CARTESIAN_POINT('',(13.22480168483,0.852442892936,0.));
#195 = CARTESIAN_POINT('',(13.178775397241,0.862866760896,0.));
#196 = CARTESIAN_POINT('',(13.134585654158,0.87229210479,0.));
#197 = CARTESIAN_POINT('',(13.092249984364,0.88076685298,0.));
#198 = CARTESIAN_POINT('',(13.051785000544,0.888339212912,0.));
#199 = CARTESIAN_POINT('',(13.013206395093,0.895057655632,0.));
#200 = CARTESIAN_POINT('',(12.976528936162,0.900970900254,0.));
#201 = CARTESIAN_POINT('',(12.941766463943,0.906127898362,0.));
#202 = CARTESIAN_POINT('',(12.908931887217,0.910577818353,0.));
#203 = CARTESIAN_POINT('',(12.878037180129,0.914370029741,0.));
#204 = CARTESIAN_POINT('',(12.849093379228,0.917554087391,0.));
#205 = CARTESIAN_POINT('',(12.822110580745,0.920179715743,0.));
#206 = CARTESIAN_POINT('',(12.797097938126,0.922296792886,0.));
#207 = CARTESIAN_POINT('',(12.774063659801,0.923955334909,0.));
#208 = CARTESIAN_POINT('',(12.753015007271,0.92520547913,0.));
#209 = CARTESIAN_POINT('',(12.733958293204,0.926097470716,0.));
#210 = CARTESIAN_POINT('',(12.716898880602,0.926681638083,0.));
#211 = CARTESIAN_POINT('',(12.701841179628,0.927008403294,0.));
#212 = CARTESIAN_POINT('',(12.688788652796,0.927128183004,0.));
#213 = CARTESIAN_POINT('',(12.677743796007,0.927091618416,0.));
#214 = CARTESIAN_POINT('',(12.668708191458,0.926948839899,0.));
#215 = CARTESIAN_POINT('',(12.661682361999,0.926751410501,0.));
#216 = CARTESIAN_POINT('',(12.656666145589,0.926547263744,0.));
#217 = CARTESIAN_POINT('',(12.653657868614,0.926391824798,0.));
#218 = CARTESIAN_POINT('',(12.65232192108,0.926305343019,-0.));
#219 = CARTESIAN_POINT('',(12.651988003942,0.926282585031,0.));
#220 = VECTOR('',#221,1.);
#221 = DIRECTION('',(-0.,-0.,-1.));
#222 = ADVANCED_FACE('',(#223),#248,.F.);
#223 = FACE_BOUND('',#224,.F.);
#224 = EDGE_LOOP('',(#225,#226,#234,#242));
#225 = ORIENTED_EDGE('',*,*,#114,.T.);
#226 = ORIENTED_EDGE('',*,*,#227,.T.);
#227 = EDGE_CURVE('',#63,#228,#230,.T.);
#228 = VERTEX_POINT('',#229);
#229 = CARTESIAN_POINT('',(12.217301039998,0.89445810302,6.));
#230 = LINE('',#231,#232);
#231 = CARTESIAN_POINT('',(12.651988003942,0.926282585031,6.));
#232 = VECTOR('',#233,1.);
#233 = DIRECTION('',(-0.997330697143,-7.301698800159E-02,0.));
#234 = ORIENTED_EDGE('',*,*,#235,.F.);
#235 = EDGE_CURVE('',#236,#228,#238,.T.);
#236 = VERTEX_POINT('',#237);
#237 = CARTESIAN_POINT('',(12.217301039998,0.89445810302,0.));
#238 = LINE('',#239,#240);
#239 = CARTESIAN_POINT('',(12.217301039998,0.89445810302,0.));
#240 = VECTOR('',#241,1.);
#241 = DIRECTION('',(0.,0.,1.));
#242 = ORIENTED_EDGE('',*,*,#243,.F.);
#243 = EDGE_CURVE('',#115,#236,#244,.T.);
#244 = LINE('',#245,#246);
#245 = CARTESIAN_POINT('',(12.651988003942,0.926282585031,0.));
#246 = VECTOR('',#247,1.);
#247 = DIRECTION('',(-0.997330697143,-7.301698800159E-02,0.));
#248 = PLANE('',#249);
#249 = AXIS2_PLACEMENT_3D('',#250,#251,#252);
#250 = CARTESIAN_POINT('',(12.651988003942,0.926282585031,0.));
#251 = DIRECTION('',(7.301698800159E-02,-0.997330697143,0.));
#252 = DIRECTION('',(-0.997330697143,-7.301698800159E-02,0.));
#253 = ADVANCED_FACE('',(#254),#279,.F.);
#254 = FACE_BOUND('',#255,.F.);
#255 = EDGE_LOOP('',(#256,#257,#265,#273));
#256 = ORIENTED_EDGE('',*,*,#235,.T.);
#257 = ORIENTED_EDGE('',*,*,#258,.T.);
#258 = EDGE_CURVE('',#228,#259,#261,.T.);
#259 = VERTEX_POINT('',#260);
#260 = CARTESIAN_POINT('',(12.09425834357,1.94715564837,6.));
#261 = LINE('',#262,#263);
#262 = CARTESIAN_POINT('',(12.217301039998,0.89445810302,6.));
#263 = VECTOR('',#264,1.);
#264 = DIRECTION('',(-0.116092914125,0.993238357742,0.));
#265 = ORIENTED_EDGE('',*,*,#266,.F.);
#266 = EDGE_CURVE('',#267,#259,#269,.T.);
#267 = VERTEX_POINT('',#268);
#268 = CARTESIAN_POINT('',(12.09425834357,1.94715564837,0.));
#269 = LINE('',#270,#271);
#270 = CARTESIAN_POINT('',(12.09425834357,1.94715564837,0.));
#271 = VECTOR('',#272,1.);
#272 = DIRECTION('',(0.,0.,1.));
#273 = ORIENTED_EDGE('',*,*,#274,.F.);
#274 = EDGE_CURVE('',#236,#267,#275,.T.);
#275 = LINE('',#276,#277);
#276 = CARTESIAN_POINT('',(12.217301039998,0.89445810302,0.));
#277 = VECTOR('',#278,1.);
#278 = DIRECTION('',(-0.116092914125,0.993238357742,0.));
#279 = PLANE('',#280);
#280 = AXIS2_PLACEMENT_3D('',#281,#282,#283);
#281 = CARTESIAN_POINT('',(12.217301039998,0.89445810302,0.));
#282 = DIRECTION('',(-0.993238357742,-0.116092914125,0.));
#283 = DIRECTION('',(-0.116092914125,0.993238357742,0.));
#284 = ADVANCED_FACE('',(#285),#310,.F.);
#285 = FACE_BOUND('',#286,.F.);
#286 = EDGE_LOOP('',(#287,#288,#296,#304));
#287 = ORIENTED_EDGE('',*,*,#266,.T.);
#288 = ORIENTED_EDGE('',*,*,#289,.T.);
#289 = EDGE_CURVE('',#259,#290,#292,.T.);
#290 = VERTEX_POINT('',#291);
#291 = CARTESIAN_POINT('',(12.524567494773,2.01643471208,6.));
#292 = LINE('',#293,#294);
#293 = CARTESIAN_POINT('',(12.09425834357,1.94715564837,6.));
#294 = VECTOR('',#295,1.);
#295 = DIRECTION('',(0.987286395393,0.1589514815,0.));
#296 = ORIENTED_EDGE('',*,*,#297,.F.);
#297 = EDGE_CURVE('',#298,#290,#300,.T.);
#298 = VERTEX_POINT('',#299);
#299 = CARTESIAN_POINT('',(12.524567494773,2.01643471208,0.));
#300 = LINE('',#301,#302);
#301 = CARTESIAN_POINT('',(12.524567494773,2.01643471208,0.));
#302 = VECTOR('',#303,1.);
#303 = DIRECTION('',(0.,0.,1.));
#304 = ORIENTED_EDGE('',*,*,#305,.F.);
#305 = EDGE_CURVE('',#267,#298,#306,.T.);
#306 = LINE('',#307,#308);
#307 = CARTESIAN_POINT('',(12.09425834357,1.94715564837,0.));
#308 = VECTOR('',#309,1.);
#309 = DIRECTION('',(0.987286395393,0.1589514815,0.));
#310 = PLANE('',#311);
#311 = AXIS2_PLACEMENT_3D('',#312,#313,#314);
#312 = CARTESIAN_POINT('',(12.09425834357,1.94715564837,0.));
#313 = DIRECTION('',(-0.1589514815,0.987286395393,0.));
#314 = DIRECTION('',(0.987286395393,0.1589514815,0.));
#315 = ADVANCED_FACE('',(#316),#429,.F.);
#316 = FACE_BOUND('',#317,.F.);
#317 = EDGE_LOOP('',(#318,#319,#371,#379));
#318 = ORIENTED_EDGE('',*,*,#297,.T.);
#319 = ORIENTED_EDGE('',*,*,#320,.T.);
#320 = EDGE_CURVE('',#290,#321,#323,.T.);
#321 = VERTEX_POINT('',#322);
#322 = CARTESIAN_POINT('',(14.188592094984,2.988955396482,6.));
#323 = B_SPLINE_CURVE_WITH_KNOTS('',3,(#324,#325,#326,#327,#328,#329,
    #330,#331,#332,#333,#334,#335,#336,#337,#338,#339,#340,#341,#342,
    #343,#344,#345,#346,#347,#348,#349,#350,#351,#352,#353,#354,#355,
    #356,#357,#358,#359,#360,#361,#362,#363,#364,#365,#366,#367,#368,
    #369,#370),.UNSPECIFIED.,.F.,.F.,(4,1,1,1,1,1,1,1,1,1,1,1,1,1,1,1,1,
    1,1,1,1,1,1,1,1,1,1,1,1,1,1,1,1,1,1,1,1,1,1,1,1,1,1,1,4),(0.,
    1.004058879412E-03,4.016229631009E-03,9.036513432115E-03,
    1.606491045092E-02,2.510142074349E-02,3.614604433531E-02,
    4.91987812401E-02,6.425963146609E-02,8.132859501861E-02,
    0.100405671901,0.121490862117,0.144584165667,0.169685582553,
    0.196795112777,0.225912756339,0.25703851324,0.29017238348,
    0.32531436706,0.362464463981,0.401622674242,0.442788997845,
    0.485963434789,0.531145985075,0.578336648702,0.627535425671,
    0.678742315982,0.731957319636,0.787180436632,0.84441166697,
    0.903651010651,0.964898467674,1.02815403804,1.093417721749,
    1.160689518801,1.229969429195,1.301257452933,1.374553590013,
    1.449857840437,1.527170204204,1.606490681313,1.687819271766,
    1.771155975562,1.856500792702,1.943853723184),.UNSPECIFIED.);
#324 = CARTESIAN_POINT('',(12.524567494773,2.01643471208,6.));
#325 = CARTESIAN_POINT('',(12.524897659485,2.016489574128,6.));
#326 = CARTESIAN_POINT('',(12.526217540451,2.01671351418,6.));
#327 = CARTESIAN_POINT('',(12.529180575619,2.017256021526,6.));
#328 = CARTESIAN_POINT('',(12.534108658748,2.018214196686,6.));
#329 = CARTESIAN_POINT('',(12.540990636418,2.019642356801,6.));
#330 = CARTESIAN_POINT('',(12.549815612069,2.021587180709,6.));
#331 = CARTESIAN_POINT('',(12.560571185688,2.02409872099,6.));
#332 = CARTESIAN_POINT('',(12.573244256867,2.027225391863,6.));
#333 = CARTESIAN_POINT('',(12.58782071832,2.031015893897,6.));
#334 = CARTESIAN_POINT('',(12.604285573981,2.035518486248,6.));
#335 = CARTESIAN_POINT('',(12.622622904438,2.040781214794,6.));
#336 = CARTESIAN_POINT('',(12.642815884716,2.046851814546,6.));
#337 = CARTESIAN_POINT('',(12.664846784976,2.053777720507,6.));
#338 = CARTESIAN_POINT('',(12.688696976987,2.061606043919,6.));
#339 = CARTESIAN_POINT('',(12.714346939076,2.070383559686,6.));
#340 = CARTESIAN_POINT('',(12.74177626185,2.080156690498,6.));
#341 = CARTESIAN_POINT('',(12.770963653979,2.090971492113,6.));
#342 = CARTESIAN_POINT('',(12.801886948267,2.102873638437,6.));
#343 = CARTESIAN_POINT('',(12.834523107938,2.115908406793,6.));
#344 = CARTESIAN_POINT('',(12.86884823316,2.13012066327,6.));
#345 = CARTESIAN_POINT('',(12.90483756779,2.145554848185,6.));
#346 = CARTESIAN_POINT('',(12.942465506355,2.162254961652,6.));
#347 = CARTESIAN_POINT('',(12.981705601258,2.180264549262,6.));
#348 = CARTESIAN_POINT('',(13.022530570207,2.19962668787,6.));
#349 = CARTESIAN_POINT('',(13.064912303872,2.220383971509,6.));
#350 = CARTESIAN_POINT('',(13.108821873758,2.242578497417,6.));
#351 = CARTESIAN_POINT('',(13.154229540304,2.266251852184,6.));
#352 = CARTESIAN_POINT('',(13.201104761197,2.291445098033,6.));
#353 = CARTESIAN_POINT('',(13.249416199907,2.318198759226,6.));
#354 = CARTESIAN_POINT('',(13.299131734429,2.3465528086,6.));
#355 = CARTESIAN_POINT('',(13.350218466243,2.376546654243,6.));
#356 = CARTESIAN_POINT('',(13.402642729485,2.408219126303,6.));
#357 = CARTESIAN_POINT('',(13.456370100325,2.441608463952,6.));
#358 = CARTESIAN_POINT('',(13.511365406552,2.476752302474,6.));
#359 = CARTESIAN_POINT('',(13.56759273736,2.513687660524,6.));
#360 = CARTESIAN_POINT('',(13.625015453344,2.552450927517,6.));
#361 = CARTESIAN_POINT('',(13.683596196685,2.593077851202,6.));
#362 = CARTESIAN_POINT('',(13.743296901549,2.635603525305,6.));
#363 = CARTESIAN_POINT('',(13.804078804631,2.680062377662,6.));
#364 = CARTESIAN_POINT('',(13.865902456089,2.726488157246,6.));
#365 = CARTESIAN_POINT('',(13.928727729885,2.774913926264,6.));
#366 = CARTESIAN_POINT('',(13.992513837383,2.825372033434,6.));
#367 = CARTESIAN_POINT('',(14.057219329213,2.877894160999,6.));
#368 = CARTESIAN_POINT('',(14.122802143456,2.932511087114,6.));
#369 = CARTESIAN_POINT('',(14.166571419801,2.969904587575,6.));
#370 = CARTESIAN_POINT('',(14.188592094984,2.988955396482,6.));
#371 = ORIENTED_EDGE('',*,*,#372,.F.);
#372 = EDGE_CURVE('',#373,#321,#375,.T.);
#373 = VERTEX_POINT('',#374);
#374 = CARTESIAN_POINT('',(14.188592094984,2.988955396482,0.));
#375 = LINE('',#376,#377);
#376 = CARTESIAN_POINT('',(14.188592094984,2.988955396482,0.));
#377 = VECTOR('',#378,1.);
#378 = DIRECTION('',(0.,0.,1.));
#379 = ORIENTED_EDGE('',*,*,#380,.F.);
#380 = EDGE_CURVE('',#298,#373,#381,.T.);
#381 = B_SPLINE_CURVE_WITH_KNOTS('',3,(#382,#383,#384,#385,#386,#387,
    #388,#389,#390,#391,#392,#393,#394,#395,#396,#397,#398,#399,#400,
    #401,#402,#403,#404,#405,#406,#407,#408,#409,#410,#411,#412,#413,
    #414,#415,#416,#417,#418,#419,#420,#421,#422,#423,#424,#425,#426,
    #427,#428),.UNSPECIFIED.,.F.,.F.,(4,1,1,1,1,1,1,1,1,1,1,1,1,1,1,1,1,
    1,1,1,1,1,1,1,1,1,1,1,1,1,1,1,1,1,1,1,1,1,1,1,1,1,1,1,4),(0.,
    1.004058879412E-03,4.016229631009E-03,9.036513432115E-03,
    1.606491045092E-02,2.510142074349E-02,3.614604433531E-02,
    4.91987812401E-02,6.425963146609E-02,8.132859501861E-02,
    0.100405671901,0.121490862117,0.144584165667,0.169685582553,
    0.196795112777,0.225912756339,0.25703851324,0.29017238348,
    0.32531436706,0.362464463981,0.401622674242,0.442788997845,
    0.485963434789,0.531145985075,0.578336648702,0.627535425671,
    0.678742315982,0.731957319636,0.787180436632,0.84441166697,
    0.903651010651,0.964898467674,1.02815403804,1.093417721749,
    1.160689518801,1.229969429195,1.301257452933,1.374553590013,
    1.449857840437,1.527170204204,1.606490681313,1.687819271766,
    1.771155975562,1.856500792702,1.943853723184),.UNSPECIFIED.);
#382 = CARTESIAN_POINT('',(12.524567494773,2.01643471208,0.));
#383 = CARTESIAN_POINT('',(12.524897659485,2.016489574128,0.));
#384 = CARTESIAN_POINT('',(12.526217540451,2.01671351418,0.));
#385 = CARTESIAN_POINT('',(12.529180575619,2.017256021526,0.));
#386 = CARTESIAN_POINT('',(12.534108658748,2.018214196686,0.));
#387 = CARTESIAN_POINT('',(12.540990636418,2.019642356801,0.));
#388 = CARTESIAN_POINT('',(12.549815612069,2.021587180709,0.));
#389 = CARTESIAN_POINT('',(12.560571185688,2.02409872099,0.));
#390 = CARTESIAN_POINT('',(12.573244256867,2.027225391863,0.));
#391 = CARTESIAN_POINT('',(12.58782071832,2.031015893897,0.));
#392 = CARTESIAN_POINT('',(12.604285573981,2.035518486248,0.));
#393 = CARTESIAN_POINT('',(12.622622904438,2.040781214794,0.));
#394 = CARTESIAN_POINT('',(12.642815884716,2.046851814546,0.));
#395 = CARTESIAN_POINT('',(12.664846784976,2.053777720507,0.));
#396 = CARTESIAN_POINT('',(12.688696976987,2.061606043919,0.));
#397 = CARTESIAN_POINT('',(12.714346939076,2.070383559686,0.));
#398 = CARTESIAN_POINT('',(12.74177626185,2.080156690498,0.));
#399 = CARTESIAN_POINT('',(12.770963653979,2.090971492113,0.));
#400 = CARTESIAN_POINT('',(12.801886948267,2.102873638437,0.));
#401 = CARTESIAN_POINT('',(12.834523107938,2.115908406793,0.));
#402 = CARTESIAN_POINT('',(12.86884823316,2.13012066327,0.));
#403 = CARTESIAN_POINT('',(12.90483756779,2.145554848185,0.));
#404 = CARTESIAN_POINT('',(12.942465506355,2.162254961652,0.));
#405 = CARTESIAN_POINT('',(12.981705601258,2.180264549262,0.));
#406 = CARTESIAN_POINT('',(13.022530570207,2.19962668787,0.));
#407 = CARTESIAN_POINT('',(13.064912303872,2.220383971509,0.));
#408 = CARTESIAN_POINT('',(13.108821873758,2.242578497417,0.));
#409 = CARTESIAN_POINT('',(13.154229540304,2.266251852184,0.));
#410 = CARTESIAN_POINT('',(13.201104761197,2.291445098033,0.));
#411 = CARTESIAN_POINT('',(13.249416199907,2.318198759226,0.));
#412 = CARTESIAN_POINT('',(13.299131734429,2.3465528086,0.));
#413 = CARTESIAN_POINT('',(13.350218466243,2.376546654243,0.));
#414 = CARTESIAN_POINT('',(13.402642729485,2.408219126303,0.));
#415 = CARTESIAN_POINT('',(13.456370100325,2.441608463952,0.));
#416 = CARTESIAN_POINT('',(13.511365406552,2.476752302474,0.));
#417 = CARTESIAN_POINT('',(13.56759273736,2.513687660524,0.));
#418 = CARTESIAN_POINT('',(13.625015453344,2.552450927517,0.));
#419 = CARTESIAN_POINT('',(13.683596196685,2.593077851202,0.));
#420 = CARTESIAN_POINT('',(13.743296901549,2.635603525305,0.));
#421 = CARTESIAN_POINT('',(13.804078804631,2.680062377662,0.));
#422 = CARTESIAN_POINT('',(13.865902456089,2.726488157246,0.));
#423 = CARTESIAN_POINT('',(13.928727729885,2.774913926264,0.));
#424 = CARTESIAN_POINT('',(13.992513837383,2.825372033434,0.));
#425 = CARTESIAN_POINT('',(14.057219329213,2.877894160999,0.));
#426 = CARTESIAN_POINT('',(14.122802143456,2.932511087114,0.));
#427 = CARTESIAN_POINT('',(14.166571419801,2.969904587575,-0.));
#428 = CARTESIAN_POINT('',(14.188592094984,2.988955396482,0.));
#429 = SURFACE_OF_LINEAR_EXTRUSION('',#430,#478);
#430 = B_SPLINE_CURVE_WITH_KNOTS('',3,(#431,#432,#433,#434,#435,#436,
    #437,#438,#439,#440,#441,#442,#443,#444,#445,#446,#447,#448,#449,
    #450,#451,#452,#453,#454,#455,#456,#457,#458,#459,#460,#461,#462,
    #463,#464,#465,#466,#467,#468,#469,#470,#471,#472,#473,#474,#475,
    #476,#477),.UNSPECIFIED.,.F.,.F.,(4,1,1,1,1,1,1,1,1,1,1,1,1,1,1,1,1,
    1,1,1,1,1,1,1,1,1,1,1,1,1,1,1,1,1,1,1,1,1,1,1,1,1,1,1,4),(0.,
    1.004058879412E-03,4.016229631009E-03,9.036513432115E-03,
    1.606491045092E-02,2.510142074349E-02,3.614604433531E-02,
    4.91987812401E-02,6.425963146609E-02,8.132859501861E-02,
    0.100405671901,0.121490862117,0.144584165667,0.169685582553,
    0.196795112777,0.225912756339,0.25703851324,0.29017238348,
    0.32531436706,0.362464463981,0.401622674242,0.442788997845,
    0.485963434789,0.531145985075,0.578336648702,0.627535425671,
    0.678742315982,0.731957319636,0.787180436632,0.84441166697,
    0.903651010651,0.964898467674,1.02815403804,1.093417721749,
    1.160689518801,1.229969429195,1.301257452933,1.374553590013,
    1.449857840437,1.527170204204,1.606490681313,1.687819271766,
    1.771155975562,1.856500792702,1.943853723184),.UNSPECIFIED.);
#431 = CARTESIAN_POINT('',(12.524567494773,2.01643471208,0.));
#432 = CARTESIAN_POINT('',(12.524897659485,2.016489574128,0.));
#433 = CARTESIAN_POINT('',(12.526217540451,2.01671351418,0.));
#434 = CARTESIAN_POINT('',(12.529180575619,2.017256021526,0.));
#435 = CARTESIAN_POINT('',(12.534108658748,2.018214196686,0.));
#436 = CARTESIAN_POINT('',(12.540990636418,2.019642356801,0.));
#437 = CARTESIAN_POINT('',(12.549815612069,2.021587180709,0.));
#438 = CARTESIAN_POINT('',(12.560571185688,2.02409872099,0.));
#439 = CARTESIAN_POINT('',(12.573244256867,2.027225391863,0.));
#440 = CARTESIAN_POINT('',(12.58782071832,2.031015893897,0.));
#441 = CARTESIAN_POINT('',(12.604285573981,2.035518486248,0.));
#442 = CARTESIAN_POINT('',(12.622622904438,2.040781214794,0.));
#443 = CARTESIAN_POINT('',(12.642815884716,2.046851814546,0.));
#444 = CARTESIAN_POINT('',(12.664846784976,2.053777720507,0.));
#445 = CARTESIAN_POINT('',(12.688696976987,2.061606043919,0.));
#446 = CARTESIAN_POINT('',(12.714346939076,2.070383559686,0.));
#447 = CARTESIAN_POINT('',(12.74177626185,2.080156690498,0.));
#448 = CARTESIAN_POINT('',(12.770963653979,2.090971492113,0.));
#449 = CARTESIAN_POINT('',(12.801886948267,2.102873638437,0.));
#450 = CARTESIAN_POINT('',(12.834523107938,2.115908406793,0.));
#451 = CARTESIAN_POINT('',(12.86884823316,2.13012066327,0.));
#452 = CARTESIAN_POINT('',(12.90483756779,2.145554848185,0.));
#453 = CARTESIAN_POINT('',(12.942465506355,2.162254961652,0.));
#454 = CARTESIAN_POINT('',(12.981705601258,2.180264549262,0.));
#455 = CARTESIAN_POINT('',(13.022530570207,2.19962668787,0.));
#456 = CARTESIAN_POINT('',(13.064912303872,2.220383971509,0.));
#457 = CARTESIAN_POINT('',(13.108821873758,2.242578497417,0.));
#458 = CARTESIAN_POINT('',(13.154229540304,2.266251852184,0.));
#459 = CARTESIAN_POINT('',(13.201104761197,2.291445098033,0.));
#460 = CARTESIAN_POINT('',(13.249416199907,2.318198759226,0.));
#461 = CARTESIAN_POINT('',(13.299131734429,2.3465528086,0.));
#462 = CARTESIAN_POINT('',(13.350218466243,2.376546654243,0.));
#463 = CARTESIAN_POINT('',(13.402642729485,2.408219126303,0.));
#464 = CARTESIAN_POINT('',(13.456370100325,2.441608463952,0.));
#465 = CARTESIAN_POINT('',(13.511365406552,2.476752302474,0.));
#466 = CARTESIAN_POINT('',(13.56759273736,2.513687660524,0.));
#467 = CARTESIAN_POINT('',(13.625015453344,2.552450927517,0.));
#468 = CARTESIAN_POINT('',(13.683596196685,2.593077851202,0.));
#469 = CARTESIAN_POINT('',(13.743296901549,2.635603525305,0.));
#470 = CARTESIAN_POINT('',(13.804078804631,2.680062377662,0.));
#471 = CARTESIAN_POINT('',(13.865902456089,2.726488157246,0.));
#472 = CARTESIAN_POINT('',(13.928727729885,2.774913926264,0.));
#473 = CARTESIAN_POINT('',(13.992513837383,2.825372033434,0.));
#474 = CARTESIAN_POINT('',(14.057219329213,2.877894160999,0.));
#475 = CARTESIAN_POINT('',(14.122802143456,2.932511087114,0.));
#476 = CARTESIAN_POINT('',(14.166571419801,2.969904587575,-0.));
#477 = CARTESIAN_POINT('',(14.188592094984,2.988955396482,0.));
#478 = VECTOR('',#479,1.);
#479 = DIRECTION('',(-0.,-0.,-1.));
#480 = ADVANCED_FACE('',(#481),#504,.F.);
#481 = FACE_BOUND('',#482,.F.);
#482 = EDGE_LOOP('',(#483,#484,#491,#499));
#483 = ORIENTED_EDGE('',*,*,#372,.T.);
#484 = ORIENTED_EDGE('',*,*,#485,.T.);
#485 = EDGE_CURVE('',#321,#486,#488,.T.);
#486 = VERTEX_POINT('',#487);
#487 = CARTESIAN_POINT('',(14.020829747909,3.69680039766,6.));
#488 = B_SPLINE_CURVE_WITH_KNOTS('',1,(#489,#490),.UNSPECIFIED.,.F.,.F.,
  (2,2),(0.,0.72745360731),.PIECEWISE_BEZIER_KNOTS.);
#489 = CARTESIAN_POINT('',(14.188592094984,2.988955396482,6.));
#490 = CARTESIAN_POINT('',(14.020829747909,3.69680039766,6.));
#491 = ORIENTED_EDGE('',*,*,#492,.F.);
#492 = EDGE_CURVE('',#493,#486,#495,.T.);
#493 = VERTEX_POINT('',#494);
#494 = CARTESIAN_POINT('',(14.020829747909,3.69680039766,0.));
#495 = LINE('',#496,#497);
#496 = CARTESIAN_POINT('',(14.020829747909,3.69680039766,0.));
#497 = VECTOR('',#498,1.);
#498 = DIRECTION('',(0.,0.,1.));
#499 = ORIENTED_EDGE('',*,*,#500,.F.);
#500 = EDGE_CURVE('',#373,#493,#501,.T.);
#501 = B_SPLINE_CURVE_WITH_KNOTS('',1,(#502,#503),.UNSPECIFIED.,.F.,.F.,
  (2,2),(0.,0.72745360731),.PIECEWISE_BEZIER_KNOTS.);
#502 = CARTESIAN_POINT('',(14.188592094984,2.988955396482,0.));
#503 = CARTESIAN_POINT('',(14.020829747909,3.69680039766,0.));
#504 = SURFACE_OF_LINEAR_EXTRUSION('',#505,#508);
#505 = B_SPLINE_CURVE_WITH_KNOTS('',1,(#506,#507),.UNSPECIFIED.,.F.,.F.,
  (2,2),(0.,0.72745360731),.PIECEWISE_BEZIER_KNOTS.);
#506 = CARTESIAN_POINT('',(14.188592094984,2.988955396482,0.));
#507 = CARTESIAN_POINT('',(14.020829747909,3.69680039766,0.));
#508 = VECTOR('',#509,1.);
#509 = DIRECTION('',(-0.,-0.,-1.));
#510 = ADVANCED_FACE('',(#511),#624,.F.);
#511 = FACE_BOUND('',#512,.F.);
#512 = EDGE_LOOP('',(#513,#514,#566,#574));
#513 = ORIENTED_EDGE('',*,*,#492,.T.);
#514 = ORIENTED_EDGE('',*,*,#515,.T.);
#515 = EDGE_CURVE('',#486,#516,#518,.T.);
#516 = VERTEX_POINT('',#517);
#517 = CARTESIAN_POINT('',(12.097336564972,3.819063748224,6.));
#518 = B_SPLINE_CURVE_WITH_KNOTS('',3,(#519,#520,#521,#522,#523,#524,
    #525,#526,#527,#528,#529,#530,#531,#532,#533,#534,#535,#536,#537,
    #538,#539,#540,#541,#542,#543,#544,#545,#546,#547,#548,#549,#550,
    #551,#552,#553,#554,#555,#556,#557,#558,#559,#560,#561,#562,#563,
    #564,#565),.UNSPECIFIED.,.F.,.F.,(4,1,1,1,1,1,1,1,1,1,1,1,1,1,1,1,1,
    1,1,1,1,1,1,1,1,1,1,1,1,1,1,1,1,1,1,1,1,1,1,1,1,1,1,1,4),(0.,
    8.735293048255E-02,0.172697747622,0.256034451418,0.337363041871,
    0.416683518981,0.493995882747,0.569300133171,0.642596270251,
    0.713884293989,0.783164204383,0.850436001435,0.915699685144,
    0.97895525551,1.040202712533,1.099442056214,1.156673286553,
    1.211896403548,1.265111407202,1.316318297513,1.365517074482,
    1.41270773811,1.457890288395,1.501064725339,1.542231048942,
    1.581389259203,1.618539356124,1.653681339704,1.686815209945,
    1.717940966845,1.747058610407,1.774168140631,1.799269557517,
    1.822362861067,1.843448051283,1.862525128166,1.879594091718,
    1.894654941944,1.907707678849,1.918752302441,1.927788812733,
    1.934817209752,1.939837493553,1.942849664305,1.943853723184),
  .UNSPECIFIED.);
#519 = CARTESIAN_POINT('',(14.020829747909,3.69680039766,6.));
#520 = CARTESIAN_POINT('',(13.992601366384,3.703941961355,6.));
#521 = CARTESIAN_POINT('',(13.936705540047,3.71771439856,6.));
#522 = CARTESIAN_POINT('',(13.85358656493,3.737088353184,6.));
#523 = CARTESIAN_POINT('',(13.772191737629,3.754984069028,6.));
#524 = CARTESIAN_POINT('',(13.692544832838,3.77144792781,6.));
#525 = CARTESIAN_POINT('',(13.6146686721,3.786526844262,6.));
#526 = CARTESIAN_POINT('',(13.538585187395,3.800268032159,6.));
#527 = CARTESIAN_POINT('',(13.464315398371,3.812719045503,6.));
#528 = CARTESIAN_POINT('',(13.391879412179,3.823927748533,6.));
#529 = CARTESIAN_POINT('',(13.321296417791,3.833942304027,6.));
#530 = CARTESIAN_POINT('',(13.252584682043,3.842811156799,6.));
#531 = CARTESIAN_POINT('',(13.185761545541,3.850583018362,6.));
#532 = CARTESIAN_POINT('',(13.120843418914,3.857306851223,6.));
#533 = CARTESIAN_POINT('',(13.057845779289,3.863031853197,6.));
#534 = CARTESIAN_POINT('',(12.996783167015,3.867807441664,6.));
#535 = CARTESIAN_POINT('',(12.937669182644,3.871683237782,6.));
#536 = CARTESIAN_POINT('',(12.88051648415,3.874709050651,6.));
#537 = CARTESIAN_POINT('',(12.825336784406,3.876934861454,6.));
#538 = CARTESIAN_POINT('',(12.772140848909,3.878410807552,6.));
#539 = CARTESIAN_POINT('',(12.720938493751,3.879187166557,6.));
#540 = CARTESIAN_POINT('',(12.671738583847,3.879314340377,6.));
#541 = CARTESIAN_POINT('',(12.62454903141,3.878842839238,6.));
#542 = CARTESIAN_POINT('',(12.579376794682,3.877823265688,6.));
#543 = CARTESIAN_POINT('',(12.536227876913,3.876306298591,6.));
#544 = CARTESIAN_POINT('',(12.49510732559,3.874342677102,6.));
#545 = CARTESIAN_POINT('',(12.456019231924,3.871983184641,6.));
#546 = CARTESIAN_POINT('',(12.418966730587,3.869278632862,6.));
#547 = CARTESIAN_POINT('',(12.383951999697,3.866279845618,6.));
#548 = CARTESIAN_POINT('',(12.350976261062,3.863037642938,6.));
#549 = CARTESIAN_POINT('',(12.320039780671,3.859602825,6.));
#550 = CARTESIAN_POINT('',(12.291141869442,3.856026156117,6.));
#551 = CARTESIAN_POINT('',(12.264280884216,3.85235834875,6.));
#552 = CARTESIAN_POINT('',(12.239454229027,3.848650047448,6.));
#553 = CARTESIAN_POINT('',(12.216658356542,3.844951813102,6.));
#554 = CARTESIAN_POINT('',(12.195888770067,3.841314106193,6.));
#555 = CARTESIAN_POINT('',(12.177140024778,3.837787273322,6.));
#556 = CARTESIAN_POINT('',(12.160405732585,3.834421523091,6.));
#557 = CARTESIAN_POINT('',(12.145678556645,3.831266935481,6.));
#558 = CARTESIAN_POINT('',(12.132950239261,3.828373366673,6.));
#559 = CARTESIAN_POINT('',(12.122211530391,3.825790668423,6.));
#560 = CARTESIAN_POINT('',(12.113452408724,3.823567984709,6.));
#561 = CARTESIAN_POINT('',(12.106661491759,3.821755609267,6.));
#562 = CARTESIAN_POINT('',(12.101827567594,3.820400146197,6.));
#563 = CARTESIAN_POINT('',(12.098936225802,3.819555140715,6.));
#564 = CARTESIAN_POINT('',(12.097656232977,3.819162899359,6.));
#565 = CARTESIAN_POINT('',(12.097336564972,3.819063748224,6.));
#566 = ORIENTED_EDGE('',*,*,#567,.F.);
#567 = EDGE_CURVE('',#568,#516,#570,.T.);
#568 = VERTEX_POINT('',#569);
#569 = CARTESIAN_POINT('',(12.097336564972,3.819063748224,0.));
#570 = LINE('',#571,#572);
#571 = CARTESIAN_POINT('',(12.097336564972,3.819063748224,0.));
#572 = VECTOR('',#573,1.);
#573 = DIRECTION('',(0.,0.,1.));
#574 = ORIENTED_EDGE('',*,*,#575,.F.);
#575 = EDGE_CURVE('',#493,#568,#576,.T.);
#576 = B_SPLINE_CURVE_WITH_KNOTS('',3,(#577,#578,#579,#580,#581,#582,
    #583,#584,#585,#586,#587,#588,#589,#590,#591,#592,#593,#594,#595,
    #596,#597,#598,#599,#600,#601,#602,#603,#604,#605,#606,#607,#608,
    #609,#610,#611,#612,#613,#614,#615,#616,#617,#618,#619,#620,#621,
    #622,#623),.UNSPECIFIED.,.F.,.F.,(4,1,1,1,1,1,1,1,1,1,1,1,1,1,1,1,1,
    1,1,1,1,1,1,1,1,1,1,1,1,1,1,1,1,1,1,1,1,1,1,1,1,1,1,1,4),(0.,
    8.735293048255E-02,0.172697747622,0.256034451418,0.337363041871,
    0.416683518981,0.493995882747,0.569300133171,0.642596270251,
    0.713884293989,0.783164204383,0.850436001435,0.915699685144,
    0.97895525551,1.040202712533,1.099442056214,1.156673286553,
    1.211896403548,1.265111407202,1.316318297513,1.365517074482,
    1.41270773811,1.457890288395,1.501064725339,1.542231048942,
    1.581389259203,1.618539356124,1.653681339704,1.686815209945,
    1.717940966845,1.747058610407,1.774168140631,1.799269557517,
    1.822362861067,1.843448051283,1.862525128166,1.879594091718,
    1.894654941944,1.907707678849,1.918752302441,1.927788812733,
    1.934817209752,1.939837493553,1.942849664305,1.943853723184),
  .UNSPECIFIED.);
#577 = CARTESIAN_POINT('',(14.020829747909,3.69680039766,0.));
#578 = CARTESIAN_POINT('',(13.992601366384,3.703941961355,0.));
#579 = CARTESIAN_POINT('',(13.936705540047,3.71771439856,0.));
#580 = CARTESIAN_POINT('',(13.85358656493,3.737088353184,0.));
#581 = CARTESIAN_POINT('',(13.772191737629,3.754984069028,0.));
#582 = CARTESIAN_POINT('',(13.692544832838,3.77144792781,0.));
#583 = CARTESIAN_POINT('',(13.6146686721,3.786526844262,0.));
#584 = CARTESIAN_POINT('',(13.538585187395,3.800268032159,0.));
#585 = CARTESIAN_POINT('',(13.464315398371,3.812719045503,0.));
#586 = CARTESIAN_POINT('',(13.391879412179,3.823927748533,0.));
#587 = CARTESIAN_POINT('',(13.321296417791,3.833942304027,0.));
#588 = CARTESIAN_POINT('',(13.252584682043,3.842811156799,0.));
#589 = CARTESIAN_POINT('',(13.185761545541,3.850583018362,0.));
#590 = CARTESIAN_POINT('',(13.120843418914,3.857306851223,0.));
#591 = CARTESIAN_POINT('',(13.057845779289,3.863031853197,0.));
#592 = CARTESIAN_POINT('',(12.996783167015,3.867807441664,0.));
#593 = CARTESIAN_POINT('',(12.937669182644,3.871683237782,0.));
#594 = CARTESIAN_POINT('',(12.88051648415,3.874709050651,0.));
#595 = CARTESIAN_POINT('',(12.825336784406,3.876934861454,0.));
#596 = CARTESIAN_POINT('',(12.772140848909,3.878410807552,0.));
#597 = CARTESIAN_POINT('',(12.720938493751,3.879187166557,0.));
#598 = CARTESIAN_POINT('',(12.671738583847,3.879314340377,0.));
#599 = CARTESIAN_POINT('',(12.62454903141,3.878842839238,0.));
#600 = CARTESIAN_POINT('',(12.579376794682,3.877823265688,0.));
#601 = CARTESIAN_POINT('',(12.536227876913,3.876306298591,0.));
#602 = CARTESIAN_POINT('',(12.49510732559,3.874342677102,0.));
#603 = CARTESIAN_POINT('',(12.456019231924,3.871983184641,0.));
#604 = CARTESIAN_POINT('',(12.418966730587,3.869278632862,0.));
#605 = CARTESIAN_POINT('',(12.383951999697,3.866279845618,0.));
#606 = CARTESIAN_POINT('',(12.350976261062,3.863037642938,0.));
#607 = CARTESIAN_POINT('',(12.320039780671,3.859602825,0.));
#608 = CARTESIAN_POINT('',(12.291141869442,3.856026156117,0.));
#609 = CARTESIAN_POINT('',(12.264280884216,3.85235834875,0.));
#610 = CARTESIAN_POINT('',(12.239454229027,3.848650047448,0.));
#611 = CARTESIAN_POINT('',(12.216658356542,3.844951813102,0.));
#612 = CARTESIAN_POINT('',(12.195888770067,3.841314106193,0.));
#613 = CARTESIAN_POINT('',(12.177140024778,3.837787273322,0.));
#614 = CARTESIAN_POINT('',(12.160405732585,3.834421523091,0.));
#615 = CARTESIAN_POINT('',(12.145678556645,3.831266935481,0.));
#616 = CARTESIAN_POINT('',(12.132950239261,3.828373366673,0.));
#617 = CARTESIAN_POINT('',(12.122211530391,3.825790668423,0.));
#618 = CARTESIAN_POINT('',(12.113452408724,3.823567984709,0.));
#619 = CARTESIAN_POINT('',(12.106661491759,3.821755609267,0.));
#620 = CARTESIAN_POINT('',(12.101827567594,3.820400146197,0.));
#621 = CARTESIAN_POINT('',(12.098936225802,3.819555140715,0.));
#622 = CARTESIAN_POINT('',(12.097656232977,3.819162899359,0.));
#623 = CARTESIAN_POINT('',(12.097336564972,3.819063748224,0.));
#624 = SURFACE_OF_LINEAR_EXTRUSION('',#625,#673);
#625 = B_SPLINE_CURVE_WITH_KNOTS('',3,(#626,#627,#628,#629,#630,#631,
    #632,#633,#634,#635,#636,#637,#638,#639,#640,#641,#642,#643,#644,
    #645,#646,#647,#648,#649,#650,#651,#652,#653,#654,#655,#656,#657,
    #658,#659,#660,#661,#662,#663,#664,#665,#666,#667,#668,#669,#670,
    #671,#672),.UNSPECIFIED.,.F.,.F.,(4,1,1,1,1,1,1,1,1,1,1,1,1,1,1,1,1,
    1,1,1,1,1,1,1,1,1,1,1,1,1,1,1,1,1,1,1,1,1,1,1,1,1,1,1,4),(0.,
    8.735293048255E-02,0.172697747622,0.256034451418,0.337363041871,
    0.416683518981,0.493995882747,0.569300133171,0.642596270251,
    0.713884293989,0.783164204383,0.850436001435,0.915699685144,
    0.97895525551,1.040202712533,1.099442056214,1.156673286553,
    1.211896403548,1.265111407202,1.316318297513,1.365517074482,
    1.41270773811,1.457890288395,1.501064725339,1.542231048942,
    1.581389259203,1.618539356124,1.653681339704,1.686815209945,
    1.717940966845,1.747058610407,1.774168140631,1.799269557517,
    1.822362861067,1.843448051283,1.862525128166,1.879594091718,
    1.894654941944,1.907707678849,1.918752302441,1.927788812733,
    1.934817209752,1.939837493553,1.942849664305,1.943853723184),
  .UNSPECIFIED.);
#626 = CARTESIAN_POINT('',(14.020829747909,3.69680039766,0.));
#627 = CARTESIAN_POINT('',(13.992601366384,3.703941961355,0.));
#628 = CARTESIAN_POINT('',(13.936705540047,3.71771439856,0.));
#629 = CARTESIAN_POINT('',(13.85358656493,3.737088353184,0.));
#630 = CARTESIAN_POINT('',(13.772191737629,3.754984069028,0.));
#631 = CARTESIAN_POINT('',(13.692544832838,3.77144792781,0.));
#632 = CARTESIAN_POINT('',(13.6146686721,3.786526844262,0.));
#633 = CARTESIAN_POINT('',(13.538585187395,3.800268032159,0.));
#634 = CARTESIAN_POINT('',(13.464315398371,3.812719045503,0.));
#635 = CARTESIAN_POINT('',(13.391879412179,3.823927748533,0.));
#636 = CARTESIAN_POINT('',(13.321296417791,3.833942304027,0.));
#637 = CARTESIAN_POINT('',(13.252584682043,3.842811156799,0.));
#638 = CARTESIAN_POINT('',(13.185761545541,3.850583018362,0.));
#639 = CARTESIAN_POINT('',(13.120843418914,3.857306851223,0.));
#640 = CARTESIAN_POINT('',(13.057845779289,3.863031853197,0.));
#641 = CARTESIAN_POINT('',(12.996783167015,3.867807441664,0.));
#642 = CARTESIAN_POINT('',(12.937669182644,3.871683237782,0.));
#643 = CARTESIAN_POINT('',(12.88051648415,3.874709050651,0.));
#644 = CARTESIAN_POINT('',(12.825336784406,3.876934861454,0.));
#645 = CARTESIAN_POINT('',(12.772140848909,3.878410807552,0.));
#646 = CARTESIAN_POINT('',(12.720938493751,3.879187166557,0.));
#647 = CARTESIAN_POINT('',(12.671738583847,3.879314340377,0.));
#648 = CARTESIAN_POINT('',(12.62454903141,3.878842839238,0.));
#649 = CARTESIAN_POINT('',(12.579376794682,3.877823265688,0.));
#650 = CARTESIAN_POINT('',(12.536227876913,3.876306298591,0.));
#651 = CARTESIAN_POINT('',(12.49510732559,3.874342677102,0.));
#652 = CARTESIAN_POINT('',(12.456019231924,3.871983184641,0.));
#653 = CARTESIAN_POINT('',(12.418966730587,3.869278632862,0.));
#654 = CARTESIAN_POINT('',(12.383951999697,3.866279845618,0.));
#655 = CARTESIAN_POINT('',(12.350976261062,3.863037642938,0.));
#656 = CARTESIAN_POINT('',(12.320039780671,3.859602825,0.));
#657 = CARTESIAN_POINT('',(12.291141869442,3.856026156117,0.));
#658 = CARTESIAN_POINT('',(12.264280884216,3.85235834875,0.));
#659 = CARTESIAN_POINT('',(12.239454229027,3.848650047448,0.));
#660 = CARTESIAN_POINT('',(12.216658356542,3.844951813102,0.));
#661 = CARTESIAN_POINT('',(12.195888770067,3.841314106193,0.));
#662 = CARTESIAN_POINT('',(12.177140024778,3.837787273322,0.));
#663 = CARTESIAN_POINT('',(12.160405732585,3.834421523091,0.));
#664 = CARTESIAN_POINT('',(12.145678556645,3.831266935481,0.));
#665 = CARTESIAN_POINT('',(12.132950239261,3.828373366673,0.));
#666 = CARTESIAN_POINT('',(12.122211530391,3.825790668423,0.));
#667 = CARTESIAN_POINT('',(12.113452408724,3.823567984709,0.));
#668 = CARTESIAN_POINT('',(12.106661491759,3.821755609267,0.));
#669 = CARTESIAN_POINT('',(12.101827567594,3.820400146197,0.));
#670 = CARTESIAN_POINT('',(12.098936225802,3.819555140715,0.));
#671 = CARTESIAN_POINT('',(12.097656232977,3.819162899359,0.));
#672 = CARTESIAN_POINT('',(12.097336564972,3.819063748224,0.));
#673 = VECTOR('',#674,1.);
#674 = DIRECTION('',(-0.,-0.,-1.));
#675 = ADVANCED_FACE('',(#676),#699,.F.);
#676 = FACE_BOUND('',#677,.F.);
#677 = EDGE_LOOP('',(#678,#679,#686,#694));
#678 = ORIENTED_EDGE('',*,*,#567,.T.);
#679 = ORIENTED_EDGE('',*,*,#680,.T.);
#680 = EDGE_CURVE('',#516,#681,#683,.T.);
#681 = VERTEX_POINT('',#682);
#682 = CARTESIAN_POINT('',(11.681705875029,3.687851386553,6.));
#683 = B_SPLINE_CURVE_WITH_KNOTS('',1,(#684,#685),.UNSPECIFIED.,.F.,.F.,
  (2,2),(0.,0.43585038061),.PIECEWISE_BEZIER_KNOTS.);
#684 = CARTESIAN_POINT('',(12.097336564972,3.819063748224,6.));
#685 = CARTESIAN_POINT('',(11.681705875029,3.687851386553,6.));
#686 = ORIENTED_EDGE('',*,*,#687,.F.);
#687 = EDGE_CURVE('',#688,#681,#690,.T.);
#688 = VERTEX_POINT('',#689);
#689 = CARTESIAN_POINT('',(11.681705875029,3.687851386553,0.));
#690 = LINE('',#691,#692);
#691 = CARTESIAN_POINT('',(11.681705875029,3.687851386553,0.));
#692 = VECTOR('',#693,1.);
#693 = DIRECTION('',(0.,0.,1.));
#694 = ORIENTED_EDGE('',*,*,#695,.F.);
#695 = EDGE_CURVE('',#568,#688,#696,.T.);
#696 = B_SPLINE_CURVE_WITH_KNOTS('',1,(#697,#698),.UNSPECIFIED.,.F.,.F.,
  (2,2),(0.,0.43585038061),.PIECEWISE_BEZIER_KNOTS.);
#697 = CARTESIAN_POINT('',(12.097336564972,3.819063748224,0.));
#698 = CARTESIAN_POINT('',(11.681705875029,3.687851386553,0.));
#699 = SURFACE_OF_LINEAR_EXTRUSION('',#700,#703);
#700 = B_SPLINE_CURVE_WITH_KNOTS('',1,(#701,#702),.UNSPECIFIED.,.F.,.F.,
  (2,2),(0.,0.43585038061),.PIECEWISE_BEZIER_KNOTS.);
#701 = CARTESIAN_POINT('',(12.097336564972,3.819063748224,0.));
#702 = CARTESIAN_POINT('',(11.681705875029,3.687851386553,0.));
#703 = VECTOR('',#704,1.);
#704 = DIRECTION('',(-0.,-0.,-1.));
#705 = ADVANCED_FACE('',(#706),#729,.F.);
#706 = FACE_BOUND('',#707,.F.);
#707 = EDGE_LOOP('',(#708,#709,#716,#724));
#708 = ORIENTED_EDGE('',*,*,#687,.T.);
#709 = ORIENTED_EDGE('',*,*,#710,.T.);
#710 = EDGE_CURVE('',#681,#711,#713,.T.);
#711 = VERTEX_POINT('',#712);
#712 = CARTESIAN_POINT('',(11.319211049358,4.683797734753,6.));
#713 = B_SPLINE_CURVE_WITH_KNOTS('',1,(#714,#715),.UNSPECIFIED.,.F.,.F.,
  (2,2),(0.,1.059863966333),.PIECEWISE_BEZIER_KNOTS.);
#714 = CARTESIAN_POINT('',(11.681705875029,3.687851386553,6.));
#715 = CARTESIAN_POINT('',(11.319211049358,4.683797734753,6.));
#716 = ORIENTED_EDGE('',*,*,#717,.F.);
#717 = EDGE_CURVE('',#718,#711,#720,.T.);
#718 = VERTEX_POINT('',#719);
#719 = CARTESIAN_POINT('',(11.319211049358,4.683797734753,0.));
#720 = LINE('',#721,#722);
#721 = CARTESIAN_POINT('',(11.319211049358,4.683797734753,0.));
#722 = VECTOR('',#723,1.);
#723 = DIRECTION('',(0.,0.,1.));
#724 = ORIENTED_EDGE('',*,*,#725,.F.);
#725 = EDGE_CURVE('',#688,#718,#726,.T.);
#726 = B_SPLINE_CURVE_WITH_KNOTS('',1,(#727,#728),.UNSPECIFIED.,.F.,.F.,
  (2,2),(0.,1.059863966333),.PIECEWISE_BEZIER_KNOTS.);
#727 = CARTESIAN_POINT('',(11.681705875029,3.687851386553,0.));
#728 = CARTESIAN_POINT('',(11.319211049358,4.683797734753,0.));
#729 = SURFACE_OF_LINEAR_EXTRUSION('',#730,#733);
#730 = B_SPLINE_CURVE_WITH_KNOTS('',1,(#731,#732),.UNSPECIFIED.,.F.,.F.,
  (2,2),(0.,1.059863966333),.PIECEWISE_BEZIER_KNOTS.);
#731 = CARTESIAN_POINT('',(11.681705875029,3.687851386553,0.));
#732 = CARTESIAN_POINT('',(11.319211049358,4.683797734753,0.));
#733 = VECTOR('',#734,1.);
#734 = DIRECTION('',(-0.,-0.,-1.));
#735 = ADVANCED_FACE('',(#736),#759,.F.);
#736 = FACE_BOUND('',#737,.F.);
#737 = EDGE_LOOP('',(#738,#739,#746,#754));
#738 = ORIENTED_EDGE('',*,*,#717,.T.);
#739 = ORIENTED_EDGE('',*,*,#740,.T.);
#740 = EDGE_CURVE('',#711,#741,#743,.T.);
#741 = VERTEX_POINT('',#742);
#742 = CARTESIAN_POINT('',(11.721944310098,4.850445491928,6.));
#743 = B_SPLINE_CURVE_WITH_KNOTS('',1,(#744,#745),.UNSPECIFIED.,.F.,.F.,
  (2,2),(0.,0.43585038061),.PIECEWISE_BEZIER_KNOTS.);
#744 = CARTESIAN_POINT('',(11.319211049358,4.683797734753,6.));
#745 = CARTESIAN_POINT('',(11.721944310098,4.850445491928,6.));
#746 = ORIENTED_EDGE('',*,*,#747,.F.);
#747 = EDGE_CURVE('',#748,#741,#750,.T.);
#748 = VERTEX_POINT('',#749);
#749 = CARTESIAN_POINT('',(11.721944310098,4.850445491928,0.));
#750 = LINE('',#751,#752);
#751 = CARTESIAN_POINT('',(11.721944310098,4.850445491928,0.));
#752 = VECTOR('',#753,1.);
#753 = DIRECTION('',(0.,0.,1.));
#754 = ORIENTED_EDGE('',*,*,#755,.F.);
#755 = EDGE_CURVE('',#718,#748,#756,.T.);
#756 = B_SPLINE_CURVE_WITH_KNOTS('',1,(#757,#758),.UNSPECIFIED.,.F.,.F.,
  (2,2),(0.,0.43585038061),.PIECEWISE_BEZIER_KNOTS.);
#757 = CARTESIAN_POINT('',(11.319211049358,4.683797734753,0.));
#758 = CARTESIAN_POINT('',(11.721944310098,4.850445491928,0.));
#759 = SURFACE_OF_LINEAR_EXTRUSION('',#760,#763);
#760 = B_SPLINE_CURVE_WITH_KNOTS('',1,(#761,#762),.UNSPECIFIED.,.F.,.F.,
  (2,2),(0.,0.43585038061),.PIECEWISE_BEZIER_KNOTS.);
#761 = CARTESIAN_POINT('',(11.319211049358,4.683797734753,0.));
#762 = CARTESIAN_POINT('',(11.721944310098,4.850445491928,0.));
#763 = VECTOR('',#764,1.);
#764 = DIRECTION('',(-0.,-0.,-1.));
#765 = ADVANCED_FACE('',(#766),#879,.F.);
#766 = FACE_BOUND('',#767,.F.);
#767 = EDGE_LOOP('',(#768,#769,#821,#829));
#768 = ORIENTED_EDGE('',*,*,#747,.T.);
#769 = ORIENTED_EDGE('',*,*,#770,.T.);
#770 = EDGE_CURVE('',#741,#771,#773,.T.);
#771 = VERTEX_POINT('',#772);
#772 = CARTESIAN_POINT('',(13.116836207403,6.180502237533,6.));
#773 = B_SPLINE_CURVE_WITH_KNOTS('',3,(#774,#775,#776,#777,#778,#779,
    #780,#781,#782,#783,#784,#785,#786,#787,#788,#789,#790,#791,#792,
    #793,#794,#795,#796,#797,#798,#799,#800,#801,#802,#803,#804,#805,
    #806,#807,#808,#809,#810,#811,#812,#813,#814,#815,#816,#817,#818,
    #819,#820),.UNSPECIFIED.,.F.,.F.,(4,1,1,1,1,1,1,1,1,1,1,1,1,1,1,1,1,
    1,1,1,1,1,1,1,1,1,1,1,1,1,1,1,1,1,1,1,1,1,1,1,1,1,1,1,4),(0.,
    1.004058879412E-03,4.016229631009E-03,9.036513432115E-03,
    1.606491045092E-02,2.510142074349E-02,3.614604433531E-02,
    4.91987812401E-02,6.425963146609E-02,8.132859501861E-02,
    0.100405671901,0.121490862117,0.144584165667,0.169685582553,
    0.196795112777,0.225912756339,0.25703851324,0.29017238348,
    0.32531436706,0.362464463981,0.401622674242,0.442788997845,
    0.485963434789,0.531145985075,0.578336648702,0.627535425671,
    0.678742315982,0.731957319636,0.787180436632,0.84441166697,
    0.903651010651,0.964898467674,1.02815403804,1.093417721749,
    1.160689518801,1.229969429195,1.301257452933,1.374553590013,
    1.449857840437,1.527170204204,1.606490681313,1.687819271766,
    1.771155975562,1.856500792702,1.943853723184),.UNSPECIFIED.);
#774 = CARTESIAN_POINT('',(11.721944310098,4.850445491928,6.));
#775 = CARTESIAN_POINT('',(11.722252923118,4.850575016385,6.));
#776 = CARTESIAN_POINT('',(11.723485582392,4.851097305602,6.));
#777 = CARTESIAN_POINT('',(11.72624363776,4.852308512528,6.));
#778 = CARTESIAN_POINT('',(11.730817913372,4.854377354134,6.));
#779 = CARTESIAN_POINT('',(11.737185030054,4.857354111281,6.));
#780 = CARTESIAN_POINT('',(11.745323620085,4.861281691653,6.));
#781 = CARTESIAN_POINT('',(11.755210074777,4.866205939016,6.));
#782 = CARTESIAN_POINT('',(11.766820481756,4.872170941416,6.));
#783 = CARTESIAN_POINT('',(11.780129882877,4.879220833327,6.));
#784 = CARTESIAN_POINT('',(11.795112556967,4.887399114744,6.));
#785 = CARTESIAN_POINT('',(11.811741933582,4.896748865191,6.));
#786 = CARTESIAN_POINT('',(11.829990632816,4.907312652871,6.));
#787 = CARTESIAN_POINT('',(11.849830463474,4.919132545387,6.));
#788 = CARTESIAN_POINT('',(11.871232434852,4.932250088127,6.));
#789 = CARTESIAN_POINT('',(11.894166764453,4.946706293162,6.));
#790 = CARTESIAN_POINT('',(11.918602887209,4.962541625123,6.));
#791 = CARTESIAN_POINT('',(11.944509464514,4.979795988212,6.));
#792 = CARTESIAN_POINT('',(11.971854393564,4.99850871308,6.));
#793 = CARTESIAN_POINT('',(12.000604816874,5.018718543948,6.));
#794 = CARTESIAN_POINT('',(12.030727132,5.040463625853,6.));
#795 = CARTESIAN_POINT('',(12.062187001464,5.06378149206,6.));
#796 = CARTESIAN_POINT('',(12.094949362867,5.088709051624,6.));
#797 = CARTESIAN_POINT('',(12.128978439205,5.115282577122,6.));
#798 = CARTESIAN_POINT('',(12.164237749378,5.143537692541,6.));
#799 = CARTESIAN_POINT('',(12.200690118886,5.173509361326,6.));
#800 = CARTESIAN_POINT('',(12.238297690715,5.205231874608,6.));
#801 = CARTESIAN_POINT('',(12.277021936409,5.238738839592,6.));
#802 = CARTESIAN_POINT('',(12.316823667329,5.274063168122,6.));
#803 = CARTESIAN_POINT('',(12.357663046084,5.311237065421,6.));
#804 = CARTESIAN_POINT('',(12.399499598153,5.350292019007,6.));
#805 = CARTESIAN_POINT('',(12.442292223669,5.391258787799,6.));
#806 = CARTESIAN_POINT('',(12.485999209388,5.434167391392,6.));
#807 = CARTESIAN_POINT('',(12.530578240818,5.479047099531,6.));
#808 = CARTESIAN_POINT('',(12.575986414526,5.52592642177,6.));
#809 = CARTESIAN_POINT('',(12.622180250598,5.574833097317,6.));
#810 = CARTESIAN_POINT('',(12.669115705271,5.625794085079,6.));
#811 = CARTESIAN_POINT('',(12.716748183712,5.678835553912,6.));
#812 = CARTESIAN_POINT('',(12.765032552988,5.733982873003,6.));
#813 = CARTESIAN_POINT('',(12.813923155057,5.791260602745,6.));
#814 = CARTESIAN_POINT('',(12.863373820405,5.850692484645,6.));
#815 = CARTESIAN_POINT('',(12.913337879927,5.912301436014,6.));
#816 = CARTESIAN_POINT('',(12.963768184321,5.976109527096,6.));
#817 = CARTESIAN_POINT('',(13.014617095063,6.042138027255,6.));
#818 = CARTESIAN_POINT('',(13.065836586087,6.110407184871,6.));
#819 = CARTESIAN_POINT('',(13.099802521255,6.156886628464,6.));
#820 = CARTESIAN_POINT('',(13.116836207403,6.180502237533,6.));
#821 = ORIENTED_EDGE('',*,*,#822,.F.);
#822 = EDGE_CURVE('',#823,#771,#825,.T.);
#823 = VERTEX_POINT('',#824);
#824 = CARTESIAN_POINT('',(13.116836207403,6.180502237533,0.));
#825 = LINE('',#826,#827);
#826 = CARTESIAN_POINT('',(13.116836207403,6.180502237533,0.));
#827 = VECTOR('',#828,1.);
#828 = DIRECTION('',(0.,0.,1.));
#829 = ORIENTED_EDGE('',*,*,#830,.F.);
#830 = EDGE_CURVE('',#748,#823,#831,.T.);
#831 = B_SPLINE_CURVE_WITH_KNOTS('',3,(#832,#833,#834,#835,#836,#837,
    #838,#839,#840,#841,#842,#843,#844,#845,#846,#847,#848,#849,#850,
    #851,#852,#853,#854,#855,#856,#857,#858,#859,#860,#861,#862,#863,
    #864,#865,#866,#867,#868,#869,#870,#871,#872,#873,#874,#875,#876,
    #877,#878),.UNSPECIFIED.,.F.,.F.,(4,1,1,1,1,1,1,1,1,1,1,1,1,1,1,1,1,
    1,1,1,1,1,1,1,1,1,1,1,1,1,1,1,1,1,1,1,1,1,1,1,1,1,1,1,4),(0.,
    1.004058879412E-03,4.016229631009E-03,9.036513432115E-03,
    1.606491045092E-02,2.510142074349E-02,3.614604433531E-02,
    4.91987812401E-02,6.425963146609E-02,8.132859501861E-02,
    0.100405671901,0.121490862117,0.144584165667,0.169685582553,
    0.196795112777,0.225912756339,0.25703851324,0.29017238348,
    0.32531436706,0.362464463981,0.401622674242,0.442788997845,
    0.485963434789,0.531145985075,0.578336648702,0.627535425671,
    0.678742315982,0.731957319636,0.787180436632,0.84441166697,
    0.903651010651,0.964898467674,1.02815403804,1.093417721749,
    1.160689518801,1.229969429195,1.301257452933,1.374553590013,
    1.449857840437,1.527170204204,1.606490681313,1.687819271766,
    1.771155975562,1.856500792702,1.943853723184),.UNSPECIFIED.);
#832 = CARTESIAN_POINT('',(11.721944310098,4.850445491928,0.));
#833 = CARTESIAN_POINT('',(11.722252923118,4.850575016385,0.));
#834 = CARTESIAN_POINT('',(11.723485582392,4.851097305602,0.));
#835 = CARTESIAN_POINT('',(11.72624363776,4.852308512528,0.));
#836 = CARTESIAN_POINT('',(11.730817913372,4.854377354134,0.));
#837 = CARTESIAN_POINT('',(11.737185030054,4.857354111281,0.));
#838 = CARTESIAN_POINT('',(11.745323620085,4.861281691653,0.));
#839 = CARTESIAN_POINT('',(11.755210074777,4.866205939016,0.));
#840 = CARTESIAN_POINT('',(11.766820481756,4.872170941416,0.));
#841 = CARTESIAN_POINT('',(11.780129882877,4.879220833327,0.));
#842 = CARTESIAN_POINT('',(11.795112556967,4.887399114744,0.));
#843 = CARTESIAN_POINT('',(11.811741933582,4.896748865191,0.));
#844 = CARTESIAN_POINT('',(11.829990632816,4.907312652871,0.));
#845 = CARTESIAN_POINT('',(11.849830463474,4.919132545387,0.));
#846 = CARTESIAN_POINT('',(11.871232434852,4.932250088127,0.));
#847 = CARTESIAN_POINT('',(11.894166764453,4.946706293162,0.));
#848 = CARTESIAN_POINT('',(11.918602887209,4.962541625123,0.));
#849 = CARTESIAN_POINT('',(11.944509464514,4.979795988212,0.));
#850 = CARTESIAN_POINT('',(11.971854393564,4.99850871308,0.));
#851 = CARTESIAN_POINT('',(12.000604816874,5.018718543948,0.));
#852 = CARTESIAN_POINT('',(12.030727132,5.040463625853,0.));
#853 = CARTESIAN_POINT('',(12.062187001464,5.06378149206,0.));
#854 = CARTESIAN_POINT('',(12.094949362867,5.088709051624,0.));
#855 = CARTESIAN_POINT('',(12.128978439205,5.115282577122,0.));
#856 = CARTESIAN_POINT('',(12.164237749378,5.143537692541,0.));
#857 = CARTESIAN_POINT('',(12.200690118886,5.173509361326,0.));
#858 = CARTESIAN_POINT('',(12.238297690715,5.205231874608,0.));
#859 = CARTESIAN_POINT('',(12.277021936409,5.238738839592,0.));
#860 = CARTESIAN_POINT('',(12.316823667329,5.274063168122,0.));
#861 = CARTESIAN_POINT('',(12.357663046084,5.311237065421,0.));
#862 = CARTESIAN_POINT('',(12.399499598153,5.350292019007,0.));
#863 = CARTESIAN_POINT('',(12.442292223669,5.391258787799,0.));
#864 = CARTESIAN_POINT('',(12.485999209388,5.434167391392,0.));
#865 = CARTESIAN_POINT('',(12.530578240818,5.479047099531,0.));
#866 = CARTESIAN_POINT('',(12.575986414526,5.52592642177,0.));
#867 = CARTESIAN_POINT('',(12.622180250598,5.574833097317,0.));
#868 = CARTESIAN_POINT('',(12.669115705271,5.625794085079,0.));
#869 = CARTESIAN_POINT('',(12.716748183712,5.678835553912,0.));
#870 = CARTESIAN_POINT('',(12.765032552988,5.733982873003,0.));
#871 = CARTESIAN_POINT('',(12.813923155057,5.791260602745,0.));
#872 = CARTESIAN_POINT('',(12.863373820405,5.850692484645,0.));
#873 = CARTESIAN_POINT('',(12.913337879927,5.912301436014,0.));
#874 = CARTESIAN_POINT('',(12.963768184321,5.976109527096,0.));
#875 = CARTESIAN_POINT('',(13.014617095063,6.042138027255,0.));
#876 = CARTESIAN_POINT('',(13.065836586087,6.110407184871,0.));
#877 = CARTESIAN_POINT('',(13.099802521255,6.156886628464,0.));
#878 = CARTESIAN_POINT('',(13.116836207403,6.180502237533,0.));
#879 = SURFACE_OF_LINEAR_EXTRUSION('',#880,#928);
#880 = B_SPLINE_CURVE_WITH_KNOTS('',3,(#881,#882,#883,#884,#885,#886,
    #887,#888,#889,#890,#891,#892,#893,#894,#895,#896,#897,#898,#899,
    #900,#901,#902,#903,#904,#905,#906,#907,#908,#909,#910,#911,#912,
    #913,#914,#915,#916,#917,#918,#919,#920,#921,#922,#923,#924,#925,
    #926,#927),.UNSPECIFIED.,.F.,.F.,(4,1,1,1,1,1,1,1,1,1,1,1,1,1,1,1,1,
    1,1,1,1,1,1,1,1,1,1,1,1,1,1,1,1,1,1,1,1,1,1,1,1,1,1,1,4),(0.,
    1.004058879412E-03,4.016229631009E-03,9.036513432115E-03,
    1.606491045092E-02,2.510142074349E-02,3.614604433531E-02,
    4.91987812401E-02,6.425963146609E-02,8.132859501861E-02,
    0.100405671901,0.121490862117,0.144584165667,0.169685582553,
    0.196795112777,0.225912756339,0.25703851324,0.29017238348,
    0.32531436706,0.362464463981,0.401622674242,0.442788997845,
    0.485963434789,0.531145985075,0.578336648702,0.627535425671,
    0.678742315982,0.731957319636,0.787180436632,0.84441166697,
    0.903651010651,0.964898467674,1.02815403804,1.093417721749,
    1.160689518801,1.229969429195,1.301257452933,1.374553590013,
    1.449857840437,1.527170204204,1.606490681313,1.687819271766,
    1.771155975562,1.856500792702,1.943853723184),.UNSPECIFIED.);
#881 = CARTESIAN_POINT('',(11.721944310098,4.850445491928,0.));
#882 = CARTESIAN_POINT('',(11.722252923118,4.850575016385,0.));
#883 = CARTESIAN_POINT('',(11.723485582392,4.851097305602,0.));
#884 = CARTESIAN_POINT('',(11.72624363776,4.852308512528,0.));
#885 = CARTESIAN_POINT('',(11.730817913372,4.854377354134,0.));
#886 = CARTESIAN_POINT('',(11.737185030054,4.857354111281,0.));
#887 = CARTESIAN_POINT('',(11.745323620085,4.861281691653,0.));
#888 = CARTESIAN_POINT('',(11.755210074777,4.866205939016,0.));
#889 = CARTESIAN_POINT('',(11.766820481756,4.872170941416,0.));
#890 = CARTESIAN_POINT('',(11.780129882877,4.879220833327,0.));
#891 = CARTESIAN_POINT('',(11.795112556967,4.887399114744,0.));
#892 = CARTESIAN_POINT('',(11.811741933582,4.896748865191,0.));
#893 = CARTESIAN_POINT('',(11.829990632816,4.907312652871,0.));
#894 = CARTESIAN_POINT('',(11.849830463474,4.919132545387,0.));
#895 = CARTESIAN_POINT('',(11.871232434852,4.932250088127,0.));
#896 = CARTESIAN_POINT('',(11.894166764453,4.946706293162,0.));
#897 = CARTESIAN_POINT('',(11.918602887209,4.962541625123,0.));
#898 = CARTESIAN_POINT('',(11.944509464514,4.979795988212,0.));
#899 = CARTESIAN_POINT('',(11.971854393564,4.99850871308,0.));
#900 = CARTESIAN_POINT('',(12.000604816874,5.018718543948,0.));
#901 = CARTESIAN_POINT('',(12.030727132,5.040463625853,0.));
#902 = CARTESIAN_POINT('',(12.062187001464,5.06378149206,0.));
#903 = CARTESIAN_POINT('',(12.094949362867,5.088709051624,0.));
#904 = CARTESIAN_POINT('',(12.128978439205,5.115282577122,0.));
#905 = CARTESIAN_POINT('',(12.164237749378,5.143537692541,0.));
#906 = CARTESIAN_POINT('',(12.200690118886,5.173509361326,0.));
#907 = CARTESIAN_POINT('',(12.238297690715,5.205231874608,0.));
#908 = CARTESIAN_POINT('',(12.277021936409,5.238738839592,0.));
#909 = CARTESIAN_POINT('',(12.316823667329,5.274063168122,0.));
#910 = CARTESIAN_POINT('',(12.357663046084,5.311237065421,0.));
#911 = CARTESIAN_POINT('',(12.399499598153,5.350292019007,0.));
#912 = CARTESIAN_POINT('',(12.442292223669,5.391258787799,0.));
#913 = CARTESIAN_POINT('',(12.485999209388,5.434167391392,0.));
#914 = CARTESIAN_POINT('',(12.530578240818,5.479047099531,0.));
#915 = CARTESIAN_POINT('',(12.575986414526,5.52592642177,0.));
#916 = CARTESIAN_POINT('',(12.622180250598,5.574833097317,0.));
#917 = CARTESIAN_POINT('',(12.669115705271,5.625794085079,0.));
#918 = CARTESIAN_POINT('',(12.716748183712,5.678835553912,0.));
#919 = CARTESIAN_POINT('',(12.765032552988,5.733982873003,0.));
#920 = CARTESIAN_POINT('',(12.813923155057,5.791260602745,0.));
#921 = CARTESIAN_POINT('',(12.863373820405,5.850692484645,0.));
#922 = CARTESIAN_POINT('',(12.913337879927,5.912301436014,0.));
#923 = CARTESIAN_POINT('',(12.963768184321,5.976109527096,0.));
#924 = CARTESIAN_POINT('',(13.014617095063,6.042138027255,0.));
#925 = CARTESIAN_POINT('',(13.065836586087,6.110407184871,0.));
#926 = CARTESIAN_POINT('',(13.099802521255,6.156886628464,0.));
#927 = CARTESIAN_POINT('',(13.116836207403,6.180502237533,0.));
#928 = VECTOR('',#929,1.);
#929 = DIRECTION('',(-0.,-0.,-1.));
#930 = ADVANCED_FACE('',(#931),#954,.F.);
#931 = FACE_BOUND('',#932,.F.);
#932 = EDGE_LOOP('',(#933,#934,#941,#949));
#933 = ORIENTED_EDGE('',*,*,#822,.T.);
#934 = ORIENTED_EDGE('',*,*,#935,.T.);
#935 = EDGE_CURVE('',#771,#936,#938,.T.);
#936 = VERTEX_POINT('',#937);
#937 = CARTESIAN_POINT('',(12.790355624809,6.830578525346,6.));
#938 = B_SPLINE_CURVE_WITH_KNOTS('',1,(#939,#940),.UNSPECIFIED.,.F.,.F.,
  (2,2),(0.,0.72745360731),.PIECEWISE_BEZIER_KNOTS.);
#939 = CARTESIAN_POINT('',(13.116836207403,6.180502237533,6.));
#940 = CARTESIAN_POINT('',(12.790355624809,6.830578525346,6.));
#941 = ORIENTED_EDGE('',*,*,#942,.F.);
#942 = EDGE_CURVE('',#943,#936,#945,.T.);
#943 = VERTEX_POINT('',#944);
#944 = CARTESIAN_POINT('',(12.790355624809,6.830578525346,0.));
#945 = LINE('',#946,#947);
#946 = CARTESIAN_POINT('',(12.790355624809,6.830578525346,0.));
#947 = VECTOR('',#948,1.);
#948 = DIRECTION('',(0.,0.,1.));
#949 = ORIENTED_EDGE('',*,*,#950,.F.);
#950 = EDGE_CURVE('',#823,#943,#951,.T.);
#951 = B_SPLINE_CURVE_WITH_KNOTS('',1,(#952,#953),.UNSPECIFIED.,.F.,.F.,
  (2,2),(0.,0.72745360731),.PIECEWISE_BEZIER_KNOTS.);
#952 = CARTESIAN_POINT('',(13.116836207403,6.180502237533,0.));
#953 = CARTESIAN_POINT('',(12.790355624809,6.830578525346,0.));
#954 = SURFACE_OF_LINEAR_EXTRUSION('',#955,#958);
#955 = B_SPLINE_CURVE_WITH_KNOTS('',1,(#956,#957),.UNSPECIFIED.,.F.,.F.,
  (2,2),(0.,0.72745360731),.PIECEWISE_BEZIER_KNOTS.);
#956 = CARTESIAN_POINT('',(13.116836207403,6.180502237533,0.));
#957 = CARTESIAN_POINT('',(12.790355624809,6.830578525346,0.));
#958 = VECTOR('',#959,1.);
#959 = DIRECTION('',(-0.,-0.,-1.));
#960 = ADVANCED_FACE('',(#961),#1074,.F.);
#961 = FACE_BOUND('',#962,.F.);
#962 = EDGE_LOOP('',(#963,#964,#1016,#1024));
#963 = ORIENTED_EDGE('',*,*,#942,.T.);
#964 = ORIENTED_EDGE('',*,*,#965,.T.);
#965 = EDGE_CURVE('',#936,#966,#968,.T.);
#966 = VERTEX_POINT('',#967);
#967 = CARTESIAN_POINT('',(10.890514580507,6.505958196222,6.));
#968 = B_SPLINE_CURVE_WITH_KNOTS('',3,(#969,#970,#971,#972,#973,#974,
    #975,#976,#977,#978,#979,#980,#981,#982,#983,#984,#985,#986,#987,
    #988,#989,#990,#991,#992,#993,#994,#995,#996,#997,#998,#999,#1000,
    #1001,#1002,#1003,#1004,#1005,#1006,#1007,#1008,#1009,#1010,#1011,
    #1012,#1013,#1014,#1015),.UNSPECIFIED.,.F.,.F.,(4,1,1,1,1,1,1,1,1,1,
    1,1,1,1,1,1,1,1,1,1,1,1,1,1,1,1,1,1,1,1,1,1,1,1,1,1,1,1,1,1,1,1,1,1,
    4),(0.,8.735293048255E-02,0.172697747622,0.256034451418,
    0.337363041871,0.416683518981,0.493995882747,0.569300133171,
    0.642596270251,0.713884293989,0.783164204383,0.850436001435,
    0.915699685144,0.97895525551,1.040202712533,1.099442056214,
    1.156673286553,1.211896403548,1.265111407202,1.316318297513,
    1.365517074482,1.41270773811,1.457890288395,1.501064725339,
    1.542231048942,1.581389259203,1.618539356124,1.653681339704,
    1.686815209945,1.717940966845,1.747058610407,1.774168140631,
    1.799269557517,1.822362861067,1.843448051283,1.862525128166,
    1.879594091718,1.894654941944,1.907707678849,1.918752302441,
    1.927788812733,1.934817209752,1.939837493553,1.942849664305,
    1.943853723184),.UNSPECIFIED.);
#969 = CARTESIAN_POINT('',(12.790355624809,6.830578525346,6.));
#970 = CARTESIAN_POINT('',(12.761241185031,6.831017674482,6.));
#971 = CARTESIAN_POINT('',(12.703675895329,6.831528409199,6.));
#972 = CARTESIAN_POINT('',(12.618329461527,6.831211581546,6.));
#973 = CARTESIAN_POINT('',(12.535001606238,6.829853977081,6.));
#974 = CARTESIAN_POINT('',(12.453704766945,6.827506210119,6.));
#975 = CARTESIAN_POINT('',(12.374450330751,6.824219193808,6.));
#976 = CARTESIAN_POINT('',(12.297248750212,6.820043927133,6.));
#977 = CARTESIAN_POINT('',(12.222109511679,6.815031529735,6.));
#978 = CARTESIAN_POINT('',(12.14904114206,6.809233212695,6.));
#979 = CARTESIAN_POINT('',(12.078051205985,6.802700265839,6.));
#980 = CARTESIAN_POINT('',(12.009146305763,6.795484040767,6.));
#981 = CARTESIAN_POINT('',(11.942332080932,6.787635934986,6.));
#982 = CARTESIAN_POINT('',(11.87761320824,6.779207375763,6.));
#983 = CARTESIAN_POINT('',(11.814993401829,6.770249804051,6.));
#984 = CARTESIAN_POINT('',(11.754475413679,6.760814658414,6.));
#985 = CARTESIAN_POINT('',(11.69606103431,6.750953358966,6.));
#986 = CARTESIAN_POINT('',(11.639751093731,6.74071729133,6.));
#987 = CARTESIAN_POINT('',(11.585545462639,6.730157790611,6.));
#988 = CARTESIAN_POINT('',(11.533443053874,6.719326125406,6.));
#989 = CARTESIAN_POINT('',(11.483441824118,6.708273481835,6.));
#990 = CARTESIAN_POINT('',(11.435538775851,6.697050947605,6.));
#991 = CARTESIAN_POINT('',(11.389729959553,6.685709496115,6.));
#992 = CARTESIAN_POINT('',(11.346010476155,6.674299970596,6.));
#993 = CARTESIAN_POINT('',(11.304374479736,6.6628730683,6.));
#994 = CARTESIAN_POINT('',(11.264815180475,6.651479324734,6.));
#995 = CARTESIAN_POINT('',(11.227324847841,6.640169097941,6.));
#996 = CARTESIAN_POINT('',(11.191894814037,6.628992552846,6.));
#997 = CARTESIAN_POINT('',(11.158515477681,6.617999645647,6.));
#998 = CARTESIAN_POINT('',(11.127176307743,6.607240108281,6.));
#999 = CARTESIAN_POINT('',(11.097865847714,6.596763432943,6.));
#1000 = CARTESIAN_POINT('',(11.070571720031,6.586618856672,6.));
#1001 = CARTESIAN_POINT('',(11.045280630727,6.576855346029,6.));
#1002 = CARTESIAN_POINT('',(11.021978374376,6.567521581765,6.));
#1003 = CARTESIAN_POINT('',(11.000649839118,6.558665943823,6.));
#1004 = CARTESIAN_POINT('',(10.981279012481,6.550336495504,6.));
#1005 = CARTESIAN_POINT('',(10.963848985681,6.54258097065,6.));
#1006 = CARTESIAN_POINT('',(10.94834196392,6.535446751286,6.));
#1007 = CARTESIAN_POINT('',(10.934739258882,6.528980875491,6.));
#1008 = CARTESIAN_POINT('',(10.923021337831,6.523229951207,6.));
#1009 = CARTESIAN_POINT('',(10.913167703454,6.518240353226,6.));
#1010 = CARTESIAN_POINT('',(10.905157271185,6.514057589769,6.));
#1011 = CARTESIAN_POINT('',(10.898967366807,6.510727973913,6.));
#1012 = CARTESIAN_POINT('',(10.894576332989,6.508294267895,6.));
#1013 = CARTESIAN_POINT('',(10.891957799364,6.50680525034,6.));
#1014 = CARTESIAN_POINT('',(10.890802765994,6.506128395241,6.));
#1015 = CARTESIAN_POINT('',(10.890514580507,6.505958196222,6.));
#1016 = ORIENTED_EDGE('',*,*,#1017,.F.);
#1017 = EDGE_CURVE('',#1018,#966,#1020,.T.);
#1018 = VERTEX_POINT('',#1019);
#1019 = CARTESIAN_POINT('',(10.890514580507,6.505958196222,0.));
#1020 = LINE('',#1021,#1022);
#1021 = CARTESIAN_POINT('',(10.890514580507,6.505958196222,0.));
#1022 = VECTOR('',#1023,1.);
#1023 = DIRECTION('',(0.,0.,1.));
#1024 = ORIENTED_EDGE('',*,*,#1025,.F.);
#1025 = EDGE_CURVE('',#943,#1018,#1026,.T.);
#1026 = B_SPLINE_CURVE_WITH_KNOTS('',3,(#1027,#1028,#1029,#1030,#1031,
    #1032,#1033,#1034,#1035,#1036,#1037,#1038,#1039,#1040,#1041,#1042,
    #1043,#1044,#1045,#1046,#1047,#1048,#1049,#1050,#1051,#1052,#1053,
    #1054,#1055,#1056,#1057,#1058,#1059,#1060,#1061,#1062,#1063,#1064,
    #1065,#1066,#1067,#1068,#1069,#1070,#1071,#1072,#1073),
  .UNSPECIFIED.,.F.,.F.,(4,1,1,1,1,1,1,1,1,1,1,1,1,1,1,1,1,1,1,1,1,1,1,1
    ,1,1,1,1,1,1,1,1,1,1,1,1,1,1,1,1,1,1,1,1,4),(0.,8.735293048255E-02,
    0.172697747622,0.256034451418,0.337363041871,0.416683518981,
    0.493995882747,0.569300133171,0.642596270251,0.713884293989,
    0.783164204383,0.850436001435,0.915699685144,0.97895525551,
    1.040202712533,1.099442056214,1.156673286553,1.211896403548,
    1.265111407202,1.316318297513,1.365517074482,1.41270773811,
    1.457890288395,1.501064725339,1.542231048942,1.581389259203,
    1.618539356124,1.653681339704,1.686815209945,1.717940966845,
    1.747058610407,1.774168140631,1.799269557517,1.822362861067,
    1.843448051283,1.862525128166,1.879594091718,1.894654941944,
    1.907707678849,1.918752302441,1.927788812733,1.934817209752,
    1.939837493553,1.942849664305,1.943853723184),.UNSPECIFIED.);
#1027 = CARTESIAN_POINT('',(12.790355624809,6.830578525346,0.));
#1028 = CARTESIAN_POINT('',(12.761241185031,6.831017674482,0.));
#1029 = CARTESIAN_POINT('',(12.703675895329,6.831528409199,0.));
#1030 = CARTESIAN_POINT('',(12.618329461527,6.831211581546,0.));
#1031 = CARTESIAN_POINT('',(12.535001606238,6.829853977081,0.));
#1032 = CARTESIAN_POINT('',(12.453704766945,6.827506210119,0.));
#1033 = CARTESIAN_POINT('',(12.374450330751,6.824219193808,0.));
#1034 = CARTESIAN_POINT('',(12.297248750212,6.820043927133,0.));
#1035 = CARTESIAN_POINT('',(12.222109511679,6.815031529735,0.));
#1036 = CARTESIAN_POINT('',(12.14904114206,6.809233212695,0.));
#1037 = CARTESIAN_POINT('',(12.078051205985,6.802700265839,0.));
#1038 = CARTESIAN_POINT('',(12.009146305763,6.795484040767,0.));
#1039 = CARTESIAN_POINT('',(11.942332080932,6.787635934986,0.));
#1040 = CARTESIAN_POINT('',(11.87761320824,6.779207375763,0.));
#1041 = CARTESIAN_POINT('',(11.814993401829,6.770249804051,0.));
#1042 = CARTESIAN_POINT('',(11.754475413679,6.760814658414,0.));
#1043 = CARTESIAN_POINT('',(11.69606103431,6.750953358966,0.));
#1044 = CARTESIAN_POINT('',(11.639751093731,6.74071729133,0.));
#1045 = CARTESIAN_POINT('',(11.585545462639,6.730157790611,0.));
#1046 = CARTESIAN_POINT('',(11.533443053874,6.719326125406,0.));
#1047 = CARTESIAN_POINT('',(11.483441824118,6.708273481835,0.));
#1048 = CARTESIAN_POINT('',(11.435538775851,6.697050947605,0.));
#1049 = CARTESIAN_POINT('',(11.389729959553,6.685709496115,0.));
#1050 = CARTESIAN_POINT('',(11.346010476155,6.674299970596,0.));
#1051 = CARTESIAN_POINT('',(11.304374479736,6.6628730683,0.));
#1052 = CARTESIAN_POINT('',(11.264815180475,6.651479324734,0.));
#1053 = CARTESIAN_POINT('',(11.227324847841,6.640169097941,0.));
#1054 = CARTESIAN_POINT('',(11.191894814037,6.628992552846,0.));
#1055 = CARTESIAN_POINT('',(11.158515477681,6.617999645647,0.));
#1056 = CARTESIAN_POINT('',(11.127176307743,6.607240108281,0.));
#1057 = CARTESIAN_POINT('',(11.097865847714,6.596763432943,0.));
#1058 = CARTESIAN_POINT('',(11.070571720031,6.586618856672,0.));
#1059 = CARTESIAN_POINT('',(11.045280630727,6.576855346029,0.));
#1060 = CARTESIAN_POINT('',(11.021978374376,6.567521581765,0.));
#1061 = CARTESIAN_POINT('',(11.000649839118,6.558665943823,0.));
#1062 = CARTESIAN_POINT('',(10.981279012481,6.550336495504,0.));
#1063 = CARTESIAN_POINT('',(10.963848985681,6.54258097065,0.));
#1064 = CARTESIAN_POINT('',(10.94834196392,6.535446751286,0.));
#1065 = CARTESIAN_POINT('',(10.934739258882,6.528980875491,0.));
#1066 = CARTESIAN_POINT('',(10.923021337831,6.523229951207,0.));
#1067 = CARTESIAN_POINT('',(10.913167703454,6.518240353226,0.));
#1068 = CARTESIAN_POINT('',(10.905157271185,6.514057589769,0.));
#1069 = CARTESIAN_POINT('',(10.898967366807,6.510727973913,0.));
#1070 = CARTESIAN_POINT('',(10.894576332989,6.508294267895,0.));
#1071 = CARTESIAN_POINT('',(10.891957799364,6.50680525034,0.));
#1072 = CARTESIAN_POINT('',(10.890802765994,6.506128395241,0.));
#1073 = CARTESIAN_POINT('',(10.890514580507,6.505958196222,0.));
#1074 = SURFACE_OF_LINEAR_EXTRUSION('',#1075,#1123);
#1075 = B_SPLINE_CURVE_WITH_KNOTS('',3,(#1076,#1077,#1078,#1079,#1080,
    #1081,#1082,#1083,#1084,#1085,#1086,#1087,#1088,#1089,#1090,#1091,
    #1092,#1093,#1094,#1095,#1096,#1097,#1098,#1099,#1100,#1101,#1102,
    #1103,#1104,#1105,#1106,#1107,#1108,#1109,#1110,#1111,#1112,#1113,
    #1114,#1115,#1116,#1117,#1118,#1119,#1120,#1121,#1122),
  .UNSPECIFIED.,.F.,.F.,(4,1,1,1,1,1,1,1,1,1,1,1,1,1,1,1,1,1,1,1,1,1,1,1
    ,1,1,1,1,1,1,1,1,1,1,1,1,1,1,1,1,1,1,1,1,4),(0.,8.735293048255E-02,
    0.172697747622,0.256034451418,0.337363041871,0.416683518981,
    0.493995882747,0.569300133171,0.642596270251,0.713884293989,
    0.783164204383,0.850436001435,0.915699685144,0.97895525551,
    1.040202712533,1.099442056214,1.156673286553,1.211896403548,
    1.265111407202,1.316318297513,1.365517074482,1.41270773811,
    1.457890288395,1.501064725339,1.542231048942,1.581389259203,
    1.618539356124,1.653681339704,1.686815209945,1.717940966845,
    1.747058610407,1.774168140631,1.799269557517,1.822362861067,
    1.843448051283,1.862525128166,1.879594091718,1.894654941944,
    1.907707678849,1.918752302441,1.927788812733,1.934817209752,
    1.939837493553,1.942849664305,1.943853723184),.UNSPECIFIED.);
#1076 = CARTESIAN_POINT('',(12.790355624809,6.830578525346,0.));
#1077 = CARTESIAN_POINT('',(12.761241185031,6.831017674482,0.));
#1078 = CARTESIAN_POINT('',(12.703675895329,6.831528409199,0.));
#1079 = CARTESIAN_POINT('',(12.618329461527,6.831211581546,0.));
#1080 = CARTESIAN_POINT('',(12.535001606238,6.829853977081,0.));
#1081 = CARTESIAN_POINT('',(12.453704766945,6.827506210119,0.));
#1082 = CARTESIAN_POINT('',(12.374450330751,6.824219193808,0.));
#1083 = CARTESIAN_POINT('',(12.297248750212,6.820043927133,0.));
#1084 = CARTESIAN_POINT('',(12.222109511679,6.815031529735,0.));
#1085 = CARTESIAN_POINT('',(12.14904114206,6.809233212695,0.));
#1086 = CARTESIAN_POINT('',(12.078051205985,6.802700265839,0.));
#1087 = CARTESIAN_POINT('',(12.009146305763,6.795484040767,0.));
#1088 = CARTESIAN_POINT('',(11.942332080932,6.787635934986,0.));
#1089 = CARTESIAN_POINT('',(11.87761320824,6.779207375763,0.));
#1090 = CARTESIAN_POINT('',(11.814993401829,6.770249804051,0.));
#1091 = CARTESIAN_POINT('',(11.754475413679,6.760814658414,0.));
#1092 = CARTESIAN_POINT('',(11.69606103431,6.750953358966,0.));
#1093 = CARTESIAN_POINT('',(11.639751093731,6.74071729133,0.));
#1094 = CARTESIAN_POINT('',(11.585545462639,6.730157790611,0.));
#1095 = CARTESIAN_POINT('',(11.533443053874,6.719326125406,0.));
#1096 = CARTESIAN_POINT('',(11.483441824118,6.708273481835,0.));
#1097 = CARTESIAN_POINT('',(11.435538775851,6.697050947605,0.));
#1098 = CARTESIAN_POINT('',(11.389729959553,6.685709496115,0.));
#1099 = CARTESIAN_POINT('',(11.346010476155,6.674299970596,0.));
#1100 = CARTESIAN_POINT('',(11.304374479736,6.6628730683,0.));
#1101 = CARTESIAN_POINT('',(11.264815180475,6.651479324734,0.));
#1102 = CARTESIAN_POINT('',(11.227324847841,6.640169097941,0.));
#1103 = CARTESIAN_POINT('',(11.191894814037,6.628992552846,0.));
#1104 = CARTESIAN_POINT('',(11.158515477681,6.617999645647,0.));
#1105 = CARTESIAN_POINT('',(11.127176307743,6.607240108281,0.));
#1106 = CARTESIAN_POINT('',(11.097865847714,6.596763432943,0.));
#1107 = CARTESIAN_POINT('',(11.070571720031,6.586618856672,0.));
#1108 = CARTESIAN_POINT('',(11.045280630727,6.576855346029,0.));
#1109 = CARTESIAN_POINT('',(11.021978374376,6.567521581765,0.));
#1110 = CARTESIAN_POINT('',(11.000649839118,6.558665943823,0.));
#1111 = CARTESIAN_POINT('',(10.981279012481,6.550336495504,0.));
#1112 = CARTESIAN_POINT('',(10.963848985681,6.54258097065,0.));
#1113 = CARTESIAN_POINT('',(10.94834196392,6.535446751286,0.));
#1114 = CARTESIAN_POINT('',(10.934739258882,6.528980875491,0.));
#1115 = CARTESIAN_POINT('',(10.923021337831,6.523229951207,0.));
#1116 = CARTESIAN_POINT('',(10.913167703454,6.518240353226,0.));
#1117 = CARTESIAN_POINT('',(10.905157271185,6.514057589769,0.));
#1118 = CARTESIAN_POINT('',(10.898967366807,6.510727973913,0.));
#1119 = CARTESIAN_POINT('',(10.894576332989,6.508294267895,0.));
#1120 = CARTESIAN_POINT('',(10.891957799364,6.50680525034,0.));
#1121 = CARTESIAN_POINT('',(10.890802765994,6.506128395241,0.));
#1122 = CARTESIAN_POINT('',(10.890514580507,6.505958196222,0.));
#1123 = VECTOR('',#1124,1.);
#1124 = DIRECTION('',(-0.,-0.,-1.));
#1125 = ADVANCED_FACE('',(#1126),#1149,.F.);
#1126 = FACE_BOUND('',#1127,.F.);
#1127 = EDGE_LOOP('',(#1128,#1129,#1136,#1144));
#1128 = ORIENTED_EDGE('',*,*,#1017,.T.);
#1129 = ORIENTED_EDGE('',*,*,#1130,.T.);
#1130 = EDGE_CURVE('',#966,#1131,#1133,.T.);
#1131 = VERTEX_POINT('',#1132);
#1132 = CARTESIAN_POINT('',(10.516346922641,6.282431647273,6.));
#1133 = B_SPLINE_CURVE_WITH_KNOTS('',1,(#1134,#1135),.UNSPECIFIED.,.F.,
  .F.,(2,2),(0.,0.43585038061),.PIECEWISE_BEZIER_KNOTS.);
#1134 = CARTESIAN_POINT('',(10.890514580507,6.505958196222,6.));
#1135 = CARTESIAN_POINT('',(10.516346922641,6.282431647273,6.));
#1136 = ORIENTED_EDGE('',*,*,#1137,.F.);
#1137 = EDGE_CURVE('',#1138,#1131,#1140,.T.);
#1138 = VERTEX_POINT('',#1139);
#1139 = CARTESIAN_POINT('',(10.516346922641,6.282431647273,0.));
#1140 = LINE('',#1141,#1142);
#1141 = CARTESIAN_POINT('',(10.516346922641,6.282431647273,0.));
#1142 = VECTOR('',#1143,1.);
#1143 = DIRECTION('',(0.,0.,1.));
#1144 = ORIENTED_EDGE('',*,*,#1145,.F.);
#1145 = EDGE_CURVE('',#1018,#1138,#1146,.T.);
#1146 = B_SPLINE_CURVE_WITH_KNOTS('',1,(#1147,#1148),.UNSPECIFIED.,.F.,
  .F.,(2,2),(0.,0.43585038061),.PIECEWISE_BEZIER_KNOTS.);
#1147 = CARTESIAN_POINT('',(10.890514580507,6.505958196222,0.));
#1148 = CARTESIAN_POINT('',(10.516346922641,6.282431647273,0.));
#1149 = SURFACE_OF_LINEAR_EXTRUSION('',#1150,#1153);
#1150 = B_SPLINE_CURVE_WITH_KNOTS('',1,(#1151,#1152),.UNSPECIFIED.,.F.,
  .F.,(2,2),(0.,0.43585038061),.PIECEWISE_BEZIER_KNOTS.);
#1151 = CARTESIAN_POINT('',(10.890514580507,6.505958196222,0.));
#1152 = CARTESIAN_POINT('',(10.516346922641,6.282431647273,0.));
#1153 = VECTOR('',#1154,1.);
#1154 = DIRECTION('',(-0.,-0.,-1.));
#1155 = ADVANCED_FACE('',(#1156),#1179,.F.);
#1156 = FACE_BOUND('',#1157,.F.);
#1157 = EDGE_LOOP('',(#1158,#1159,#1166,#1174));
#1158 = ORIENTED_EDGE('',*,*,#1137,.T.);
#1159 = ORIENTED_EDGE('',*,*,#1160,.T.);
#1160 = EDGE_CURVE('',#1131,#1161,#1163,.T.);
#1161 = VERTEX_POINT('',#1162);
#1162 = CARTESIAN_POINT('',(9.933942157607,7.167935072901,6.));
#1163 = B_SPLINE_CURVE_WITH_KNOTS('',1,(#1164,#1165),.UNSPECIFIED.,.F.,
  .F.,(2,2),(0.,1.059863966333),.PIECEWISE_BEZIER_KNOTS.);
#1164 = CARTESIAN_POINT('',(10.516346922641,6.282431647273,6.));
#1165 = CARTESIAN_POINT('',(9.933942157607,7.167935072901,6.));
#1166 = ORIENTED_EDGE('',*,*,#1167,.F.);
#1167 = EDGE_CURVE('',#1168,#1161,#1170,.T.);
#1168 = VERTEX_POINT('',#1169);
#1169 = CARTESIAN_POINT('',(9.933942157607,7.167935072901,0.));
#1170 = LINE('',#1171,#1172);
#1171 = CARTESIAN_POINT('',(9.933942157607,7.167935072901,0.));
#1172 = VECTOR('',#1173,1.);
#1173 = DIRECTION('',(0.,0.,1.));
#1174 = ORIENTED_EDGE('',*,*,#1175,.F.);
#1175 = EDGE_CURVE('',#1138,#1168,#1176,.T.);
#1176 = B_SPLINE_CURVE_WITH_KNOTS('',1,(#1177,#1178),.UNSPECIFIED.,.F.,
  .F.,(2,2),(0.,1.059863966333),.PIECEWISE_BEZIER_KNOTS.);
#1177 = CARTESIAN_POINT('',(10.516346922641,6.282431647273,0.));
#1178 = CARTESIAN_POINT('',(9.933942157607,7.167935072901,0.));
#1179 = SURFACE_OF_LINEAR_EXTRUSION('',#1180,#1183);
#1180 = B_SPLINE_CURVE_WITH_KNOTS('',1,(#1181,#1182),.UNSPECIFIED.,.F.,
  .F.,(2,2),(0.,1.059863966333),.PIECEWISE_BEZIER_KNOTS.);
#1181 = CARTESIAN_POINT('',(10.516346922641,6.282431647273,0.));
#1182 = CARTESIAN_POINT('',(9.933942157607,7.167935072901,0.));
#1183 = VECTOR('',#1184,1.);
#1184 = DIRECTION('',(-0.,-0.,-1.));
#1185 = ADVANCED_FACE('',(#1186),#1209,.F.);
#1186 = FACE_BOUND('',#1187,.F.);
#1187 = EDGE_LOOP('',(#1188,#1189,#1196,#1204));
#1188 = ORIENTED_EDGE('',*,*,#1167,.T.);
#1189 = ORIENTED_EDGE('',*,*,#1190,.T.);
#1190 = EDGE_CURVE('',#1161,#1191,#1193,.T.);
#1191 = VERTEX_POINT('',#1192);
#1192 = CARTESIAN_POINT('',(10.287388073554,7.422967499816,6.));
#1193 = B_SPLINE_CURVE_WITH_KNOTS('',1,(#1194,#1195),.UNSPECIFIED.,.F.,
  .F.,(2,2),(0.,0.43585038061),.PIECEWISE_BEZIER_KNOTS.);
#1194 = CARTESIAN_POINT('',(9.933942157607,7.167935072901,6.));
#1195 = CARTESIAN_POINT('',(10.287388073554,7.422967499816,6.));
#1196 = ORIENTED_EDGE('',*,*,#1197,.F.);
#1197 = EDGE_CURVE('',#1198,#1191,#1200,.T.);
#1198 = VERTEX_POINT('',#1199);
#1199 = CARTESIAN_POINT('',(10.287388073554,7.422967499816,0.));
#1200 = LINE('',#1201,#1202);
#1201 = CARTESIAN_POINT('',(10.287388073554,7.422967499816,0.));
#1202 = VECTOR('',#1203,1.);
#1203 = DIRECTION('',(0.,0.,1.));
#1204 = ORIENTED_EDGE('',*,*,#1205,.F.);
#1205 = EDGE_CURVE('',#1168,#1198,#1206,.T.);
#1206 = B_SPLINE_CURVE_WITH_KNOTS('',1,(#1207,#1208),.UNSPECIFIED.,.F.,
  .F.,(2,2),(0.,0.43585038061),.PIECEWISE_BEZIER_KNOTS.);
#1207 = CARTESIAN_POINT('',(9.933942157607,7.167935072901,0.));
#1208 = CARTESIAN_POINT('',(10.287388073554,7.422967499816,0.));
#1209 = SURFACE_OF_LINEAR_EXTRUSION('',#1210,#1213);
#1210 = B_SPLINE_CURVE_WITH_KNOTS('',1,(#1211,#1212),.UNSPECIFIED.,.F.,
  .F.,(2,2),(0.,0.43585038061),.PIECEWISE_BEZIER_KNOTS.);
#1211 = CARTESIAN_POINT('',(9.933942157607,7.167935072901,0.));
#1212 = CARTESIAN_POINT('',(10.287388073554,7.422967499816,0.));
#1213 = VECTOR('',#1214,1.);
#1214 = DIRECTION('',(-0.,-0.,-1.));
#1215 = ADVANCED_FACE('',(#1216),#1329,.F.);
#1216 = FACE_BOUND('',#1217,.F.);
#1217 = EDGE_LOOP('',(#1218,#1219,#1271,#1279));
#1218 = ORIENTED_EDGE('',*,*,#1197,.T.);
#1219 = ORIENTED_EDGE('',*,*,#1220,.T.);
#1220 = EDGE_CURVE('',#1191,#1221,#1223,.T.);
#1221 = VERTEX_POINT('',#1222);
#1222 = CARTESIAN_POINT('',(11.337948284715,9.038856603195,6.));
#1223 = B_SPLINE_CURVE_WITH_KNOTS('',3,(#1224,#1225,#1226,#1227,#1228,
    #1229,#1230,#1231,#1232,#1233,#1234,#1235,#1236,#1237,#1238,#1239,
    #1240,#1241,#1242,#1243,#1244,#1245,#1246,#1247,#1248,#1249,#1250,
    #1251,#1252,#1253,#1254,#1255,#1256,#1257,#1258,#1259,#1260,#1261,
    #1262,#1263,#1264,#1265,#1266,#1267,#1268,#1269,#1270),
  .UNSPECIFIED.,.F.,.F.,(4,1,1,1,1,1,1,1,1,1,1,1,1,1,1,1,1,1,1,1,1,1,1,1
    ,1,1,1,1,1,1,1,1,1,1,1,1,1,1,1,1,1,1,1,1,4),(0.,1.004058879412E-03,
    4.016229631009E-03,9.036513432115E-03,1.606491045092E-02,
    2.510142074349E-02,3.614604433531E-02,4.91987812401E-02,
    6.425963146609E-02,8.132859501861E-02,0.100405671901,0.121490862117,
    0.144584165667,0.169685582553,0.196795112777,0.225912756339,
    0.25703851324,0.29017238348,0.32531436706,0.362464463981,
    0.401622674242,0.442788997845,0.485963434789,0.531145985075,
    0.578336648702,0.627535425671,0.678742315982,0.731957319636,
    0.787180436632,0.84441166697,0.903651010651,0.964898467674,
    1.02815403804,1.093417721749,1.160689518801,1.229969429195,
    1.301257452933,1.374553590013,1.449857840437,1.527170204204,
    1.606490681313,1.687819271766,1.771155975562,1.856500792702,
    1.943853723184),.UNSPECIFIED.);
#1224 = CARTESIAN_POINT('',(10.287388073554,7.422967499816,6.));
#1225 = CARTESIAN_POINT('',(10.287658497474,7.423164703984,6.));
#1226 = CARTESIAN_POINT('',(10.288737482076,7.42395718562,6.));
#1227 = CARTESIAN_POINT('',(10.291141870164,7.425771795646,6.));
#1228 = CARTESIAN_POINT('',(10.295115737876,7.428839771912,6.));
#1229 = CARTESIAN_POINT('',(10.300624740663,7.433204648343,6.));
#1230 = CARTESIAN_POINT('',(10.307638191579,7.438903248304,6.));
#1231 = CARTESIAN_POINT('',(10.316122546011,7.4459747353,6.));
#1232 = CARTESIAN_POINT('',(10.326044368746,7.454456494403,6.));
#1233 = CARTESIAN_POINT('',(10.337369196275,7.464385714694,6.));
#1234 = CARTESIAN_POINT('',(10.350061968956,7.475798791908,6.));
#1235 = CARTESIAN_POINT('',(10.364086897732,7.48873151679,6.));
#1236 = CARTESIAN_POINT('',(10.379407523822,7.50321899587,6.));
#1237 = CARTESIAN_POINT('',(10.395986714472,7.519295661476,6.));
#1238 = CARTESIAN_POINT('',(10.413786679401,7.536995253418,6.));
#1239 = CARTESIAN_POINT('',(10.432768980867,7.556350809966,6.));
#1240 = CARTESIAN_POINT('',(10.452894545904,7.577394656232,6.));
#1241 = CARTESIAN_POINT('',(10.474123678097,7.600158393613,6.));
#1242 = CARTESIAN_POINT('',(10.496416069706,7.624672889184,6.));
#1243 = CARTESIAN_POINT('',(10.519730813891,7.650968265352,6.));
#1244 = CARTESIAN_POINT('',(10.544026417117,7.679073889692,6.));
#1245 = CARTESIAN_POINT('',(10.569260811709,7.709018364987,6.));
#1246 = CARTESIAN_POINT('',(10.595391368565,7.740829519459,6.));
#1247 = CARTESIAN_POINT('',(10.622374910025,7.774534397209,6.));
#1248 = CARTESIAN_POINT('',(10.650167722884,7.810159248852,6.));
#1249 = CARTESIAN_POINT('',(10.678725571559,7.84772952236,6.));
#1250 = CARTESIAN_POINT('',(10.7080037114,7.887269854115,6.));
#1251 = CARTESIAN_POINT('',(10.737956902134,7.928804060162,6.));
#1252 = CARTESIAN_POINT('',(10.768539421463,7.972355127677,6.));
#1253 = CARTESIAN_POINT('',(10.799705078785,8.017945206655,6.));
#1254 = CARTESIAN_POINT('',(10.83140722905,8.065595601798,6.));
#1255 = CARTESIAN_POINT('',(10.863598786751,8.115326764629,6.));
#1256 = CARTESIAN_POINT('',(10.896232240033,8.167158285828,6.));
#1257 = CARTESIAN_POINT('',(10.92925966493,8.221108887777,6.));
#1258 = CARTESIAN_POINT('',(10.962632739721,8.277196417336,6.));
#1259 = CARTESIAN_POINT('',(10.996302759397,8.335437838843,6.));
#1260 = CARTESIAN_POINT('',(11.030220650248,8.395849227332,6.));
#1261 = CARTESIAN_POINT('',(11.064336984548,8.458445762,6.));
#1262 = CARTESIAN_POINT('',(11.09860199539,8.523241719831,6.));
#1263 = CARTESIAN_POINT('',(11.132965591434,8.590250469722,6.));
#1264 = CARTESIAN_POINT('',(11.167377372503,8.659484465802,6.));
#1265 = CARTESIAN_POINT('',(11.201786642369,8.730955245006,6.));
#1266 = CARTESIAN_POINT('',(11.236142432896,8.804673409294,6.));
#1267 = CARTESIAN_POINT('',(11.27039348461,8.880648668513,6.));
#1268 = CARTESIAN_POINT('',(11.304488396396,8.958889649672,6.));
#1269 = CARTESIAN_POINT('',(11.32681987803,9.011949317561,6.));
#1270 = CARTESIAN_POINT('',(11.337948284715,9.038856603195,6.));
#1271 = ORIENTED_EDGE('',*,*,#1272,.F.);
#1272 = EDGE_CURVE('',#1273,#1221,#1275,.T.);
#1273 = VERTEX_POINT('',#1274);
#1274 = CARTESIAN_POINT('',(11.337948284715,9.038856603195,0.));
#1275 = LINE('',#1276,#1277);
#1276 = CARTESIAN_POINT('',(11.337948284715,9.038856603195,0.));
#1277 = VECTOR('',#1278,1.);
#1278 = DIRECTION('',(0.,0.,1.));
#1279 = ORIENTED_EDGE('',*,*,#1280,.F.);
#1280 = EDGE_CURVE('',#1198,#1273,#1281,.T.);
#1281 = B_SPLINE_CURVE_WITH_KNOTS('',3,(#1282,#1283,#1284,#1285,#1286,
    #1287,#1288,#1289,#1290,#1291,#1292,#1293,#1294,#1295,#1296,#1297,
    #1298,#1299,#1300,#1301,#1302,#1303,#1304,#1305,#1306,#1307,#1308,
    #1309,#1310,#1311,#1312,#1313,#1314,#1315,#1316,#1317,#1318,#1319,
    #1320,#1321,#1322,#1323,#1324,#1325,#1326,#1327,#1328),
  .UNSPECIFIED.,.F.,.F.,(4,1,1,1,1,1,1,1,1,1,1,1,1,1,1,1,1,1,1,1,1,1,1,1
    ,1,1,1,1,1,1,1,1,1,1,1,1,1,1,1,1,1,1,1,1,4),(0.,1.004058879412E-03,
    4.016229631009E-03,9.036513432115E-03,1.606491045092E-02,
    2.510142074349E-02,3.614604433531E-02,4.91987812401E-02,
    6.425963146609E-02,8.132859501861E-02,0.100405671901,0.121490862117,
    0.144584165667,0.169685582553,0.196795112777,0.225912756339,
    0.25703851324,0.29017238348,0.32531436706,0.362464463981,
    0.401622674242,0.442788997845,0.485963434789,0.531145985075,
    0.578336648702,0.627535425671,0.678742315982,0.731957319636,
    0.787180436632,0.84441166697,0.903651010651,0.964898467674,
    1.02815403804,1.093417721749,1.160689518801,1.229969429195,
    1.301257452933,1.374553590013,1.449857840437,1.527170204204,
    1.606490681313,1.687819271766,1.771155975562,1.856500792702,
    1.943853723184),.UNSPECIFIED.);
#1282 = CARTESIAN_POINT('',(10.287388073554,7.422967499816,0.));
#1283 = CARTESIAN_POINT('',(10.287658497474,7.423164703984,0.));
#1284 = CARTESIAN_POINT('',(10.288737482076,7.42395718562,0.));
#1285 = CARTESIAN_POINT('',(10.291141870164,7.425771795646,0.));
#1286 = CARTESIAN_POINT('',(10.295115737876,7.428839771912,0.));
#1287 = CARTESIAN_POINT('',(10.300624740663,7.433204648343,0.));
#1288 = CARTESIAN_POINT('',(10.307638191579,7.438903248304,0.));
#1289 = CARTESIAN_POINT('',(10.316122546011,7.4459747353,0.));
#1290 = CARTESIAN_POINT('',(10.326044368746,7.454456494403,0.));
#1291 = CARTESIAN_POINT('',(10.337369196275,7.464385714694,0.));
#1292 = CARTESIAN_POINT('',(10.350061968956,7.475798791908,0.));
#1293 = CARTESIAN_POINT('',(10.364086897732,7.48873151679,0.));
#1294 = CARTESIAN_POINT('',(10.379407523822,7.50321899587,0.));
#1295 = CARTESIAN_POINT('',(10.395986714472,7.519295661476,0.));
#1296 = CARTESIAN_POINT('',(10.413786679401,7.536995253418,0.));
#1297 = CARTESIAN_POINT('',(10.432768980867,7.556350809966,0.));
#1298 = CARTESIAN_POINT('',(10.452894545904,7.577394656232,0.));
#1299 = CARTESIAN_POINT('',(10.474123678097,7.600158393613,0.));
#1300 = CARTESIAN_POINT('',(10.496416069706,7.624672889184,0.));
#1301 = CARTESIAN_POINT('',(10.519730813891,7.650968265352,0.));
#1302 = CARTESIAN_POINT('',(10.544026417117,7.679073889692,0.));
#1303 = CARTESIAN_POINT('',(10.569260811709,7.709018364987,0.));
#1304 = CARTESIAN_POINT('',(10.595391368565,7.740829519459,0.));
#1305 = CARTESIAN_POINT('',(10.622374910025,7.774534397209,0.));
#1306 = CARTESIAN_POINT('',(10.650167722884,7.810159248852,0.));
#1307 = CARTESIAN_POINT('',(10.678725571559,7.84772952236,0.));
#1308 = CARTESIAN_POINT('',(10.7080037114,7.887269854115,0.));
#1309 = CARTESIAN_POINT('',(10.737956902134,7.928804060162,0.));
#1310 = CARTESIAN_POINT('',(10.768539421463,7.972355127677,0.));
#1311 = CARTESIAN_POINT('',(10.799705078785,8.017945206655,0.));
#1312 = CARTESIAN_POINT('',(10.83140722905,8.065595601798,0.));
#1313 = CARTESIAN_POINT('',(10.863598786751,8.115326764629,0.));
#1314 = CARTESIAN_POINT('',(10.896232240033,8.167158285828,0.));
#1315 = CARTESIAN_POINT('',(10.92925966493,8.221108887777,0.));
#1316 = CARTESIAN_POINT('',(10.962632739721,8.277196417336,0.));
#1317 = CARTESIAN_POINT('',(10.996302759397,8.335437838843,0.));
#1318 = CARTESIAN_POINT('',(11.030220650248,8.395849227332,0.));
#1319 = CARTESIAN_POINT('',(11.064336984548,8.458445762,0.));
#1320 = CARTESIAN_POINT('',(11.09860199539,8.523241719831,0.));
#1321 = CARTESIAN_POINT('',(11.132965591434,8.590250469722,0.));
#1322 = CARTESIAN_POINT('',(11.167377372503,8.659484465802,0.));
#1323 = CARTESIAN_POINT('',(11.201786642369,8.730955245006,0.));
#1324 = CARTESIAN_POINT('',(11.236142432896,8.804673409294,0.));
#1325 = CARTESIAN_POINT('',(11.27039348461,8.880648668513,0.));
#1326 = CARTESIAN_POINT('',(11.304488396396,8.958889649672,0.));
#1327 = CARTESIAN_POINT('',(11.32681987803,9.011949317561,0.));
#1328 = CARTESIAN_POINT('',(11.337948284715,9.038856603195,0.));
#1329 = SURFACE_OF_LINEAR_EXTRUSION('',#1330,#1378);
#1330 = B_SPLINE_CURVE_WITH_KNOTS('',3,(#1331,#1332,#1333,#1334,#1335,
    #1336,#1337,#1338,#1339,#1340,#1341,#1342,#1343,#1344,#1345,#1346,
    #1347,#1348,#1349,#1350,#1351,#1352,#1353,#1354,#1355,#1356,#1357,
    #1358,#1359,#1360,#1361,#1362,#1363,#1364,#1365,#1366,#1367,#1368,
    #1369,#1370,#1371,#1372,#1373,#1374,#1375,#1376,#1377),
  .UNSPECIFIED.,.F.,.F.,(4,1,1,1,1,1,1,1,1,1,1,1,1,1,1,1,1,1,1,1,1,1,1,1
    ,1,1,1,1,1,1,1,1,1,1,1,1,1,1,1,1,1,1,1,1,4),(0.,1.004058879412E-03,
    4.016229631009E-03,9.036513432115E-03,1.606491045092E-02,
    2.510142074349E-02,3.614604433531E-02,4.91987812401E-02,
    6.425963146609E-02,8.132859501861E-02,0.100405671901,0.121490862117,
    0.144584165667,0.169685582553,0.196795112777,0.225912756339,
    0.25703851324,0.29017238348,0.32531436706,0.362464463981,
    0.401622674242,0.442788997845,0.485963434789,0.531145985075,
    0.578336648702,0.627535425671,0.678742315982,0.731957319636,
    0.787180436632,0.84441166697,0.903651010651,0.964898467674,
    1.02815403804,1.093417721749,1.160689518801,1.229969429195,
    1.301257452933,1.374553590013,1.449857840437,1.527170204204,
    1.606490681313,1.687819271766,1.771155975562,1.856500792702,
    1.943853723184),.UNSPECIFIED.);
#1331 = CARTESIAN_POINT('',(10.287388073554,7.422967499816,0.));
#1332 = CARTESIAN_POINT('',(10.287658497474,7.423164703984,0.));
#1333 = CARTESIAN_POINT('',(10.288737482076,7.42395718562,0.));
#1334 = CARTESIAN_POINT('',(10.291141870164,7.425771795646,0.));
#1335 = CARTESIAN_POINT('',(10.295115737876,7.428839771912,0.));
#1336 = CARTESIAN_POINT('',(10.300624740663,7.433204648343,0.));
#1337 = CARTESIAN_POINT('',(10.307638191579,7.438903248304,0.));
#1338 = CARTESIAN_POINT('',(10.316122546011,7.4459747353,0.));
#1339 = CARTESIAN_POINT('',(10.326044368746,7.454456494403,0.));
#1340 = CARTESIAN_POINT('',(10.337369196275,7.464385714694,0.));
#1341 = CARTESIAN_POINT('',(10.350061968956,7.475798791908,0.));
#1342 = CARTESIAN_POINT('',(10.364086897732,7.48873151679,0.));
#1343 = CARTESIAN_POINT('',(10.379407523822,7.50321899587,0.));
#1344 = CARTESIAN_POINT('',(10.395986714472,7.519295661476,0.));
#1345 = CARTESIAN_POINT('',(10.413786679401,7.536995253418,0.));
#1346 = CARTESIAN_POINT('',(10.432768980867,7.556350809966,0.));
#1347 = CARTESIAN_POINT('',(10.452894545904,7.577394656232,0.));
#1348 = CARTESIAN_POINT('',(10.474123678097,7.600158393613,0.));
#1349 = CARTESIAN_POINT('',(10.496416069706,7.624672889184,0.));
#1350 = CARTESIAN_POINT('',(10.519730813891,7.650968265352,0.));
#1351 = CARTESIAN_POINT('',(10.544026417117,7.679073889692,0.));
#1352 = CARTESIAN_POINT('',(10.569260811709,7.709018364987,0.));
#1353 = CARTESIAN_POINT('',(10.595391368565,7.740829519459,0.));
#1354 = CARTESIAN_POINT('',(10.622374910025,7.774534397209,0.));
#1355 = CARTESIAN_POINT('',(10.650167722884,7.810159248852,0.));
#1356 = CARTESIAN_POINT('',(10.678725571559,7.84772952236,0.));
#1357 = CARTESIAN_POINT('',(10.7080037114,7.887269854115,0.));
#1358 = CARTESIAN_POINT('',(10.737956902134,7.928804060162,0.));
#1359 = CARTESIAN_POINT('',(10.768539421463,7.972355127677,0.));
#1360 = CARTESIAN_POINT('',(10.799705078785,8.017945206655,0.));
#1361 = CARTESIAN_POINT('',(10.83140722905,8.065595601798,0.));
#1362 = CARTESIAN_POINT('',(10.863598786751,8.115326764629,0.));
#1363 = CARTESIAN_POINT('',(10.896232240033,8.167158285828,0.));
#1364 = CARTESIAN_POINT('',(10.92925966493,8.221108887777,0.));
#1365 = CARTESIAN_POINT('',(10.962632739721,8.277196417336,0.));
#1366 = CARTESIAN_POINT('',(10.996302759397,8.335437838843,0.));
#1367 = CARTESIAN_POINT('',(11.030220650248,8.395849227332,0.));
#1368 = CARTESIAN_POINT('',(11.064336984548,8.458445762,0.));
#1369 = CARTESIAN_POINT('',(11.09860199539,8.523241719831,0.));
#1370 = CARTESIAN_POINT('',(11.132965591434,8.590250469722,0.));
#1371 = CARTESIAN_POINT('',(11.167377372503,8.659484465802,0.));
#1372 = CARTESIAN_POINT('',(11.201786642369,8.730955245006,0.));
#1373 = CARTESIAN_POINT('',(11.236142432896,8.804673409294,0.));
#1374 = CARTESIAN_POINT('',(11.27039348461,8.880648668513,0.));
#1375 = CARTESIAN_POINT('',(11.304488396396,8.958889649672,0.));
#1376 = CARTESIAN_POINT('',(11.32681987803,9.011949317561,0.));
#1377 = CARTESIAN_POINT('',(11.337948284715,9.038856603195,0.));
#1378 = VECTOR('',#1379,1.);
#1379 = DIRECTION('',(-0.,-0.,-1.));
#1380 = ADVANCED_FACE('',(#1381),#1404,.F.);
#1381 = FACE_BOUND('',#1382,.F.);
#1382 = EDGE_LOOP('',(#1383,#1384,#1391,#1399));
#1383 = ORIENTED_EDGE('',*,*,#1272,.T.);
#1384 = ORIENTED_EDGE('',*,*,#1385,.T.);
#1385 = EDGE_CURVE('',#1221,#1386,#1388,.T.);
#1386 = VERTEX_POINT('',#1387);
#1387 = CARTESIAN_POINT('',(10.870350119315,9.596118396702,6.));
#1388 = B_SPLINE_CURVE_WITH_KNOTS('',1,(#1389,#1390),.UNSPECIFIED.,.F.,
  .F.,(2,2),(0.,0.72745360731),.PIECEWISE_BEZIER_KNOTS.);
#1389 = CARTESIAN_POINT('',(11.337948284715,9.038856603195,6.));
#1390 = CARTESIAN_POINT('',(10.870350119315,9.596118396702,6.));
#1391 = ORIENTED_EDGE('',*,*,#1392,.F.);
#1392 = EDGE_CURVE('',#1393,#1386,#1395,.T.);
#1393 = VERTEX_POINT('',#1394);
#1394 = CARTESIAN_POINT('',(10.870350119315,9.596118396702,0.));
#1395 = LINE('',#1396,#1397);
#1396 = CARTESIAN_POINT('',(10.870350119315,9.596118396702,0.));
#1397 = VECTOR('',#1398,1.);
#1398 = DIRECTION('',(0.,0.,1.));
#1399 = ORIENTED_EDGE('',*,*,#1400,.F.);
#1400 = EDGE_CURVE('',#1273,#1393,#1401,.T.);
#1401 = B_SPLINE_CURVE_WITH_KNOTS('',1,(#1402,#1403),.UNSPECIFIED.,.F.,
  .F.,(2,2),(0.,0.72745360731),.PIECEWISE_BEZIER_KNOTS.);
#1402 = CARTESIAN_POINT('',(11.337948284715,9.038856603195,0.));
#1403 = CARTESIAN_POINT('',(10.870350119315,9.596118396702,0.));
#1404 = SURFACE_OF_LINEAR_EXTRUSION('',#1405,#1408);
#1405 = B_SPLINE_CURVE_WITH_KNOTS('',1,(#1406,#1407),.UNSPECIFIED.,.F.,
  .F.,(2,2),(0.,0.72745360731),.PIECEWISE_BEZIER_KNOTS.);
#1406 = CARTESIAN_POINT('',(11.337948284715,9.038856603195,0.));
#1407 = CARTESIAN_POINT('',(10.870350119315,9.596118396702,0.));
#1408 = VECTOR('',#1409,1.);
#1409 = DIRECTION('',(-0.,-0.,-1.));
#1410 = ADVANCED_FACE('',(#1411),#1524,.F.);
#1411 = FACE_BOUND('',#1412,.F.);
#1412 = EDGE_LOOP('',(#1413,#1414,#1466,#1474));
#1413 = ORIENTED_EDGE('',*,*,#1392,.T.);
#1414 = ORIENTED_EDGE('',*,*,#1415,.T.);
#1415 = EDGE_CURVE('',#1386,#1416,#1418,.T.);
#1416 = VERTEX_POINT('',#1417);
#1417 = CARTESIAN_POINT('',(9.096582136101,8.842114753857,6.));
#1418 = B_SPLINE_CURVE_WITH_KNOTS('',3,(#1419,#1420,#1421,#1422,#1423,
    #1424,#1425,#1426,#1427,#1428,#1429,#1430,#1431,#1432,#1433,#1434,
    #1435,#1436,#1437,#1438,#1439,#1440,#1441,#1442,#1443,#1444,#1445,
    #1446,#1447,#1448,#1449,#1450,#1451,#1452,#1453,#1454,#1455,#1456,
    #1457,#1458,#1459,#1460,#1461,#1462,#1463,#1464,#1465),
  .UNSPECIFIED.,.F.,.F.,(4,1,1,1,1,1,1,1,1,1,1,1,1,1,1,1,1,1,1,1,1,1,1,1
    ,1,1,1,1,1,1,1,1,1,1,1,1,1,1,1,1,1,1,1,1,4),(0.,8.735293048255E-02,
    0.172697747622,0.256034451418,0.337363041871,0.416683518981,
    0.493995882747,0.569300133171,0.642596270251,0.713884293989,
    0.783164204383,0.850436001435,0.915699685144,0.97895525551,
    1.040202712533,1.099442056214,1.156673286553,1.211896403548,
    1.265111407202,1.316318297513,1.365517074482,1.41270773811,
    1.457890288395,1.501064725339,1.542231048942,1.581389259203,
    1.618539356124,1.653681339704,1.686815209945,1.717940966845,
    1.747058610407,1.774168140631,1.799269557517,1.822362861067,
    1.843448051283,1.862525128166,1.879594091718,1.894654941944,
    1.907707678849,1.918752302441,1.927788812733,1.934817209752,
    1.939837493553,1.942849664305,1.943853723184),.UNSPECIFIED.);
#1419 = CARTESIAN_POINT('',(10.870350119315,9.596118396702,6.));
#1420 = CARTESIAN_POINT('',(10.841919188269,9.589831456635,6.));
#1421 = CARTESIAN_POINT('',(10.785787794869,9.577052955022,6.));
#1422 = CARTESIAN_POINT('',(10.702814950721,9.557062425354,6.));
#1423 = CARTESIAN_POINT('',(10.622046293692,9.536524689389,6.));
#1424 = CARTESIAN_POINT('',(10.543482253545,9.515491865407,6.));
#1425 = CARTESIAN_POINT('',(10.467122169065,9.494016120233,6.));
#1426 = CARTESIAN_POINT('',(10.39296444988,9.472149488692,6.));
#1427 = CARTESIAN_POINT('',(10.321006537637,9.449943900193,6.));
#1428 = CARTESIAN_POINT('',(10.25124491931,9.427451151857,6.));
#1429 = CARTESIAN_POINT('',(10.183675127378,9.404722895507,6.));
#1430 = CARTESIAN_POINT('',(10.118291743687,9.381810621152,6.));
#1431 = CARTESIAN_POINT('',(10.055088402682,9.358765641441,6.));
#1432 = CARTESIAN_POINT('',(9.994057795104,9.335639075943,6.));
#1433 = CARTESIAN_POINT('',(9.935191671879,9.312481835554,6.));
#1434 = CARTESIAN_POINT('',(9.878480848258,9.289344606956,6.));
#1435 = CARTESIAN_POINT('',(9.823915208204,9.26627783715,6.));
#1436 = CARTESIAN_POINT('',(9.771483709012,9.243331718063,6.));
#1437 = CARTESIAN_POINT('',(9.721174386175,9.22055617124,6.));
#1438 = CARTESIAN_POINT('',(9.672974358483,9.198000832607,6.));
#1439 = CARTESIAN_POINT('',(9.626869833368,9.175715037335,6.));
#1440 = CARTESIAN_POINT('',(9.58284611247,9.153747804781,6.));
#1441 = CARTESIAN_POINT('',(9.540887597455,9.132147823525,6.));
#1442 = CARTESIAN_POINT('',(9.500977796052,9.11096343651,6.));
#1443 = CARTESIAN_POINT('',(9.463099328328,9.090242626277,6.));
#1444 = CARTESIAN_POINT('',(9.427233933192,9.070033000298,6.));
#1445 = CARTESIAN_POINT('',(9.393362475126,9.050381776427,6.));
#1446 = CARTESIAN_POINT('',(9.361464951148,9.031335768455,6.));
#1447 = CARTESIAN_POINT('',(9.331520497989,9.012941371775,6.));
#1448 = CARTESIAN_POINT('',(9.303507399511,8.995244549167,6.));
#1449 = CARTESIAN_POINT('',(9.277403094331,8.978290816707,6.));
#1450 = CARTESIAN_POINT('',(9.253184183683,8.96212522978,6.));
#1451 = CARTESIAN_POINT('',(9.230826439472,8.946792369249,6.));
#1452 = CARTESIAN_POINT('',(9.21030481263,8.93233632767,6.));
#1453 = CARTESIAN_POINT('',(9.191593441455,8.918800695864,6.));
#1454 = CARTESIAN_POINT('',(9.174665660934,8.906228548851,6.));
#1455 = CARTESIAN_POINT('',(9.15949400988,8.894662434365,6.));
#1456 = CARTESIAN_POINT('',(9.146050246108,8.884144353482,6.));
#1457 = CARTESIAN_POINT('',(9.134305337321,8.874715766539,6.));
#1458 = CARTESIAN_POINT('',(9.12422952876,8.866417520597,6.));
#1459 = CARTESIAN_POINT('',(9.115792180855,8.859290013403,6.));
#1460 = CARTESIAN_POINT('',(9.108962282462,8.853372664064,6.));
#1461 = CARTESIAN_POINT('',(9.103707090017,8.848705308246,6.));
#1462 = CARTESIAN_POINT('',(9.099995668317,8.845324561001,6.));
#1463 = CARTESIAN_POINT('',(9.097791108685,8.843271804695,6.));
#1464 = CARTESIAN_POINT('',(9.096823302916,8.842346825286,6.));
#1465 = CARTESIAN_POINT('',(9.096582136101,8.842114753857,6.));
#1466 = ORIENTED_EDGE('',*,*,#1467,.F.);
#1467 = EDGE_CURVE('',#1468,#1416,#1470,.T.);
#1468 = VERTEX_POINT('',#1469);
#1469 = CARTESIAN_POINT('',(9.096582136101,8.842114753857,0.));
#1470 = LINE('',#1471,#1472);
#1471 = CARTESIAN_POINT('',(9.096582136101,8.842114753857,0.));
#1472 = VECTOR('',#1473,1.);
#1473 = DIRECTION('',(0.,0.,1.));
#1474 = ORIENTED_EDGE('',*,*,#1475,.F.);
#1475 = EDGE_CURVE('',#1393,#1468,#1476,.T.);
#1476 = B_SPLINE_CURVE_WITH_KNOTS('',3,(#1477,#1478,#1479,#1480,#1481,
    #1482,#1483,#1484,#1485,#1486,#1487,#1488,#1489,#1490,#1491,#1492,
    #1493,#1494,#1495,#1496,#1497,#1498,#1499,#1500,#1501,#1502,#1503,
    #1504,#1505,#1506,#1507,#1508,#1509,#1510,#1511,#1512,#1513,#1514,
    #1515,#1516,#1517,#1518,#1519,#1520,#1521,#1522,#1523),
  .UNSPECIFIED.,.F.,.F.,(4,1,1,1,1,1,1,1,1,1,1,1,1,1,1,1,1,1,1,1,1,1,1,1
    ,1,1,1,1,1,1,1,1,1,1,1,1,1,1,1,1,1,1,1,1,4),(0.,8.735293048255E-02,
    0.172697747622,0.256034451418,0.337363041871,0.416683518981,
    0.493995882747,0.569300133171,0.642596270251,0.713884293989,
    0.783164204383,0.850436001435,0.915699685144,0.97895525551,
    1.040202712533,1.099442056214,1.156673286553,1.211896403548,
    1.265111407202,1.316318297513,1.365517074482,1.41270773811,
    1.457890288395,1.501064725339,1.542231048942,1.581389259203,
    1.618539356124,1.653681339704,1.686815209945,1.717940966845,
    1.747058610407,1.774168140631,1.799269557517,1.822362861067,
    1.843448051283,1.862525128166,1.879594091718,1.894654941944,
    1.907707678849,1.918752302441,1.927788812733,1.934817209752,
    1.939837493553,1.942849664305,1.943853723184),.UNSPECIFIED.);
#1477 = CARTESIAN_POINT('',(10.870350119315,9.596118396702,0.));
#1478 = CARTESIAN_POINT('',(10.841919188269,9.589831456635,0.));
#1479 = CARTESIAN_POINT('',(10.785787794869,9.577052955022,0.));
#1480 = CARTESIAN_POINT('',(10.702814950721,9.557062425354,0.));
#1481 = CARTESIAN_POINT('',(10.622046293692,9.536524689389,0.));
#1482 = CARTESIAN_POINT('',(10.543482253545,9.515491865407,0.));
#1483 = CARTESIAN_POINT('',(10.467122169065,9.494016120233,0.));
#1484 = CARTESIAN_POINT('',(10.39296444988,9.472149488692,0.));
#1485 = CARTESIAN_POINT('',(10.321006537637,9.449943900193,0.));
#1486 = CARTESIAN_POINT('',(10.25124491931,9.427451151857,0.));
#1487 = CARTESIAN_POINT('',(10.183675127378,9.404722895507,0.));
#1488 = CARTESIAN_POINT('',(10.118291743687,9.381810621152,0.));
#1489 = CARTESIAN_POINT('',(10.055088402682,9.358765641441,0.));
#1490 = CARTESIAN_POINT('',(9.994057795104,9.335639075943,0.));
#1491 = CARTESIAN_POINT('',(9.935191671879,9.312481835554,0.));
#1492 = CARTESIAN_POINT('',(9.878480848258,9.289344606956,0.));
#1493 = CARTESIAN_POINT('',(9.823915208204,9.26627783715,0.));
#1494 = CARTESIAN_POINT('',(9.771483709012,9.243331718063,0.));
#1495 = CARTESIAN_POINT('',(9.721174386175,9.22055617124,0.));
#1496 = CARTESIAN_POINT('',(9.672974358483,9.198000832607,0.));
#1497 = CARTESIAN_POINT('',(9.626869833368,9.175715037335,0.));
#1498 = CARTESIAN_POINT('',(9.58284611247,9.153747804781,0.));
#1499 = CARTESIAN_POINT('',(9.540887597455,9.132147823525,0.));
#1500 = CARTESIAN_POINT('',(9.500977796052,9.11096343651,0.));
#1501 = CARTESIAN_POINT('',(9.463099328328,9.090242626277,0.));
#1502 = CARTESIAN_POINT('',(9.427233933192,9.070033000298,0.));
#1503 = CARTESIAN_POINT('',(9.393362475126,9.050381776427,0.));
#1504 = CARTESIAN_POINT('',(9.361464951148,9.031335768455,0.));
#1505 = CARTESIAN_POINT('',(9.331520497989,9.012941371775,0.));
#1506 = CARTESIAN_POINT('',(9.303507399511,8.995244549167,0.));
#1507 = CARTESIAN_POINT('',(9.277403094331,8.978290816707,0.));
#1508 = CARTESIAN_POINT('',(9.253184183683,8.96212522978,0.));
#1509 = CARTESIAN_POINT('',(9.230826439472,8.946792369249,0.));
#1510 = CARTESIAN_POINT('',(9.21030481263,8.93233632767,0.));
#1511 = CARTESIAN_POINT('',(9.191593441455,8.918800695864,0.));
#1512 = CARTESIAN_POINT('',(9.174665660934,8.906228548851,0.));
#1513 = CARTESIAN_POINT('',(9.15949400988,8.894662434365,0.));
#1514 = CARTESIAN_POINT('',(9.146050246108,8.884144353482,0.));
#1515 = CARTESIAN_POINT('',(9.134305337321,8.874715766539,0.));
#1516 = CARTESIAN_POINT('',(9.12422952876,8.866417520597,0.));
#1517 = CARTESIAN_POINT('',(9.115792180855,8.859290013403,0.));
#1518 = CARTESIAN_POINT('',(9.108962282462,8.853372664064,0.));
#1519 = CARTESIAN_POINT('',(9.103707090017,8.848705308246,0.));
#1520 = CARTESIAN_POINT('',(9.099995668317,8.845324561001,0.));
#1521 = CARTESIAN_POINT('',(9.097791108685,8.843271804695,0.));
#1522 = CARTESIAN_POINT('',(9.096823302916,8.842346825286,0.));
#1523 = CARTESIAN_POINT('',(9.096582136101,8.842114753857,0.));
#1524 = SURFACE_OF_LINEAR_EXTRUSION('',#1525,#1573);
#1525 = B_SPLINE_CURVE_WITH_KNOTS('',3,(#1526,#1527,#1528,#1529,#1530,
    #1531,#1532,#1533,#1534,#1535,#1536,#1537,#1538,#1539,#1540,#1541,
    #1542,#1543,#1544,#1545,#1546,#1547,#1548,#1549,#1550,#1551,#1552,
    #1553,#1554,#1555,#1556,#1557,#1558,#1559,#1560,#1561,#1562,#1563,
    #1564,#1565,#1566,#1567,#1568,#1569,#1570,#1571,#1572),
  .UNSPECIFIED.,.F.,.F.,(4,1,1,1,1,1,1,1,1,1,1,1,1,1,1,1,1,1,1,1,1,1,1,1
    ,1,1,1,1,1,1,1,1,1,1,1,1,1,1,1,1,1,1,1,1,4),(0.,8.735293048255E-02,
    0.172697747622,0.256034451418,0.337363041871,0.416683518981,
    0.493995882747,0.569300133171,0.642596270251,0.713884293989,
    0.783164204383,0.850436001435,0.915699685144,0.97895525551,
    1.040202712533,1.099442056214,1.156673286553,1.211896403548,
    1.265111407202,1.316318297513,1.365517074482,1.41270773811,
    1.457890288395,1.501064725339,1.542231048942,1.581389259203,
    1.618539356124,1.653681339704,1.686815209945,1.717940966845,
    1.747058610407,1.774168140631,1.799269557517,1.822362861067,
    1.843448051283,1.862525128166,1.879594091718,1.894654941944,
    1.907707678849,1.918752302441,1.927788812733,1.934817209752,
    1.939837493553,1.942849664305,1.943853723184),.UNSPECIFIED.);
#1526 = CARTESIAN_POINT('',(10.870350119315,9.596118396702,0.));
#1527 = CARTESIAN_POINT('',(10.841919188269,9.589831456635,0.));
#1528 = CARTESIAN_POINT('',(10.785787794869,9.577052955022,0.));
#1529 = CARTESIAN_POINT('',(10.702814950721,9.557062425354,0.));
#1530 = CARTESIAN_POINT('',(10.622046293692,9.536524689389,0.));
#1531 = CARTESIAN_POINT('',(10.543482253545,9.515491865407,0.));
#1532 = CARTESIAN_POINT('',(10.467122169065,9.494016120233,0.));
#1533 = CARTESIAN_POINT('',(10.39296444988,9.472149488692,0.));
#1534 = CARTESIAN_POINT('',(10.321006537637,9.449943900193,0.));
#1535 = CARTESIAN_POINT('',(10.25124491931,9.427451151857,0.));
#1536 = CARTESIAN_POINT('',(10.183675127378,9.404722895507,0.));
#1537 = CARTESIAN_POINT('',(10.118291743687,9.381810621152,0.));
#1538 = CARTESIAN_POINT('',(10.055088402682,9.358765641441,0.));
#1539 = CARTESIAN_POINT('',(9.994057795104,9.335639075943,0.));
#1540 = CARTESIAN_POINT('',(9.935191671879,9.312481835554,0.));
#1541 = CARTESIAN_POINT('',(9.878480848258,9.289344606956,0.));
#1542 = CARTESIAN_POINT('',(9.823915208204,9.26627783715,0.));
#1543 = CARTESIAN_POINT('',(9.771483709012,9.243331718063,0.));
#1544 = CARTESIAN_POINT('',(9.721174386175,9.22055617124,0.));
#1545 = CARTESIAN_POINT('',(9.672974358483,9.198000832607,0.));
#1546 = CARTESIAN_POINT('',(9.626869833368,9.175715037335,0.));
#1547 = CARTESIAN_POINT('',(9.58284611247,9.153747804781,0.));
#1548 = CARTESIAN_POINT('',(9.540887597455,9.132147823525,0.));
#1549 = CARTESIAN_POINT('',(9.500977796052,9.11096343651,0.));
#1550 = CARTESIAN_POINT('',(9.463099328328,9.090242626277,0.));
#1551 = CARTESIAN_POINT('',(9.427233933192,9.070033000298,0.));
#1552 = CARTESIAN_POINT('',(9.393362475126,9.050381776427,0.));
#1553 = CARTESIAN_POINT('',(9.361464951148,9.031335768455,0.));
#1554 = CARTESIAN_POINT('',(9.331520497989,9.012941371775,0.));
#1555 = CARTESIAN_POINT('',(9.303507399511,8.995244549167,0.));
#1556 = CARTESIAN_POINT('',(9.277403094331,8.978290816707,0.));
#1557 = CARTESIAN_POINT('',(9.253184183683,8.96212522978,0.));
#1558 = CARTESIAN_POINT('',(9.230826439472,8.946792369249,0.));
#1559 = CARTESIAN_POINT('',(9.21030481263,8.93233632767,0.));
#1560 = CARTESIAN_POINT('',(9.191593441455,8.918800695864,0.));
#1561 = CARTESIAN_POINT('',(9.174665660934,8.906228548851,0.));
#1562 = CARTESIAN_POINT('',(9.15949400988,8.894662434365,0.));
#1563 = CARTESIAN_POINT('',(9.146050246108,8.884144353482,0.));
#1564 = CARTESIAN_POINT('',(9.134305337321,8.874715766539,0.));
#1565 = CARTESIAN_POINT('',(9.12422952876,8.866417520597,0.));
#1566 = CARTESIAN_POINT('',(9.115792180855,8.859290013403,0.));
#1567 = CARTESIAN_POINT('',(9.108962282462,8.853372664064,0.));
#1568 = CARTESIAN_POINT('',(9.103707090017,8.848705308246,0.));
#1569 = CARTESIAN_POINT('',(9.099995668317,8.845324561001,0.));
#1570 = CARTESIAN_POINT('',(9.097791108685,8.843271804695,0.));
#1571 = CARTESIAN_POINT('',(9.096823302916,8.842346825286,0.));
#1572 = CARTESIAN_POINT('',(9.096582136101,8.842114753857,0.));
#1573 = VECTOR('',#1574,1.);
#1574 = DIRECTION('',(-0.,-0.,-1.));
#1575 = ADVANCED_FACE('',(#1576),#1599,.F.);
#1576 = FACE_BOUND('',#1577,.F.);
#1577 = EDGE_LOOP('',(#1578,#1579,#1586,#1594));
#1578 = ORIENTED_EDGE('',*,*,#1467,.T.);
#1579 = ORIENTED_EDGE('',*,*,#1580,.T.);
#1580 = EDGE_CURVE('',#1416,#1581,#1583,.T.);
#1581 = VERTEX_POINT('',#1582);
#1582 = CARTESIAN_POINT('',(8.784048985598,8.538324391742,6.));
#1583 = B_SPLINE_CURVE_WITH_KNOTS('',1,(#1584,#1585),.UNSPECIFIED.,.F.,
  .F.,(2,2),(0.,0.43585038061),.PIECEWISE_BEZIER_KNOTS.);
#1584 = CARTESIAN_POINT('',(9.096582136101,8.842114753857,6.));
#1585 = CARTESIAN_POINT('',(8.784048985598,8.538324391742,6.));
#1586 = ORIENTED_EDGE('',*,*,#1587,.F.);
#1587 = EDGE_CURVE('',#1588,#1581,#1590,.T.);
#1588 = VERTEX_POINT('',#1589);
#1589 = CARTESIAN_POINT('',(8.784048985598,8.538324391742,0.));
#1590 = LINE('',#1591,#1592);
#1591 = CARTESIAN_POINT('',(8.784048985598,8.538324391742,0.));
#1592 = VECTOR('',#1593,1.);
#1593 = DIRECTION('',(0.,0.,1.));
#1594 = ORIENTED_EDGE('',*,*,#1595,.F.);
#1595 = EDGE_CURVE('',#1468,#1588,#1596,.T.);
#1596 = B_SPLINE_CURVE_WITH_KNOTS('',1,(#1597,#1598),.UNSPECIFIED.,.F.,
  .F.,(2,2),(0.,0.43585038061),.PIECEWISE_BEZIER_KNOTS.);
#1597 = CARTESIAN_POINT('',(9.096582136101,8.842114753857,0.));
#1598 = CARTESIAN_POINT('',(8.784048985598,8.538324391742,0.));
#1599 = SURFACE_OF_LINEAR_EXTRUSION('',#1600,#1603);
#1600 = B_SPLINE_CURVE_WITH_KNOTS('',1,(#1601,#1602),.UNSPECIFIED.,.F.,
  .F.,(2,2),(0.,0.43585038061),.PIECEWISE_BEZIER_KNOTS.);
#1601 = CARTESIAN_POINT('',(9.096582136101,8.842114753857,0.));
#1602 = CARTESIAN_POINT('',(8.784048985598,8.538324391742,0.));
#1603 = VECTOR('',#1604,1.);
#1604 = DIRECTION('',(-0.,-0.,-1.));
#1605 = ADVANCED_FACE('',(#1606),#1629,.F.);
#1606 = FACE_BOUND('',#1607,.F.);
#1607 = EDGE_LOOP('',(#1608,#1609,#1616,#1624));
#1608 = ORIENTED_EDGE('',*,*,#1587,.T.);
#1609 = ORIENTED_EDGE('',*,*,#1610,.T.);
#1610 = EDGE_CURVE('',#1581,#1611,#1613,.T.);
#1611 = VERTEX_POINT('',#1612);
#1612 = CARTESIAN_POINT('',(8.013131872834,9.265647175917,6.));
#1613 = B_SPLINE_CURVE_WITH_KNOTS('',1,(#1614,#1615),.UNSPECIFIED.,.F.,
  .F.,(2,2),(0.,1.059863966333),.PIECEWISE_BEZIER_KNOTS.);
#1614 = CARTESIAN_POINT('',(8.784048985598,8.538324391742,6.));
#1615 = CARTESIAN_POINT('',(8.013131872834,9.265647175917,6.));
#1616 = ORIENTED_EDGE('',*,*,#1617,.F.);
#1617 = EDGE_CURVE('',#1618,#1611,#1620,.T.);
#1618 = VERTEX_POINT('',#1619);
#1619 = CARTESIAN_POINT('',(8.013131872834,9.265647175917,0.));
#1620 = LINE('',#1621,#1622);
#1621 = CARTESIAN_POINT('',(8.013131872834,9.265647175917,0.));
#1622 = VECTOR('',#1623,1.);
#1623 = DIRECTION('',(0.,0.,1.));
#1624 = ORIENTED_EDGE('',*,*,#1625,.F.);
#1625 = EDGE_CURVE('',#1588,#1618,#1626,.T.);
#1626 = B_SPLINE_CURVE_WITH_KNOTS('',1,(#1627,#1628),.UNSPECIFIED.,.F.,
  .F.,(2,2),(0.,1.059863966333),.PIECEWISE_BEZIER_KNOTS.);
#1627 = CARTESIAN_POINT('',(8.784048985598,8.538324391742,0.));
#1628 = CARTESIAN_POINT('',(8.013131872834,9.265647175917,0.));
#1629 = SURFACE_OF_LINEAR_EXTRUSION('',#1630,#1633);
#1630 = B_SPLINE_CURVE_WITH_KNOTS('',1,(#1631,#1632),.UNSPECIFIED.,.F.,
  .F.,(2,2),(0.,1.059863966333),.PIECEWISE_BEZIER_KNOTS.);
#1631 = CARTESIAN_POINT('',(8.784048985598,8.538324391742,0.));
#1632 = CARTESIAN_POINT('',(8.013131872834,9.265647175917,0.));
#1633 = VECTOR('',#1634,1.);
#1634 = DIRECTION('',(-0.,-0.,-1.));
#1635 = ADVANCED_FACE('',(#1636),#1659,.F.);
#1636 = FACE_BOUND('',#1637,.F.);
#1637 = EDGE_LOOP('',(#1638,#1639,#1646,#1654));
#1638 = ORIENTED_EDGE('',*,*,#1617,.T.);
#1639 = ORIENTED_EDGE('',*,*,#1640,.T.);
#1640 = EDGE_CURVE('',#1611,#1641,#1643,.T.);
#1641 = VERTEX_POINT('',#1642);
#1642 = CARTESIAN_POINT('',(8.298236083173,9.595315408424,6.));
#1643 = B_SPLINE_CURVE_WITH_KNOTS('',1,(#1644,#1645),.UNSPECIFIED.,.F.,
  .F.,(2,2),(0.,0.43585038061),.PIECEWISE_BEZIER_KNOTS.);
#1644 = CARTESIAN_POINT('',(8.013131872834,9.265647175917,6.));
#1645 = CARTESIAN_POINT('',(8.298236083173,9.595315408424,6.));
#1646 = ORIENTED_EDGE('',*,*,#1647,.F.);
#1647 = EDGE_CURVE('',#1648,#1641,#1650,.T.);
#1648 = VERTEX_POINT('',#1649);
#1649 = CARTESIAN_POINT('',(8.298236083173,9.595315408424,0.));
#1650 = LINE('',#1651,#1652);
#1651 = CARTESIAN_POINT('',(8.298236083173,9.595315408424,0.));
#1652 = VECTOR('',#1653,1.);
#1653 = DIRECTION('',(0.,0.,1.));
#1654 = ORIENTED_EDGE('',*,*,#1655,.F.);
#1655 = EDGE_CURVE('',#1618,#1648,#1656,.T.);
#1656 = B_SPLINE_CURVE_WITH_KNOTS('',1,(#1657,#1658),.UNSPECIFIED.,.F.,
  .F.,(2,2),(0.,0.43585038061),.PIECEWISE_BEZIER_KNOTS.);
#1657 = CARTESIAN_POINT('',(8.013131872834,9.265647175917,0.));
#1658 = CARTESIAN_POINT('',(8.298236083173,9.595315408424,0.));
#1659 = SURFACE_OF_LINEAR_EXTRUSION('',#1660,#1663);
#1660 = B_SPLINE_CURVE_WITH_KNOTS('',1,(#1661,#1662),.UNSPECIFIED.,.F.,
  .F.,(2,2),(0.,0.43585038061),.PIECEWISE_BEZIER_KNOTS.);
#1661 = CARTESIAN_POINT('',(8.013131872834,9.265647175917,0.));
#1662 = CARTESIAN_POINT('',(8.298236083173,9.595315408424,0.));
#1663 = VECTOR('',#1664,1.);
#1664 = DIRECTION('',(-0.,-0.,-1.));
#1665 = ADVANCED_FACE('',(#1666),#1779,.F.);
#1666 = FACE_BOUND('',#1667,.F.);
#1667 = EDGE_LOOP('',(#1668,#1669,#1721,#1729));
#1668 = ORIENTED_EDGE('',*,*,#1647,.T.);
#1669 = ORIENTED_EDGE('',*,*,#1670,.T.);
#1670 = EDGE_CURVE('',#1641,#1671,#1673,.T.);
#1671 = VERTEX_POINT('',#1672);
#1672 = CARTESIAN_POINT('',(8.94782863528,11.409923869758,6.));
#1673 = B_SPLINE_CURVE_WITH_KNOTS('',3,(#1674,#1675,#1676,#1677,#1678,
    #1679,#1680,#1681,#1682,#1683,#1684,#1685,#1686,#1687,#1688,#1689,
    #1690,#1691,#1692,#1693,#1694,#1695,#1696,#1697,#1698,#1699,#1700,
    #1701,#1702,#1703,#1704,#1705,#1706,#1707,#1708,#1709,#1710,#1711,
    #1712,#1713,#1714,#1715,#1716,#1717,#1718,#1719,#1720),
  .UNSPECIFIED.,.F.,.F.,(4,1,1,1,1,1,1,1,1,1,1,1,1,1,1,1,1,1,1,1,1,1,1,1
    ,1,1,1,1,1,1,1,1,1,1,1,1,1,1,1,1,1,1,1,1,4),(0.,1.004058879412E-03,
    4.016229631009E-03,9.036513432115E-03,1.606491045092E-02,
    2.510142074349E-02,3.614604433531E-02,4.91987812401E-02,
    6.425963146609E-02,8.132859501861E-02,0.100405671901,0.121490862117,
    0.144584165667,0.169685582553,0.196795112777,0.225912756339,
    0.25703851324,0.29017238348,0.32531436706,0.362464463981,
    0.401622674242,0.442788997845,0.485963434789,0.531145985075,
    0.578336648702,0.627535425671,0.678742315982,0.731957319636,
    0.787180436632,0.84441166697,0.903651010651,0.964898467674,
    1.02815403804,1.093417721749,1.160689518801,1.229969429195,
    1.301257452933,1.374553590013,1.449857840437,1.527170204204,
    1.606490681313,1.687819271766,1.771155975562,1.856500792702,
    1.943853723184),.UNSPECIFIED.);
#1674 = CARTESIAN_POINT('',(8.298236083173,9.595315408424,6.));
#1675 = CARTESIAN_POINT('',(8.298453739371,9.595569660977,6.));
#1676 = CARTESIAN_POINT('',(8.29932088096,9.596589612141,6.));
#1677 = CARTESIAN_POINT('',(8.301241980585,9.598909799171,6.));
#1678 = CARTESIAN_POINT('',(8.30440120816,9.602811514703,6.));
#1679 = CARTESIAN_POINT('',(8.308755105286,9.6083291988,6.));
#1680 = CARTESIAN_POINT('',(8.314265320132,9.615491605351,6.));
#1681 = CARTESIAN_POINT('',(8.320890180562,9.624329106284,6.));
#1682 = CARTESIAN_POINT('',(8.328588531019,9.634870368263,6.));
#1683 = CARTESIAN_POINT('',(8.337318260574,9.647143630097,6.));
#1684 = CARTESIAN_POINT('',(8.347036861185,9.661176221162,6.));
#1685 = CARTESIAN_POINT('',(8.357701254581,9.676994713932,6.));
#1686 = CARTESIAN_POINT('',(8.369267868609,9.694624860665,6.));
#1687 = CARTESIAN_POINT('',(8.381692630792,9.714091602157,6.));
#1688 = CARTESIAN_POINT('',(8.394930988555,9.735419053719,6.));
#1689 = CARTESIAN_POINT('',(8.408937921101,9.758630498717,6.));
#1690 = CARTESIAN_POINT('',(8.423667953997,9.783748380088,6.));
#1691 = CARTESIAN_POINT('',(8.439075173067,9.810794292788,6.));
#1692 = CARTESIAN_POINT('',(8.455113238633,9.83978897626,6.));
#1693 = CARTESIAN_POINT('',(8.4717353998,9.870752307191,6.));
#1694 = CARTESIAN_POINT('',(8.488894508867,9.903703292483,6.));
#1695 = CARTESIAN_POINT('',(8.506543035843,9.938660062452,6.));
#1696 = CARTESIAN_POINT('',(8.524633083069,9.975639864261,6.));
#1697 = CARTESIAN_POINT('',(8.543116399946,10.014659055578,6.));
#1698 = CARTESIAN_POINT('',(8.561944397756,10.055733098473,6.));
#1699 = CARTESIAN_POINT('',(8.581068164585,10.098876553535,6.));
#1700 = CARTESIAN_POINT('',(8.60043848034,10.144103074244,6.));
#1701 = CARTESIAN_POINT('',(8.620005831848,10.191425401553,6.));
#1702 = CARTESIAN_POINT('',(8.639720428054,10.240855358732,6.));
#1703 = CARTESIAN_POINT('',(8.659532215288,10.292403846431,6.));
#1704 = CARTESIAN_POINT('',(8.679390892623,10.346080837994,6.));
#1705 = CARTESIAN_POINT('',(8.6992459273,10.401895375005,6.));
#1706 = CARTESIAN_POINT('',(8.719046570233,10.459855563086,6.));
#1707 = CARTESIAN_POINT('',(8.738741871572,10.519968567928,6.));
#1708 = CARTESIAN_POINT('',(8.758280696346,10.582240611571,6.));
#1709 = CARTESIAN_POINT('',(8.77761174015,10.646676968929,6.));
#1710 = CARTESIAN_POINT('',(8.796683544904,10.713281964555,6.));
#1711 = CARTESIAN_POINT('',(8.81544451465,10.782058969671,6.));
#1712 = CARTESIAN_POINT('',(8.833842931454,10.853010399384,6.));
#1713 = CARTESIAN_POINT('',(8.851826971116,10.926137710373,6.));
#1714 = CARTESIAN_POINT('',(8.869344719882,11.001441397984,6.));
#1715 = CARTESIAN_POINT('',(8.886344187447,11.078920996816,6.));
#1716 = CARTESIAN_POINT('',(8.902773334546,11.158575068993,6.));
#1717 = CARTESIAN_POINT('',(8.918580044169,11.240401241382,6.));
#1718 = CARTESIAN_POINT('',(8.933712311197,11.324396054537,6.));
#1719 = CARTESIAN_POINT('',(8.943205443343,11.381175486293,6.));
#1720 = CARTESIAN_POINT('',(8.94782863528,11.409923869758,6.));
#1721 = ORIENTED_EDGE('',*,*,#1722,.F.);
#1722 = EDGE_CURVE('',#1723,#1671,#1725,.T.);
#1723 = VERTEX_POINT('',#1724);
#1724 = CARTESIAN_POINT('',(8.94782863528,11.409923869758,0.));
#1725 = LINE('',#1726,#1727);
#1726 = CARTESIAN_POINT('',(8.94782863528,11.409923869758,0.));
#1727 = VECTOR('',#1728,1.);
#1728 = DIRECTION('',(0.,0.,1.));
#1729 = ORIENTED_EDGE('',*,*,#1730,.F.);
#1730 = EDGE_CURVE('',#1648,#1723,#1731,.T.);
#1731 = B_SPLINE_CURVE_WITH_KNOTS('',3,(#1732,#1733,#1734,#1735,#1736,
    #1737,#1738,#1739,#1740,#1741,#1742,#1743,#1744,#1745,#1746,#1747,
    #1748,#1749,#1750,#1751,#1752,#1753,#1754,#1755,#1756,#1757,#1758,
    #1759,#1760,#1761,#1762,#1763,#1764,#1765,#1766,#1767,#1768,#1769,
    #1770,#1771,#1772,#1773,#1774,#1775,#1776,#1777,#1778),
  .UNSPECIFIED.,.F.,.F.,(4,1,1,1,1,1,1,1,1,1,1,1,1,1,1,1,1,1,1,1,1,1,1,1
    ,1,1,1,1,1,1,1,1,1,1,1,1,1,1,1,1,1,1,1,1,4),(0.,1.004058879412E-03,
    4.016229631009E-03,9.036513432115E-03,1.606491045092E-02,
    2.510142074349E-02,3.614604433531E-02,4.91987812401E-02,
    6.425963146609E-02,8.132859501861E-02,0.100405671901,0.121490862117,
    0.144584165667,0.169685582553,0.196795112777,0.225912756339,
    0.25703851324,0.29017238348,0.32531436706,0.362464463981,
    0.401622674242,0.442788997845,0.485963434789,0.531145985075,
    0.578336648702,0.627535425671,0.678742315982,0.731957319636,
    0.787180436632,0.84441166697,0.903651010651,0.964898467674,
    1.02815403804,1.093417721749,1.160689518801,1.229969429195,
    1.301257452933,1.374553590013,1.449857840437,1.527170204204,
    1.606490681313,1.687819271766,1.771155975562,1.856500792702,
    1.943853723184),.UNSPECIFIED.);
#1732 = CARTESIAN_POINT('',(8.298236083173,9.595315408424,0.));
#1733 = CARTESIAN_POINT('',(8.298453739371,9.595569660977,0.));
#1734 = CARTESIAN_POINT('',(8.29932088096,9.596589612141,0.));
#1735 = CARTESIAN_POINT('',(8.301241980585,9.598909799171,0.));
#1736 = CARTESIAN_POINT('',(8.30440120816,9.602811514703,0.));
#1737 = CARTESIAN_POINT('',(8.308755105286,9.6083291988,0.));
#1738 = CARTESIAN_POINT('',(8.314265320132,9.615491605351,0.));
#1739 = CARTESIAN_POINT('',(8.320890180562,9.624329106284,0.));
#1740 = CARTESIAN_POINT('',(8.328588531019,9.634870368263,0.));
#1741 = CARTESIAN_POINT('',(8.337318260574,9.647143630097,0.));
#1742 = CARTESIAN_POINT('',(8.347036861185,9.661176221162,0.));
#1743 = CARTESIAN_POINT('',(8.357701254581,9.676994713932,0.));
#1744 = CARTESIAN_POINT('',(8.369267868609,9.694624860665,0.));
#1745 = CARTESIAN_POINT('',(8.381692630792,9.714091602157,0.));
#1746 = CARTESIAN_POINT('',(8.394930988555,9.735419053719,0.));
#1747 = CARTESIAN_POINT('',(8.408937921101,9.758630498717,0.));
#1748 = CARTESIAN_POINT('',(8.423667953997,9.783748380088,0.));
#1749 = CARTESIAN_POINT('',(8.439075173067,9.810794292788,0.));
#1750 = CARTESIAN_POINT('',(8.455113238633,9.83978897626,0.));
#1751 = CARTESIAN_POINT('',(8.4717353998,9.870752307191,0.));
#1752 = CARTESIAN_POINT('',(8.488894508867,9.903703292483,0.));
#1753 = CARTESIAN_POINT('',(8.506543035843,9.938660062452,0.));
#1754 = CARTESIAN_POINT('',(8.524633083069,9.975639864261,0.));
#1755 = CARTESIAN_POINT('',(8.543116399946,10.014659055578,0.));
#1756 = CARTESIAN_POINT('',(8.561944397756,10.055733098473,0.));
#1757 = CARTESIAN_POINT('',(8.581068164585,10.098876553535,0.));
#1758 = CARTESIAN_POINT('',(8.60043848034,10.144103074244,0.));
#1759 = CARTESIAN_POINT('',(8.620005831848,10.191425401553,0.));
#1760 = CARTESIAN_POINT('',(8.639720428054,10.240855358732,0.));
#1761 = CARTESIAN_POINT('',(8.659532215288,10.292403846431,0.));
#1762 = CARTESIAN_POINT('',(8.679390892623,10.346080837994,0.));
#1763 = CARTESIAN_POINT('',(8.6992459273,10.401895375005,0.));
#1764 = CARTESIAN_POINT('',(8.719046570233,10.459855563086,0.));
#1765 = CARTESIAN_POINT('',(8.738741871572,10.519968567928,0.));
#1766 = CARTESIAN_POINT('',(8.758280696346,10.582240611571,0.));
#1767 = CARTESIAN_POINT('',(8.77761174015,10.646676968929,0.));
#1768 = CARTESIAN_POINT('',(8.796683544904,10.713281964555,0.));
#1769 = CARTESIAN_POINT('',(8.81544451465,10.782058969671,0.));
#1770 = CARTESIAN_POINT('',(8.833842931454,10.853010399384,0.));
#1771 = CARTESIAN_POINT('',(8.851826971116,10.926137710373,0.));
#1772 = CARTESIAN_POINT('',(8.869344719882,11.001441397984,0.));
#1773 = CARTESIAN_POINT('',(8.886344187447,11.078920996816,0.));
#1774 = CARTESIAN_POINT('',(8.902773334546,11.158575068993,0.));
#1775 = CARTESIAN_POINT('',(8.918580044169,11.240401241382,0.));
#1776 = CARTESIAN_POINT('',(8.933712311197,11.324396054537,0.));
#1777 = CARTESIAN_POINT('',(8.943205443343,11.381175486293,0.));
#1778 = CARTESIAN_POINT('',(8.94782863528,11.409923869758,0.));
#1779 = SURFACE_OF_LINEAR_EXTRUSION('',#1780,#1828);
#1780 = B_SPLINE_CURVE_WITH_KNOTS('',3,(#1781,#1782,#1783,#1784,#1785,
    #1786,#1787,#1788,#1789,#1790,#1791,#1792,#1793,#1794,#1795,#1796,
    #1797,#1798,#1799,#1800,#1801,#1802,#1803,#1804,#1805,#1806,#1807,
    #1808,#1809,#1810,#1811,#1812,#1813,#1814,#1815,#1816,#1817,#1818,
    #1819,#1820,#1821,#1822,#1823,#1824,#1825,#1826,#1827),
  .UNSPECIFIED.,.F.,.F.,(4,1,1,1,1,1,1,1,1,1,1,1,1,1,1,1,1,1,1,1,1,1,1,1
    ,1,1,1,1,1,1,1,1,1,1,1,1,1,1,1,1,1,1,1,1,4),(0.,1.004058879412E-03,
    4.016229631009E-03,9.036513432115E-03,1.606491045092E-02,
    2.510142074349E-02,3.614604433531E-02,4.91987812401E-02,
    6.425963146609E-02,8.132859501861E-02,0.100405671901,0.121490862117,
    0.144584165667,0.169685582553,0.196795112777,0.225912756339,
    0.25703851324,0.29017238348,0.32531436706,0.362464463981,
    0.401622674242,0.442788997845,0.485963434789,0.531145985075,
    0.578336648702,0.627535425671,0.678742315982,0.731957319636,
    0.787180436632,0.84441166697,0.903651010651,0.964898467674,
    1.02815403804,1.093417721749,1.160689518801,1.229969429195,
    1.301257452933,1.374553590013,1.449857840437,1.527170204204,
    1.606490681313,1.687819271766,1.771155975562,1.856500792702,
    1.943853723184),.UNSPECIFIED.);
#1781 = CARTESIAN_POINT('',(8.298236083173,9.595315408424,0.));
#1782 = CARTESIAN_POINT('',(8.298453739371,9.595569660977,0.));
#1783 = CARTESIAN_POINT('',(8.29932088096,9.596589612141,0.));
#1784 = CARTESIAN_POINT('',(8.301241980585,9.598909799171,0.));
#1785 = CARTESIAN_POINT('',(8.30440120816,9.602811514703,0.));
#1786 = CARTESIAN_POINT('',(8.308755105286,9.6083291988,0.));
#1787 = CARTESIAN_POINT('',(8.314265320132,9.615491605351,0.));
#1788 = CARTESIAN_POINT('',(8.320890180562,9.624329106284,0.));
#1789 = CARTESIAN_POINT('',(8.328588531019,9.634870368263,0.));
#1790 = CARTESIAN_POINT('',(8.337318260574,9.647143630097,0.));
#1791 = CARTESIAN_POINT('',(8.347036861185,9.661176221162,0.));
#1792 = CARTESIAN_POINT('',(8.357701254581,9.676994713932,0.));
#1793 = CARTESIAN_POINT('',(8.369267868609,9.694624860665,0.));
#1794 = CARTESIAN_POINT('',(8.381692630792,9.714091602157,0.));
#1795 = CARTESIAN_POINT('',(8.394930988555,9.735419053719,0.));
#1796 = CARTESIAN_POINT('',(8.408937921101,9.758630498717,0.));
#1797 = CARTESIAN_POINT('',(8.423667953997,9.783748380088,0.));
#1798 = CARTESIAN_POINT('',(8.439075173067,9.810794292788,0.));
#1799 = CARTESIAN_POINT('',(8.455113238633,9.83978897626,0.));
#1800 = CARTESIAN_POINT('',(8.4717353998,9.870752307191,0.));
#1801 = CARTESIAN_POINT('',(8.488894508867,9.903703292483,0.));
#1802 = CARTESIAN_POINT('',(8.506543035843,9.938660062452,0.));
#1803 = CARTESIAN_POINT('',(8.524633083069,9.975639864261,0.));
#1804 = CARTESIAN_POINT('',(8.543116399946,10.014659055578,0.));
#1805 = CARTESIAN_POINT('',(8.561944397756,10.055733098473,0.));
#1806 = CARTESIAN_POINT('',(8.581068164585,10.098876553535,0.));
#1807 = CARTESIAN_POINT('',(8.60043848034,10.144103074244,0.));
#1808 = CARTESIAN_POINT('',(8.620005831848,10.191425401553,0.));
#1809 = CARTESIAN_POINT('',(8.639720428054,10.240855358732,0.));
#1810 = CARTESIAN_POINT('',(8.659532215288,10.292403846431,0.));
#1811 = CARTESIAN_POINT('',(8.679390892623,10.346080837994,0.));
#1812 = CARTESIAN_POINT('',(8.6992459273,10.401895375005,0.));
#1813 = CARTESIAN_POINT('',(8.719046570233,10.459855563086,0.));
#1814 = CARTESIAN_POINT('',(8.738741871572,10.519968567928,0.));
#1815 = CARTESIAN_POINT('',(8.758280696346,10.582240611571,0.));
#1816 = CARTESIAN_POINT('',(8.77761174015,10.646676968929,0.));
#1817 = CARTESIAN_POINT('',(8.796683544904,10.713281964555,0.));
#1818 = CARTESIAN_POINT('',(8.81544451465,10.782058969671,0.));
#1819 = CARTESIAN_POINT('',(8.833842931454,10.853010399384,0.));
#1820 = CARTESIAN_POINT('',(8.851826971116,10.926137710373,0.));
#1821 = CARTESIAN_POINT('',(8.869344719882,11.001441397984,0.));
#1822 = CARTESIAN_POINT('',(8.886344187447,11.078920996816,0.));
#1823 = CARTESIAN_POINT('',(8.902773334546,11.158575068993,0.));
#1824 = CARTESIAN_POINT('',(8.918580044169,11.240401241382,0.));
#1825 = CARTESIAN_POINT('',(8.933712311197,11.324396054537,0.));
#1826 = CARTESIAN_POINT('',(8.943205443343,11.381175486293,0.));
#1827 = CARTESIAN_POINT('',(8.94782863528,11.409923869758,0.));
#1828 = VECTOR('',#1829,1.);
#1829 = DIRECTION('',(-0.,-0.,-1.));
#1830 = ADVANCED_FACE('',(#1831),#1854,.F.);
#1831 = FACE_BOUND('',#1832,.F.);
#1832 = EDGE_LOOP('',(#1833,#1834,#1841,#1849));
#1833 = ORIENTED_EDGE('',*,*,#1722,.T.);
#1834 = ORIENTED_EDGE('',*,*,#1835,.T.);
#1835 = EDGE_CURVE('',#1671,#1836,#1838,.T.);
#1836 = VERTEX_POINT('',#1837);
#1837 = CARTESIAN_POINT('',(8.364321225203,11.844329041428,6.));
#1838 = B_SPLINE_CURVE_WITH_KNOTS('',1,(#1839,#1840),.UNSPECIFIED.,.F.,
  .F.,(2,2),(0.,0.72745360731),.PIECEWISE_BEZIER_KNOTS.);
#1839 = CARTESIAN_POINT('',(8.94782863528,11.409923869758,6.));
#1840 = CARTESIAN_POINT('',(8.364321225203,11.844329041428,6.));
#1841 = ORIENTED_EDGE('',*,*,#1842,.F.);
#1842 = EDGE_CURVE('',#1843,#1836,#1845,.T.);
#1843 = VERTEX_POINT('',#1844);
#1844 = CARTESIAN_POINT('',(8.364321225203,11.844329041428,0.));
#1845 = LINE('',#1846,#1847);
#1846 = CARTESIAN_POINT('',(8.364321225203,11.844329041428,0.));
#1847 = VECTOR('',#1848,1.);
#1848 = DIRECTION('',(0.,0.,1.));
#1849 = ORIENTED_EDGE('',*,*,#1850,.F.);
#1850 = EDGE_CURVE('',#1723,#1843,#1851,.T.);
#1851 = B_SPLINE_CURVE_WITH_KNOTS('',1,(#1852,#1853),.UNSPECIFIED.,.F.,
  .F.,(2,2),(0.,0.72745360731),.PIECEWISE_BEZIER_KNOTS.);
#1852 = CARTESIAN_POINT('',(8.94782863528,11.409923869758,0.));
#1853 = CARTESIAN_POINT('',(8.364321225203,11.844329041428,0.));
#1854 = SURFACE_OF_LINEAR_EXTRUSION('',#1855,#1858);
#1855 = B_SPLINE_CURVE_WITH_KNOTS('',1,(#1856,#1857),.UNSPECIFIED.,.F.,
  .F.,(2,2),(0.,0.72745360731),.PIECEWISE_BEZIER_KNOTS.);
#1856 = CARTESIAN_POINT('',(8.94782863528,11.409923869758,0.));
#1857 = CARTESIAN_POINT('',(8.364321225203,11.844329041428,0.));
#1858 = VECTOR('',#1859,1.);
#1859 = DIRECTION('',(-0.,-0.,-1.));
#1860 = ADVANCED_FACE('',(#1861),#1974,.F.);
#1861 = FACE_BOUND('',#1862,.F.);
#1862 = EDGE_LOOP('',(#1863,#1864,#1916,#1924));
#1863 = ORIENTED_EDGE('',*,*,#1842,.T.);
#1864 = ORIENTED_EDGE('',*,*,#1865,.T.);
#1865 = EDGE_CURVE('',#1836,#1866,#1868,.T.);
#1866 = VERTEX_POINT('',#1867);
#1867 = CARTESIAN_POINT('',(6.812250594176,10.701590616416,6.));
#1868 = B_SPLINE_CURVE_WITH_KNOTS('',3,(#1869,#1870,#1871,#1872,#1873,
    #1874,#1875,#1876,#1877,#1878,#1879,#1880,#1881,#1882,#1883,#1884,
    #1885,#1886,#1887,#1888,#1889,#1890,#1891,#1892,#1893,#1894,#1895,
    #1896,#1897,#1898,#1899,#1900,#1901,#1902,#1903,#1904,#1905,#1906,
    #1907,#1908,#1909,#1910,#1911,#1912,#1913,#1914,#1915),
  .UNSPECIFIED.,.F.,.F.,(4,1,1,1,1,1,1,1,1,1,1,1,1,1,1,1,1,1,1,1,1,1,1,1
    ,1,1,1,1,1,1,1,1,1,1,1,1,1,1,1,1,1,1,1,1,4),(0.,8.735293048255E-02,
    0.172697747622,0.256034451418,0.337363041871,0.416683518981,
    0.493995882747,0.569300133171,0.642596270251,0.713884293989,
    0.783164204383,0.850436001435,0.915699685144,0.97895525551,
    1.040202712533,1.099442056214,1.156673286553,1.211896403548,
    1.265111407202,1.316318297513,1.365517074482,1.41270773811,
    1.457890288395,1.501064725339,1.542231048942,1.581389259203,
    1.618539356124,1.653681339704,1.686815209945,1.717940966845,
    1.747058610407,1.774168140631,1.799269557517,1.822362861067,
    1.843448051283,1.862525128166,1.879594091718,1.894654941944,
    1.907707678849,1.918752302441,1.927788812733,1.934817209752,
    1.939837493553,1.942849664305,1.943853723184),.UNSPECIFIED.);
#1869 = CARTESIAN_POINT('',(8.364321225203,11.844329041428,6.));
#1870 = CARTESIAN_POINT('',(8.338106521741,11.831654942726,6.));
#1871 = CARTESIAN_POINT('',(8.286435082591,11.806276097113,6.));
#1872 = CARTESIAN_POINT('',(8.210308915602,11.767689560058,6.));
#1873 = CARTESIAN_POINT('',(8.136453716038,11.729078887254,6.));
#1874 = CARTESIAN_POINT('',(8.064857882778,11.690494891237,6.));
#1875 = CARTESIAN_POINT('',(7.995508741931,11.651988180181,6.));
#1876 = CARTESIAN_POINT('',(7.928392745937,11.613609019542,6.));
#1877 = CARTESIAN_POINT('',(7.863495429658,11.575407348966,6.));
#1878 = CARTESIAN_POINT('',(7.800801429525,11.537432759217,6.));
#1879 = CARTESIAN_POINT('',(7.740294486708,11.499734479556,6.));
#1880 = CARTESIAN_POINT('',(7.681957454687,11.46236136256,6.));
#1881 = CARTESIAN_POINT('',(7.625772305981,11.42536186974,6.));
#1882 = CARTESIAN_POINT('',(7.571720139369,11.388784057099,6.));
#1883 = CARTESIAN_POINT('',(7.51978118727,11.352675560857,6.));
#1884 = CARTESIAN_POINT('',(7.469934823359,11.317083583281,6.));
#1885 = CARTESIAN_POINT('',(7.422159570399,11.282054878646,6.));
#1886 = CARTESIAN_POINT('',(7.376433108286,11.247635739329,6.));
#1887 = CARTESIAN_POINT('',(7.332732282319,11.213871982025,6.));
#1888 = CARTESIAN_POINT('',(7.291033111671,11.180808934108,6.));
#1889 = CARTESIAN_POINT('',(7.251310798078,11.148491420128,6.));
#1890 = CARTESIAN_POINT('',(7.213539734738,11.116963748441,6.));
#1891 = CARTESIAN_POINT('',(7.177693515411,11.086269698,6.));
#1892 = CARTESIAN_POINT('',(7.143744943728,11.056452505278,6.));
#1893 = CARTESIAN_POINT('',(7.111666042698,11.027554851349,6.));
#1894 = CARTESIAN_POINT('',(7.081428064422,10.999618849125,6.));
#1895 = CARTESIAN_POINT('',(7.053001499996,10.972686030742,6.));
#1896 = CARTESIAN_POINT('',(7.026356089617,10.946797335113,6.));
#1897 = CARTESIAN_POINT('',(7.001460832876,10.921993095637,6.));
#1898 = CARTESIAN_POINT('',(6.978283999248,10.898313028075,6.));
#1899 = CARTESIAN_POINT('',(6.956793138767,10.875796218599,6.));
#1900 = CARTESIAN_POINT('',(6.936955092894,10.854481111992,6.));
#1901 = CARTESIAN_POINT('',(6.918736005555,10.834405500052,6.));
#1902 = CARTESIAN_POINT('',(6.902101334436,10.815606510101,6.));
#1903 = CARTESIAN_POINT('',(6.887015862208,10.798120593846,6.));
#1904 = CARTESIAN_POINT('',(6.873443708832,10.781983515838,6.));
#1905 = CARTESIAN_POINT('',(6.861348341159,10.767230343947,6.));
#1906 = CARTESIAN_POINT('',(6.850692592161,10.753895434006,6.));
#1907 = CARTESIAN_POINT('',(6.841438650698,10.742012433478,6.));
#1908 = CARTESIAN_POINT('',(6.833548144074,10.731614226465,6.));
#1909 = CARTESIAN_POINT('',(6.826981942252,10.722733055816,6.));
#1910 = CARTESIAN_POINT('',(6.821700779324,10.715400126429,6.));
#1911 = CARTESIAN_POINT('',(6.817663607598,10.70964664901,6.));
#1912 = CARTESIAN_POINT('',(6.81483188172,10.705501117498,6.));
#1913 = CARTESIAN_POINT('',(6.813160144461,10.702995287064,6.));
#1914 = CARTESIAN_POINT('',(6.812431740954,10.701872049225,6.));
#1915 = CARTESIAN_POINT('',(6.812250594176,10.701590616416,6.));
#1916 = ORIENTED_EDGE('',*,*,#1917,.F.);
#1917 = EDGE_CURVE('',#1918,#1866,#1920,.T.);
#1918 = VERTEX_POINT('',#1919);
#1919 = CARTESIAN_POINT('',(6.812250594176,10.701590616416,0.));
#1920 = LINE('',#1921,#1922);
#1921 = CARTESIAN_POINT('',(6.812250594176,10.701590616416,0.));
#1922 = VECTOR('',#1923,1.);
#1923 = DIRECTION('',(0.,0.,1.));
#1924 = ORIENTED_EDGE('',*,*,#1925,.F.);
#1925 = EDGE_CURVE('',#1843,#1918,#1926,.T.);
#1926 = B_SPLINE_CURVE_WITH_KNOTS('',3,(#1927,#1928,#1929,#1930,#1931,
    #1932,#1933,#1934,#1935,#1936,#1937,#1938,#1939,#1940,#1941,#1942,
    #1943,#1944,#1945,#1946,#1947,#1948,#1949,#1950,#1951,#1952,#1953,
    #1954,#1955,#1956,#1957,#1958,#1959,#1960,#1961,#1962,#1963,#1964,
    #1965,#1966,#1967,#1968,#1969,#1970,#1971,#1972,#1973),
  .UNSPECIFIED.,.F.,.F.,(4,1,1,1,1,1,1,1,1,1,1,1,1,1,1,1,1,1,1,1,1,1,1,1
    ,1,1,1,1,1,1,1,1,1,1,1,1,1,1,1,1,1,1,1,1,4),(0.,8.735293048255E-02,
    0.172697747622,0.256034451418,0.337363041871,0.416683518981,
    0.493995882747,0.569300133171,0.642596270251,0.713884293989,
    0.783164204383,0.850436001435,0.915699685144,0.97895525551,
    1.040202712533,1.099442056214,1.156673286553,1.211896403548,
    1.265111407202,1.316318297513,1.365517074482,1.41270773811,
    1.457890288395,1.501064725339,1.542231048942,1.581389259203,
    1.618539356124,1.653681339704,1.686815209945,1.717940966845,
    1.747058610407,1.774168140631,1.799269557517,1.822362861067,
    1.843448051283,1.862525128166,1.879594091718,1.894654941944,
    1.907707678849,1.918752302441,1.927788812733,1.934817209752,
    1.939837493553,1.942849664305,1.943853723184),.UNSPECIFIED.);
#1927 = CARTESIAN_POINT('',(8.364321225203,11.844329041428,0.));
#1928 = CARTESIAN_POINT('',(8.338106521741,11.831654942726,0.));
#1929 = CARTESIAN_POINT('',(8.286435082591,11.806276097113,0.));
#1930 = CARTESIAN_POINT('',(8.210308915602,11.767689560058,0.));
#1931 = CARTESIAN_POINT('',(8.136453716038,11.729078887254,0.));
#1932 = CARTESIAN_POINT('',(8.064857882778,11.690494891237,0.));
#1933 = CARTESIAN_POINT('',(7.995508741931,11.651988180181,0.));
#1934 = CARTESIAN_POINT('',(7.928392745937,11.613609019542,0.));
#1935 = CARTESIAN_POINT('',(7.863495429658,11.575407348966,0.));
#1936 = CARTESIAN_POINT('',(7.800801429525,11.537432759217,0.));
#1937 = CARTESIAN_POINT('',(7.740294486708,11.499734479556,0.));
#1938 = CARTESIAN_POINT('',(7.681957454687,11.46236136256,0.));
#1939 = CARTESIAN_POINT('',(7.625772305981,11.42536186974,0.));
#1940 = CARTESIAN_POINT('',(7.571720139369,11.388784057099,0.));
#1941 = CARTESIAN_POINT('',(7.51978118727,11.352675560857,0.));
#1942 = CARTESIAN_POINT('',(7.469934823359,11.317083583281,0.));
#1943 = CARTESIAN_POINT('',(7.422159570399,11.282054878646,0.));
#1944 = CARTESIAN_POINT('',(7.376433108286,11.247635739329,0.));
#1945 = CARTESIAN_POINT('',(7.332732282319,11.213871982025,0.));
#1946 = CARTESIAN_POINT('',(7.291033111671,11.180808934108,0.));
#1947 = CARTESIAN_POINT('',(7.251310798078,11.148491420128,0.));
#1948 = CARTESIAN_POINT('',(7.213539734738,11.116963748441,0.));
#1949 = CARTESIAN_POINT('',(7.177693515411,11.086269698,0.));
#1950 = CARTESIAN_POINT('',(7.143744943728,11.056452505278,0.));
#1951 = CARTESIAN_POINT('',(7.111666042698,11.027554851349,0.));
#1952 = CARTESIAN_POINT('',(7.081428064422,10.999618849125,0.));
#1953 = CARTESIAN_POINT('',(7.053001499996,10.972686030742,0.));
#1954 = CARTESIAN_POINT('',(7.026356089617,10.946797335113,0.));
#1955 = CARTESIAN_POINT('',(7.001460832876,10.921993095637,0.));
#1956 = CARTESIAN_POINT('',(6.978283999248,10.898313028075,0.));
#1957 = CARTESIAN_POINT('',(6.956793138767,10.875796218599,0.));
#1958 = CARTESIAN_POINT('',(6.936955092894,10.854481111992,0.));
#1959 = CARTESIAN_POINT('',(6.918736005555,10.834405500052,0.));
#1960 = CARTESIAN_POINT('',(6.902101334436,10.815606510101,0.));
#1961 = CARTESIAN_POINT('',(6.887015862208,10.798120593846,0.));
#1962 = CARTESIAN_POINT('',(6.873443708832,10.781983515838,0.));
#1963 = CARTESIAN_POINT('',(6.861348341159,10.767230343947,0.));
#1964 = CARTESIAN_POINT('',(6.850692592161,10.753895434006,0.));
#1965 = CARTESIAN_POINT('',(6.841438650698,10.742012433478,0.));
#1966 = CARTESIAN_POINT('',(6.833548144074,10.731614226465,0.));
#1967 = CARTESIAN_POINT('',(6.826981942252,10.722733055816,0.));
#1968 = CARTESIAN_POINT('',(6.821700779324,10.715400126429,0.));
#1969 = CARTESIAN_POINT('',(6.817663607598,10.70964664901,0.));
#1970 = CARTESIAN_POINT('',(6.81483188172,10.705501117498,0.));
#1971 = CARTESIAN_POINT('',(6.813160144461,10.702995287064,0.));
#1972 = CARTESIAN_POINT('',(6.812431740954,10.701872049225,0.));
#1973 = CARTESIAN_POINT('',(6.812250594176,10.701590616416,0.));
#1974 = SURFACE_OF_LINEAR_EXTRUSION('',#1975,#2023);
#1975 = B_SPLINE_CURVE_WITH_KNOTS('',3,(#1976,#1977,#1978,#1979,#1980,
    #1981,#1982,#1983,#1984,#1985,#1986,#1987,#1988,#1989,#1990,#1991,
    #1992,#1993,#1994,#1995,#1996,#1997,#1998,#1999,#2000,#2001,#2002,
    #2003,#2004,#2005,#2006,#2007,#2008,#2009,#2010,#2011,#2012,#2013,
    #2014,#2015,#2016,#2017,#2018,#2019,#2020,#2021,#2022),
  .UNSPECIFIED.,.F.,.F.,(4,1,1,1,1,1,1,1,1,1,1,1,1,1,1,1,1,1,1,1,1,1,1,1
    ,1,1,1,1,1,1,1,1,1,1,1,1,1,1,1,1,1,1,1,1,4),(0.,8.735293048255E-02,
    0.172697747622,0.256034451418,0.337363041871,0.416683518981,
    0.493995882747,0.569300133171,0.642596270251,0.713884293989,
    0.783164204383,0.850436001435,0.915699685144,0.97895525551,
    1.040202712533,1.099442056214,1.156673286553,1.211896403548,
    1.265111407202,1.316318297513,1.365517074482,1.41270773811,
    1.457890288395,1.501064725339,1.542231048942,1.581389259203,
    1.618539356124,1.653681339704,1.686815209945,1.717940966845,
    1.747058610407,1.774168140631,1.799269557517,1.822362861067,
    1.843448051283,1.862525128166,1.879594091718,1.894654941944,
    1.907707678849,1.918752302441,1.927788812733,1.934817209752,
    1.939837493553,1.942849664305,1.943853723184),.UNSPECIFIED.);
#1976 = CARTESIAN_POINT('',(8.364321225203,11.844329041428,0.));
#1977 = CARTESIAN_POINT('',(8.338106521741,11.831654942726,0.));
#1978 = CARTESIAN_POINT('',(8.286435082591,11.806276097113,0.));
#1979 = CARTESIAN_POINT('',(8.210308915602,11.767689560058,0.));
#1980 = CARTESIAN_POINT('',(8.136453716038,11.729078887254,0.));
#1981 = CARTESIAN_POINT('',(8.064857882778,11.690494891237,0.));
#1982 = CARTESIAN_POINT('',(7.995508741931,11.651988180181,0.));
#1983 = CARTESIAN_POINT('',(7.928392745937,11.613609019542,0.));
#1984 = CARTESIAN_POINT('',(7.863495429658,11.575407348966,0.));
#1985 = CARTESIAN_POINT('',(7.800801429525,11.537432759217,0.));
#1986 = CARTESIAN_POINT('',(7.740294486708,11.499734479556,0.));
#1987 = CARTESIAN_POINT('',(7.681957454687,11.46236136256,0.));
#1988 = CARTESIAN_POINT('',(7.625772305981,11.42536186974,0.));
#1989 = CARTESIAN_POINT('',(7.571720139369,11.388784057099,0.));
#1990 = CARTESIAN_POINT('',(7.51978118727,11.352675560857,0.));
#1991 = CARTESIAN_POINT('',(7.469934823359,11.317083583281,0.));
#1992 = CARTESIAN_POINT('',(7.422159570399,11.282054878646,0.));
#1993 = CARTESIAN_POINT('',(7.376433108286,11.247635739329,0.));
#1994 = CARTESIAN_POINT('',(7.332732282319,11.213871982025,0.));
#1995 = CARTESIAN_POINT('',(7.291033111671,11.180808934108,0.));
#1996 = CARTESIAN_POINT('',(7.251310798078,11.148491420128,0.));
#1997 = CARTESIAN_POINT('',(7.213539734738,11.116963748441,0.));
#1998 = CARTESIAN_POINT('',(7.177693515411,11.086269698,0.));
#1999 = CARTESIAN_POINT('',(7.143744943728,11.056452505278,0.));
#2000 = CARTESIAN_POINT('',(7.111666042698,11.027554851349,0.));
#2001 = CARTESIAN_POINT('',(7.081428064422,10.999618849125,0.));
#2002 = CARTESIAN_POINT('',(7.053001499996,10.972686030742,0.));
#2003 = CARTESIAN_POINT('',(7.026356089617,10.946797335113,0.));
#2004 = CARTESIAN_POINT('',(7.001460832876,10.921993095637,0.));
#2005 = CARTESIAN_POINT('',(6.978283999248,10.898313028075,0.));
#2006 = CARTESIAN_POINT('',(6.956793138767,10.875796218599,0.));
#2007 = CARTESIAN_POINT('',(6.936955092894,10.854481111992,0.));
#2008 = CARTESIAN_POINT('',(6.918736005555,10.834405500052,0.));
#2009 = CARTESIAN_POINT('',(6.902101334436,10.815606510101,0.));
#2010 = CARTESIAN_POINT('',(6.887015862208,10.798120593846,0.));
#2011 = CARTESIAN_POINT('',(6.873443708832,10.781983515838,0.));
#2012 = CARTESIAN_POINT('',(6.861348341159,10.767230343947,0.));
#2013 = CARTESIAN_POINT('',(6.850692592161,10.753895434006,0.));
#2014 = CARTESIAN_POINT('',(6.841438650698,10.742012433478,0.));
#2015 = CARTESIAN_POINT('',(6.833548144074,10.731614226465,0.));
#2016 = CARTESIAN_POINT('',(6.826981942252,10.722733055816,0.));
#2017 = CARTESIAN_POINT('',(6.821700779324,10.715400126429,0.));
#2018 = CARTESIAN_POINT('',(6.817663607598,10.70964664901,0.));
#2019 = CARTESIAN_POINT('',(6.81483188172,10.705501117498,0.));
#2020 = CARTESIAN_POINT('',(6.813160144461,10.702995287064,0.));
#2021 = CARTESIAN_POINT('',(6.812431740954,10.701872049225,0.));
#2022 = CARTESIAN_POINT('',(6.812250594176,10.701590616416,0.));
#2023 = VECTOR('',#2024,1.);
#2024 = DIRECTION('',(-0.,-0.,-1.));
#2025 = ADVANCED_FACE('',(#2026),#2049,.F.);
#2026 = FACE_BOUND('',#2027,.F.);
#2027 = EDGE_LOOP('',(#2028,#2029,#2036,#2044));
#2028 = ORIENTED_EDGE('',*,*,#1917,.T.);
#2029 = ORIENTED_EDGE('',*,*,#2030,.T.);
#2030 = EDGE_CURVE('',#1866,#2031,#2033,.T.);
#2031 = VERTEX_POINT('',#2032);
#2032 = CARTESIAN_POINT('',(6.578200694075,10.333913858189,6.));
#2033 = B_SPLINE_CURVE_WITH_KNOTS('',1,(#2034,#2035),.UNSPECIFIED.,.F.,
  .F.,(2,2),(0.,0.43585038061),.PIECEWISE_BEZIER_KNOTS.);
#2034 = CARTESIAN_POINT('',(6.812250594176,10.701590616416,6.));
#2035 = CARTESIAN_POINT('',(6.578200694075,10.333913858189,6.));
#2036 = ORIENTED_EDGE('',*,*,#2037,.F.);
#2037 = EDGE_CURVE('',#2038,#2031,#2040,.T.);
#2038 = VERTEX_POINT('',#2039);
#2039 = CARTESIAN_POINT('',(6.578200694075,10.333913858189,0.));
#2040 = LINE('',#2041,#2042);
#2041 = CARTESIAN_POINT('',(6.578200694075,10.333913858189,0.));
#2042 = VECTOR('',#2043,1.);
#2043 = DIRECTION('',(0.,0.,1.));
#2044 = ORIENTED_EDGE('',*,*,#2045,.F.);
#2045 = EDGE_CURVE('',#1918,#2038,#2046,.T.);
#2046 = B_SPLINE_CURVE_WITH_KNOTS('',1,(#2047,#2048),.UNSPECIFIED.,.F.,
  .F.,(2,2),(0.,0.43585038061),.PIECEWISE_BEZIER_KNOTS.);
#2047 = CARTESIAN_POINT('',(6.812250594176,10.701590616416,0.));
#2048 = CARTESIAN_POINT('',(6.578200694075,10.333913858189,0.));
#2049 = SURFACE_OF_LINEAR_EXTRUSION('',#2050,#2053);
#2050 = B_SPLINE_CURVE_WITH_KNOTS('',1,(#2051,#2052),.UNSPECIFIED.,.F.,
  .F.,(2,2),(0.,0.43585038061),.PIECEWISE_BEZIER_KNOTS.);
#2051 = CARTESIAN_POINT('',(6.812250594176,10.701590616416,0.));
#2052 = CARTESIAN_POINT('',(6.578200694075,10.333913858189,0.));
#2053 = VECTOR('',#2054,1.);
#2054 = DIRECTION('',(-0.,-0.,-1.));
#2055 = ADVANCED_FACE('',(#2056),#2079,.F.);
#2056 = FACE_BOUND('',#2057,.F.);
#2057 = EDGE_LOOP('',(#2058,#2059,#2066,#2074));
#2058 = ORIENTED_EDGE('',*,*,#2037,.T.);
#2059 = ORIENTED_EDGE('',*,*,#2060,.T.);
#2060 = EDGE_CURVE('',#2031,#2061,#2063,.T.);
#2061 = VERTEX_POINT('',#2062);
#2062 = CARTESIAN_POINT('',(5.660331574675,10.863845841356,6.));
#2063 = B_SPLINE_CURVE_WITH_KNOTS('',1,(#2064,#2065),.UNSPECIFIED.,.F.,
  .F.,(2,2),(0.,1.059863966333),.PIECEWISE_BEZIER_KNOTS.);
#2064 = CARTESIAN_POINT('',(6.578200694075,10.333913858189,6.));
#2065 = CARTESIAN_POINT('',(5.660331574675,10.863845841356,6.));
#2066 = ORIENTED_EDGE('',*,*,#2067,.F.);
#2067 = EDGE_CURVE('',#2068,#2061,#2070,.T.);
#2068 = VERTEX_POINT('',#2069);
#2069 = CARTESIAN_POINT('',(5.660331574675,10.863845841356,0.));
#2070 = LINE('',#2071,#2072);
#2071 = CARTESIAN_POINT('',(5.660331574675,10.863845841356,0.));
#2072 = VECTOR('',#2073,1.);
#2073 = DIRECTION('',(0.,0.,1.));
#2074 = ORIENTED_EDGE('',*,*,#2075,.F.);
#2075 = EDGE_CURVE('',#2038,#2068,#2076,.T.);
#2076 = B_SPLINE_CURVE_WITH_KNOTS('',1,(#2077,#2078),.UNSPECIFIED.,.F.,
  .F.,(2,2),(0.,1.059863966333),.PIECEWISE_BEZIER_KNOTS.);
#2077 = CARTESIAN_POINT('',(6.578200694075,10.333913858189,0.));
#2078 = CARTESIAN_POINT('',(5.660331574675,10.863845841356,0.));
#2079 = SURFACE_OF_LINEAR_EXTRUSION('',#2080,#2083);
#2080 = B_SPLINE_CURVE_WITH_KNOTS('',1,(#2081,#2082),.UNSPECIFIED.,.F.,
  .F.,(2,2),(0.,1.059863966333),.PIECEWISE_BEZIER_KNOTS.);
#2081 = CARTESIAN_POINT('',(6.578200694075,10.333913858189,0.));
#2082 = CARTESIAN_POINT('',(5.660331574675,10.863845841356,0.));
#2083 = VECTOR('',#2084,1.);
#2084 = DIRECTION('',(-0.,-0.,-1.));
#2085 = ADVANCED_FACE('',(#2086),#2109,.F.);
#2086 = FACE_BOUND('',#2087,.F.);
#2087 = EDGE_LOOP('',(#2088,#2089,#2096,#2104));
#2088 = ORIENTED_EDGE('',*,*,#2067,.T.);
#2089 = ORIENTED_EDGE('',*,*,#2090,.T.);
#2090 = EDGE_CURVE('',#2061,#2091,#2093,.T.);
#2091 = VERTEX_POINT('',#2092);
#2092 = CARTESIAN_POINT('',(5.86172403763,11.25037737971,6.));
#2093 = B_SPLINE_CURVE_WITH_KNOTS('',1,(#2094,#2095),.UNSPECIFIED.,.F.,
  .F.,(2,2),(0.,0.43585038061),.PIECEWISE_BEZIER_KNOTS.);
#2094 = CARTESIAN_POINT('',(5.660331574675,10.863845841356,6.));
#2095 = CARTESIAN_POINT('',(5.86172403763,11.25037737971,6.));
#2096 = ORIENTED_EDGE('',*,*,#2097,.F.);
#2097 = EDGE_CURVE('',#2098,#2091,#2100,.T.);
#2098 = VERTEX_POINT('',#2099);
#2099 = CARTESIAN_POINT('',(5.86172403763,11.25037737971,0.));
#2100 = LINE('',#2101,#2102);
#2101 = CARTESIAN_POINT('',(5.86172403763,11.25037737971,0.));
#2102 = VECTOR('',#2103,1.);
#2103 = DIRECTION('',(0.,0.,1.));
#2104 = ORIENTED_EDGE('',*,*,#2105,.F.);
#2105 = EDGE_CURVE('',#2068,#2098,#2106,.T.);
#2106 = B_SPLINE_CURVE_WITH_KNOTS('',1,(#2107,#2108),.UNSPECIFIED.,.F.,
  .F.,(2,2),(0.,0.43585038061),.PIECEWISE_BEZIER_KNOTS.);
#2107 = CARTESIAN_POINT('',(5.660331574675,10.863845841356,0.));
#2108 = CARTESIAN_POINT('',(5.86172403763,11.25037737971,0.));
#2109 = SURFACE_OF_LINEAR_EXTRUSION('',#2110,#2113);
#2110 = B_SPLINE_CURVE_WITH_KNOTS('',1,(#2111,#2112),.UNSPECIFIED.,.F.,
  .F.,(2,2),(0.,0.43585038061),.PIECEWISE_BEZIER_KNOTS.);
#2111 = CARTESIAN_POINT('',(5.660331574675,10.863845841356,0.));
#2112 = CARTESIAN_POINT('',(5.86172403763,11.25037737971,0.));
#2113 = VECTOR('',#2114,1.);
#2114 = DIRECTION('',(-0.,-0.,-1.));
#2115 = ADVANCED_FACE('',(#2116),#2229,.F.);
#2116 = FACE_BOUND('',#2117,.F.);
#2117 = EDGE_LOOP('',(#2118,#2119,#2171,#2179));
#2118 = ORIENTED_EDGE('',*,*,#2097,.T.);
#2119 = ORIENTED_EDGE('',*,*,#2120,.T.);
#2120 = EDGE_CURVE('',#2091,#2121,#2123,.T.);
#2121 = VERTEX_POINT('',#2122);
#2122 = CARTESIAN_POINT('',(6.075329228057,13.165879187153,6.));
#2123 = B_SPLINE_CURVE_WITH_KNOTS('',3,(#2124,#2125,#2126,#2127,#2128,
    #2129,#2130,#2131,#2132,#2133,#2134,#2135,#2136,#2137,#2138,#2139,
    #2140,#2141,#2142,#2143,#2144,#2145,#2146,#2147,#2148,#2149,#2150,
    #2151,#2152,#2153,#2154,#2155,#2156,#2157,#2158,#2159,#2160,#2161,
    #2162,#2163,#2164,#2165,#2166,#2167,#2168,#2169,#2170),
  .UNSPECIFIED.,.F.,.F.,(4,1,1,1,1,1,1,1,1,1,1,1,1,1,1,1,1,1,1,1,1,1,1,1
    ,1,1,1,1,1,1,1,1,1,1,1,1,1,1,1,1,1,1,1,1,4),(0.,1.004058879412E-03,
    4.016229631009E-03,9.036513432115E-03,1.606491045092E-02,
    2.510142074349E-02,3.614604433531E-02,4.91987812401E-02,
    6.425963146609E-02,8.132859501861E-02,0.100405671901,0.121490862117,
    0.144584165667,0.169685582553,0.196795112777,0.225912756339,
    0.25703851324,0.29017238348,0.32531436706,0.362464463981,
    0.401622674242,0.442788997845,0.485963434789,0.531145985075,
    0.578336648702,0.627535425671,0.678742315982,0.731957319636,
    0.787180436632,0.84441166697,0.903651010651,0.964898467674,
    1.02815403804,1.093417721749,1.160689518801,1.229969429195,
    1.301257452933,1.374553590013,1.449857840437,1.527170204204,
    1.606490681313,1.687819271766,1.771155975562,1.856500792702,
    1.943853723184),.UNSPECIFIED.);
#2124 = CARTESIAN_POINT('',(5.86172403763,11.25037737971,6.));
#2125 = CARTESIAN_POINT('',(5.861877192203,11.250674973826,6.));
#2126 = CARTESIAN_POINT('',(5.862485742952,11.251867408687,6.));
#2127 = CARTESIAN_POINT('',(5.863819987136,11.254568090838,6.));
#2128 = CARTESIAN_POINT('',(5.865994259799,11.259093203141,6.));
#2129 = CARTESIAN_POINT('',(5.868958331541,11.265466235126,6.));
#2130 = CARTESIAN_POINT('',(5.87266825321,11.273706321076,6.));
#2131 = CARTESIAN_POINT('',(5.877076471696,11.283833403985,6.));
#2132 = CARTESIAN_POINT('',(5.882136329811,11.295865886676,6.));
#2133 = CARTESIAN_POINT('',(5.887800339411,11.309821535332,6.));
#2134 = CARTESIAN_POINT('',(5.894020835677,11.325717139631,6.));
#2135 = CARTESIAN_POINT('',(5.900749773485,11.34356862125,6.));
#2136 = CARTESIAN_POINT('',(5.907938816295,11.363390989862,6.));
#2137 = CARTESIAN_POINT('',(5.915539327865,11.385198350167,6.));
#2138 = CARTESIAN_POINT('',(5.923502395169,11.409003892915,6.));
#2139 = CARTESIAN_POINT('',(5.931778841436,11.434819891354,6.));
#2140 = CARTESIAN_POINT('',(5.940319242306,11.462657696344,6.));
#2141 = CARTESIAN_POINT('',(5.949073941084,11.492527732209,6.));
#2142 = CARTESIAN_POINT('',(5.957993064342,11.524439492691,6.));
#2143 = CARTESIAN_POINT('',(5.967026537479,11.558401537201,6.));
#2144 = CARTESIAN_POINT('',(5.976124100375,11.594421487298,6.));
#2145 = CARTESIAN_POINT('',(5.985235323078,11.632506023424,6.));
#2146 = CARTESIAN_POINT('',(5.994309621546,11.672660881882,6.));
#2147 = CARTESIAN_POINT('',(6.003296273443,11.714890852064,6.));
#2148 = CARTESIAN_POINT('',(6.012144433968,11.759199773925,6.));
#2149 = CARTESIAN_POINT('',(6.020803151731,11.805590535713,6.));
#2150 = CARTESIAN_POINT('',(6.029221384664,11.854065071936,6.));
#2151 = CARTESIAN_POINT('',(6.037348015962,11.904624361595,6.));
#2152 = CARTESIAN_POINT('',(6.04513187006,11.957268426651,6.));
#2153 = CARTESIAN_POINT('',(6.052521728629,12.011996330757,6.));
#2154 = CARTESIAN_POINT('',(6.059466346599,12.06880617823,6.));
#2155 = CARTESIAN_POINT('',(6.065914468194,12.127695113283,6.));
#2156 = CARTESIAN_POINT('',(6.07181484299,12.188659319504,6.));
#2157 = CARTESIAN_POINT('',(6.077116241979,12.251694019589,6.));
#2158 = CARTESIAN_POINT('',(6.081767473634,12.316793475325,6.));
#2159 = CARTESIAN_POINT('',(6.085717399991,12.38395098783,6.));
#2160 = CARTESIAN_POINT('',(6.088914952718,12.45315889804,6.));
#2161 = CARTESIAN_POINT('',(6.091309149174,12.524408587455,6.));
#2162 = CARTESIAN_POINT('',(6.092849108528,12.59769047911,6.));
#2163 = CARTESIAN_POINT('',(6.093484067575,12.672994038933,6.));
#2164 = CARTESIAN_POINT('',(6.093163397667,12.750307776783,6.));
#2165 = CARTESIAN_POINT('',(6.091836617234,12.829619250016,6.));
#2166 = CARTESIAN_POINT('',(6.089453421334,12.910915058432,6.));
#2167 = CARTESIAN_POINT('',(6.085963645058,12.994180873858,6.));
#2168 = CARTESIAN_POINT('',(6.081317482897,13.079401336891,6.));
#2169 = CARTESIAN_POINT('',(6.077460488342,13.136839538651,6.));
#2170 = CARTESIAN_POINT('',(6.075329228057,13.165879187153,6.));
#2171 = ORIENTED_EDGE('',*,*,#2172,.F.);
#2172 = EDGE_CURVE('',#2173,#2121,#2175,.T.);
#2173 = VERTEX_POINT('',#2174);
#2174 = CARTESIAN_POINT('',(6.075329228057,13.165879187153,0.));
#2175 = LINE('',#2176,#2177);
#2176 = CARTESIAN_POINT('',(6.075329228057,13.165879187153,0.));
#2177 = VECTOR('',#2178,1.);
#2178 = DIRECTION('',(0.,0.,1.));
#2179 = ORIENTED_EDGE('',*,*,#2180,.F.);
#2180 = EDGE_CURVE('',#2098,#2173,#2181,.T.);
#2181 = B_SPLINE_CURVE_WITH_KNOTS('',3,(#2182,#2183,#2184,#2185,#2186,
    #2187,#2188,#2189,#2190,#2191,#2192,#2193,#2194,#2195,#2196,#2197,
    #2198,#2199,#2200,#2201,#2202,#2203,#2204,#2205,#2206,#2207,#2208,
    #2209,#2210,#2211,#2212,#2213,#2214,#2215,#2216,#2217,#2218,#2219,
    #2220,#2221,#2222,#2223,#2224,#2225,#2226,#2227,#2228),
  .UNSPECIFIED.,.F.,.F.,(4,1,1,1,1,1,1,1,1,1,1,1,1,1,1,1,1,1,1,1,1,1,1,1
    ,1,1,1,1,1,1,1,1,1,1,1,1,1,1,1,1,1,1,1,1,4),(0.,1.004058879412E-03,
    4.016229631009E-03,9.036513432115E-03,1.606491045092E-02,
    2.510142074349E-02,3.614604433531E-02,4.91987812401E-02,
    6.425963146609E-02,8.132859501861E-02,0.100405671901,0.121490862117,
    0.144584165667,0.169685582553,0.196795112777,0.225912756339,
    0.25703851324,0.29017238348,0.32531436706,0.362464463981,
    0.401622674242,0.442788997845,0.485963434789,0.531145985075,
    0.578336648702,0.627535425671,0.678742315982,0.731957319636,
    0.787180436632,0.84441166697,0.903651010651,0.964898467674,
    1.02815403804,1.093417721749,1.160689518801,1.229969429195,
    1.301257452933,1.374553590013,1.449857840437,1.527170204204,
    1.606490681313,1.687819271766,1.771155975562,1.856500792702,
    1.943853723184),.UNSPECIFIED.);
#2182 = CARTESIAN_POINT('',(5.86172403763,11.25037737971,0.));
#2183 = CARTESIAN_POINT('',(5.861877192203,11.250674973826,0.));
#2184 = CARTESIAN_POINT('',(5.862485742952,11.251867408687,0.));
#2185 = CARTESIAN_POINT('',(5.863819987136,11.254568090838,0.));
#2186 = CARTESIAN_POINT('',(5.865994259799,11.259093203141,0.));
#2187 = CARTESIAN_POINT('',(5.868958331541,11.265466235126,0.));
#2188 = CARTESIAN_POINT('',(5.87266825321,11.273706321076,0.));
#2189 = CARTESIAN_POINT('',(5.877076471696,11.283833403985,0.));
#2190 = CARTESIAN_POINT('',(5.882136329811,11.295865886676,0.));
#2191 = CARTESIAN_POINT('',(5.887800339411,11.309821535332,0.));
#2192 = CARTESIAN_POINT('',(5.894020835677,11.325717139631,0.));
#2193 = CARTESIAN_POINT('',(5.900749773485,11.34356862125,0.));
#2194 = CARTESIAN_POINT('',(5.907938816295,11.363390989862,0.));
#2195 = CARTESIAN_POINT('',(5.915539327865,11.385198350167,0.));
#2196 = CARTESIAN_POINT('',(5.923502395169,11.409003892915,0.));
#2197 = CARTESIAN_POINT('',(5.931778841436,11.434819891354,0.));
#2198 = CARTESIAN_POINT('',(5.940319242306,11.462657696344,0.));
#2199 = CARTESIAN_POINT('',(5.949073941084,11.492527732209,0.));
#2200 = CARTESIAN_POINT('',(5.957993064342,11.524439492691,0.));
#2201 = CARTESIAN_POINT('',(5.967026537479,11.558401537201,0.));
#2202 = CARTESIAN_POINT('',(5.976124100375,11.594421487298,0.));
#2203 = CARTESIAN_POINT('',(5.985235323078,11.632506023424,0.));
#2204 = CARTESIAN_POINT('',(5.994309621546,11.672660881882,0.));
#2205 = CARTESIAN_POINT('',(6.003296273443,11.714890852064,0.));
#2206 = CARTESIAN_POINT('',(6.012144433968,11.759199773925,0.));
#2207 = CARTESIAN_POINT('',(6.020803151731,11.805590535713,0.));
#2208 = CARTESIAN_POINT('',(6.029221384664,11.854065071936,0.));
#2209 = CARTESIAN_POINT('',(6.037348015962,11.904624361595,0.));
#2210 = CARTESIAN_POINT('',(6.04513187006,11.957268426651,0.));
#2211 = CARTESIAN_POINT('',(6.052521728629,12.011996330757,0.));
#2212 = CARTESIAN_POINT('',(6.059466346599,12.06880617823,0.));
#2213 = CARTESIAN_POINT('',(6.065914468194,12.127695113283,0.));
#2214 = CARTESIAN_POINT('',(6.07181484299,12.188659319504,0.));
#2215 = CARTESIAN_POINT('',(6.077116241979,12.251694019589,0.));
#2216 = CARTESIAN_POINT('',(6.081767473634,12.316793475325,0.));
#2217 = CARTESIAN_POINT('',(6.085717399991,12.38395098783,0.));
#2218 = CARTESIAN_POINT('',(6.088914952718,12.45315889804,0.));
#2219 = CARTESIAN_POINT('',(6.091309149174,12.524408587455,0.));
#2220 = CARTESIAN_POINT('',(6.092849108528,12.59769047911,0.));
#2221 = CARTESIAN_POINT('',(6.093484067575,12.672994038933,0.));
#2222 = CARTESIAN_POINT('',(6.093163397667,12.750307776783,0.));
#2223 = CARTESIAN_POINT('',(6.091836617234,12.829619250016,0.));
#2224 = CARTESIAN_POINT('',(6.089453421334,12.910915058432,0.));
#2225 = CARTESIAN_POINT('',(6.085963645058,12.994180873858,0.));
#2226 = CARTESIAN_POINT('',(6.081317482897,13.079401336891,0.));
#2227 = CARTESIAN_POINT('',(6.077460488342,13.136839538651,0.));
#2228 = CARTESIAN_POINT('',(6.075329228057,13.165879187153,0.));
#2229 = SURFACE_OF_LINEAR_EXTRUSION('',#2230,#2278);
#2230 = B_SPLINE_CURVE_WITH_KNOTS('',3,(#2231,#2232,#2233,#2234,#2235,
    #2236,#2237,#2238,#2239,#2240,#2241,#2242,#2243,#2244,#2245,#2246,
    #2247,#2248,#2249,#2250,#2251,#2252,#2253,#2254,#2255,#2256,#2257,
    #2258,#2259,#2260,#2261,#2262,#2263,#2264,#2265,#2266,#2267,#2268,
    #2269,#2270,#2271,#2272,#2273,#2274,#2275,#2276,#2277),
  .UNSPECIFIED.,.F.,.F.,(4,1,1,1,1,1,1,1,1,1,1,1,1,1,1,1,1,1,1,1,1,1,1,1
    ,1,1,1,1,1,1,1,1,1,1,1,1,1,1,1,1,1,1,1,1,4),(0.,1.004058879412E-03,
    4.016229631009E-03,9.036513432115E-03,1.606491045092E-02,
    2.510142074349E-02,3.614604433531E-02,4.91987812401E-02,
    6.425963146609E-02,8.132859501861E-02,0.100405671901,0.121490862117,
    0.144584165667,0.169685582553,0.196795112777,0.225912756339,
    0.25703851324,0.29017238348,0.32531436706,0.362464463981,
    0.401622674242,0.442788997845,0.485963434789,0.531145985075,
    0.578336648702,0.627535425671,0.678742315982,0.731957319636,
    0.787180436632,0.84441166697,0.903651010651,0.964898467674,
    1.02815403804,1.093417721749,1.160689518801,1.229969429195,
    1.301257452933,1.374553590013,1.449857840437,1.527170204204,
    1.606490681313,1.687819271766,1.771155975562,1.856500792702,
    1.943853723184),.UNSPECIFIED.);
#2231 = CARTESIAN_POINT('',(5.86172403763,11.25037737971,0.));
#2232 = CARTESIAN_POINT('',(5.861877192203,11.250674973826,0.));
#2233 = CARTESIAN_POINT('',(5.862485742952,11.251867408687,0.));
#2234 = CARTESIAN_POINT('',(5.863819987136,11.254568090838,0.));
#2235 = CARTESIAN_POINT('',(5.865994259799,11.259093203141,0.));
#2236 = CARTESIAN_POINT('',(5.868958331541,11.265466235126,0.));
#2237 = CARTESIAN_POINT('',(5.87266825321,11.273706321076,0.));
#2238 = CARTESIAN_POINT('',(5.877076471696,11.283833403985,0.));
#2239 = CARTESIAN_POINT('',(5.882136329811,11.295865886676,0.));
#2240 = CARTESIAN_POINT('',(5.887800339411,11.309821535332,0.));
#2241 = CARTESIAN_POINT('',(5.894020835677,11.325717139631,0.));
#2242 = CARTESIAN_POINT('',(5.900749773485,11.34356862125,0.));
#2243 = CARTESIAN_POINT('',(5.907938816295,11.363390989862,0.));
#2244 = CARTESIAN_POINT('',(5.915539327865,11.385198350167,0.));
#2245 = CARTESIAN_POINT('',(5.923502395169,11.409003892915,0.));
#2246 = CARTESIAN_POINT('',(5.931778841436,11.434819891354,0.));
#2247 = CARTESIAN_POINT('',(5.940319242306,11.462657696344,0.));
#2248 = CARTESIAN_POINT('',(5.949073941084,11.492527732209,0.));
#2249 = CARTESIAN_POINT('',(5.957993064342,11.524439492691,0.));
#2250 = CARTESIAN_POINT('',(5.967026537479,11.558401537201,0.));
#2251 = CARTESIAN_POINT('',(5.976124100375,11.594421487298,0.));
#2252 = CARTESIAN_POINT('',(5.985235323078,11.632506023424,0.));
#2253 = CARTESIAN_POINT('',(5.994309621546,11.672660881882,0.));
#2254 = CARTESIAN_POINT('',(6.003296273443,11.714890852064,0.));
#2255 = CARTESIAN_POINT('',(6.012144433968,11.759199773925,0.));
#2256 = CARTESIAN_POINT('',(6.020803151731,11.805590535713,0.));
#2257 = CARTESIAN_POINT('',(6.029221384664,11.854065071936,0.));
#2258 = CARTESIAN_POINT('',(6.037348015962,11.904624361595,0.));
#2259 = CARTESIAN_POINT('',(6.04513187006,11.957268426651,0.));
#2260 = CARTESIAN_POINT('',(6.052521728629,12.011996330757,0.));
#2261 = CARTESIAN_POINT('',(6.059466346599,12.06880617823,0.));
#2262 = CARTESIAN_POINT('',(6.065914468194,12.127695113283,0.));
#2263 = CARTESIAN_POINT('',(6.07181484299,12.188659319504,0.));
#2264 = CARTESIAN_POINT('',(6.077116241979,12.251694019589,0.));
#2265 = CARTESIAN_POINT('',(6.081767473634,12.316793475325,0.));
#2266 = CARTESIAN_POINT('',(6.085717399991,12.38395098783,0.));
#2267 = CARTESIAN_POINT('',(6.088914952718,12.45315889804,0.));
#2268 = CARTESIAN_POINT('',(6.091309149174,12.524408587455,0.));
#2269 = CARTESIAN_POINT('',(6.092849108528,12.59769047911,0.));
#2270 = CARTESIAN_POINT('',(6.093484067575,12.672994038933,0.));
#2271 = CARTESIAN_POINT('',(6.093163397667,12.750307776783,0.));
#2272 = CARTESIAN_POINT('',(6.091836617234,12.829619250016,0.));
#2273 = CARTESIAN_POINT('',(6.089453421334,12.910915058432,0.));
#2274 = CARTESIAN_POINT('',(6.085963645058,12.994180873858,0.));
#2275 = CARTESIAN_POINT('',(6.081317482897,13.079401336891,0.));
#2276 = CARTESIAN_POINT('',(6.077460488342,13.136839538651,0.));
#2277 = CARTESIAN_POINT('',(6.075329228057,13.165879187153,0.));
#2278 = VECTOR('',#2279,1.);
#2279 = DIRECTION('',(-0.,-0.,-1.));
#2280 = ADVANCED_FACE('',(#2281),#2304,.F.);
#2281 = FACE_BOUND('',#2282,.F.);
#2282 = EDGE_LOOP('',(#2283,#2284,#2291,#2299));
#2283 = ORIENTED_EDGE('',*,*,#2172,.T.);
#2284 = ORIENTED_EDGE('',*,*,#2285,.T.);
#2285 = EDGE_CURVE('',#2121,#2286,#2288,.T.);
#2286 = VERTEX_POINT('',#2287);
#2287 = CARTESIAN_POINT('',(5.407369608817,13.454008841741,6.));
#2288 = B_SPLINE_CURVE_WITH_KNOTS('',1,(#2289,#2290),.UNSPECIFIED.,.F.,
  .F.,(2,2),(0.,0.72745360731),.PIECEWISE_BEZIER_KNOTS.);
#2289 = CARTESIAN_POINT('',(6.075329228057,13.165879187153,6.));
#2290 = CARTESIAN_POINT('',(5.407369608817,13.454008841741,6.));
#2291 = ORIENTED_EDGE('',*,*,#2292,.F.);
#2292 = EDGE_CURVE('',#2293,#2286,#2295,.T.);
#2293 = VERTEX_POINT('',#2294);
#2294 = CARTESIAN_POINT('',(5.407369608817,13.454008841741,0.));
#2295 = LINE('',#2296,#2297);
#2296 = CARTESIAN_POINT('',(5.407369608817,13.454008841741,0.));
#2297 = VECTOR('',#2298,1.);
#2298 = DIRECTION('',(0.,0.,1.));
#2299 = ORIENTED_EDGE('',*,*,#2300,.F.);
#2300 = EDGE_CURVE('',#2173,#2293,#2301,.T.);
#2301 = B_SPLINE_CURVE_WITH_KNOTS('',1,(#2302,#2303),.UNSPECIFIED.,.F.,
  .F.,(2,2),(0.,0.72745360731),.PIECEWISE_BEZIER_KNOTS.);
#2302 = CARTESIAN_POINT('',(6.075329228057,13.165879187153,0.));
#2303 = CARTESIAN_POINT('',(5.407369608817,13.454008841741,0.));
#2304 = SURFACE_OF_LINEAR_EXTRUSION('',#2305,#2308);
#2305 = B_SPLINE_CURVE_WITH_KNOTS('',1,(#2306,#2307),.UNSPECIFIED.,.F.,
  .F.,(2,2),(0.,0.72745360731),.PIECEWISE_BEZIER_KNOTS.);
#2306 = CARTESIAN_POINT('',(6.075329228057,13.165879187153,0.));
#2307 = CARTESIAN_POINT('',(5.407369608817,13.454008841741,0.));
#2308 = VECTOR('',#2309,1.);
#2309 = DIRECTION('',(-0.,-0.,-1.));
#2310 = ADVANCED_FACE('',(#2311),#2424,.F.);
#2311 = FACE_BOUND('',#2312,.F.);
#2312 = EDGE_LOOP('',(#2313,#2314,#2366,#2374));
#2313 = ORIENTED_EDGE('',*,*,#2292,.T.);
#2314 = ORIENTED_EDGE('',*,*,#2315,.T.);
#2315 = EDGE_CURVE('',#2286,#2316,#2318,.T.);
#2316 = VERTEX_POINT('',#2317);
#2317 = CARTESIAN_POINT('',(4.160668859433,11.984140958841,6.));
#2318 = B_SPLINE_CURVE_WITH_KNOTS('',3,(#2319,#2320,#2321,#2322,#2323,
    #2324,#2325,#2326,#2327,#2328,#2329,#2330,#2331,#2332,#2333,#2334,
    #2335,#2336,#2337,#2338,#2339,#2340,#2341,#2342,#2343,#2344,#2345,
    #2346,#2347,#2348,#2349,#2350,#2351,#2352,#2353,#2354,#2355,#2356,
    #2357,#2358,#2359,#2360,#2361,#2362,#2363,#2364,#2365),
  .UNSPECIFIED.,.F.,.F.,(4,1,1,1,1,1,1,1,1,1,1,1,1,1,1,1,1,1,1,1,1,1,1,1
    ,1,1,1,1,1,1,1,1,1,1,1,1,1,1,1,1,1,1,1,1,4),(0.,8.735293048255E-02,
    0.172697747622,0.256034451418,0.337363041871,0.416683518981,
    0.493995882747,0.569300133171,0.642596270251,0.713884293989,
    0.783164204383,0.850436001435,0.915699685144,0.97895525551,
    1.040202712533,1.099442056214,1.156673286553,1.211896403548,
    1.265111407202,1.316318297513,1.365517074482,1.41270773811,
    1.457890288395,1.501064725339,1.542231048942,1.581389259203,
    1.618539356124,1.653681339704,1.686815209945,1.717940966845,
    1.747058610407,1.774168140631,1.799269557517,1.822362861067,
    1.843448051283,1.862525128166,1.879594091718,1.894654941944,
    1.907707678849,1.918752302441,1.927788812733,1.934817209752,
    1.939837493553,1.942849664305,1.943853723184),.UNSPECIFIED.);
#2319 = CARTESIAN_POINT('',(5.407369608817,13.454008841741,6.));
#2320 = CARTESIAN_POINT('',(5.384784374387,13.435630848344,6.));
#2321 = CARTESIAN_POINT('',(5.340358510146,13.399019838867,6.));
#2322 = CARTESIAN_POINT('',(5.275183001682,13.343917504626,6.));
#2323 = CARTESIAN_POINT('',(5.21222281251,13.289315406348,6.));
#2324 = CARTESIAN_POINT('',(5.15145493604,13.235260311509,6.));
#2325 = CARTESIAN_POINT('',(5.092855368959,13.181798541331,6.));
#2326 = CARTESIAN_POINT('',(5.036399336873,13.128975882077,6.));
#2327 = CARTESIAN_POINT('',(4.982061247677,13.076837591373,6.));
#2328 = CARTESIAN_POINT('',(4.929814715512,13.025428380174,6.));
#2329 = CARTESIAN_POINT('',(4.879632566759,12.974792401217,6.));
#2330 = CARTESIAN_POINT('',(4.831486850904,12.924973235991,6.));
#2331 = CARTESIAN_POINT('',(4.785348850407,12.876013882296,6.));
#2332 = CARTESIAN_POINT('',(4.741189091053,12.82795674186,6.));
#2333 = CARTESIAN_POINT('',(4.698977352432,12.780843608144,6.));
#2334 = CARTESIAN_POINT('',(4.658682678612,12.734715654313,6.));
#2335 = CARTESIAN_POINT('',(4.620273388998,12.689613421384,6.));
#2336 = CARTESIAN_POINT('',(4.583717089374,12.645576806545,6.));
#2337 = CARTESIAN_POINT('',(4.548980683117,12.602645051656,6.));
#2338 = CARTESIAN_POINT('',(4.516030382595,12.560856731927,6.));
#2339 = CARTESIAN_POINT('',(4.484831720733,12.520249744781,6.));
#2340 = CARTESIAN_POINT('',(4.455349562752,12.480861298904,6.));
#2341 = CARTESIAN_POINT('',(4.427548118075,12.442727903483,6.));
#2342 = CARTESIAN_POINT('',(4.401390952398,12.40588535763,6.));
#2343 = CARTESIAN_POINT('',(4.37684099992,12.370368740009,6.));
#2344 = CARTESIAN_POINT('',(4.35386057574,12.336212398651,6.));
#2345 = CARTESIAN_POINT('',(4.3324113884,12.303449940966,6.));
#2346 = CARTESIAN_POINT('',(4.312454552591,12.272114223962,6.));
#2347 = CARTESIAN_POINT('',(4.293950602003,12.24223734466,6.));
#2348 = CARTESIAN_POINT('',(4.276859502324,12.213850630717,6.));
#2349 = CARTESIAN_POINT('',(4.261140664392,12.18698463125,6.));
#2350 = CARTESIAN_POINT('',(4.246752957484,12.161669107878,6.));
#2351 = CARTESIAN_POINT('',(4.23365472273,12.137933025965,6.));
#2352 = CARTESIAN_POINT('',(4.221803786761,12.115804546057,6.));
#2353 = CARTESIAN_POINT('',(4.211157475192,12.095311015624,6.));
#2354 = CARTESIAN_POINT('',(4.201672627263,12.076478960674,6.));
#2355 = CARTESIAN_POINT('',(4.193305607372,12.059334078692,6.));
#2356 = CARTESIAN_POINT('',(4.186012327335,12.043901228142,6.));
#2357 = CARTESIAN_POINT('',(4.179748235576,12.030204429662,6.));
#2358 = CARTESIAN_POINT('',(4.174468410143,12.018266831609,6.));
#2359 = CARTESIAN_POINT('',(4.170127340044,12.008110783714,6.));
#2360 = CARTESIAN_POINT('',(4.166679621442,11.999757594401,6.));
#2361 = CARTESIAN_POINT('',(4.164078115407,11.993228166837,6.));
#2362 = CARTESIAN_POINT('',(4.162278744425,11.988541337734,6.));
#2363 = CARTESIAN_POINT('',(4.161229953328,11.98571752314,6.));
#2364 = CARTESIAN_POINT('',(4.160780220504,11.984456580913,6.));
#2365 = CARTESIAN_POINT('',(4.160668859433,11.984140958841,6.));
#2366 = ORIENTED_EDGE('',*,*,#2367,.F.);
#2367 = EDGE_CURVE('',#2368,#2316,#2370,.T.);
#2368 = VERTEX_POINT('',#2369);
#2369 = CARTESIAN_POINT('',(4.160668859433,11.984140958841,0.));
#2370 = LINE('',#2371,#2372);
#2371 = CARTESIAN_POINT('',(4.160668859433,11.984140958841,0.));
#2372 = VECTOR('',#2373,1.);
#2373 = DIRECTION('',(0.,0.,1.));
#2374 = ORIENTED_EDGE('',*,*,#2375,.F.);
#2375 = EDGE_CURVE('',#2293,#2368,#2376,.T.);
#2376 = B_SPLINE_CURVE_WITH_KNOTS('',3,(#2377,#2378,#2379,#2380,#2381,
    #2382,#2383,#2384,#2385,#2386,#2387,#2388,#2389,#2390,#2391,#2392,
    #2393,#2394,#2395,#2396,#2397,#2398,#2399,#2400,#2401,#2402,#2403,
    #2404,#2405,#2406,#2407,#2408,#2409,#2410,#2411,#2412,#2413,#2414,
    #2415,#2416,#2417,#2418,#2419,#2420,#2421,#2422,#2423),
  .UNSPECIFIED.,.F.,.F.,(4,1,1,1,1,1,1,1,1,1,1,1,1,1,1,1,1,1,1,1,1,1,1,1
    ,1,1,1,1,1,1,1,1,1,1,1,1,1,1,1,1,1,1,1,1,4),(0.,8.735293048255E-02,
    0.172697747622,0.256034451418,0.337363041871,0.416683518981,
    0.493995882747,0.569300133171,0.642596270251,0.713884293989,
    0.783164204383,0.850436001435,0.915699685144,0.97895525551,
    1.040202712533,1.099442056214,1.156673286553,1.211896403548,
    1.265111407202,1.316318297513,1.365517074482,1.41270773811,
    1.457890288395,1.501064725339,1.542231048942,1.581389259203,
    1.618539356124,1.653681339704,1.686815209945,1.717940966845,
    1.747058610407,1.774168140631,1.799269557517,1.822362861067,
    1.843448051283,1.862525128166,1.879594091718,1.894654941944,
    1.907707678849,1.918752302441,1.927788812733,1.934817209752,
    1.939837493553,1.942849664305,1.943853723184),.UNSPECIFIED.);
#2377 = CARTESIAN_POINT('',(5.407369608817,13.454008841741,0.));
#2378 = CARTESIAN_POINT('',(5.384784374387,13.435630848344,0.));
#2379 = CARTESIAN_POINT('',(5.340358510146,13.399019838867,0.));
#2380 = CARTESIAN_POINT('',(5.275183001682,13.343917504626,0.));
#2381 = CARTESIAN_POINT('',(5.21222281251,13.289315406348,0.));
#2382 = CARTESIAN_POINT('',(5.15145493604,13.235260311509,0.));
#2383 = CARTESIAN_POINT('',(5.092855368959,13.181798541331,0.));
#2384 = CARTESIAN_POINT('',(5.036399336873,13.128975882077,0.));
#2385 = CARTESIAN_POINT('',(4.982061247677,13.076837591373,0.));
#2386 = CARTESIAN_POINT('',(4.929814715512,13.025428380174,0.));
#2387 = CARTESIAN_POINT('',(4.879632566759,12.974792401217,0.));
#2388 = CARTESIAN_POINT('',(4.831486850904,12.924973235991,0.));
#2389 = CARTESIAN_POINT('',(4.785348850407,12.876013882296,0.));
#2390 = CARTESIAN_POINT('',(4.741189091053,12.82795674186,0.));
#2391 = CARTESIAN_POINT('',(4.698977352432,12.780843608144,0.));
#2392 = CARTESIAN_POINT('',(4.658682678612,12.734715654313,0.));
#2393 = CARTESIAN_POINT('',(4.620273388998,12.689613421384,0.));
#2394 = CARTESIAN_POINT('',(4.583717089374,12.645576806545,0.));
#2395 = CARTESIAN_POINT('',(4.548980683117,12.602645051656,0.));
#2396 = CARTESIAN_POINT('',(4.516030382595,12.560856731927,0.));
#2397 = CARTESIAN_POINT('',(4.484831720733,12.520249744781,0.));
#2398 = CARTESIAN_POINT('',(4.455349562752,12.480861298904,0.));
#2399 = CARTESIAN_POINT('',(4.427548118075,12.442727903483,0.));
#2400 = CARTESIAN_POINT('',(4.401390952398,12.40588535763,0.));
#2401 = CARTESIAN_POINT('',(4.37684099992,12.370368740009,0.));
#2402 = CARTESIAN_POINT('',(4.35386057574,12.336212398651,0.));
#2403 = CARTESIAN_POINT('',(4.3324113884,12.303449940966,0.));
#2404 = CARTESIAN_POINT('',(4.312454552591,12.272114223962,0.));
#2405 = CARTESIAN_POINT('',(4.293950602003,12.24223734466,0.));
#2406 = CARTESIAN_POINT('',(4.276859502324,12.213850630717,0.));
#2407 = CARTESIAN_POINT('',(4.261140664392,12.18698463125,0.));
#2408 = CARTESIAN_POINT('',(4.246752957484,12.161669107878,0.));
#2409 = CARTESIAN_POINT('',(4.23365472273,12.137933025965,0.));
#2410 = CARTESIAN_POINT('',(4.221803786761,12.115804546057,0.));
#2411 = CARTESIAN_POINT('',(4.211157475192,12.095311015624,0.));
#2412 = CARTESIAN_POINT('',(4.201672627263,12.076478960674,0.));
#2413 = CARTESIAN_POINT('',(4.193305607372,12.059334078692,0.));
#2414 = CARTESIAN_POINT('',(4.186012327335,12.043901228142,0.));
#2415 = CARTESIAN_POINT('',(4.179748235576,12.030204429662,0.));
#2416 = CARTESIAN_POINT('',(4.174468410143,12.018266831609,0.));
#2417 = CARTESIAN_POINT('',(4.170127340044,12.008110783714,0.));
#2418 = CARTESIAN_POINT('',(4.166679621442,11.999757594401,0.));
#2419 = CARTESIAN_POINT('',(4.164078115407,11.993228166837,0.));
#2420 = CARTESIAN_POINT('',(4.162278744425,11.988541337734,0.));
#2421 = CARTESIAN_POINT('',(4.161229953328,11.98571752314,0.));
#2422 = CARTESIAN_POINT('',(4.160780220504,11.984456580913,0.));
#2423 = CARTESIAN_POINT('',(4.160668859433,11.984140958841,0.));
#2424 = SURFACE_OF_LINEAR_EXTRUSION('',#2425,#2473);
#2425 = B_SPLINE_CURVE_WITH_KNOTS('',3,(#2426,#2427,#2428,#2429,#2430,
    #2431,#2432,#2433,#2434,#2435,#2436,#2437,#2438,#2439,#2440,#2441,
    #2442,#2443,#2444,#2445,#2446,#2447,#2448,#2449,#2450,#2451,#2452,
    #2453,#2454,#2455,#2456,#2457,#2458,#2459,#2460,#2461,#2462,#2463,
    #2464,#2465,#2466,#2467,#2468,#2469,#2470,#2471,#2472),
  .UNSPECIFIED.,.F.,.F.,(4,1,1,1,1,1,1,1,1,1,1,1,1,1,1,1,1,1,1,1,1,1,1,1
    ,1,1,1,1,1,1,1,1,1,1,1,1,1,1,1,1,1,1,1,1,4),(0.,8.735293048255E-02,
    0.172697747622,0.256034451418,0.337363041871,0.416683518981,
    0.493995882747,0.569300133171,0.642596270251,0.713884293989,
    0.783164204383,0.850436001435,0.915699685144,0.97895525551,
    1.040202712533,1.099442056214,1.156673286553,1.211896403548,
    1.265111407202,1.316318297513,1.365517074482,1.41270773811,
    1.457890288395,1.501064725339,1.542231048942,1.581389259203,
    1.618539356124,1.653681339704,1.686815209945,1.717940966845,
    1.747058610407,1.774168140631,1.799269557517,1.822362861067,
    1.843448051283,1.862525128166,1.879594091718,1.894654941944,
    1.907707678849,1.918752302441,1.927788812733,1.934817209752,
    1.939837493553,1.942849664305,1.943853723184),.UNSPECIFIED.);
#2426 = CARTESIAN_POINT('',(5.407369608817,13.454008841741,0.));
#2427 = CARTESIAN_POINT('',(5.384784374387,13.435630848344,0.));
#2428 = CARTESIAN_POINT('',(5.340358510146,13.399019838867,0.));
#2429 = CARTESIAN_POINT('',(5.275183001682,13.343917504626,0.));
#2430 = CARTESIAN_POINT('',(5.21222281251,13.289315406348,0.));
#2431 = CARTESIAN_POINT('',(5.15145493604,13.235260311509,0.));
#2432 = CARTESIAN_POINT('',(5.092855368959,13.181798541331,0.));
#2433 = CARTESIAN_POINT('',(5.036399336873,13.128975882077,0.));
#2434 = CARTESIAN_POINT('',(4.982061247677,13.076837591373,0.));
#2435 = CARTESIAN_POINT('',(4.929814715512,13.025428380174,0.));
#2436 = CARTESIAN_POINT('',(4.879632566759,12.974792401217,0.));
#2437 = CARTESIAN_POINT('',(4.831486850904,12.924973235991,0.));
#2438 = CARTESIAN_POINT('',(4.785348850407,12.876013882296,0.));
#2439 = CARTESIAN_POINT('',(4.741189091053,12.82795674186,0.));
#2440 = CARTESIAN_POINT('',(4.698977352432,12.780843608144,0.));
#2441 = CARTESIAN_POINT('',(4.658682678612,12.734715654313,0.));
#2442 = CARTESIAN_POINT('',(4.620273388998,12.689613421384,0.));
#2443 = CARTESIAN_POINT('',(4.583717089374,12.645576806545,0.));
#2444 = CARTESIAN_POINT('',(4.548980683117,12.602645051656,0.));
#2445 = CARTESIAN_POINT('',(4.516030382595,12.560856731927,0.));
#2446 = CARTESIAN_POINT('',(4.484831720733,12.520249744781,0.));
#2447 = CARTESIAN_POINT('',(4.455349562752,12.480861298904,0.));
#2448 = CARTESIAN_POINT('',(4.427548118075,12.442727903483,0.));
#2449 = CARTESIAN_POINT('',(4.401390952398,12.40588535763,0.));
#2450 = CARTESIAN_POINT('',(4.37684099992,12.370368740009,0.));
#2451 = CARTESIAN_POINT('',(4.35386057574,12.336212398651,0.));
#2452 = CARTESIAN_POINT('',(4.3324113884,12.303449940966,0.));
#2453 = CARTESIAN_POINT('',(4.312454552591,12.272114223962,0.));
#2454 = CARTESIAN_POINT('',(4.293950602003,12.24223734466,0.));
#2455 = CARTESIAN_POINT('',(4.276859502324,12.213850630717,0.));
#2456 = CARTESIAN_POINT('',(4.261140664392,12.18698463125,0.));
#2457 = CARTESIAN_POINT('',(4.246752957484,12.161669107878,0.));
#2458 = CARTESIAN_POINT('',(4.23365472273,12.137933025965,0.));
#2459 = CARTESIAN_POINT('',(4.221803786761,12.115804546057,0.));
#2460 = CARTESIAN_POINT('',(4.211157475192,12.095311015624,0.));
#2461 = CARTESIAN_POINT('',(4.201672627263,12.076478960674,0.));
#2462 = CARTESIAN_POINT('',(4.193305607372,12.059334078692,0.));
#2463 = CARTESIAN_POINT('',(4.186012327335,12.043901228142,0.));
#2464 = CARTESIAN_POINT('',(4.179748235576,12.030204429662,0.));
#2465 = CARTESIAN_POINT('',(4.174468410143,12.018266831609,0.));
#2466 = CARTESIAN_POINT('',(4.170127340044,12.008110783714,0.));
#2467 = CARTESIAN_POINT('',(4.166679621442,11.999757594401,0.));
#2468 = CARTESIAN_POINT('',(4.164078115407,11.993228166837,0.));
#2469 = CARTESIAN_POINT('',(4.162278744425,11.988541337734,0.));
#2470 = CARTESIAN_POINT('',(4.161229953328,11.98571752314,0.));
#2471 = CARTESIAN_POINT('',(4.160780220504,11.984456580913,0.));
#2472 = CARTESIAN_POINT('',(4.160668859433,11.984140958841,0.));
#2473 = VECTOR('',#2474,1.);
#2474 = DIRECTION('',(-0.,-0.,-1.));
#2475 = ADVANCED_FACE('',(#2476),#2499,.F.);
#2476 = FACE_BOUND('',#2477,.F.);
#2477 = EDGE_LOOP('',(#2478,#2479,#2486,#2494));
#2478 = ORIENTED_EDGE('',*,*,#2367,.T.);
#2479 = ORIENTED_EDGE('',*,*,#2480,.T.);
#2480 = EDGE_CURVE('',#2316,#2481,#2483,.T.);
#2481 = VERTEX_POINT('',#2482);
#2482 = CARTESIAN_POINT('',(4.01771990043,11.572399353707,6.));
#2483 = B_SPLINE_CURVE_WITH_KNOTS('',1,(#2484,#2485),.UNSPECIFIED.,.F.,
  .F.,(2,2),(0.,0.43585038061),.PIECEWISE_BEZIER_KNOTS.);
#2484 = CARTESIAN_POINT('',(4.160668859433,11.984140958841,6.));
#2485 = CARTESIAN_POINT('',(4.01771990043,11.572399353707,6.));
#2486 = ORIENTED_EDGE('',*,*,#2487,.F.);
#2487 = EDGE_CURVE('',#2488,#2481,#2490,.T.);
#2488 = VERTEX_POINT('',#2489);
#2489 = CARTESIAN_POINT('',(4.01771990043,11.572399353707,0.));
#2490 = LINE('',#2491,#2492);
#2491 = CARTESIAN_POINT('',(4.01771990043,11.572399353707,0.));
#2492 = VECTOR('',#2493,1.);
#2493 = DIRECTION('',(0.,0.,1.));
#2494 = ORIENTED_EDGE('',*,*,#2495,.F.);
#2495 = EDGE_CURVE('',#2368,#2488,#2496,.T.);
#2496 = B_SPLINE_CURVE_WITH_KNOTS('',1,(#2497,#2498),.UNSPECIFIED.,.F.,
  .F.,(2,2),(0.,0.43585038061),.PIECEWISE_BEZIER_KNOTS.);
#2497 = CARTESIAN_POINT('',(4.160668859433,11.984140958841,0.));
#2498 = CARTESIAN_POINT('',(4.01771990043,11.572399353707,0.));
#2499 = SURFACE_OF_LINEAR_EXTRUSION('',#2500,#2503);
#2500 = B_SPLINE_CURVE_WITH_KNOTS('',1,(#2501,#2502),.UNSPECIFIED.,.F.,
  .F.,(2,2),(0.,0.43585038061),.PIECEWISE_BEZIER_KNOTS.);
#2501 = CARTESIAN_POINT('',(4.160668859433,11.984140958841,0.));
#2502 = CARTESIAN_POINT('',(4.01771990043,11.572399353707,0.));
#2503 = VECTOR('',#2504,1.);
#2504 = DIRECTION('',(-0.,-0.,-1.));
#2505 = ADVANCED_FACE('',(#2506),#2529,.F.);
#2506 = FACE_BOUND('',#2507,.F.);
#2507 = EDGE_LOOP('',(#2508,#2509,#2516,#2524));
#2508 = ORIENTED_EDGE('',*,*,#2487,.T.);
#2509 = ORIENTED_EDGE('',*,*,#2510,.T.);
#2510 = EDGE_CURVE('',#2481,#2511,#2513,.T.);
#2511 = VERTEX_POINT('',#2512);
#2512 = CARTESIAN_POINT('',(3.002381336202,11.876371765486,6.));
#2513 = B_SPLINE_CURVE_WITH_KNOTS('',1,(#2514,#2515),.UNSPECIFIED.,.F.,
  .F.,(2,2),(0.,1.059863966333),.PIECEWISE_BEZIER_KNOTS.);
#2514 = CARTESIAN_POINT('',(4.01771990043,11.572399353707,6.));
#2515 = CARTESIAN_POINT('',(3.002381336202,11.876371765486,6.));
#2516 = ORIENTED_EDGE('',*,*,#2517,.F.);
#2517 = EDGE_CURVE('',#2518,#2511,#2520,.T.);
#2518 = VERTEX_POINT('',#2519);
#2519 = CARTESIAN_POINT('',(3.002381336202,11.876371765486,0.));
#2520 = LINE('',#2521,#2522);
#2521 = CARTESIAN_POINT('',(3.002381336202,11.876371765486,0.));
#2522 = VECTOR('',#2523,1.);
#2523 = DIRECTION('',(0.,0.,1.));
#2524 = ORIENTED_EDGE('',*,*,#2525,.F.);
#2525 = EDGE_CURVE('',#2488,#2518,#2526,.T.);
#2526 = B_SPLINE_CURVE_WITH_KNOTS('',1,(#2527,#2528),.UNSPECIFIED.,.F.,
  .F.,(2,2),(0.,1.059863966333),.PIECEWISE_BEZIER_KNOTS.);
#2527 = CARTESIAN_POINT('',(4.01771990043,11.572399353707,0.));
#2528 = CARTESIAN_POINT('',(3.002381336202,11.876371765486,0.));
#2529 = SURFACE_OF_LINEAR_EXTRUSION('',#2530,#2533);
#2530 = B_SPLINE_CURVE_WITH_KNOTS('',1,(#2531,#2532),.UNSPECIFIED.,.F.,
  .F.,(2,2),(0.,1.059863966333),.PIECEWISE_BEZIER_KNOTS.);
#2531 = CARTESIAN_POINT('',(4.01771990043,11.572399353707,0.));
#2532 = CARTESIAN_POINT('',(3.002381336202,11.876371765486,0.));
#2533 = VECTOR('',#2534,1.);
#2534 = DIRECTION('',(-0.,-0.,-1.));
#2535 = ADVANCED_FACE('',(#2536),#2559,.F.);
#2536 = FACE_BOUND('',#2537,.F.);
#2537 = EDGE_LOOP('',(#2538,#2539,#2546,#2554));
#2538 = ORIENTED_EDGE('',*,*,#2517,.T.);
#2539 = ORIENTED_EDGE('',*,*,#2540,.T.);
#2540 = EDGE_CURVE('',#2511,#2541,#2543,.T.);
#2541 = VERTEX_POINT('',#2542);
#2542 = CARTESIAN_POINT('',(3.109204931967,12.298928594404,6.));
#2543 = B_SPLINE_CURVE_WITH_KNOTS('',1,(#2544,#2545),.UNSPECIFIED.,.F.,
  .F.,(2,2),(0.,0.43585038061),.PIECEWISE_BEZIER_KNOTS.);
#2544 = CARTESIAN_POINT('',(3.002381336202,11.876371765486,6.));
#2545 = CARTESIAN_POINT('',(3.109204931967,12.298928594404,6.));
#2546 = ORIENTED_EDGE('',*,*,#2547,.F.);
#2547 = EDGE_CURVE('',#2548,#2541,#2550,.T.);
#2548 = VERTEX_POINT('',#2549);
#2549 = CARTESIAN_POINT('',(3.109204931967,12.298928594404,0.));
#2550 = LINE('',#2551,#2552);
#2551 = CARTESIAN_POINT('',(3.109204931967,12.298928594404,0.));
#2552 = VECTOR('',#2553,1.);
#2553 = DIRECTION('',(0.,0.,1.));
#2554 = ORIENTED_EDGE('',*,*,#2555,.F.);
#2555 = EDGE_CURVE('',#2518,#2548,#2556,.T.);
#2556 = B_SPLINE_CURVE_WITH_KNOTS('',1,(#2557,#2558),.UNSPECIFIED.,.F.,
  .F.,(2,2),(0.,0.43585038061),.PIECEWISE_BEZIER_KNOTS.);
#2557 = CARTESIAN_POINT('',(3.002381336202,11.876371765486,0.));
#2558 = CARTESIAN_POINT('',(3.109204931967,12.298928594404,0.));
#2559 = SURFACE_OF_LINEAR_EXTRUSION('',#2560,#2563);
#2560 = B_SPLINE_CURVE_WITH_KNOTS('',1,(#2561,#2562),.UNSPECIFIED.,.F.,
  .F.,(2,2),(0.,0.43585038061),.PIECEWISE_BEZIER_KNOTS.);
#2561 = CARTESIAN_POINT('',(3.002381336202,11.876371765486,0.));
#2562 = CARTESIAN_POINT('',(3.109204931967,12.298928594404,0.));
#2563 = VECTOR('',#2564,1.);
#2564 = DIRECTION('',(-0.,-0.,-1.));
#2565 = ADVANCED_FACE('',(#2566),#2679,.F.);
#2566 = FACE_BOUND('',#2567,.F.);
#2567 = EDGE_LOOP('',(#2568,#2569,#2621,#2629));
#2568 = ORIENTED_EDGE('',*,*,#2547,.T.);
#2569 = ORIENTED_EDGE('',*,*,#2570,.T.);
#2570 = EDGE_CURVE('',#2541,#2571,#2573,.T.);
#2571 = VERTEX_POINT('',#2572);
#2572 = CARTESIAN_POINT('',(2.87530724961,14.212058549709,6.));
#2573 = B_SPLINE_CURVE_WITH_KNOTS('',3,(#2574,#2575,#2576,#2577,#2578,
    #2579,#2580,#2581,#2582,#2583,#2584,#2585,#2586,#2587,#2588,#2589,
    #2590,#2591,#2592,#2593,#2594,#2595,#2596,#2597,#2598,#2599,#2600,
    #2601,#2602,#2603,#2604,#2605,#2606,#2607,#2608,#2609,#2610,#2611,
    #2612,#2613,#2614,#2615,#2616,#2617,#2618,#2619,#2620),
  .UNSPECIFIED.,.F.,.F.,(4,1,1,1,1,1,1,1,1,1,1,1,1,1,1,1,1,1,1,1,1,1,1,1
    ,1,1,1,1,1,1,1,1,1,1,1,1,1,1,1,1,1,1,1,1,4),(0.,1.004058879412E-03,
    4.016229631009E-03,9.036513432115E-03,1.606491045092E-02,
    2.510142074349E-02,3.614604433531E-02,4.91987812401E-02,
    6.425963146609E-02,8.132859501861E-02,0.100405671901,0.121490862117,
    0.144584165667,0.169685582553,0.196795112777,0.225912756339,
    0.25703851324,0.29017238348,0.32531436706,0.362464463981,
    0.401622674242,0.442788997845,0.485963434789,0.531145985075,
    0.578336648702,0.627535425671,0.678742315982,0.731957319636,
    0.787180436632,0.84441166697,0.903651010651,0.964898467674,
    1.02815403804,1.093417721749,1.160689518801,1.229969429195,
    1.301257452933,1.374553590013,1.449857840437,1.527170204204,
    1.606490681313,1.687819271766,1.771155975562,1.856500792702,
    1.943853723184),.UNSPECIFIED.);
#2574 = CARTESIAN_POINT('',(3.109204931967,12.298928594404,6.));
#2575 = CARTESIAN_POINT('',(3.109285328313,12.299253486707,6.));
#2576 = CARTESIAN_POINT('',(3.109602481094,12.300554120793,6.));
#2577 = CARTESIAN_POINT('',(3.110277940387,12.303489703592,6.));
#2578 = CARTESIAN_POINT('',(3.111350042535,12.308394262691,6.));
#2579 = CARTESIAN_POINT('',(3.112764495019,12.315279070759,6.));
#2580 = CARTESIAN_POINT('',(3.114474120673,12.324152610942,6.));
#2581 = CARTESIAN_POINT('',(3.116428049017,12.335023322165,6.));
#2582 = CARTESIAN_POINT('',(3.118576636528,12.347898351313,6.));
#2583 = CARTESIAN_POINT('',(3.120869577949,12.362784034159,6.));
#2584 = CARTESIAN_POINT('',(3.123256621308,12.37968571555,6.));
#2585 = CARTESIAN_POINT('',(3.125687344748,12.398607808023,6.));
#2586 = CARTESIAN_POINT('',(3.128111253181,12.419553769491,6.));
#2587 = CARTESIAN_POINT('',(3.130477768594,12.44252610817,6.));
#2588 = CARTESIAN_POINT('',(3.132736254418,12.467526379133,6.));
#2589 = CARTESIAN_POINT('',(3.134836029046,12.494555183856,6.));
#2590 = CARTESIAN_POINT('',(3.136726382667,12.523612169193,6.));
#2591 = CARTESIAN_POINT('',(3.138356593077,12.554696026857,6.));
#2592 = CARTESIAN_POINT('',(3.139675941782,12.587804493081,6.));
#2593 = CARTESIAN_POINT('',(3.140633730015,12.622934348559,6.));
#2594 = CARTESIAN_POINT('',(3.141179294771,12.660081418629,6.));
#2595 = CARTESIAN_POINT('',(3.141262024825,12.699240573712,6.));
#2596 = CARTESIAN_POINT('',(3.140831376756,12.740405730006,6.));
#2597 = CARTESIAN_POINT('',(3.139836890943,12.783569850428,6.));
#2598 = CARTESIAN_POINT('',(3.13822820756,12.82872494581,6.));
#2599 = CARTESIAN_POINT('',(3.135955082541,12.875862076346,6.));
#2600 = CARTESIAN_POINT('',(3.132967403535,12.92497135329,6.));
#2601 = CARTESIAN_POINT('',(3.129215205826,12.976041940906,6.));
#2602 = CARTESIAN_POINT('',(3.124648688227,13.029062058666,6.));
#2603 = CARTESIAN_POINT('',(3.119218228943,13.084018983702,6.));
#2604 = CARTESIAN_POINT('',(3.112874401394,13.140899053504,6.));
#2605 = CARTESIAN_POINT('',(3.105567990003,13.199687668868,6.));
#2606 = CARTESIAN_POINT('',(3.097250005932,13.260369297092,6.));
#2607 = CARTESIAN_POINT('',(3.087871702777,13.322927475422,6.));
#2608 = CARTESIAN_POINT('',(3.077384592212,13.387344814741,6.));
#2609 = CARTESIAN_POINT('',(3.065740459569,13.453603003512,6.));
#2610 = CARTESIAN_POINT('',(3.052891379373,13.521682811951,6.));
#2611 = CARTESIAN_POINT('',(3.03878973079,13.591564096467,6.));
#2612 = CARTESIAN_POINT('',(3.023388213087,13.663225804315,6.));
#2613 = CARTESIAN_POINT('',(3.006639860711,13.736645978571,6.));
#2614 = CARTESIAN_POINT('',(2.988498059528,13.811801763042,6.));
#2615 = CARTESIAN_POINT('',(2.968916558174,13.888669408624,6.));
#2616 = CARTESIAN_POINT('',(2.947849497982,13.967224275206,6.));
#2617 = CARTESIAN_POINT('',(2.92525137055,14.047440852006,6.));
#2618 = CARTESIAN_POINT('',(2.901077255004,14.129292707696,6.));
#2619 = CARTESIAN_POINT('',(2.884078065323,14.184293171137,6.));
#2620 = CARTESIAN_POINT('',(2.87530724961,14.212058549709,6.));
#2621 = ORIENTED_EDGE('',*,*,#2622,.F.);
#2622 = EDGE_CURVE('',#2623,#2571,#2625,.T.);
#2623 = VERTEX_POINT('',#2624);
#2624 = CARTESIAN_POINT('',(2.87530724961,14.212058549709,0.));
#2625 = LINE('',#2626,#2627);
#2626 = CARTESIAN_POINT('',(2.87530724961,14.212058549709,0.));
#2627 = VECTOR('',#2628,1.);
#2628 = DIRECTION('',(0.,0.,1.));
#2629 = ORIENTED_EDGE('',*,*,#2630,.F.);
#2630 = EDGE_CURVE('',#2548,#2623,#2631,.T.);
#2631 = B_SPLINE_CURVE_WITH_KNOTS('',3,(#2632,#2633,#2634,#2635,#2636,
    #2637,#2638,#2639,#2640,#2641,#2642,#2643,#2644,#2645,#2646,#2647,
    #2648,#2649,#2650,#2651,#2652,#2653,#2654,#2655,#2656,#2657,#2658,
    #2659,#2660,#2661,#2662,#2663,#2664,#2665,#2666,#2667,#2668,#2669,
    #2670,#2671,#2672,#2673,#2674,#2675,#2676,#2677,#2678),
  .UNSPECIFIED.,.F.,.F.,(4,1,1,1,1,1,1,1,1,1,1,1,1,1,1,1,1,1,1,1,1,1,1,1
    ,1,1,1,1,1,1,1,1,1,1,1,1,1,1,1,1,1,1,1,1,4),(0.,1.004058879412E-03,
    4.016229631009E-03,9.036513432115E-03,1.606491045092E-02,
    2.510142074349E-02,3.614604433531E-02,4.91987812401E-02,
    6.425963146609E-02,8.132859501861E-02,0.100405671901,0.121490862117,
    0.144584165667,0.169685582553,0.196795112777,0.225912756339,
    0.25703851324,0.29017238348,0.32531436706,0.362464463981,
    0.401622674242,0.442788997845,0.485963434789,0.531145985075,
    0.578336648702,0.627535425671,0.678742315982,0.731957319636,
    0.787180436632,0.84441166697,0.903651010651,0.964898467674,
    1.02815403804,1.093417721749,1.160689518801,1.229969429195,
    1.301257452933,1.374553590013,1.449857840437,1.527170204204,
    1.606490681313,1.687819271766,1.771155975562,1.856500792702,
    1.943853723184),.UNSPECIFIED.);
#2632 = CARTESIAN_POINT('',(3.109204931967,12.298928594404,0.));
#2633 = CARTESIAN_POINT('',(3.109285328313,12.299253486707,0.));
#2634 = CARTESIAN_POINT('',(3.109602481094,12.300554120793,0.));
#2635 = CARTESIAN_POINT('',(3.110277940387,12.303489703592,0.));
#2636 = CARTESIAN_POINT('',(3.111350042535,12.308394262691,0.));
#2637 = CARTESIAN_POINT('',(3.112764495019,12.315279070759,0.));
#2638 = CARTESIAN_POINT('',(3.114474120673,12.324152610942,0.));
#2639 = CARTESIAN_POINT('',(3.116428049017,12.335023322165,0.));
#2640 = CARTESIAN_POINT('',(3.118576636528,12.347898351313,0.));
#2641 = CARTESIAN_POINT('',(3.120869577949,12.362784034159,0.));
#2642 = CARTESIAN_POINT('',(3.123256621308,12.37968571555,0.));
#2643 = CARTESIAN_POINT('',(3.125687344748,12.398607808023,0.));
#2644 = CARTESIAN_POINT('',(3.128111253181,12.419553769491,0.));
#2645 = CARTESIAN_POINT('',(3.130477768594,12.44252610817,0.));
#2646 = CARTESIAN_POINT('',(3.132736254418,12.467526379133,0.));
#2647 = CARTESIAN_POINT('',(3.134836029046,12.494555183856,0.));
#2648 = CARTESIAN_POINT('',(3.136726382667,12.523612169193,0.));
#2649 = CARTESIAN_POINT('',(3.138356593077,12.554696026857,0.));
#2650 = CARTESIAN_POINT('',(3.139675941782,12.587804493081,0.));
#2651 = CARTESIAN_POINT('',(3.140633730015,12.622934348559,0.));
#2652 = CARTESIAN_POINT('',(3.141179294771,12.660081418629,0.));
#2653 = CARTESIAN_POINT('',(3.141262024825,12.699240573712,0.));
#2654 = CARTESIAN_POINT('',(3.140831376756,12.740405730006,0.));
#2655 = CARTESIAN_POINT('',(3.139836890943,12.783569850428,0.));
#2656 = CARTESIAN_POINT('',(3.13822820756,12.82872494581,0.));
#2657 = CARTESIAN_POINT('',(3.135955082541,12.875862076346,0.));
#2658 = CARTESIAN_POINT('',(3.132967403535,12.92497135329,0.));
#2659 = CARTESIAN_POINT('',(3.129215205826,12.976041940906,0.));
#2660 = CARTESIAN_POINT('',(3.124648688227,13.029062058666,0.));
#2661 = CARTESIAN_POINT('',(3.119218228943,13.084018983702,0.));
#2662 = CARTESIAN_POINT('',(3.112874401394,13.140899053504,0.));
#2663 = CARTESIAN_POINT('',(3.105567990003,13.199687668868,0.));
#2664 = CARTESIAN_POINT('',(3.097250005932,13.260369297092,0.));
#2665 = CARTESIAN_POINT('',(3.087871702777,13.322927475422,0.));
#2666 = CARTESIAN_POINT('',(3.077384592212,13.387344814741,0.));
#2667 = CARTESIAN_POINT('',(3.065740459569,13.453603003512,0.));
#2668 = CARTESIAN_POINT('',(3.052891379373,13.521682811951,0.));
#2669 = CARTESIAN_POINT('',(3.03878973079,13.591564096467,0.));
#2670 = CARTESIAN_POINT('',(3.023388213087,13.663225804315,0.));
#2671 = CARTESIAN_POINT('',(3.006639860711,13.736645978571,0.));
#2672 = CARTESIAN_POINT('',(2.988498059528,13.811801763042,0.));
#2673 = CARTESIAN_POINT('',(2.968916558174,13.888669408624,0.));
#2674 = CARTESIAN_POINT('',(2.947849497982,13.967224275206,0.));
#2675 = CARTESIAN_POINT('',(2.92525137055,14.047440852006,0.));
#2676 = CARTESIAN_POINT('',(2.901077255004,14.129292707696,0.));
#2677 = CARTESIAN_POINT('',(2.884078065323,14.184293171137,0.));
#2678 = CARTESIAN_POINT('',(2.87530724961,14.212058549709,0.));
#2679 = SURFACE_OF_LINEAR_EXTRUSION('',#2680,#2728);
#2680 = B_SPLINE_CURVE_WITH_KNOTS('',3,(#2681,#2682,#2683,#2684,#2685,
    #2686,#2687,#2688,#2689,#2690,#2691,#2692,#2693,#2694,#2695,#2696,
    #2697,#2698,#2699,#2700,#2701,#2702,#2703,#2704,#2705,#2706,#2707,
    #2708,#2709,#2710,#2711,#2712,#2713,#2714,#2715,#2716,#2717,#2718,
    #2719,#2720,#2721,#2722,#2723,#2724,#2725,#2726,#2727),
  .UNSPECIFIED.,.F.,.F.,(4,1,1,1,1,1,1,1,1,1,1,1,1,1,1,1,1,1,1,1,1,1,1,1
    ,1,1,1,1,1,1,1,1,1,1,1,1,1,1,1,1,1,1,1,1,4),(0.,1.004058879412E-03,
    4.016229631009E-03,9.036513432115E-03,1.606491045092E-02,
    2.510142074349E-02,3.614604433531E-02,4.91987812401E-02,
    6.425963146609E-02,8.132859501861E-02,0.100405671901,0.121490862117,
    0.144584165667,0.169685582553,0.196795112777,0.225912756339,
    0.25703851324,0.29017238348,0.32531436706,0.362464463981,
    0.401622674242,0.442788997845,0.485963434789,0.531145985075,
    0.578336648702,0.627535425671,0.678742315982,0.731957319636,
    0.787180436632,0.84441166697,0.903651010651,0.964898467674,
    1.02815403804,1.093417721749,1.160689518801,1.229969429195,
    1.301257452933,1.374553590013,1.449857840437,1.527170204204,
    1.606490681313,1.687819271766,1.771155975562,1.856500792702,
    1.943853723184),.UNSPECIFIED.);
#2681 = CARTESIAN_POINT('',(3.109204931967,12.298928594404,0.));
#2682 = CARTESIAN_POINT('',(3.109285328313,12.299253486707,0.));
#2683 = CARTESIAN_POINT('',(3.109602481094,12.300554120793,0.));
#2684 = CARTESIAN_POINT('',(3.110277940387,12.303489703592,0.));
#2685 = CARTESIAN_POINT('',(3.111350042535,12.308394262691,0.));
#2686 = CARTESIAN_POINT('',(3.112764495019,12.315279070759,0.));
#2687 = CARTESIAN_POINT('',(3.114474120673,12.324152610942,0.));
#2688 = CARTESIAN_POINT('',(3.116428049017,12.335023322165,0.));
#2689 = CARTESIAN_POINT('',(3.118576636528,12.347898351313,0.));
#2690 = CARTESIAN_POINT('',(3.120869577949,12.362784034159,0.));
#2691 = CARTESIAN_POINT('',(3.123256621308,12.37968571555,0.));
#2692 = CARTESIAN_POINT('',(3.125687344748,12.398607808023,0.));
#2693 = CARTESIAN_POINT('',(3.128111253181,12.419553769491,0.));
#2694 = CARTESIAN_POINT('',(3.130477768594,12.44252610817,0.));
#2695 = CARTESIAN_POINT('',(3.132736254418,12.467526379133,0.));
#2696 = CARTESIAN_POINT('',(3.134836029046,12.494555183856,0.));
#2697 = CARTESIAN_POINT('',(3.136726382667,12.523612169193,0.));
#2698 = CARTESIAN_POINT('',(3.138356593077,12.554696026857,0.));
#2699 = CARTESIAN_POINT('',(3.139675941782,12.587804493081,0.));
#2700 = CARTESIAN_POINT('',(3.140633730015,12.622934348559,0.));
#2701 = CARTESIAN_POINT('',(3.141179294771,12.660081418629,0.));
#2702 = CARTESIAN_POINT('',(3.141262024825,12.699240573712,0.));
#2703 = CARTESIAN_POINT('',(3.140831376756,12.740405730006,0.));
#2704 = CARTESIAN_POINT('',(3.139836890943,12.783569850428,0.));
#2705 = CARTESIAN_POINT('',(3.13822820756,12.82872494581,0.));
#2706 = CARTESIAN_POINT('',(3.135955082541,12.875862076346,0.));
#2707 = CARTESIAN_POINT('',(3.132967403535,12.92497135329,0.));
#2708 = CARTESIAN_POINT('',(3.129215205826,12.976041940906,0.));
#2709 = CARTESIAN_POINT('',(3.124648688227,13.029062058666,0.));
#2710 = CARTESIAN_POINT('',(3.119218228943,13.084018983702,0.));
#2711 = CARTESIAN_POINT('',(3.112874401394,13.140899053504,0.));
#2712 = CARTESIAN_POINT('',(3.105567990003,13.199687668868,0.));
#2713 = CARTESIAN_POINT('',(3.097250005932,13.260369297092,0.));
#2714 = CARTESIAN_POINT('',(3.087871702777,13.322927475422,0.));
#2715 = CARTESIAN_POINT('',(3.077384592212,13.387344814741,0.));
#2716 = CARTESIAN_POINT('',(3.065740459569,13.453603003512,0.));
#2717 = CARTESIAN_POINT('',(3.052891379373,13.521682811951,0.));
#2718 = CARTESIAN_POINT('',(3.03878973079,13.591564096467,0.));
#2719 = CARTESIAN_POINT('',(3.023388213087,13.663225804315,0.));
#2720 = CARTESIAN_POINT('',(3.006639860711,13.736645978571,0.));
#2721 = CARTESIAN_POINT('',(2.988498059528,13.811801763042,0.));
#2722 = CARTESIAN_POINT('',(2.968916558174,13.888669408624,0.));
#2723 = CARTESIAN_POINT('',(2.947849497982,13.967224275206,0.));
#2724 = CARTESIAN_POINT('',(2.92525137055,14.047440852006,0.));
#2725 = CARTESIAN_POINT('',(2.901077255004,14.129292707696,0.));
#2726 = CARTESIAN_POINT('',(2.884078065323,14.184293171137,0.));
#2727 = CARTESIAN_POINT('',(2.87530724961,14.212058549709,0.));
#2728 = VECTOR('',#2729,1.);
#2729 = DIRECTION('',(-0.,-0.,-1.));
#2730 = ADVANCED_FACE('',(#2731),#2754,.F.);
#2731 = FACE_BOUND('',#2732,.F.);
#2732 = EDGE_LOOP('',(#2733,#2734,#2741,#2749));
#2733 = ORIENTED_EDGE('',*,*,#2622,.T.);
#2734 = ORIENTED_EDGE('',*,*,#2735,.T.);
#2735 = EDGE_CURVE('',#2571,#2736,#2738,.T.);
#2736 = VERTEX_POINT('',#2737);
#2737 = CARTESIAN_POINT('',(2.158905297174,14.338379542955,6.));
#2738 = B_SPLINE_CURVE_WITH_KNOTS('',1,(#2739,#2740),.UNSPECIFIED.,.F.,
  .F.,(2,2),(0.,0.72745360731),.PIECEWISE_BEZIER_KNOTS.);
#2739 = CARTESIAN_POINT('',(2.87530724961,14.212058549709,6.));
#2740 = CARTESIAN_POINT('',(2.158905297174,14.338379542955,6.));
#2741 = ORIENTED_EDGE('',*,*,#2742,.F.);
#2742 = EDGE_CURVE('',#2743,#2736,#2745,.T.);
#2743 = VERTEX_POINT('',#2744);
#2744 = CARTESIAN_POINT('',(2.158905297174,14.338379542955,0.));
#2745 = LINE('',#2746,#2747);
#2746 = CARTESIAN_POINT('',(2.158905297174,14.338379542955,0.));
#2747 = VECTOR('',#2748,1.);
#2748 = DIRECTION('',(0.,0.,1.));
#2749 = ORIENTED_EDGE('',*,*,#2750,.F.);
#2750 = EDGE_CURVE('',#2623,#2743,#2751,.T.);
#2751 = B_SPLINE_CURVE_WITH_KNOTS('',1,(#2752,#2753),.UNSPECIFIED.,.F.,
  .F.,(2,2),(0.,0.72745360731),.PIECEWISE_BEZIER_KNOTS.);
#2752 = CARTESIAN_POINT('',(2.87530724961,14.212058549709,0.));
#2753 = CARTESIAN_POINT('',(2.158905297174,14.338379542955,0.));
#2754 = SURFACE_OF_LINEAR_EXTRUSION('',#2755,#2758);
#2755 = B_SPLINE_CURVE_WITH_KNOTS('',1,(#2756,#2757),.UNSPECIFIED.,.F.,
  .F.,(2,2),(0.,0.72745360731),.PIECEWISE_BEZIER_KNOTS.);
#2756 = CARTESIAN_POINT('',(2.87530724961,14.212058549709,0.));
#2757 = CARTESIAN_POINT('',(2.158905297174,14.338379542955,0.));
#2758 = VECTOR('',#2759,1.);
#2759 = DIRECTION('',(-0.,-0.,-1.));
#2760 = ADVANCED_FACE('',(#2761),#2874,.F.);
#2761 = FACE_BOUND('',#2762,.F.);
#2762 = EDGE_LOOP('',(#2763,#2764,#2816,#2824));
#2763 = ORIENTED_EDGE('',*,*,#2742,.T.);
#2764 = ORIENTED_EDGE('',*,*,#2765,.T.);
#2765 = EDGE_CURVE('',#2736,#2766,#2768,.T.);
#2766 = VERTEX_POINT('',#2767);
#2767 = CARTESIAN_POINT('',(1.28478438953,12.620623160195,6.));
#2768 = B_SPLINE_CURVE_WITH_KNOTS('',3,(#2769,#2770,#2771,#2772,#2773,
    #2774,#2775,#2776,#2777,#2778,#2779,#2780,#2781,#2782,#2783,#2784,
    #2785,#2786,#2787,#2788,#2789,#2790,#2791,#2792,#2793,#2794,#2795,
    #2796,#2797,#2798,#2799,#2800,#2801,#2802,#2803,#2804,#2805,#2806,
    #2807,#2808,#2809,#2810,#2811,#2812,#2813,#2814,#2815),
  .UNSPECIFIED.,.F.,.F.,(4,1,1,1,1,1,1,1,1,1,1,1,1,1,1,1,1,1,1,1,1,1,1,1
    ,1,1,1,1,1,1,1,1,1,1,1,1,1,1,1,1,1,1,1,1,4),(0.,8.735293048255E-02,
    0.172697747622,0.256034451418,0.337363041871,0.416683518981,
    0.493995882747,0.569300133171,0.642596270251,0.713884293989,
    0.783164204383,0.850436001435,0.915699685144,0.97895525551,
    1.040202712533,1.099442056214,1.156673286553,1.211896403548,
    1.265111407202,1.316318297513,1.365517074482,1.41270773811,
    1.457890288395,1.501064725339,1.542231048942,1.581389259203,
    1.618539356124,1.653681339704,1.686815209945,1.717940966845,
    1.747058610407,1.774168140631,1.799269557517,1.822362861067,
    1.843448051283,1.862525128166,1.879594091718,1.894654941944,
    1.907707678849,1.918752302441,1.927788812733,1.934817209752,
    1.939837493553,1.942849664305,1.943853723184),.UNSPECIFIED.);
#2769 = CARTESIAN_POINT('',(2.158905297174,14.338379542955,6.));
#2770 = CARTESIAN_POINT('',(2.141167107611,14.315288417245,6.));
#2771 = CARTESIAN_POINT('',(2.10638182812,14.269418952901,6.));
#2772 = CARTESIAN_POINT('',(2.055670606712,14.200771402575,6.));
#2773 = CARTESIAN_POINT('',(2.006999628026,14.133121492075,6.));
#2774 = CARTESIAN_POINT('',(1.960335720295,14.066509422568,6.));
#2775 = CARTESIAN_POINT('',(1.91564484481,14.000974731136,6.));
#2776 = CARTESIAN_POINT('',(1.872892335934,13.936556256501,6.));
#2777 = CARTESIAN_POINT('',(1.832042854274,13.873292134416,6.));
#2778 = CARTESIAN_POINT('',(1.793060414151,13.81121978565,6.));
#2779 = CARTESIAN_POINT('',(1.75590839209,13.750375906129,6.));
#2780 = CARTESIAN_POINT('',(1.720549540406,13.690796456764,6.));
#2781 = CARTESIAN_POINT('',(1.686945999666,13.632516653626,6.));
#2782 = CARTESIAN_POINT('',(1.655059311628,13.575570958275,6.));
#2783 = CARTESIAN_POINT('',(1.624850432239,13.519993068317,6.));
#2784 = CARTESIAN_POINT('',(1.596279744805,13.465815908162,6.));
#2785 = CARTESIAN_POINT('',(1.569307073284,13.41307161999,6.));
#2786 = CARTESIAN_POINT('',(1.543891695723,13.361791554935,6.));
#2787 = CARTESIAN_POINT('',(1.519992357828,13.31200626448,6.));
#2788 = CARTESIAN_POINT('',(1.497567286662,13.263745492071,6.));
#2789 = CARTESIAN_POINT('',(1.476574204467,13.217038164948,6.));
#2790 = CARTESIAN_POINT('',(1.456970342614,13.171912386193,6.));
#2791 = CARTESIAN_POINT('',(1.438712455666,13.128395427008,6.));
#2792 = CARTESIAN_POINT('',(1.421756835566,13.086513719208,6.));
#2793 = CARTESIAN_POINT('',(1.406059325933,13.046292847945,6.));
#2794 = CARTESIAN_POINT('',(1.391575336465,13.007757544656,6.));
#2795 = CARTESIAN_POINT('',(1.378259857453,12.970931680243,6.));
#2796 = CARTESIAN_POINT('',(1.366067474398,12.935838258479,6.));
#2797 = CARTESIAN_POINT('',(1.354952382727,12.902499409648,6.));
#2798 = CARTESIAN_POINT('',(1.344868402606,12.870936384419,6.));
#2799 = CARTESIAN_POINT('',(1.335768993845,12.841169547948,6.));
#2800 = CARTESIAN_POINT('',(1.327607270905,12.813218374228,6.));
#2801 = CARTESIAN_POINT('',(1.320336017962,12.787101440662,6.));
#2802 = CARTESIAN_POINT('',(1.313907704168,12.762836422876,6.));
#2803 = CARTESIAN_POINT('',(1.30827449867,12.740440089796,6.));
#2804 = CARTESIAN_POINT('',(1.303388286795,12.71992829886,6.));
#2805 = CARTESIAN_POINT('',(1.299200682896,12.701315991813,6.));
#2806 = CARTESIAN_POINT('',(1.295663054433,12.68461718962,6.));
#2807 = CARTESIAN_POINT('',(1.292726511186,12.669844991141,6.));
#2808 = CARTESIAN_POINT('',(1.290342003701,12.657011561049,6.));
#2809 = CARTESIAN_POINT('',(1.288460093536,12.646128151078,6.));
#2810 = CARTESIAN_POINT('',(1.287031686662,12.637205024437,6.));
#2811 = CARTESIAN_POINT('',(1.286006094182,12.630251649858,6.));
#2812 = CARTESIAN_POINT('',(1.285336082653,12.625276191334,6.));
#2813 = CARTESIAN_POINT('',(1.284966778317,12.622286625157,6.));
#2814 = CARTESIAN_POINT('',(1.284819961389,12.620955956264,6.));
#2815 = CARTESIAN_POINT('',(1.28478438953,12.620623160195,6.));
#2816 = ORIENTED_EDGE('',*,*,#2817,.F.);
#2817 = EDGE_CURVE('',#2818,#2766,#2820,.T.);
#2818 = VERTEX_POINT('',#2819);
#2819 = CARTESIAN_POINT('',(1.28478438953,12.620623160195,0.));
#2820 = LINE('',#2821,#2822);
#2821 = CARTESIAN_POINT('',(1.28478438953,12.620623160195,0.));
#2822 = VECTOR('',#2823,1.);
#2823 = DIRECTION('',(0.,0.,1.));
#2824 = ORIENTED_EDGE('',*,*,#2825,.F.);
#2825 = EDGE_CURVE('',#2743,#2818,#2826,.T.);
#2826 = B_SPLINE_CURVE_WITH_KNOTS('',3,(#2827,#2828,#2829,#2830,#2831,
    #2832,#2833,#2834,#2835,#2836,#2837,#2838,#2839,#2840,#2841,#2842,
    #2843,#2844,#2845,#2846,#2847,#2848,#2849,#2850,#2851,#2852,#2853,
    #2854,#2855,#2856,#2857,#2858,#2859,#2860,#2861,#2862,#2863,#2864,
    #2865,#2866,#2867,#2868,#2869,#2870,#2871,#2872,#2873),
  .UNSPECIFIED.,.F.,.F.,(4,1,1,1,1,1,1,1,1,1,1,1,1,1,1,1,1,1,1,1,1,1,1,1
    ,1,1,1,1,1,1,1,1,1,1,1,1,1,1,1,1,1,1,1,1,4),(0.,8.735293048255E-02,
    0.172697747622,0.256034451418,0.337363041871,0.416683518981,
    0.493995882747,0.569300133171,0.642596270251,0.713884293989,
    0.783164204383,0.850436001435,0.915699685144,0.97895525551,
    1.040202712533,1.099442056214,1.156673286553,1.211896403548,
    1.265111407202,1.316318297513,1.365517074482,1.41270773811,
    1.457890288395,1.501064725339,1.542231048942,1.581389259203,
    1.618539356124,1.653681339704,1.686815209945,1.717940966845,
    1.747058610407,1.774168140631,1.799269557517,1.822362861067,
    1.843448051283,1.862525128166,1.879594091718,1.894654941944,
    1.907707678849,1.918752302441,1.927788812733,1.934817209752,
    1.939837493553,1.942849664305,1.943853723184),.UNSPECIFIED.);
#2827 = CARTESIAN_POINT('',(2.158905297174,14.338379542955,0.));
#2828 = CARTESIAN_POINT('',(2.141167107611,14.315288417245,0.));
#2829 = CARTESIAN_POINT('',(2.10638182812,14.269418952901,0.));
#2830 = CARTESIAN_POINT('',(2.055670606712,14.200771402575,0.));
#2831 = CARTESIAN_POINT('',(2.006999628026,14.133121492075,0.));
#2832 = CARTESIAN_POINT('',(1.960335720295,14.066509422568,0.));
#2833 = CARTESIAN_POINT('',(1.91564484481,14.000974731136,0.));
#2834 = CARTESIAN_POINT('',(1.872892335934,13.936556256501,0.));
#2835 = CARTESIAN_POINT('',(1.832042854274,13.873292134416,0.));
#2836 = CARTESIAN_POINT('',(1.793060414151,13.81121978565,0.));
#2837 = CARTESIAN_POINT('',(1.75590839209,13.750375906129,0.));
#2838 = CARTESIAN_POINT('',(1.720549540406,13.690796456764,0.));
#2839 = CARTESIAN_POINT('',(1.686945999666,13.632516653626,0.));
#2840 = CARTESIAN_POINT('',(1.655059311628,13.575570958275,0.));
#2841 = CARTESIAN_POINT('',(1.624850432239,13.519993068317,0.));
#2842 = CARTESIAN_POINT('',(1.596279744805,13.465815908162,0.));
#2843 = CARTESIAN_POINT('',(1.569307073284,13.41307161999,0.));
#2844 = CARTESIAN_POINT('',(1.543891695723,13.361791554935,0.));
#2845 = CARTESIAN_POINT('',(1.519992357828,13.31200626448,0.));
#2846 = CARTESIAN_POINT('',(1.497567286662,13.263745492071,0.));
#2847 = CARTESIAN_POINT('',(1.476574204467,13.217038164948,0.));
#2848 = CARTESIAN_POINT('',(1.456970342614,13.171912386193,0.));
#2849 = CARTESIAN_POINT('',(1.438712455666,13.128395427008,0.));
#2850 = CARTESIAN_POINT('',(1.421756835566,13.086513719208,0.));
#2851 = CARTESIAN_POINT('',(1.406059325933,13.046292847945,0.));
#2852 = CARTESIAN_POINT('',(1.391575336465,13.007757544656,0.));
#2853 = CARTESIAN_POINT('',(1.378259857453,12.970931680243,0.));
#2854 = CARTESIAN_POINT('',(1.366067474398,12.935838258479,0.));
#2855 = CARTESIAN_POINT('',(1.354952382727,12.902499409648,0.));
#2856 = CARTESIAN_POINT('',(1.344868402606,12.870936384419,0.));
#2857 = CARTESIAN_POINT('',(1.335768993845,12.841169547948,0.));
#2858 = CARTESIAN_POINT('',(1.327607270905,12.813218374228,0.));
#2859 = CARTESIAN_POINT('',(1.320336017962,12.787101440662,0.));
#2860 = CARTESIAN_POINT('',(1.313907704168,12.762836422876,0.));
#2861 = CARTESIAN_POINT('',(1.30827449867,12.740440089796,0.));
#2862 = CARTESIAN_POINT('',(1.303388286795,12.71992829886,0.));
#2863 = CARTESIAN_POINT('',(1.299200682896,12.701315991813,0.));
#2864 = CARTESIAN_POINT('',(1.295663054433,12.68461718962,0.));
#2865 = CARTESIAN_POINT('',(1.292726511186,12.669844991141,0.));
#2866 = CARTESIAN_POINT('',(1.290342003701,12.657011561049,0.));
#2867 = CARTESIAN_POINT('',(1.288460093536,12.646128151078,0.));
#2868 = CARTESIAN_POINT('',(1.287031686662,12.637205024437,0.));
#2869 = CARTESIAN_POINT('',(1.286006094182,12.630251649858,0.));
#2870 = CARTESIAN_POINT('',(1.285336082653,12.625276191334,0.));
#2871 = CARTESIAN_POINT('',(1.284966778317,12.622286625157,0.));
#2872 = CARTESIAN_POINT('',(1.284819961389,12.620955956264,0.));
#2873 = CARTESIAN_POINT('',(1.28478438953,12.620623160195,0.));
#2874 = SURFACE_OF_LINEAR_EXTRUSION('',#2875,#2923);
#2875 = B_SPLINE_CURVE_WITH_KNOTS('',3,(#2876,#2877,#2878,#2879,#2880,
    #2881,#2882,#2883,#2884,#2885,#2886,#2887,#2888,#2889,#2890,#2891,
    #2892,#2893,#2894,#2895,#2896,#2897,#2898,#2899,#2900,#2901,#2902,
    #2903,#2904,#2905,#2906,#2907,#2908,#2909,#2910,#2911,#2912,#2913,
    #2914,#2915,#2916,#2917,#2918,#2919,#2920,#2921,#2922),
  .UNSPECIFIED.,.F.,.F.,(4,1,1,1,1,1,1,1,1,1,1,1,1,1,1,1,1,1,1,1,1,1,1,1
    ,1,1,1,1,1,1,1,1,1,1,1,1,1,1,1,1,1,1,1,1,4),(0.,8.735293048255E-02,
    0.172697747622,0.256034451418,0.337363041871,0.416683518981,
    0.493995882747,0.569300133171,0.642596270251,0.713884293989,
    0.783164204383,0.850436001435,0.915699685144,0.97895525551,
    1.040202712533,1.099442056214,1.156673286553,1.211896403548,
    1.265111407202,1.316318297513,1.365517074482,1.41270773811,
    1.457890288395,1.501064725339,1.542231048942,1.581389259203,
    1.618539356124,1.653681339704,1.686815209945,1.717940966845,
    1.747058610407,1.774168140631,1.799269557517,1.822362861067,
    1.843448051283,1.862525128166,1.879594091718,1.894654941944,
    1.907707678849,1.918752302441,1.927788812733,1.934817209752,
    1.939837493553,1.942849664305,1.943853723184),.UNSPECIFIED.);
#2876 = CARTESIAN_POINT('',(2.158905297174,14.338379542955,0.));
#2877 = CARTESIAN_POINT('',(2.141167107611,14.315288417245,0.));
#2878 = CARTESIAN_POINT('',(2.10638182812,14.269418952901,0.));
#2879 = CARTESIAN_POINT('',(2.055670606712,14.200771402575,0.));
#2880 = CARTESIAN_POINT('',(2.006999628026,14.133121492075,0.));
#2881 = CARTESIAN_POINT('',(1.960335720295,14.066509422568,0.));
#2882 = CARTESIAN_POINT('',(1.91564484481,14.000974731136,0.));
#2883 = CARTESIAN_POINT('',(1.872892335934,13.936556256501,0.));
#2884 = CARTESIAN_POINT('',(1.832042854274,13.873292134416,0.));
#2885 = CARTESIAN_POINT('',(1.793060414151,13.81121978565,0.));
#2886 = CARTESIAN_POINT('',(1.75590839209,13.750375906129,0.));
#2887 = CARTESIAN_POINT('',(1.720549540406,13.690796456764,0.));
#2888 = CARTESIAN_POINT('',(1.686945999666,13.632516653626,0.));
#2889 = CARTESIAN_POINT('',(1.655059311628,13.575570958275,0.));
#2890 = CARTESIAN_POINT('',(1.624850432239,13.519993068317,0.));
#2891 = CARTESIAN_POINT('',(1.596279744805,13.465815908162,0.));
#2892 = CARTESIAN_POINT('',(1.569307073284,13.41307161999,0.));
#2893 = CARTESIAN_POINT('',(1.543891695723,13.361791554935,0.));
#2894 = CARTESIAN_POINT('',(1.519992357828,13.31200626448,0.));
#2895 = CARTESIAN_POINT('',(1.497567286662,13.263745492071,0.));
#2896 = CARTESIAN_POINT('',(1.476574204467,13.217038164948,0.));
#2897 = CARTESIAN_POINT('',(1.456970342614,13.171912386193,0.));
#2898 = CARTESIAN_POINT('',(1.438712455666,13.128395427008,0.));
#2899 = CARTESIAN_POINT('',(1.421756835566,13.086513719208,0.));
#2900 = CARTESIAN_POINT('',(1.406059325933,13.046292847945,0.));
#2901 = CARTESIAN_POINT('',(1.391575336465,13.007757544656,0.));
#2902 = CARTESIAN_POINT('',(1.378259857453,12.970931680243,0.));
#2903 = CARTESIAN_POINT('',(1.366067474398,12.935838258479,0.));
#2904 = CARTESIAN_POINT('',(1.354952382727,12.902499409648,0.));
#2905 = CARTESIAN_POINT('',(1.344868402606,12.870936384419,0.));
#2906 = CARTESIAN_POINT('',(1.335768993845,12.841169547948,0.));
#2907 = CARTESIAN_POINT('',(1.327607270905,12.813218374228,0.));
#2908 = CARTESIAN_POINT('',(1.320336017962,12.787101440662,0.));
#2909 = CARTESIAN_POINT('',(1.313907704168,12.762836422876,0.));
#2910 = CARTESIAN_POINT('',(1.30827449867,12.740440089796,0.));
#2911 = CARTESIAN_POINT('',(1.303388286795,12.71992829886,0.));
#2912 = CARTESIAN_POINT('',(1.299200682896,12.701315991813,0.));
#2913 = CARTESIAN_POINT('',(1.295663054433,12.68461718962,0.));
#2914 = CARTESIAN_POINT('',(1.292726511186,12.669844991141,0.));
#2915 = CARTESIAN_POINT('',(1.290342003701,12.657011561049,0.));
#2916 = CARTESIAN_POINT('',(1.288460093536,12.646128151078,0.));
#2917 = CARTESIAN_POINT('',(1.287031686662,12.637205024437,0.));
#2918 = CARTESIAN_POINT('',(1.286006094182,12.630251649858,0.));
#2919 = CARTESIAN_POINT('',(1.285336082653,12.625276191334,0.));
#2920 = CARTESIAN_POINT('',(1.284966778317,12.622286625157,0.));
#2921 = CARTESIAN_POINT('',(1.284819961389,12.620955956264,0.));
#2922 = CARTESIAN_POINT('',(1.28478438953,12.620623160195,0.));
#2923 = VECTOR('',#2924,1.);
#2924 = DIRECTION('',(-0.,-0.,-1.));
#2925 = ADVANCED_FACE('',(#2926),#2949,.F.);
#2926 = FACE_BOUND('',#2927,.F.);
#2927 = EDGE_LOOP('',(#2928,#2929,#2936,#2944));
#2928 = ORIENTED_EDGE('',*,*,#2817,.T.);
#2929 = ORIENTED_EDGE('',*,*,#2930,.T.);
#2930 = EDGE_CURVE('',#2766,#2931,#2933,.T.);
#2931 = VERTEX_POINT('',#2932);
#2932 = CARTESIAN_POINT('',(1.240642787006,12.187013804663,6.));
#2933 = B_SPLINE_CURVE_WITH_KNOTS('',1,(#2934,#2935),.UNSPECIFIED.,.F.,
  .F.,(2,2),(0.,0.43585038061),.PIECEWISE_BEZIER_KNOTS.);
#2934 = CARTESIAN_POINT('',(1.28478438953,12.620623160195,6.));
#2935 = CARTESIAN_POINT('',(1.240642787006,12.187013804663,6.));
#2936 = ORIENTED_EDGE('',*,*,#2937,.F.);
#2937 = EDGE_CURVE('',#2938,#2931,#2940,.T.);
#2938 = VERTEX_POINT('',#2939);
#2939 = CARTESIAN_POINT('',(1.240642787006,12.187013804663,0.));
#2940 = LINE('',#2941,#2942);
#2941 = CARTESIAN_POINT('',(1.240642787006,12.187013804663,0.));
#2942 = VECTOR('',#2943,1.);
#2943 = DIRECTION('',(0.,0.,1.));
#2944 = ORIENTED_EDGE('',*,*,#2945,.F.);
#2945 = EDGE_CURVE('',#2818,#2938,#2946,.T.);
#2946 = B_SPLINE_CURVE_WITH_KNOTS('',1,(#2947,#2948),.UNSPECIFIED.,.F.,
  .F.,(2,2),(0.,0.43585038061),.PIECEWISE_BEZIER_KNOTS.);
#2947 = CARTESIAN_POINT('',(1.28478438953,12.620623160195,0.));
#2948 = CARTESIAN_POINT('',(1.240642787006,12.187013804663,0.));
#2949 = SURFACE_OF_LINEAR_EXTRUSION('',#2950,#2953);
#2950 = B_SPLINE_CURVE_WITH_KNOTS('',1,(#2951,#2952),.UNSPECIFIED.,.F.,
  .F.,(2,2),(0.,0.43585038061),.PIECEWISE_BEZIER_KNOTS.);
#2951 = CARTESIAN_POINT('',(1.28478438953,12.620623160195,0.));
#2952 = CARTESIAN_POINT('',(1.240642787006,12.187013804663,0.));
#2953 = VECTOR('',#2954,1.);
#2954 = DIRECTION('',(-0.,-0.,-1.));
#2955 = ADVANCED_FACE('',(#2956),#2979,.F.);
#2956 = FACE_BOUND('',#2957,.F.);
#2957 = EDGE_LOOP('',(#2958,#2959,#2966,#2974));
#2958 = ORIENTED_EDGE('',*,*,#2937,.T.);
#2959 = ORIENTED_EDGE('',*,*,#2960,.T.);
#2960 = EDGE_CURVE('',#2931,#2961,#2963,.T.);
#2961 = VERTEX_POINT('',#2962);
#2962 = CARTESIAN_POINT('',(0.182571942758,12.248639413654,6.));
#2963 = B_SPLINE_CURVE_WITH_KNOTS('',1,(#2964,#2965),.UNSPECIFIED.,.F.,
  .F.,(2,2),(0.,1.059863966333),.PIECEWISE_BEZIER_KNOTS.);
#2964 = CARTESIAN_POINT('',(1.240642787006,12.187013804663,6.));
#2965 = CARTESIAN_POINT('',(0.182571942758,12.248639413654,6.));
#2966 = ORIENTED_EDGE('',*,*,#2967,.F.);
#2967 = EDGE_CURVE('',#2968,#2961,#2970,.T.);
#2968 = VERTEX_POINT('',#2969);
#2969 = CARTESIAN_POINT('',(0.182571942758,12.248639413654,0.));
#2970 = LINE('',#2971,#2972);
#2971 = CARTESIAN_POINT('',(0.182571942758,12.248639413654,0.));
#2972 = VECTOR('',#2973,1.);
#2973 = DIRECTION('',(0.,0.,1.));
#2974 = ORIENTED_EDGE('',*,*,#2975,.F.);
#2975 = EDGE_CURVE('',#2938,#2968,#2976,.T.);
#2976 = B_SPLINE_CURVE_WITH_KNOTS('',1,(#2977,#2978),.UNSPECIFIED.,.F.,
  .F.,(2,2),(0.,1.059863966333),.PIECEWISE_BEZIER_KNOTS.);
#2977 = CARTESIAN_POINT('',(1.240642787006,12.187013804663,0.));
#2978 = CARTESIAN_POINT('',(0.182571942758,12.248639413654,0.));
#2979 = SURFACE_OF_LINEAR_EXTRUSION('',#2980,#2983);
#2980 = B_SPLINE_CURVE_WITH_KNOTS('',1,(#2981,#2982),.UNSPECIFIED.,.F.,
  .F.,(2,2),(0.,1.059863966333),.PIECEWISE_BEZIER_KNOTS.);
#2981 = CARTESIAN_POINT('',(1.240642787006,12.187013804663,0.));
#2982 = CARTESIAN_POINT('',(0.182571942758,12.248639413654,0.));
#2983 = VECTOR('',#2984,1.);
#2984 = DIRECTION('',(-0.,-0.,-1.));
#2985 = ADVANCED_FACE('',(#2986),#3009,.F.);
#2986 = FACE_BOUND('',#2987,.F.);
#2987 = EDGE_LOOP('',(#2988,#2989,#2996,#3004));
#2988 = ORIENTED_EDGE('',*,*,#2967,.T.);
#2989 = ORIENTED_EDGE('',*,*,#2990,.T.);
#2990 = EDGE_CURVE('',#2961,#2991,#2993,.T.);
#2991 = VERTEX_POINT('',#2992);
#2992 = CARTESIAN_POINT('',(0.189067783634,12.684441385115,6.));
#2993 = B_SPLINE_CURVE_WITH_KNOTS('',1,(#2994,#2995),.UNSPECIFIED.,.F.,
  .F.,(2,2),(0.,0.43585038061),.PIECEWISE_BEZIER_KNOTS.);
#2994 = CARTESIAN_POINT('',(0.182571942758,12.248639413654,6.));
#2995 = CARTESIAN_POINT('',(0.189067783634,12.684441385115,6.));
#2996 = ORIENTED_EDGE('',*,*,#2997,.F.);
#2997 = EDGE_CURVE('',#2998,#2991,#3000,.T.);
#2998 = VERTEX_POINT('',#2999);
#2999 = CARTESIAN_POINT('',(0.189067783634,12.684441385115,0.));
#3000 = LINE('',#3001,#3002);
#3001 = CARTESIAN_POINT('',(0.189067783634,12.684441385115,0.));
#3002 = VECTOR('',#3003,1.);
#3003 = DIRECTION('',(0.,0.,1.));
#3004 = ORIENTED_EDGE('',*,*,#3005,.F.);
#3005 = EDGE_CURVE('',#2968,#2998,#3006,.T.);
#3006 = B_SPLINE_CURVE_WITH_KNOTS('',1,(#3007,#3008),.UNSPECIFIED.,.F.,
  .F.,(2,2),(0.,0.43585038061),.PIECEWISE_BEZIER_KNOTS.);
#3007 = CARTESIAN_POINT('',(0.182571942758,12.248639413654,0.));
#3008 = CARTESIAN_POINT('',(0.189067783634,12.684441385115,0.));
#3009 = SURFACE_OF_LINEAR_EXTRUSION('',#3010,#3013);
#3010 = B_SPLINE_CURVE_WITH_KNOTS('',1,(#3011,#3012),.UNSPECIFIED.,.F.,
  .F.,(2,2),(0.,0.43585038061),.PIECEWISE_BEZIER_KNOTS.);
#3011 = CARTESIAN_POINT('',(0.182571942758,12.248639413654,0.));
#3012 = CARTESIAN_POINT('',(0.189067783634,12.684441385115,0.));
#3013 = VECTOR('',#3014,1.);
#3014 = DIRECTION('',(-0.,-0.,-1.));
#3015 = ADVANCED_FACE('',(#3016),#3129,.F.);
#3016 = FACE_BOUND('',#3017,.F.);
#3017 = EDGE_LOOP('',(#3018,#3019,#3071,#3079));
#3018 = ORIENTED_EDGE('',*,*,#2997,.T.);
#3019 = ORIENTED_EDGE('',*,*,#3020,.T.);
#3020 = EDGE_CURVE('',#2991,#3021,#3023,.T.);
#3021 = VERTEX_POINT('',#3022);
#3022 = CARTESIAN_POINT('',(-0.47972328691,14.492062157195,6.));
#3023 = B_SPLINE_CURVE_WITH_KNOTS('',3,(#3024,#3025,#3026,#3027,#3028,
    #3029,#3030,#3031,#3032,#3033,#3034,#3035,#3036,#3037,#3038,#3039,
    #3040,#3041,#3042,#3043,#3044,#3045,#3046,#3047,#3048,#3049,#3050,
    #3051,#3052,#3053,#3054,#3055,#3056,#3057,#3058,#3059,#3060,#3061,
    #3062,#3063,#3064,#3065,#3066,#3067,#3068,#3069,#3070),
  .UNSPECIFIED.,.F.,.F.,(4,1,1,1,1,1,1,1,1,1,1,1,1,1,1,1,1,1,1,1,1,1,1,1
    ,1,1,1,1,1,1,1,1,1,1,1,1,1,1,1,1,1,1,1,1,4),(0.,1.004058879412E-03,
    4.016229631009E-03,9.036513432115E-03,1.606491045092E-02,
    2.510142074349E-02,3.614604433531E-02,4.91987812401E-02,
    6.425963146609E-02,8.132859501861E-02,0.100405671901,0.121490862117,
    0.144584165667,0.169685582553,0.196795112777,0.225912756339,
    0.25703851324,0.29017238348,0.32531436706,0.362464463981,
    0.401622674242,0.442788997845,0.485963434789,0.531145985075,
    0.578336648702,0.627535425671,0.678742315982,0.731957319636,
    0.787180436632,0.84441166697,0.903651010651,0.964898467674,
    1.02815403804,1.093417721749,1.160689518801,1.229969429195,
    1.301257452933,1.374553590013,1.449857840437,1.527170204204,
    1.606490681313,1.687819271766,1.771155975562,1.856500792702,
    1.943853723184),.UNSPECIFIED.);
#3024 = CARTESIAN_POINT('',(0.189067783634,12.684441385115,6.));
#3025 = CARTESIAN_POINT('',(0.189071087565,12.684776060577,6.));
#3026 = CARTESIAN_POINT('',(0.18907974459,12.686114776367,6.));
#3027 = CARTESIAN_POINT('',(0.189060004807,12.689127001785,6.));
#3028 = CARTESIAN_POINT('',(0.188972139135,12.694146601629,6.));
#3029 = CARTESIAN_POINT('',(0.188760718863,12.701172023996,6.));
#3030 = CARTESIAN_POINT('',(0.18837788214,12.710200643564,6.));
#3031 = CARTESIAN_POINT('',(0.187772183558,12.721228940245,6.));
#3032 = CARTESIAN_POINT('',(0.186893669556,12.734252419696,6.));
#3033 = CARTESIAN_POINT('',(0.185691929734,12.749265645717,6.));
#3034 = CARTESIAN_POINT('',(0.184116834059,12.766262230181,6.));
#3035 = CARTESIAN_POINT('',(0.182118302202,12.785234838606,6.));
#3036 = CARTESIAN_POINT('',(0.179646402727,12.806175190725,6.));
#3037 = CARTESIAN_POINT('',(0.176651342523,12.829074063055,6.));
#3038 = CARTESIAN_POINT('',(0.173083491313,12.853921291153,6.));
#3039 = CARTESIAN_POINT('',(0.168893394908,12.880705772301,6.));
#3040 = CARTESIAN_POINT('',(0.164031791828,12.909415468384,6.));
#3041 = CARTESIAN_POINT('',(0.158449628804,12.940037409034,6.));
#3042 = CARTESIAN_POINT('',(0.152098076527,12.972557695017,6.));
#3043 = CARTESIAN_POINT('',(0.144928545244,13.006961501862,6.));
#3044 = CARTESIAN_POINT('',(0.136892700321,13.043233083741,6.));
#3045 = CARTESIAN_POINT('',(0.127942477729,13.081355777595,6.));
#3046 = CARTESIAN_POINT('',(0.118030099471,13.121312007494,6.));
#3047 = CARTESIAN_POINT('',(0.107108088936,13.163083289252,6.));
#3048 = CARTESIAN_POINT('',(9.512928618154E-02,13.206650235275,6.));
#3049 = CARTESIAN_POINT('',(8.204686313918E-02,13.251992559651,6.));
#3050 = CARTESIAN_POINT('',(6.78143387439E-02,13.299089083484,6.));
#3051 = CARTESIAN_POINT('',(5.238559397742E-02,13.347917740459,6.));
#3052 = CARTESIAN_POINT('',(3.571488682714E-02,13.398455582651,6.));
#3053 = CARTESIAN_POINT('',(1.775686715511E-02,13.450678786564,6.));
#3054 = CARTESIAN_POINT('',(-1.533408526245E-03,13.504562659409,6.));
#3055 = CARTESIAN_POINT('',(-2.220046237484E-02,13.560081645612,6.));
#3056 = CARTESIAN_POINT('',(-4.428838063994E-02,13.617209333554,6.));
#3057 = CARTESIAN_POINT('',(-6.784079918669E-02,13.675918462543,6.));
#3058 = CARTESIAN_POINT('',(-9.290088912749E-02,13.73618093001,6.));
#3059 = CARTESIAN_POINT('',(-0.119511342565,13.797967798938,6.));
#3060 = CARTESIAN_POINT('',(-0.147714358445,13.861249305512,6.));
#3061 = CARTESIAN_POINT('',(-0.177551628543,13.925994866994,6.));
#3062 = CARTESIAN_POINT('',(-0.209064323497,13.992173089816,6.));
#3063 = CARTESIAN_POINT('',(-0.242293079283,14.059751777906,6.));
#3064 = CARTESIAN_POINT('',(-0.277277982545,14.128697941203,6.));
#3065 = CARTESIAN_POINT('',(-0.314058561013,14.198977804466,6.));
#3066 = CARTESIAN_POINT('',(-0.352673754829,14.270556816022,6.));
#3067 = CARTESIAN_POINT('',(-0.393161962518,14.343399657777,6.));
#3068 = CARTESIAN_POINT('',(-0.435560798623,14.417470251398,6.));
#3069 = CARTESIAN_POINT('',(-0.464785752713,14.467067887298,6.));
#3070 = CARTESIAN_POINT('',(-0.47972328691,14.492062157195,6.));
#3071 = ORIENTED_EDGE('',*,*,#3072,.F.);
#3072 = EDGE_CURVE('',#3073,#3021,#3075,.T.);
#3073 = VERTEX_POINT('',#3074);
#3074 = CARTESIAN_POINT('',(-0.47972328691,14.492062157195,0.));
#3075 = LINE('',#3076,#3077);
#3076 = CARTESIAN_POINT('',(-0.47972328691,14.492062157195,0.));
#3077 = VECTOR('',#3078,1.);
#3078 = DIRECTION('',(0.,0.,1.));
#3079 = ORIENTED_EDGE('',*,*,#3080,.F.);
#3080 = EDGE_CURVE('',#2998,#3073,#3081,.T.);
#3081 = B_SPLINE_CURVE_WITH_KNOTS('',3,(#3082,#3083,#3084,#3085,#3086,
    #3087,#3088,#3089,#3090,#3091,#3092,#3093,#3094,#3095,#3096,#3097,
    #3098,#3099,#3100,#3101,#3102,#3103,#3104,#3105,#3106,#3107,#3108,
    #3109,#3110,#3111,#3112,#3113,#3114,#3115,#3116,#3117,#3118,#3119,
    #3120,#3121,#3122,#3123,#3124,#3125,#3126,#3127,#3128),
  .UNSPECIFIED.,.F.,.F.,(4,1,1,1,1,1,1,1,1,1,1,1,1,1,1,1,1,1,1,1,1,1,1,1
    ,1,1,1,1,1,1,1,1,1,1,1,1,1,1,1,1,1,1,1,1,4),(0.,1.004058879412E-03,
    4.016229631009E-03,9.036513432115E-03,1.606491045092E-02,
    2.510142074349E-02,3.614604433531E-02,4.91987812401E-02,
    6.425963146609E-02,8.132859501861E-02,0.100405671901,0.121490862117,
    0.144584165667,0.169685582553,0.196795112777,0.225912756339,
    0.25703851324,0.29017238348,0.32531436706,0.362464463981,
    0.401622674242,0.442788997845,0.485963434789,0.531145985075,
    0.578336648702,0.627535425671,0.678742315982,0.731957319636,
    0.787180436632,0.84441166697,0.903651010651,0.964898467674,
    1.02815403804,1.093417721749,1.160689518801,1.229969429195,
    1.301257452933,1.374553590013,1.449857840437,1.527170204204,
    1.606490681313,1.687819271766,1.771155975562,1.856500792702,
    1.943853723184),.UNSPECIFIED.);
#3082 = CARTESIAN_POINT('',(0.189067783634,12.684441385115,0.));
#3083 = CARTESIAN_POINT('',(0.189071087565,12.684776060577,0.));
#3084 = CARTESIAN_POINT('',(0.18907974459,12.686114776367,0.));
#3085 = CARTESIAN_POINT('',(0.189060004807,12.689127001785,0.));
#3086 = CARTESIAN_POINT('',(0.188972139135,12.694146601629,0.));
#3087 = CARTESIAN_POINT('',(0.188760718863,12.701172023996,0.));
#3088 = CARTESIAN_POINT('',(0.18837788214,12.710200643564,0.));
#3089 = CARTESIAN_POINT('',(0.187772183558,12.721228940245,0.));
#3090 = CARTESIAN_POINT('',(0.186893669556,12.734252419696,0.));
#3091 = CARTESIAN_POINT('',(0.185691929734,12.749265645717,0.));
#3092 = CARTESIAN_POINT('',(0.184116834059,12.766262230181,0.));
#3093 = CARTESIAN_POINT('',(0.182118302202,12.785234838606,0.));
#3094 = CARTESIAN_POINT('',(0.179646402727,12.806175190725,0.));
#3095 = CARTESIAN_POINT('',(0.176651342523,12.829074063055,0.));
#3096 = CARTESIAN_POINT('',(0.173083491313,12.853921291153,0.));
#3097 = CARTESIAN_POINT('',(0.168893394908,12.880705772301,0.));
#3098 = CARTESIAN_POINT('',(0.164031791828,12.909415468384,0.));
#3099 = CARTESIAN_POINT('',(0.158449628804,12.940037409034,0.));
#3100 = CARTESIAN_POINT('',(0.152098076527,12.972557695017,0.));
#3101 = CARTESIAN_POINT('',(0.144928545244,13.006961501862,0.));
#3102 = CARTESIAN_POINT('',(0.136892700321,13.043233083741,0.));
#3103 = CARTESIAN_POINT('',(0.127942477729,13.081355777595,0.));
#3104 = CARTESIAN_POINT('',(0.118030099471,13.121312007494,0.));
#3105 = CARTESIAN_POINT('',(0.107108088936,13.163083289252,0.));
#3106 = CARTESIAN_POINT('',(9.512928618154E-02,13.206650235275,0.));
#3107 = CARTESIAN_POINT('',(8.204686313918E-02,13.251992559651,0.));
#3108 = CARTESIAN_POINT('',(6.78143387439E-02,13.299089083484,0.));
#3109 = CARTESIAN_POINT('',(5.238559397742E-02,13.347917740459,0.));
#3110 = CARTESIAN_POINT('',(3.571488682714E-02,13.398455582651,0.));
#3111 = CARTESIAN_POINT('',(1.775686715511E-02,13.450678786564,0.));
#3112 = CARTESIAN_POINT('',(-1.533408526245E-03,13.504562659409,0.));
#3113 = CARTESIAN_POINT('',(-2.220046237484E-02,13.560081645612,0.));
#3114 = CARTESIAN_POINT('',(-4.428838063994E-02,13.617209333554,0.));
#3115 = CARTESIAN_POINT('',(-6.784079918669E-02,13.675918462543,0.));
#3116 = CARTESIAN_POINT('',(-9.290088912749E-02,13.73618093001,0.));
#3117 = CARTESIAN_POINT('',(-0.119511342565,13.797967798938,0.));
#3118 = CARTESIAN_POINT('',(-0.147714358445,13.861249305512,0.));
#3119 = CARTESIAN_POINT('',(-0.177551628543,13.925994866994,0.));
#3120 = CARTESIAN_POINT('',(-0.209064323497,13.992173089816,0.));
#3121 = CARTESIAN_POINT('',(-0.242293079283,14.059751777906,0.));
#3122 = CARTESIAN_POINT('',(-0.277277982545,14.128697941203,0.));
#3123 = CARTESIAN_POINT('',(-0.314058561013,14.198977804466,0.));
#3124 = CARTESIAN_POINT('',(-0.352673754829,14.270556816022,0.));
#3125 = CARTESIAN_POINT('',(-0.393161962518,14.343399657777,0.));
#3126 = CARTESIAN_POINT('',(-0.435560798623,14.417470251398,0.));
#3127 = CARTESIAN_POINT('',(-0.464785752713,14.467067887298,0.));
#3128 = CARTESIAN_POINT('',(-0.47972328691,14.492062157195,0.));
#3129 = SURFACE_OF_LINEAR_EXTRUSION('',#3130,#3178);
#3130 = B_SPLINE_CURVE_WITH_KNOTS('',3,(#3131,#3132,#3133,#3134,#3135,
    #3136,#3137,#3138,#3139,#3140,#3141,#3142,#3143,#3144,#3145,#3146,
    #3147,#3148,#3149,#3150,#3151,#3152,#3153,#3154,#3155,#3156,#3157,
    #3158,#3159,#3160,#3161,#3162,#3163,#3164,#3165,#3166,#3167,#3168,
    #3169,#3170,#3171,#3172,#3173,#3174,#3175,#3176,#3177),
  .UNSPECIFIED.,.F.,.F.,(4,1,1,1,1,1,1,1,1,1,1,1,1,1,1,1,1,1,1,1,1,1,1,1
    ,1,1,1,1,1,1,1,1,1,1,1,1,1,1,1,1,1,1,1,1,4),(0.,1.004058879412E-03,
    4.016229631009E-03,9.036513432115E-03,1.606491045092E-02,
    2.510142074349E-02,3.614604433531E-02,4.91987812401E-02,
    6.425963146609E-02,8.132859501861E-02,0.100405671901,0.121490862117,
    0.144584165667,0.169685582553,0.196795112777,0.225912756339,
    0.25703851324,0.29017238348,0.32531436706,0.362464463981,
    0.401622674242,0.442788997845,0.485963434789,0.531145985075,
    0.578336648702,0.627535425671,0.678742315982,0.731957319636,
    0.787180436632,0.84441166697,0.903651010651,0.964898467674,
    1.02815403804,1.093417721749,1.160689518801,1.229969429195,
    1.301257452933,1.374553590013,1.449857840437,1.527170204204,
    1.606490681313,1.687819271766,1.771155975562,1.856500792702,
    1.943853723184),.UNSPECIFIED.);
#3131 = CARTESIAN_POINT('',(0.189067783634,12.684441385115,0.));
#3132 = CARTESIAN_POINT('',(0.189071087565,12.684776060577,0.));
#3133 = CARTESIAN_POINT('',(0.18907974459,12.686114776367,0.));
#3134 = CARTESIAN_POINT('',(0.189060004807,12.689127001785,0.));
#3135 = CARTESIAN_POINT('',(0.188972139135,12.694146601629,0.));
#3136 = CARTESIAN_POINT('',(0.188760718863,12.701172023996,0.));
#3137 = CARTESIAN_POINT('',(0.18837788214,12.710200643564,0.));
#3138 = CARTESIAN_POINT('',(0.187772183558,12.721228940245,0.));
#3139 = CARTESIAN_POINT('',(0.186893669556,12.734252419696,0.));
#3140 = CARTESIAN_POINT('',(0.185691929734,12.749265645717,0.));
#3141 = CARTESIAN_POINT('',(0.184116834059,12.766262230181,0.));
#3142 = CARTESIAN_POINT('',(0.182118302202,12.785234838606,0.));
#3143 = CARTESIAN_POINT('',(0.179646402727,12.806175190725,0.));
#3144 = CARTESIAN_POINT('',(0.176651342523,12.829074063055,0.));
#3145 = CARTESIAN_POINT('',(0.173083491313,12.853921291153,0.));
#3146 = CARTESIAN_POINT('',(0.168893394908,12.880705772301,0.));
#3147 = CARTESIAN_POINT('',(0.164031791828,12.909415468384,0.));
#3148 = CARTESIAN_POINT('',(0.158449628804,12.940037409034,0.));
#3149 = CARTESIAN_POINT('',(0.152098076527,12.972557695017,0.));
#3150 = CARTESIAN_POINT('',(0.144928545244,13.006961501862,0.));
#3151 = CARTESIAN_POINT('',(0.136892700321,13.043233083741,0.));
#3152 = CARTESIAN_POINT('',(0.127942477729,13.081355777595,0.));
#3153 = CARTESIAN_POINT('',(0.118030099471,13.121312007494,0.));
#3154 = CARTESIAN_POINT('',(0.107108088936,13.163083289252,0.));
#3155 = CARTESIAN_POINT('',(9.512928618154E-02,13.206650235275,0.));
#3156 = CARTESIAN_POINT('',(8.204686313918E-02,13.251992559651,0.));
#3157 = CARTESIAN_POINT('',(6.78143387439E-02,13.299089083484,0.));
#3158 = CARTESIAN_POINT('',(5.238559397742E-02,13.347917740459,0.));
#3159 = CARTESIAN_POINT('',(3.571488682714E-02,13.398455582651,0.));
#3160 = CARTESIAN_POINT('',(1.775686715511E-02,13.450678786564,0.));
#3161 = CARTESIAN_POINT('',(-1.533408526245E-03,13.504562659409,0.));
#3162 = CARTESIAN_POINT('',(-2.220046237484E-02,13.560081645612,0.));
#3163 = CARTESIAN_POINT('',(-4.428838063994E-02,13.617209333554,0.));
#3164 = CARTESIAN_POINT('',(-6.784079918669E-02,13.675918462543,0.));
#3165 = CARTESIAN_POINT('',(-9.290088912749E-02,13.73618093001,0.));
#3166 = CARTESIAN_POINT('',(-0.119511342565,13.797967798938,0.));
#3167 = CARTESIAN_POINT('',(-0.147714358445,13.861249305512,0.));
#3168 = CARTESIAN_POINT('',(-0.177551628543,13.925994866994,0.));
#3169 = CARTESIAN_POINT('',(-0.209064323497,13.992173089816,0.));
#3170 = CARTESIAN_POINT('',(-0.242293079283,14.059751777906,0.));
#3171 = CARTESIAN_POINT('',(-0.277277982545,14.128697941203,0.));
#3172 = CARTESIAN_POINT('',(-0.314058561013,14.198977804466,0.));
#3173 = CARTESIAN_POINT('',(-0.352673754829,14.270556816022,0.));
#3174 = CARTESIAN_POINT('',(-0.393161962518,14.343399657777,0.));
#3175 = CARTESIAN_POINT('',(-0.435560798623,14.417470251398,0.));
#3176 = CARTESIAN_POINT('',(-0.464785752713,14.467067887298,0.));
#3177 = CARTESIAN_POINT('',(-0.47972328691,14.492062157195,0.));
#3178 = VECTOR('',#3179,1.);
#3179 = DIRECTION('',(-0.,-0.,-1.));
#3180 = ADVANCED_FACE('',(#3181),#3204,.F.);
#3181 = FACE_BOUND('',#3182,.F.);
#3182 = EDGE_LOOP('',(#3183,#3184,#3191,#3199));
#3183 = ORIENTED_EDGE('',*,*,#3072,.T.);
#3184 = ORIENTED_EDGE('',*,*,#3185,.T.);
#3185 = EDGE_CURVE('',#3021,#3186,#3188,.T.);
#3186 = VERTEX_POINT('',#3187);
#3187 = CARTESIAN_POINT('',(-1.205946157852,14.449764491657,6.));
#3188 = B_SPLINE_CURVE_WITH_KNOTS('',1,(#3189,#3190),.UNSPECIFIED.,.F.,
  .F.,(2,2),(0.,0.72745360731),.PIECEWISE_BEZIER_KNOTS.);
#3189 = CARTESIAN_POINT('',(-0.47972328691,14.492062157195,6.));
#3190 = CARTESIAN_POINT('',(-1.205946157852,14.449764491657,6.));
#3191 = ORIENTED_EDGE('',*,*,#3192,.F.);
#3192 = EDGE_CURVE('',#3193,#3186,#3195,.T.);
#3193 = VERTEX_POINT('',#3194);
#3194 = CARTESIAN_POINT('',(-1.205946157852,14.449764491657,0.));
#3195 = LINE('',#3196,#3197);
#3196 = CARTESIAN_POINT('',(-1.205946157852,14.449764491657,0.));
#3197 = VECTOR('',#3198,1.);
#3198 = DIRECTION('',(0.,0.,1.));
#3199 = ORIENTED_EDGE('',*,*,#3200,.F.);
#3200 = EDGE_CURVE('',#3073,#3193,#3201,.T.);
#3201 = B_SPLINE_CURVE_WITH_KNOTS('',1,(#3202,#3203),.UNSPECIFIED.,.F.,
  .F.,(2,2),(0.,0.72745360731),.PIECEWISE_BEZIER_KNOTS.);
#3202 = CARTESIAN_POINT('',(-0.47972328691,14.492062157195,0.));
#3203 = CARTESIAN_POINT('',(-1.205946157852,14.449764491657,0.));
#3204 = SURFACE_OF_LINEAR_EXTRUSION('',#3205,#3208);
#3205 = B_SPLINE_CURVE_WITH_KNOTS('',1,(#3206,#3207),.UNSPECIFIED.,.F.,
  .F.,(2,2),(0.,0.72745360731),.PIECEWISE_BEZIER_KNOTS.);
#3206 = CARTESIAN_POINT('',(-0.47972328691,14.492062157195,0.));
#3207 = CARTESIAN_POINT('',(-1.205946157852,14.449764491657,0.));
#3208 = VECTOR('',#3209,1.);
#3209 = DIRECTION('',(-0.,-0.,-1.));
#3210 = ADVANCED_FACE('',(#3211),#3324,.F.);
#3211 = FACE_BOUND('',#3212,.F.);
#3212 = EDGE_LOOP('',(#3213,#3214,#3266,#3274));
#3213 = ORIENTED_EDGE('',*,*,#3192,.T.);
#3214 = ORIENTED_EDGE('',*,*,#3215,.T.);
#3215 = EDGE_CURVE('',#3186,#3216,#3218,.T.);
#3216 = VERTEX_POINT('',#3217);
#3217 = CARTESIAN_POINT('',(-1.660363139368,12.576724300256,6.));
#3218 = B_SPLINE_CURVE_WITH_KNOTS('',3,(#3219,#3220,#3221,#3222,#3223,
    #3224,#3225,#3226,#3227,#3228,#3229,#3230,#3231,#3232,#3233,#3234,
    #3235,#3236,#3237,#3238,#3239,#3240,#3241,#3242,#3243,#3244,#3245,
    #3246,#3247,#3248,#3249,#3250,#3251,#3252,#3253,#3254,#3255,#3256,
    #3257,#3258,#3259,#3260,#3261,#3262,#3263,#3264,#3265),
  .UNSPECIFIED.,.F.,.F.,(4,1,1,1,1,1,1,1,1,1,1,1,1,1,1,1,1,1,1,1,1,1,1,1
    ,1,1,1,1,1,1,1,1,1,1,1,1,1,1,1,1,1,1,1,1,4),(0.,8.735293048255E-02,
    0.172697747622,0.256034451418,0.337363041871,0.416683518981,
    0.493995882747,0.569300133171,0.642596270251,0.713884293989,
    0.783164204383,0.850436001435,0.915699685144,0.97895525551,
    1.040202712533,1.099442056214,1.156673286553,1.211896403548,
    1.265111407202,1.316318297513,1.365517074482,1.41270773811,
    1.457890288395,1.501064725339,1.542231048942,1.581389259203,
    1.618539356124,1.653681339704,1.686815209945,1.717940966845,
    1.747058610407,1.774168140631,1.799269557517,1.822362861067,
    1.843448051283,1.862525128166,1.879594091718,1.894654941944,
    1.907707678849,1.918752302441,1.927788812733,1.934817209752,
    1.939837493553,1.942849664305,1.943853723184),.UNSPECIFIED.);
#3219 = CARTESIAN_POINT('',(-1.205946157852,14.449764491657,6.));
#3220 = CARTESIAN_POINT('',(-1.217881032157,14.423205082198,6.));
#3221 = CARTESIAN_POINT('',(-1.241150443478,14.370549997683,6.));
#3222 = CARTESIAN_POINT('',(-1.274663522756,14.292058038479,6.));
#3223 = CARTESIAN_POINT('',(-1.306421425897,14.215007339942,6.));
#3224 = CARTESIAN_POINT('',(-1.336465701544,14.139429369676,6.));
#3225 = CARTESIAN_POINT('',(-1.364838588769,14.065354749169,6.));
#3226 = CARTESIAN_POINT('',(-1.391582775615,13.992813275794,6.));
#3227 = CARTESIAN_POINT('',(-1.416741443609,13.921833907525,6.));
#3228 = CARTESIAN_POINT('',(-1.440358238254,13.852444757581,6.));
#3229 = CARTESIAN_POINT('',(-1.462477258497,13.784673086789,6.));
#3230 = CARTESIAN_POINT('',(-1.483143041164,13.718545296823,6.));
#3231 = CARTESIAN_POINT('',(-1.502400546567,13.654086923513,6.));
#3232 = CARTESIAN_POINT('',(-1.520295143684,13.591322630423,6.));
#3233 = CARTESIAN_POINT('',(-1.536872595332,13.530276202658,6.));
#3234 = CARTESIAN_POINT('',(-1.552179043225,13.470970540906,6.));
#3235 = CARTESIAN_POINT('',(-1.566260992951,13.413427655719,6.));
#3236 = CARTESIAN_POINT('',(-1.579165298866,13.357668662027,6.));
#3237 = CARTESIAN_POINT('',(-1.590939148907,13.303713773901,6.));
#3238 = CARTESIAN_POINT('',(-1.601630049325,13.251582299545,6.));
#3239 = CARTESIAN_POINT('',(-1.611285809358,13.201292636539,6.));
#3240 = CARTESIAN_POINT('',(-1.619954525818,13.15286226732,6.));
#3241 = CARTESIAN_POINT('',(-1.627684567626,13.106307754905,6.));
#3242 = CARTESIAN_POINT('',(-1.634524560278,13.061644738866,6.));
#3243 = CARTESIAN_POINT('',(-1.640523370259,13.018887931541,6.));
#3244 = CARTESIAN_POINT('',(-1.645730089395,12.978051114496,6.));
#3245 = CARTESIAN_POINT('',(-1.65019401916,12.939147135238,6.));
#3246 = CARTESIAN_POINT('',(-1.653964654934,12.902187904165,6.));
#3247 = CARTESIAN_POINT('',(-1.657091670217,12.867184391775,6.));
#3248 = CARTESIAN_POINT('',(-1.659624900802,12.834146626119,6.));
#3249 = CARTESIAN_POINT('',(-1.66161432891,12.803083690503,6.));
#3250 = CARTESIAN_POINT('',(-1.663110067288,12.774003721446,6.));
#3251 = CARTESIAN_POINT('',(-1.664162343291,12.746913906875,6.));
#3252 = CARTESIAN_POINT('',(-1.664821482849,12.721820484601,6.));
#3253 = CARTESIAN_POINT('',(-1.665137894709,12.698728740986,6.));
#3254 = CARTESIAN_POINT('',(-1.665162053583,12.677643010024,6.));
#3255 = CARTESIAN_POINT('',(-1.664944486682,12.658566672203,6.));
#3256 = CARTESIAN_POINT('',(-1.664535749103,12.641502155115,6.));
#3257 = CARTESIAN_POINT('',(-1.663986434031,12.62645092968,6.));
#3258 = CARTESIAN_POINT('',(-1.663347074154,12.613413521087,6.));
#3259 = CARTESIAN_POINT('',(-1.662668370119,12.602389476489,6.));
#3260 = CARTESIAN_POINT('',(-1.662000459481,12.593377460586,6.));
#3261 = CARTESIAN_POINT('',(-1.66139484845,12.586374997217,6.));
#3262 = CARTESIAN_POINT('',(-1.660899380031,12.581379137529,6.));
#3263 = CARTESIAN_POINT('',(-1.660569288314,12.578384988054,6.));
#3264 = CARTESIAN_POINT('',(-1.660405274408,12.577056329199,6.));
#3265 = CARTESIAN_POINT('',(-1.660363139368,12.576724300256,6.));
#3266 = ORIENTED_EDGE('',*,*,#3267,.F.);
#3267 = EDGE_CURVE('',#3268,#3216,#3270,.T.);
#3268 = VERTEX_POINT('',#3269);
#3269 = CARTESIAN_POINT('',(-1.660363139368,12.576724300256,0.));
#3270 = LINE('',#3271,#3272);
#3271 = CARTESIAN_POINT('',(-1.660363139368,12.576724300256,0.));
#3272 = VECTOR('',#3273,1.);
#3273 = DIRECTION('',(0.,0.,1.));
#3274 = ORIENTED_EDGE('',*,*,#3275,.F.);
#3275 = EDGE_CURVE('',#3193,#3268,#3276,.T.);
#3276 = B_SPLINE_CURVE_WITH_KNOTS('',3,(#3277,#3278,#3279,#3280,#3281,
    #3282,#3283,#3284,#3285,#3286,#3287,#3288,#3289,#3290,#3291,#3292,
    #3293,#3294,#3295,#3296,#3297,#3298,#3299,#3300,#3301,#3302,#3303,
    #3304,#3305,#3306,#3307,#3308,#3309,#3310,#3311,#3312,#3313,#3314,
    #3315,#3316,#3317,#3318,#3319,#3320,#3321,#3322,#3323),
  .UNSPECIFIED.,.F.,.F.,(4,1,1,1,1,1,1,1,1,1,1,1,1,1,1,1,1,1,1,1,1,1,1,1
    ,1,1,1,1,1,1,1,1,1,1,1,1,1,1,1,1,1,1,1,1,4),(0.,8.735293048255E-02,
    0.172697747622,0.256034451418,0.337363041871,0.416683518981,
    0.493995882747,0.569300133171,0.642596270251,0.713884293989,
    0.783164204383,0.850436001435,0.915699685144,0.97895525551,
    1.040202712533,1.099442056214,1.156673286553,1.211896403548,
    1.265111407202,1.316318297513,1.365517074482,1.41270773811,
    1.457890288395,1.501064725339,1.542231048942,1.581389259203,
    1.618539356124,1.653681339704,1.686815209945,1.717940966845,
    1.747058610407,1.774168140631,1.799269557517,1.822362861067,
    1.843448051283,1.862525128166,1.879594091718,1.894654941944,
    1.907707678849,1.918752302441,1.927788812733,1.934817209752,
    1.939837493553,1.942849664305,1.943853723184),.UNSPECIFIED.);
#3277 = CARTESIAN_POINT('',(-1.205946157852,14.449764491657,0.));
#3278 = CARTESIAN_POINT('',(-1.217881032157,14.423205082198,0.));
#3279 = CARTESIAN_POINT('',(-1.241150443478,14.370549997683,0.));
#3280 = CARTESIAN_POINT('',(-1.274663522756,14.292058038479,0.));
#3281 = CARTESIAN_POINT('',(-1.306421425897,14.215007339942,0.));
#3282 = CARTESIAN_POINT('',(-1.336465701544,14.139429369676,0.));
#3283 = CARTESIAN_POINT('',(-1.364838588769,14.065354749169,0.));
#3284 = CARTESIAN_POINT('',(-1.391582775615,13.992813275794,0.));
#3285 = CARTESIAN_POINT('',(-1.416741443609,13.921833907525,0.));
#3286 = CARTESIAN_POINT('',(-1.440358238254,13.852444757581,0.));
#3287 = CARTESIAN_POINT('',(-1.462477258497,13.784673086789,0.));
#3288 = CARTESIAN_POINT('',(-1.483143041164,13.718545296823,0.));
#3289 = CARTESIAN_POINT('',(-1.502400546567,13.654086923513,0.));
#3290 = CARTESIAN_POINT('',(-1.520295143684,13.591322630423,0.));
#3291 = CARTESIAN_POINT('',(-1.536872595332,13.530276202658,0.));
#3292 = CARTESIAN_POINT('',(-1.552179043225,13.470970540906,0.));
#3293 = CARTESIAN_POINT('',(-1.566260992951,13.413427655719,0.));
#3294 = CARTESIAN_POINT('',(-1.579165298866,13.357668662027,0.));
#3295 = CARTESIAN_POINT('',(-1.590939148907,13.303713773901,0.));
#3296 = CARTESIAN_POINT('',(-1.601630049325,13.251582299545,0.));
#3297 = CARTESIAN_POINT('',(-1.611285809358,13.201292636539,0.));
#3298 = CARTESIAN_POINT('',(-1.619954525818,13.15286226732,0.));
#3299 = CARTESIAN_POINT('',(-1.627684567626,13.106307754905,0.));
#3300 = CARTESIAN_POINT('',(-1.634524560278,13.061644738866,0.));
#3301 = CARTESIAN_POINT('',(-1.640523370259,13.018887931541,0.));
#3302 = CARTESIAN_POINT('',(-1.645730089395,12.978051114496,0.));
#3303 = CARTESIAN_POINT('',(-1.65019401916,12.939147135238,0.));
#3304 = CARTESIAN_POINT('',(-1.653964654934,12.902187904165,0.));
#3305 = CARTESIAN_POINT('',(-1.657091670217,12.867184391775,0.));
#3306 = CARTESIAN_POINT('',(-1.659624900802,12.834146626119,0.));
#3307 = CARTESIAN_POINT('',(-1.66161432891,12.803083690503,0.));
#3308 = CARTESIAN_POINT('',(-1.663110067288,12.774003721446,0.));
#3309 = CARTESIAN_POINT('',(-1.664162343291,12.746913906875,0.));
#3310 = CARTESIAN_POINT('',(-1.664821482849,12.721820484601,0.));
#3311 = CARTESIAN_POINT('',(-1.665137894709,12.698728740986,0.));
#3312 = CARTESIAN_POINT('',(-1.665162053583,12.677643010024,0.));
#3313 = CARTESIAN_POINT('',(-1.664944486682,12.658566672203,0.));
#3314 = CARTESIAN_POINT('',(-1.664535749103,12.641502155115,0.));
#3315 = CARTESIAN_POINT('',(-1.663986434031,12.62645092968,0.));
#3316 = CARTESIAN_POINT('',(-1.663347074154,12.613413521087,0.));
#3317 = CARTESIAN_POINT('',(-1.662668370119,12.602389476489,0.));
#3318 = CARTESIAN_POINT('',(-1.662000459481,12.593377460586,0.));
#3319 = CARTESIAN_POINT('',(-1.66139484845,12.586374997217,0.));
#3320 = CARTESIAN_POINT('',(-1.660899380031,12.581379137529,0.));
#3321 = CARTESIAN_POINT('',(-1.660569288314,12.578384988054,0.));
#3322 = CARTESIAN_POINT('',(-1.660405274408,12.577056329199,0.));
#3323 = CARTESIAN_POINT('',(-1.660363139368,12.576724300256,0.));
#3324 = SURFACE_OF_LINEAR_EXTRUSION('',#3325,#3373);
#3325 = B_SPLINE_CURVE_WITH_KNOTS('',3,(#3326,#3327,#3328,#3329,#3330,
    #3331,#3332,#3333,#3334,#3335,#3336,#3337,#3338,#3339,#3340,#3341,
    #3342,#3343,#3344,#3345,#3346,#3347,#3348,#3349,#3350,#3351,#3352,
    #3353,#3354,#3355,#3356,#3357,#3358,#3359,#3360,#3361,#3362,#3363,
    #3364,#3365,#3366,#3367,#3368,#3369,#3370,#3371,#3372),
  .UNSPECIFIED.,.F.,.F.,(4,1,1,1,1,1,1,1,1,1,1,1,1,1,1,1,1,1,1,1,1,1,1,1
    ,1,1,1,1,1,1,1,1,1,1,1,1,1,1,1,1,1,1,1,1,4),(0.,8.735293048255E-02,
    0.172697747622,0.256034451418,0.337363041871,0.416683518981,
    0.493995882747,0.569300133171,0.642596270251,0.713884293989,
    0.783164204383,0.850436001435,0.915699685144,0.97895525551,
    1.040202712533,1.099442056214,1.156673286553,1.211896403548,
    1.265111407202,1.316318297513,1.365517074482,1.41270773811,
    1.457890288395,1.501064725339,1.542231048942,1.581389259203,
    1.618539356124,1.653681339704,1.686815209945,1.717940966845,
    1.747058610407,1.774168140631,1.799269557517,1.822362861067,
    1.843448051283,1.862525128166,1.879594091718,1.894654941944,
    1.907707678849,1.918752302441,1.927788812733,1.934817209752,
    1.939837493553,1.942849664305,1.943853723184),.UNSPECIFIED.);
#3326 = CARTESIAN_POINT('',(-1.205946157852,14.449764491657,0.));
#3327 = CARTESIAN_POINT('',(-1.217881032157,14.423205082198,0.));
#3328 = CARTESIAN_POINT('',(-1.241150443478,14.370549997683,0.));
#3329 = CARTESIAN_POINT('',(-1.274663522756,14.292058038479,0.));
#3330 = CARTESIAN_POINT('',(-1.306421425897,14.215007339942,0.));
#3331 = CARTESIAN_POINT('',(-1.336465701544,14.139429369676,0.));
#3332 = CARTESIAN_POINT('',(-1.364838588769,14.065354749169,0.));
#3333 = CARTESIAN_POINT('',(-1.391582775615,13.992813275794,0.));
#3334 = CARTESIAN_POINT('',(-1.416741443609,13.921833907525,0.));
#3335 = CARTESIAN_POINT('',(-1.440358238254,13.852444757581,0.));
#3336 = CARTESIAN_POINT('',(-1.462477258497,13.784673086789,0.));
#3337 = CARTESIAN_POINT('',(-1.483143041164,13.718545296823,0.));
#3338 = CARTESIAN_POINT('',(-1.502400546567,13.654086923513,0.));
#3339 = CARTESIAN_POINT('',(-1.520295143684,13.591322630423,0.));
#3340 = CARTESIAN_POINT('',(-1.536872595332,13.530276202658,0.));
#3341 = CARTESIAN_POINT('',(-1.552179043225,13.470970540906,0.));
#3342 = CARTESIAN_POINT('',(-1.566260992951,13.413427655719,0.));
#3343 = CARTESIAN_POINT('',(-1.579165298866,13.357668662027,0.));
#3344 = CARTESIAN_POINT('',(-1.590939148907,13.303713773901,0.));
#3345 = CARTESIAN_POINT('',(-1.601630049325,13.251582299545,0.));
#3346 = CARTESIAN_POINT('',(-1.611285809358,13.201292636539,0.));
#3347 = CARTESIAN_POINT('',(-1.619954525818,13.15286226732,0.));
#3348 = CARTESIAN_POINT('',(-1.627684567626,13.106307754905,0.));
#3349 = CARTESIAN_POINT('',(-1.634524560278,13.061644738866,0.));
#3350 = CARTESIAN_POINT('',(-1.640523370259,13.018887931541,0.));
#3351 = CARTESIAN_POINT('',(-1.645730089395,12.978051114496,0.));
#3352 = CARTESIAN_POINT('',(-1.65019401916,12.939147135238,0.));
#3353 = CARTESIAN_POINT('',(-1.653964654934,12.902187904165,0.));
#3354 = CARTESIAN_POINT('',(-1.657091670217,12.867184391775,0.));
#3355 = CARTESIAN_POINT('',(-1.659624900802,12.834146626119,0.));
#3356 = CARTESIAN_POINT('',(-1.66161432891,12.803083690503,0.));
#3357 = CARTESIAN_POINT('',(-1.663110067288,12.774003721446,0.));
#3358 = CARTESIAN_POINT('',(-1.664162343291,12.746913906875,0.));
#3359 = CARTESIAN_POINT('',(-1.664821482849,12.721820484601,0.));
#3360 = CARTESIAN_POINT('',(-1.665137894709,12.698728740986,0.));
#3361 = CARTESIAN_POINT('',(-1.665162053583,12.677643010024,0.));
#3362 = CARTESIAN_POINT('',(-1.664944486682,12.658566672203,0.));
#3363 = CARTESIAN_POINT('',(-1.664535749103,12.641502155115,0.));
#3364 = CARTESIAN_POINT('',(-1.663986434031,12.62645092968,0.));
#3365 = CARTESIAN_POINT('',(-1.663347074154,12.613413521087,0.));
#3366 = CARTESIAN_POINT('',(-1.662668370119,12.602389476489,0.));
#3367 = CARTESIAN_POINT('',(-1.662000459481,12.593377460586,0.));
#3368 = CARTESIAN_POINT('',(-1.66139484845,12.586374997217,0.));
#3369 = CARTESIAN_POINT('',(-1.660899380031,12.581379137529,0.));
#3370 = CARTESIAN_POINT('',(-1.660569288314,12.578384988054,0.));
#3371 = CARTESIAN_POINT('',(-1.660405274408,12.577056329199,0.));
#3372 = CARTESIAN_POINT('',(-1.660363139368,12.576724300256,0.));
#3373 = VECTOR('',#3374,1.);
#3374 = DIRECTION('',(-0.,-0.,-1.));
#3375 = ADVANCED_FACE('',(#3376),#3399,.F.);
#3376 = FACE_BOUND('',#3377,.F.);
#3377 = EDGE_LOOP('',(#3378,#3379,#3386,#3394));
#3378 = ORIENTED_EDGE('',*,*,#3267,.T.);
#3379 = ORIENTED_EDGE('',*,*,#3380,.T.);
#3380 = EDGE_CURVE('',#3216,#3381,#3383,.T.);
#3381 = VERTEX_POINT('',#3382);
#3382 = CARTESIAN_POINT('',(-1.603317700195,12.144623186919,6.));
#3383 = B_SPLINE_CURVE_WITH_KNOTS('',1,(#3384,#3385),.UNSPECIFIED.,.F.,
  .F.,(2,2),(0.,0.43585038061),.PIECEWISE_BEZIER_KNOTS.);
#3384 = CARTESIAN_POINT('',(-1.660363139368,12.576724300256,6.));
#3385 = CARTESIAN_POINT('',(-1.603317700195,12.144623186919,6.));
#3386 = ORIENTED_EDGE('',*,*,#3387,.F.);
#3387 = EDGE_CURVE('',#3388,#3381,#3390,.T.);
#3388 = VERTEX_POINT('',#3389);
#3389 = CARTESIAN_POINT('',(-1.603317700195,12.144623186919,0.));
#3390 = LINE('',#3391,#3392);
#3391 = CARTESIAN_POINT('',(-1.603317700195,12.144623186919,0.));
#3392 = VECTOR('',#3393,1.);
#3393 = DIRECTION('',(0.,0.,1.));
#3394 = ORIENTED_EDGE('',*,*,#3395,.F.);
#3395 = EDGE_CURVE('',#3268,#3388,#3396,.T.);
#3396 = B_SPLINE_CURVE_WITH_KNOTS('',1,(#3397,#3398),.UNSPECIFIED.,.F.,
  .F.,(2,2),(0.,0.43585038061),.PIECEWISE_BEZIER_KNOTS.);
#3397 = CARTESIAN_POINT('',(-1.660363139368,12.576724300256,0.));
#3398 = CARTESIAN_POINT('',(-1.603317700195,12.144623186919,0.));
#3399 = SURFACE_OF_LINEAR_EXTRUSION('',#3400,#3403);
#3400 = B_SPLINE_CURVE_WITH_KNOTS('',1,(#3401,#3402),.UNSPECIFIED.,.F.,
  .F.,(2,2),(0.,0.43585038061),.PIECEWISE_BEZIER_KNOTS.);
#3401 = CARTESIAN_POINT('',(-1.660363139368,12.576724300256,0.));
#3402 = CARTESIAN_POINT('',(-1.603317700195,12.144623186919,0.));
#3403 = VECTOR('',#3404,1.);
#3404 = DIRECTION('',(-0.,-0.,-1.));
#3405 = ADVANCED_FACE('',(#3406),#3429,.F.);
#3406 = FACE_BOUND('',#3407,.F.);
#3407 = EDGE_LOOP('',(#3408,#3409,#3416,#3424));
#3408 = ORIENTED_EDGE('',*,*,#3387,.T.);
#3409 = ORIENTED_EDGE('',*,*,#3410,.T.);
#3410 = EDGE_CURVE('',#3381,#3411,#3413,.T.);
#3411 = VERTEX_POINT('',#3412);
#3412 = CARTESIAN_POINT('',(-2.647079951378,11.96057974059,6.));
#3413 = B_SPLINE_CURVE_WITH_KNOTS('',1,(#3414,#3415),.UNSPECIFIED.,.F.,
  .F.,(2,2),(0.,1.059863966333),.PIECEWISE_BEZIER_KNOTS.);
#3414 = CARTESIAN_POINT('',(-1.603317700195,12.144623186919,6.));
#3415 = CARTESIAN_POINT('',(-2.647079951378,11.96057974059,6.));
#3416 = ORIENTED_EDGE('',*,*,#3417,.F.);
#3417 = EDGE_CURVE('',#3418,#3411,#3420,.T.);
#3418 = VERTEX_POINT('',#3419);
#3419 = CARTESIAN_POINT('',(-2.647079951378,11.96057974059,0.));
#3420 = LINE('',#3421,#3422);
#3421 = CARTESIAN_POINT('',(-2.647079951378,11.96057974059,0.));
#3422 = VECTOR('',#3423,1.);
#3423 = DIRECTION('',(0.,0.,1.));
#3424 = ORIENTED_EDGE('',*,*,#3425,.F.);
#3425 = EDGE_CURVE('',#3388,#3418,#3426,.T.);
#3426 = B_SPLINE_CURVE_WITH_KNOTS('',1,(#3427,#3428),.UNSPECIFIED.,.F.,
  .F.,(2,2),(0.,1.059863966333),.PIECEWISE_BEZIER_KNOTS.);
#3427 = CARTESIAN_POINT('',(-1.603317700195,12.144623186919,0.));
#3428 = CARTESIAN_POINT('',(-2.647079951378,11.96057974059,0.));
#3429 = SURFACE_OF_LINEAR_EXTRUSION('',#3430,#3433);
#3430 = B_SPLINE_CURVE_WITH_KNOTS('',1,(#3431,#3432),.UNSPECIFIED.,.F.,
  .F.,(2,2),(0.,1.059863966333),.PIECEWISE_BEZIER_KNOTS.);
#3431 = CARTESIAN_POINT('',(-1.603317700195,12.144623186919,0.));
#3432 = CARTESIAN_POINT('',(-2.647079951378,11.96057974059,0.));
#3433 = VECTOR('',#3434,1.);
#3434 = DIRECTION('',(-0.,-0.,-1.));
#3435 = ADVANCED_FACE('',(#3436),#3459,.F.);
#3436 = FACE_BOUND('',#3437,.F.);
#3437 = EDGE_LOOP('',(#3438,#3439,#3446,#3454));
#3438 = ORIENTED_EDGE('',*,*,#3417,.T.);
#3439 = ORIENTED_EDGE('',*,*,#3440,.T.);
#3440 = EDGE_CURVE('',#3411,#3441,#3443,.T.);
#3441 = VERTEX_POINT('',#3442);
#3442 = CARTESIAN_POINT('',(-2.741262057852,12.386132657508,6.));
#3443 = B_SPLINE_CURVE_WITH_KNOTS('',1,(#3444,#3445),.UNSPECIFIED.,.F.,
  .F.,(2,2),(0.,0.43585038061),.PIECEWISE_BEZIER_KNOTS.);
#3444 = CARTESIAN_POINT('',(-2.647079951378,11.96057974059,6.));
#3445 = CARTESIAN_POINT('',(-2.741262057852,12.386132657508,6.));
#3446 = ORIENTED_EDGE('',*,*,#3447,.F.);
#3447 = EDGE_CURVE('',#3448,#3441,#3450,.T.);
#3448 = VERTEX_POINT('',#3449);
#3449 = CARTESIAN_POINT('',(-2.741262057852,12.386132657508,0.));
#3450 = LINE('',#3451,#3452);
#3451 = CARTESIAN_POINT('',(-2.741262057852,12.386132657508,0.));
#3452 = VECTOR('',#3453,1.);
#3453 = DIRECTION('',(0.,0.,1.));
#3454 = ORIENTED_EDGE('',*,*,#3455,.F.);
#3455 = EDGE_CURVE('',#3418,#3448,#3456,.T.);
#3456 = B_SPLINE_CURVE_WITH_KNOTS('',1,(#3457,#3458),.UNSPECIFIED.,.F.,
  .F.,(2,2),(0.,0.43585038061),.PIECEWISE_BEZIER_KNOTS.);
#3457 = CARTESIAN_POINT('',(-2.647079951378,11.96057974059,0.));
#3458 = CARTESIAN_POINT('',(-2.741262057852,12.386132657508,0.));
#3459 = SURFACE_OF_LINEAR_EXTRUSION('',#3460,#3463);
#3460 = B_SPLINE_CURVE_WITH_KNOTS('',1,(#3461,#3462),.UNSPECIFIED.,.F.,
  .F.,(2,2),(0.,0.43585038061),.PIECEWISE_BEZIER_KNOTS.);
#3461 = CARTESIAN_POINT('',(-2.647079951378,11.96057974059,0.));
#3462 = CARTESIAN_POINT('',(-2.741262057852,12.386132657508,0.));
#3463 = VECTOR('',#3464,1.);
#3464 = DIRECTION('',(-0.,-0.,-1.));
#3465 = ADVANCED_FACE('',(#3466),#3579,.F.);
#3466 = FACE_BOUND('',#3467,.F.);
#3467 = EDGE_LOOP('',(#3468,#3469,#3521,#3529));
#3468 = ORIENTED_EDGE('',*,*,#3447,.T.);
#3469 = ORIENTED_EDGE('',*,*,#3470,.T.);
#3470 = EDGE_CURVE('',#3441,#3471,#3473,.T.);
#3471 = VERTEX_POINT('',#3472);
#3472 = CARTESIAN_POINT('',(-3.808891816861,13.990794942656,6.));
#3473 = B_SPLINE_CURVE_WITH_KNOTS('',3,(#3474,#3475,#3476,#3477,#3478,
    #3479,#3480,#3481,#3482,#3483,#3484,#3485,#3486,#3487,#3488,#3489,
    #3490,#3491,#3492,#3493,#3494,#3495,#3496,#3497,#3498,#3499,#3500,
    #3501,#3502,#3503,#3504,#3505,#3506,#3507,#3508,#3509,#3510,#3511,
    #3512,#3513,#3514,#3515,#3516,#3517,#3518,#3519,#3520),
  .UNSPECIFIED.,.F.,.F.,(4,1,1,1,1,1,1,1,1,1,1,1,1,1,1,1,1,1,1,1,1,1,1,1
    ,1,1,1,1,1,1,1,1,1,1,1,1,1,1,1,1,1,1,1,1,4),(0.,1.004058879412E-03,
    4.016229631009E-03,9.036513432115E-03,1.606491045092E-02,
    2.510142074349E-02,3.614604433531E-02,4.91987812401E-02,
    6.425963146609E-02,8.132859501861E-02,0.100405671901,0.121490862117,
    0.144584165667,0.169685582553,0.196795112777,0.225912756339,
    0.25703851324,0.29017238348,0.32531436706,0.362464463981,
    0.401622674242,0.442788997845,0.485963434789,0.531145985075,
    0.578336648702,0.627535425671,0.678742315982,0.731957319636,
    0.787180436632,0.84441166697,0.903651010651,0.964898467674,
    1.02815403804,1.093417721749,1.160689518801,1.229969429195,
    1.301257452933,1.374553590013,1.449857840437,1.527170204204,
    1.606490681313,1.687819271766,1.771155975562,1.856500792702,
    1.943853723184),.UNSPECIFIED.);
#3474 = CARTESIAN_POINT('',(-2.741262057852,12.386132657508,6.));
#3475 = CARTESIAN_POINT('',(-2.741336024453,12.386459073689,6.));
#3476 = CARTESIAN_POINT('',(-2.741636329887,12.38776370067,6.));
#3477 = CARTESIAN_POINT('',(-2.742350204569,12.390690178854,6.));
#3478 = CARTESIAN_POINT('',(-2.743593301199,12.395554211516,6.));
#3479 = CARTESIAN_POINT('',(-2.745419196507,12.402341505843,6.));
#3480 = CARTESIAN_POINT('',(-2.74787385678,12.411038469578,6.));
#3481 = CARTESIAN_POINT('',(-2.75100652892,12.421629813389,6.));
#3482 = CARTESIAN_POINT('',(-2.754864783517,12.434099643995,6.));
#3483 = CARTESIAN_POINT('',(-2.759496418478,12.44843104629,6.));
#3484 = CARTESIAN_POINT('',(-2.764948739371,12.464606243559,6.));
#3485 = CARTESIAN_POINT('',(-2.771268785155,12.482606549704,6.));
#3486 = CARTESIAN_POINT('',(-2.778503231797,12.502412392672,6.));
#3487 = CARTESIAN_POINT('',(-2.786698403148,12.524003314518,6.));
#3488 = CARTESIAN_POINT('',(-2.79590024761,12.547357979253,6.));
#3489 = CARTESIAN_POINT('',(-2.806154325867,12.572454178514,6.));
#3490 = CARTESIAN_POINT('',(-2.817505795367,12.599268838196,6.));
#3491 = CARTESIAN_POINT('',(-2.829999395972,12.627778025087,6.));
#3492 = CARTESIAN_POINT('',(-2.843679435404,12.657956953794,6.));
#3493 = CARTESIAN_POINT('',(-2.858589774915,12.689779993873,6.));
#3494 = CARTESIAN_POINT('',(-2.874773815037,12.723220677194,6.));
#3495 = CARTESIAN_POINT('',(-2.892274481458,12.758251705525,6.));
#3496 = CARTESIAN_POINT('',(-2.911134211027,12.794844958333,6.));
#3497 = CARTESIAN_POINT('',(-2.931394937869,12.832971500815,6.));
#3498 = CARTESIAN_POINT('',(-2.953098079638,12.872601592142,6.));
#3499 = CARTESIAN_POINT('',(-2.976284523892,12.913704693915,6.));
#3500 = CARTESIAN_POINT('',(-3.000994614602,12.956249478847,6.));
#3501 = CARTESIAN_POINT('',(-3.027268138802,13.000203839645,6.));
#3502 = CARTESIAN_POINT('',(-3.055144313366,13.045534898114,6.));
#3503 = CARTESIAN_POINT('',(-3.084661771937,13.092209014463,6.));
#3504 = CARTESIAN_POINT('',(-3.115858551996,13.140191796819,6.));
#3505 = CARTESIAN_POINT('',(-3.14877208208,13.189448110945,6.));
#3506 = CARTESIAN_POINT('',(-3.183439169148,13.239942090162,6.));
#3507 = CARTESIAN_POINT('',(-3.219895986107,13.291637145469,6.));
#3508 = CARTESIAN_POINT('',(-3.258178059488,13.344495975864,6.));
#3509 = CARTESIAN_POINT('',(-3.298320257287,13.398480578853,6.));
#3510 = CARTESIAN_POINT('',(-3.340356776964,13.453552261163,6.));
#3511 = CARTESIAN_POINT('',(-3.384321133623,13.509671649631,6.));
#3512 = CARTESIAN_POINT('',(-3.430246148287,13.566798702306,6.));
#3513 = CARTESIAN_POINT('',(-3.478163936658,13.624892719664,6.));
#3514 = CARTESIAN_POINT('',(-3.528105896807,13.683912356277,6.));
#3515 = CARTESIAN_POINT('',(-3.580102701885,13.7438156316,6.));
#3516 = CARTESIAN_POINT('',(-3.634184274231,13.80455994509,6.));
#3517 = CARTESIAN_POINT('',(-3.690379832421,13.866102075348,6.));
#3518 = CARTESIAN_POINT('',(-3.748717656855,13.928398242024,6.));
#3519 = CARTESIAN_POINT('',(-3.788592850516,13.969919228995,6.));
#3520 = CARTESIAN_POINT('',(-3.808891816861,13.990794942656,6.));
#3521 = ORIENTED_EDGE('',*,*,#3522,.F.);
#3522 = EDGE_CURVE('',#3523,#3471,#3525,.T.);
#3523 = VERTEX_POINT('',#3524);
#3524 = CARTESIAN_POINT('',(-3.808891816861,13.990794942656,0.));
#3525 = LINE('',#3526,#3527);
#3526 = CARTESIAN_POINT('',(-3.808891816861,13.990794942656,0.));
#3527 = VECTOR('',#3528,1.);
#3528 = DIRECTION('',(0.,0.,1.));
#3529 = ORIENTED_EDGE('',*,*,#3530,.F.);
#3530 = EDGE_CURVE('',#3448,#3523,#3531,.T.);
#3531 = B_SPLINE_CURVE_WITH_KNOTS('',3,(#3532,#3533,#3534,#3535,#3536,
    #3537,#3538,#3539,#3540,#3541,#3542,#3543,#3544,#3545,#3546,#3547,
    #3548,#3549,#3550,#3551,#3552,#3553,#3554,#3555,#3556,#3557,#3558,
    #3559,#3560,#3561,#3562,#3563,#3564,#3565,#3566,#3567,#3568,#3569,
    #3570,#3571,#3572,#3573,#3574,#3575,#3576,#3577,#3578),
  .UNSPECIFIED.,.F.,.F.,(4,1,1,1,1,1,1,1,1,1,1,1,1,1,1,1,1,1,1,1,1,1,1,1
    ,1,1,1,1,1,1,1,1,1,1,1,1,1,1,1,1,1,1,1,1,4),(0.,1.004058879412E-03,
    4.016229631009E-03,9.036513432115E-03,1.606491045092E-02,
    2.510142074349E-02,3.614604433531E-02,4.91987812401E-02,
    6.425963146609E-02,8.132859501861E-02,0.100405671901,0.121490862117,
    0.144584165667,0.169685582553,0.196795112777,0.225912756339,
    0.25703851324,0.29017238348,0.32531436706,0.362464463981,
    0.401622674242,0.442788997845,0.485963434789,0.531145985075,
    0.578336648702,0.627535425671,0.678742315982,0.731957319636,
    0.787180436632,0.84441166697,0.903651010651,0.964898467674,
    1.02815403804,1.093417721749,1.160689518801,1.229969429195,
    1.301257452933,1.374553590013,1.449857840437,1.527170204204,
    1.606490681313,1.687819271766,1.771155975562,1.856500792702,
    1.943853723184),.UNSPECIFIED.);
#3532 = CARTESIAN_POINT('',(-2.741262057852,12.386132657508,0.));
#3533 = CARTESIAN_POINT('',(-2.741336024453,12.386459073689,0.));
#3534 = CARTESIAN_POINT('',(-2.741636329887,12.38776370067,0.));
#3535 = CARTESIAN_POINT('',(-2.742350204569,12.390690178854,0.));
#3536 = CARTESIAN_POINT('',(-2.743593301199,12.395554211516,0.));
#3537 = CARTESIAN_POINT('',(-2.745419196507,12.402341505843,0.));
#3538 = CARTESIAN_POINT('',(-2.74787385678,12.411038469578,0.));
#3539 = CARTESIAN_POINT('',(-2.75100652892,12.421629813389,0.));
#3540 = CARTESIAN_POINT('',(-2.754864783517,12.434099643995,0.));
#3541 = CARTESIAN_POINT('',(-2.759496418478,12.44843104629,0.));
#3542 = CARTESIAN_POINT('',(-2.764948739371,12.464606243559,0.));
#3543 = CARTESIAN_POINT('',(-2.771268785155,12.482606549704,0.));
#3544 = CARTESIAN_POINT('',(-2.778503231797,12.502412392672,0.));
#3545 = CARTESIAN_POINT('',(-2.786698403148,12.524003314518,0.));
#3546 = CARTESIAN_POINT('',(-2.79590024761,12.547357979253,0.));
#3547 = CARTESIAN_POINT('',(-2.806154325867,12.572454178514,0.));
#3548 = CARTESIAN_POINT('',(-2.817505795367,12.599268838196,0.));
#3549 = CARTESIAN_POINT('',(-2.829999395972,12.627778025087,0.));
#3550 = CARTESIAN_POINT('',(-2.843679435404,12.657956953794,0.));
#3551 = CARTESIAN_POINT('',(-2.858589774915,12.689779993873,0.));
#3552 = CARTESIAN_POINT('',(-2.874773815037,12.723220677194,0.));
#3553 = CARTESIAN_POINT('',(-2.892274481458,12.758251705525,0.));
#3554 = CARTESIAN_POINT('',(-2.911134211027,12.794844958333,0.));
#3555 = CARTESIAN_POINT('',(-2.931394937869,12.832971500815,0.));
#3556 = CARTESIAN_POINT('',(-2.953098079638,12.872601592142,0.));
#3557 = CARTESIAN_POINT('',(-2.976284523892,12.913704693915,0.));
#3558 = CARTESIAN_POINT('',(-3.000994614602,12.956249478847,0.));
#3559 = CARTESIAN_POINT('',(-3.027268138802,13.000203839645,0.));
#3560 = CARTESIAN_POINT('',(-3.055144313366,13.045534898114,0.));
#3561 = CARTESIAN_POINT('',(-3.084661771937,13.092209014463,0.));
#3562 = CARTESIAN_POINT('',(-3.115858551996,13.140191796819,0.));
#3563 = CARTESIAN_POINT('',(-3.14877208208,13.189448110945,0.));
#3564 = CARTESIAN_POINT('',(-3.183439169148,13.239942090162,0.));
#3565 = CARTESIAN_POINT('',(-3.219895986107,13.291637145469,0.));
#3566 = CARTESIAN_POINT('',(-3.258178059488,13.344495975864,0.));
#3567 = CARTESIAN_POINT('',(-3.298320257287,13.398480578853,0.));
#3568 = CARTESIAN_POINT('',(-3.340356776964,13.453552261163,0.));
#3569 = CARTESIAN_POINT('',(-3.384321133623,13.509671649631,0.));
#3570 = CARTESIAN_POINT('',(-3.430246148287,13.566798702306,0.));
#3571 = CARTESIAN_POINT('',(-3.478163936658,13.624892719664,0.));
#3572 = CARTESIAN_POINT('',(-3.528105896807,13.683912356277,0.));
#3573 = CARTESIAN_POINT('',(-3.580102701885,13.7438156316,0.));
#3574 = CARTESIAN_POINT('',(-3.634184274231,13.80455994509,0.));
#3575 = CARTESIAN_POINT('',(-3.690379832421,13.866102075348,0.));
#3576 = CARTESIAN_POINT('',(-3.748717656855,13.928398242024,0.));
#3577 = CARTESIAN_POINT('',(-3.788592850516,13.969919228995,0.));
#3578 = CARTESIAN_POINT('',(-3.808891816861,13.990794942656,0.));
#3579 = SURFACE_OF_LINEAR_EXTRUSION('',#3580,#3628);
#3580 = B_SPLINE_CURVE_WITH_KNOTS('',3,(#3581,#3582,#3583,#3584,#3585,
    #3586,#3587,#3588,#3589,#3590,#3591,#3592,#3593,#3594,#3595,#3596,
    #3597,#3598,#3599,#3600,#3601,#3602,#3603,#3604,#3605,#3606,#3607,
    #3608,#3609,#3610,#3611,#3612,#3613,#3614,#3615,#3616,#3617,#3618,
    #3619,#3620,#3621,#3622,#3623,#3624,#3625,#3626,#3627),
  .UNSPECIFIED.,.F.,.F.,(4,1,1,1,1,1,1,1,1,1,1,1,1,1,1,1,1,1,1,1,1,1,1,1
    ,1,1,1,1,1,1,1,1,1,1,1,1,1,1,1,1,1,1,1,1,4),(0.,1.004058879412E-03,
    4.016229631009E-03,9.036513432115E-03,1.606491045092E-02,
    2.510142074349E-02,3.614604433531E-02,4.91987812401E-02,
    6.425963146609E-02,8.132859501861E-02,0.100405671901,0.121490862117,
    0.144584165667,0.169685582553,0.196795112777,0.225912756339,
    0.25703851324,0.29017238348,0.32531436706,0.362464463981,
    0.401622674242,0.442788997845,0.485963434789,0.531145985075,
    0.578336648702,0.627535425671,0.678742315982,0.731957319636,
    0.787180436632,0.84441166697,0.903651010651,0.964898467674,
    1.02815403804,1.093417721749,1.160689518801,1.229969429195,
    1.301257452933,1.374553590013,1.449857840437,1.527170204204,
    1.606490681313,1.687819271766,1.771155975562,1.856500792702,
    1.943853723184),.UNSPECIFIED.);
#3581 = CARTESIAN_POINT('',(-2.741262057852,12.386132657508,0.));
#3582 = CARTESIAN_POINT('',(-2.741336024453,12.386459073689,0.));
#3583 = CARTESIAN_POINT('',(-2.741636329887,12.38776370067,0.));
#3584 = CARTESIAN_POINT('',(-2.742350204569,12.390690178854,0.));
#3585 = CARTESIAN_POINT('',(-2.743593301199,12.395554211516,0.));
#3586 = CARTESIAN_POINT('',(-2.745419196507,12.402341505843,0.));
#3587 = CARTESIAN_POINT('',(-2.74787385678,12.411038469578,0.));
#3588 = CARTESIAN_POINT('',(-2.75100652892,12.421629813389,0.));
#3589 = CARTESIAN_POINT('',(-2.754864783517,12.434099643995,0.));
#3590 = CARTESIAN_POINT('',(-2.759496418478,12.44843104629,0.));
#3591 = CARTESIAN_POINT('',(-2.764948739371,12.464606243559,0.));
#3592 = CARTESIAN_POINT('',(-2.771268785155,12.482606549704,0.));
#3593 = CARTESIAN_POINT('',(-2.778503231797,12.502412392672,0.));
#3594 = CARTESIAN_POINT('',(-2.786698403148,12.524003314518,0.));
#3595 = CARTESIAN_POINT('',(-2.79590024761,12.547357979253,0.));
#3596 = CARTESIAN_POINT('',(-2.806154325867,12.572454178514,0.));
#3597 = CARTESIAN_POINT('',(-2.817505795367,12.599268838196,0.));
#3598 = CARTESIAN_POINT('',(-2.829999395972,12.627778025087,0.));
#3599 = CARTESIAN_POINT('',(-2.843679435404,12.657956953794,0.));
#3600 = CARTESIAN_POINT('',(-2.858589774915,12.689779993873,0.));
#3601 = CARTESIAN_POINT('',(-2.874773815037,12.723220677194,0.));
#3602 = CARTESIAN_POINT('',(-2.892274481458,12.758251705525,0.));
#3603 = CARTESIAN_POINT('',(-2.911134211027,12.794844958333,0.));
#3604 = CARTESIAN_POINT('',(-2.931394937869,12.832971500815,0.));
#3605 = CARTESIAN_POINT('',(-2.953098079638,12.872601592142,0.));
#3606 = CARTESIAN_POINT('',(-2.976284523892,12.913704693915,0.));
#3607 = CARTESIAN_POINT('',(-3.000994614602,12.956249478847,0.));
#3608 = CARTESIAN_POINT('',(-3.027268138802,13.000203839645,0.));
#3609 = CARTESIAN_POINT('',(-3.055144313366,13.045534898114,0.));
#3610 = CARTESIAN_POINT('',(-3.084661771937,13.092209014463,0.));
#3611 = CARTESIAN_POINT('',(-3.115858551996,13.140191796819,0.));
#3612 = CARTESIAN_POINT('',(-3.14877208208,13.189448110945,0.));
#3613 = CARTESIAN_POINT('',(-3.183439169148,13.239942090162,0.));
#3614 = CARTESIAN_POINT('',(-3.219895986107,13.291637145469,0.));
#3615 = CARTESIAN_POINT('',(-3.258178059488,13.344495975864,0.));
#3616 = CARTESIAN_POINT('',(-3.298320257287,13.398480578853,0.));
#3617 = CARTESIAN_POINT('',(-3.340356776964,13.453552261163,0.));
#3618 = CARTESIAN_POINT('',(-3.384321133623,13.509671649631,0.));
#3619 = CARTESIAN_POINT('',(-3.430246148287,13.566798702306,0.));
#3620 = CARTESIAN_POINT('',(-3.478163936658,13.624892719664,0.));
#3621 = CARTESIAN_POINT('',(-3.528105896807,13.683912356277,0.));
#3622 = CARTESIAN_POINT('',(-3.580102701885,13.7438156316,0.));
#3623 = CARTESIAN_POINT('',(-3.634184274231,13.80455994509,0.));
#3624 = CARTESIAN_POINT('',(-3.690379832421,13.866102075348,0.));
#3625 = CARTESIAN_POINT('',(-3.748717656855,13.928398242024,0.));
#3626 = CARTESIAN_POINT('',(-3.788592850516,13.969919228995,0.));
#3627 = CARTESIAN_POINT('',(-3.808891816861,13.990794942656,0.));
#3628 = VECTOR('',#3629,1.);
#3629 = DIRECTION('',(-0.,-0.,-1.));
#3630 = ADVANCED_FACE('',(#3631),#3654,.F.);
#3631 = FACE_BOUND('',#3632,.F.);
#3632 = EDGE_LOOP('',(#3633,#3634,#3641,#3649));
#3633 = ORIENTED_EDGE('',*,*,#3522,.T.);
#3634 = ORIENTED_EDGE('',*,*,#3635,.T.);
#3635 = EDGE_CURVE('',#3471,#3636,#3638,.T.);
#3636 = VERTEX_POINT('',#3637);
#3637 = CARTESIAN_POINT('',(-4.50578474336,13.782158896432,6.));
#3638 = B_SPLINE_CURVE_WITH_KNOTS('',1,(#3639,#3640),.UNSPECIFIED.,.F.,
  .F.,(2,2),(0.,0.72745360731),.PIECEWISE_BEZIER_KNOTS.);
#3639 = CARTESIAN_POINT('',(-3.808891816861,13.990794942656,6.));
#3640 = CARTESIAN_POINT('',(-4.50578474336,13.782158896432,6.));
#3641 = ORIENTED_EDGE('',*,*,#3642,.F.);
#3642 = EDGE_CURVE('',#3643,#3636,#3645,.T.);
#3643 = VERTEX_POINT('',#3644);
#3644 = CARTESIAN_POINT('',(-4.50578474336,13.782158896432,0.));
#3645 = LINE('',#3646,#3647);
#3646 = CARTESIAN_POINT('',(-4.50578474336,13.782158896432,0.));
#3647 = VECTOR('',#3648,1.);
#3648 = DIRECTION('',(0.,0.,1.));
#3649 = ORIENTED_EDGE('',*,*,#3650,.F.);
#3650 = EDGE_CURVE('',#3523,#3643,#3651,.T.);
#3651 = B_SPLINE_CURVE_WITH_KNOTS('',1,(#3652,#3653),.UNSPECIFIED.,.F.,
  .F.,(2,2),(0.,0.72745360731),.PIECEWISE_BEZIER_KNOTS.);
#3652 = CARTESIAN_POINT('',(-3.808891816861,13.990794942656,0.));
#3653 = CARTESIAN_POINT('',(-4.50578474336,13.782158896432,0.));
#3654 = SURFACE_OF_LINEAR_EXTRUSION('',#3655,#3658);
#3655 = B_SPLINE_CURVE_WITH_KNOTS('',1,(#3656,#3657),.UNSPECIFIED.,.F.,
  .F.,(2,2),(0.,0.72745360731),.PIECEWISE_BEZIER_KNOTS.);
#3656 = CARTESIAN_POINT('',(-3.808891816861,13.990794942656,0.));
#3657 = CARTESIAN_POINT('',(-4.50578474336,13.782158896432,0.));
#3658 = VECTOR('',#3659,1.);
#3659 = DIRECTION('',(-0.,-0.,-1.));
#3660 = ADVANCED_FACE('',(#3661),#3774,.F.);
#3661 = FACE_BOUND('',#3662,.F.);
#3662 = EDGE_LOOP('',(#3663,#3664,#3716,#3724));
#3663 = ORIENTED_EDGE('',*,*,#3642,.T.);
#3664 = ORIENTED_EDGE('',*,*,#3665,.T.);
#3665 = EDGE_CURVE('',#3636,#3666,#3668,.T.);
#3666 = VERTEX_POINT('',#3667);
#3667 = CARTESIAN_POINT('',(-4.516000061653,11.854810977927,6.));
#3668 = B_SPLINE_CURVE_WITH_KNOTS('',3,(#3669,#3670,#3671,#3672,#3673,
    #3674,#3675,#3676,#3677,#3678,#3679,#3680,#3681,#3682,#3683,#3684,
    #3685,#3686,#3687,#3688,#3689,#3690,#3691,#3692,#3693,#3694,#3695,
    #3696,#3697,#3698,#3699,#3700,#3701,#3702,#3703,#3704,#3705,#3706,
    #3707,#3708,#3709,#3710,#3711,#3712,#3713,#3714,#3715),
  .UNSPECIFIED.,.F.,.F.,(4,1,1,1,1,1,1,1,1,1,1,1,1,1,1,1,1,1,1,1,1,1,1,1
    ,1,1,1,1,1,1,1,1,1,1,1,1,1,1,1,1,1,1,1,1,4),(0.,8.735293048255E-02,
    0.172697747622,0.256034451418,0.337363041871,0.416683518981,
    0.493995882747,0.569300133171,0.642596270251,0.713884293989,
    0.783164204383,0.850436001435,0.915699685144,0.97895525551,
    1.040202712533,1.099442056214,1.156673286553,1.211896403548,
    1.265111407202,1.316318297513,1.365517074482,1.41270773811,
    1.457890288395,1.501064725339,1.542231048942,1.581389259203,
    1.618539356124,1.653681339704,1.686815209945,1.717940966845,
    1.747058610407,1.774168140631,1.799269557517,1.822362861067,
    1.843448051283,1.862525128166,1.879594091718,1.894654941944,
    1.907707678849,1.918752302441,1.927788812733,1.934817209752,
    1.939837493553,1.942849664305,1.943853723184),.UNSPECIFIED.);
#3669 = CARTESIAN_POINT('',(-4.50578474336,13.782158896432,6.));
#3670 = CARTESIAN_POINT('',(-4.511272890245,13.753563027862,6.));
#3671 = CARTESIAN_POINT('',(-4.521771973407,13.696960972411,6.));
#3672 = CARTESIAN_POINT('',(-4.536280211778,13.612856126167,6.));
#3673 = CARTESIAN_POINT('',(-4.549412962596,13.530558462696,6.));
#3674 = CARTESIAN_POINT('',(-4.561217911483,13.45008901961,6.));
#3675 = CARTESIAN_POINT('',(-4.571743220752,13.371467851993,6.));
#3676 = CARTESIAN_POINT('',(-4.581037299533,13.294714109483,6.));
#3677 = CARTESIAN_POINT('',(-4.589148843557,13.219846011146,6.));
#3678 = CARTESIAN_POINT('',(-4.596126805211,13.146880847058,6.));
#3679 = CARTESIAN_POINT('',(-4.60202038153,13.07583497331,6.));
#3680 = CARTESIAN_POINT('',(-4.606878997487,13.006723809017,6.));
#3681 = CARTESIAN_POINT('',(-4.610752290452,12.939561833125,6.));
#3682 = CARTESIAN_POINT('',(-4.613690094285,12.874362581583,6.));
#3683 = CARTESIAN_POINT('',(-4.615742423484,12.811138644732,6.));
#3684 = CARTESIAN_POINT('',(-4.616959457268,12.749901664959,6.));
#3685 = CARTESIAN_POINT('',(-4.617391523645,12.690662334592,6.));
#3686 = CARTESIAN_POINT('',(-4.617089083442,12.633430394046,6.));
#3687 = CARTESIAN_POINT('',(-4.616102714325,12.578214630233,6.));
#3688 = CARTESIAN_POINT('',(-4.614483094787,12.525022875206,6.));
#3689 = CARTESIAN_POINT('',(-4.612280988135,12.473862005068,6.));
#3690 = CARTESIAN_POINT('',(-4.609547226453,12.424737939124,6.));
#3691 = CARTESIAN_POINT('',(-4.606332694566,12.377655639294,6.));
#3692 = CARTESIAN_POINT('',(-4.602688313998,12.332619109771,6.));
#3693 = CARTESIAN_POINT('',(-4.598665026928,12.289631396934,6.));
#3694 = CARTESIAN_POINT('',(-4.594313780154,12.24869458951,6.));
#3695 = CARTESIAN_POINT('',(-4.589685509062,12.209809818998,6.));
#3696 = CARTESIAN_POINT('',(-4.584831121605,12.17297726033,6.));
#3697 = CARTESIAN_POINT('',(-4.579801482298,12.138196132794,6.));
#3698 = CARTESIAN_POINT('',(-4.574647396231,12.10546470121,6.));
#3699 = CARTESIAN_POINT('',(-4.569419593102,12.074780277349,6.));
#3700 = CARTESIAN_POINT('',(-4.564168711272,12.046139221612,6.));
#3701 = CARTESIAN_POINT('',(-4.558945281864,12.019536944953,6.));
#3702 = CARTESIAN_POINT('',(-4.553799712802,11.99496791108,6.));
#3703 = CARTESIAN_POINT('',(-4.548782273179,11.972425638807,6.));
#3704 = CARTESIAN_POINT('',(-4.543943076642,11.951902705031,6.));
#3705 = CARTESIAN_POINT('',(-4.539332068027,11.933390746746,6.));
#3706 = CARTESIAN_POINT('',(-4.534998999556,11.916880467298,6.));
#3707 = CARTESIAN_POINT('',(-4.530993439884,11.902361630365,6.));
#3708 = CARTESIAN_POINT('',(-4.527364680699,11.889823093343,6.));
#3709 = CARTESIAN_POINT('',(-4.524161951576,11.879252723216,6.));
#3710 = CARTESIAN_POINT('',(-4.52143373066,11.870637658162,6.));
#3711 = CARTESIAN_POINT('',(-4.519229564766,11.863963610614,6.));
#3712 = CARTESIAN_POINT('',(-4.517595327231,11.859216677851,6.));
#3713 = CARTESIAN_POINT('',(-4.51658363479,11.856379360451,6.));
#3714 = CARTESIAN_POINT('',(-4.516117632081,11.855124339978,6.));
#3715 = CARTESIAN_POINT('',(-4.516000061653,11.854810977927,6.));
#3716 = ORIENTED_EDGE('',*,*,#3717,.F.);
#3717 = EDGE_CURVE('',#3718,#3666,#3720,.T.);
#3718 = VERTEX_POINT('',#3719);
#3719 = CARTESIAN_POINT('',(-4.516000061653,11.854810977927,0.));
#3720 = LINE('',#3721,#3722);
#3721 = CARTESIAN_POINT('',(-4.516000061653,11.854810977927,0.));
#3722 = VECTOR('',#3723,1.);
#3723 = DIRECTION('',(0.,0.,1.));
#3724 = ORIENTED_EDGE('',*,*,#3725,.F.);
#3725 = EDGE_CURVE('',#3643,#3718,#3726,.T.);
#3726 = B_SPLINE_CURVE_WITH_KNOTS('',3,(#3727,#3728,#3729,#3730,#3731,
    #3732,#3733,#3734,#3735,#3736,#3737,#3738,#3739,#3740,#3741,#3742,
    #3743,#3744,#3745,#3746,#3747,#3748,#3749,#3750,#3751,#3752,#3753,
    #3754,#3755,#3756,#3757,#3758,#3759,#3760,#3761,#3762,#3763,#3764,
    #3765,#3766,#3767,#3768,#3769,#3770,#3771,#3772,#3773),
  .UNSPECIFIED.,.F.,.F.,(4,1,1,1,1,1,1,1,1,1,1,1,1,1,1,1,1,1,1,1,1,1,1,1
    ,1,1,1,1,1,1,1,1,1,1,1,1,1,1,1,1,1,1,1,1,4),(0.,8.735293048255E-02,
    0.172697747622,0.256034451418,0.337363041871,0.416683518981,
    0.493995882747,0.569300133171,0.642596270251,0.713884293989,
    0.783164204383,0.850436001435,0.915699685144,0.97895525551,
    1.040202712533,1.099442056214,1.156673286553,1.211896403548,
    1.265111407202,1.316318297513,1.365517074482,1.41270773811,
    1.457890288395,1.501064725339,1.542231048942,1.581389259203,
    1.618539356124,1.653681339704,1.686815209945,1.717940966845,
    1.747058610407,1.774168140631,1.799269557517,1.822362861067,
    1.843448051283,1.862525128166,1.879594091718,1.894654941944,
    1.907707678849,1.918752302441,1.927788812733,1.934817209752,
    1.939837493553,1.942849664305,1.943853723184),.UNSPECIFIED.);
#3727 = CARTESIAN_POINT('',(-4.50578474336,13.782158896432,0.));
#3728 = CARTESIAN_POINT('',(-4.511272890245,13.753563027862,0.));
#3729 = CARTESIAN_POINT('',(-4.521771973407,13.696960972411,0.));
#3730 = CARTESIAN_POINT('',(-4.536280211778,13.612856126167,0.));
#3731 = CARTESIAN_POINT('',(-4.549412962596,13.530558462696,0.));
#3732 = CARTESIAN_POINT('',(-4.561217911483,13.45008901961,0.));
#3733 = CARTESIAN_POINT('',(-4.571743220752,13.371467851993,0.));
#3734 = CARTESIAN_POINT('',(-4.581037299533,13.294714109483,0.));
#3735 = CARTESIAN_POINT('',(-4.589148843557,13.219846011146,0.));
#3736 = CARTESIAN_POINT('',(-4.596126805211,13.146880847058,0.));
#3737 = CARTESIAN_POINT('',(-4.60202038153,13.07583497331,0.));
#3738 = CARTESIAN_POINT('',(-4.606878997487,13.006723809017,0.));
#3739 = CARTESIAN_POINT('',(-4.610752290452,12.939561833125,0.));
#3740 = CARTESIAN_POINT('',(-4.613690094285,12.874362581583,0.));
#3741 = CARTESIAN_POINT('',(-4.615742423484,12.811138644732,0.));
#3742 = CARTESIAN_POINT('',(-4.616959457268,12.749901664959,0.));
#3743 = CARTESIAN_POINT('',(-4.617391523645,12.690662334592,0.));
#3744 = CARTESIAN_POINT('',(-4.617089083442,12.633430394046,0.));
#3745 = CARTESIAN_POINT('',(-4.616102714325,12.578214630233,0.));
#3746 = CARTESIAN_POINT('',(-4.614483094787,12.525022875206,0.));
#3747 = CARTESIAN_POINT('',(-4.612280988135,12.473862005068,0.));
#3748 = CARTESIAN_POINT('',(-4.609547226453,12.424737939124,0.));
#3749 = CARTESIAN_POINT('',(-4.606332694566,12.377655639294,0.));
#3750 = CARTESIAN_POINT('',(-4.602688313998,12.332619109771,0.));
#3751 = CARTESIAN_POINT('',(-4.598665026928,12.289631396934,0.));
#3752 = CARTESIAN_POINT('',(-4.594313780154,12.24869458951,0.));
#3753 = CARTESIAN_POINT('',(-4.589685509062,12.209809818998,0.));
#3754 = CARTESIAN_POINT('',(-4.584831121605,12.17297726033,0.));
#3755 = CARTESIAN_POINT('',(-4.579801482298,12.138196132794,0.));
#3756 = CARTESIAN_POINT('',(-4.574647396231,12.10546470121,0.));
#3757 = CARTESIAN_POINT('',(-4.569419593102,12.074780277349,0.));
#3758 = CARTESIAN_POINT('',(-4.564168711272,12.046139221612,0.));
#3759 = CARTESIAN_POINT('',(-4.558945281864,12.019536944953,0.));
#3760 = CARTESIAN_POINT('',(-4.553799712802,11.99496791108,0.));
#3761 = CARTESIAN_POINT('',(-4.548782273179,11.972425638807,0.));
#3762 = CARTESIAN_POINT('',(-4.543943076642,11.951902705031,0.));
#3763 = CARTESIAN_POINT('',(-4.539332068027,11.933390746746,0.));
#3764 = CARTESIAN_POINT('',(-4.534998999556,11.916880467298,0.));
#3765 = CARTESIAN_POINT('',(-4.530993439884,11.902361630365,0.));
#3766 = CARTESIAN_POINT('',(-4.527364680699,11.889823093343,0.));
#3767 = CARTESIAN_POINT('',(-4.524161951576,11.879252723216,0.));
#3768 = CARTESIAN_POINT('',(-4.52143373066,11.870637658162,0.));
#3769 = CARTESIAN_POINT('',(-4.519229564766,11.863963610614,0.));
#3770 = CARTESIAN_POINT('',(-4.517595327231,11.859216677851,0.));
#3771 = CARTESIAN_POINT('',(-4.51658363479,11.856379360451,0.));
#3772 = CARTESIAN_POINT('',(-4.516117632081,11.855124339978,0.));
#3773 = CARTESIAN_POINT('',(-4.516000061653,11.854810977927,0.));
#3774 = SURFACE_OF_LINEAR_EXTRUSION('',#3775,#3823);
#3775 = B_SPLINE_CURVE_WITH_KNOTS('',3,(#3776,#3777,#3778,#3779,#3780,
    #3781,#3782,#3783,#3784,#3785,#3786,#3787,#3788,#3789,#3790,#3791,
    #3792,#3793,#3794,#3795,#3796,#3797,#3798,#3799,#3800,#3801,#3802,
    #3803,#3804,#3805,#3806,#3807,#3808,#3809,#3810,#3811,#3812,#3813,
    #3814,#3815,#3816,#3817,#3818,#3819,#3820,#3821,#3822),
  .UNSPECIFIED.,.F.,.F.,(4,1,1,1,1,1,1,1,1,1,1,1,1,1,1,1,1,1,1,1,1,1,1,1
    ,1,1,1,1,1,1,1,1,1,1,1,1,1,1,1,1,1,1,1,1,4),(0.,8.735293048255E-02,
    0.172697747622,0.256034451418,0.337363041871,0.416683518981,
    0.493995882747,0.569300133171,0.642596270251,0.713884293989,
    0.783164204383,0.850436001435,0.915699685144,0.97895525551,
    1.040202712533,1.099442056214,1.156673286553,1.211896403548,
    1.265111407202,1.316318297513,1.365517074482,1.41270773811,
    1.457890288395,1.501064725339,1.542231048942,1.581389259203,
    1.618539356124,1.653681339704,1.686815209945,1.717940966845,
    1.747058610407,1.774168140631,1.799269557517,1.822362861067,
    1.843448051283,1.862525128166,1.879594091718,1.894654941944,
    1.907707678849,1.918752302441,1.927788812733,1.934817209752,
    1.939837493553,1.942849664305,1.943853723184),.UNSPECIFIED.);
#3776 = CARTESIAN_POINT('',(-4.50578474336,13.782158896432,0.));
#3777 = CARTESIAN_POINT('',(-4.511272890245,13.753563027862,0.));
#3778 = CARTESIAN_POINT('',(-4.521771973407,13.696960972411,0.));
#3779 = CARTESIAN_POINT('',(-4.536280211778,13.612856126167,0.));
#3780 = CARTESIAN_POINT('',(-4.549412962596,13.530558462696,0.));
#3781 = CARTESIAN_POINT('',(-4.561217911483,13.45008901961,0.));
#3782 = CARTESIAN_POINT('',(-4.571743220752,13.371467851993,0.));
#3783 = CARTESIAN_POINT('',(-4.581037299533,13.294714109483,0.));
#3784 = CARTESIAN_POINT('',(-4.589148843557,13.219846011146,0.));
#3785 = CARTESIAN_POINT('',(-4.596126805211,13.146880847058,0.));
#3786 = CARTESIAN_POINT('',(-4.60202038153,13.07583497331,0.));
#3787 = CARTESIAN_POINT('',(-4.606878997487,13.006723809017,0.));
#3788 = CARTESIAN_POINT('',(-4.610752290452,12.939561833125,0.));
#3789 = CARTESIAN_POINT('',(-4.613690094285,12.874362581583,0.));
#3790 = CARTESIAN_POINT('',(-4.615742423484,12.811138644732,0.));
#3791 = CARTESIAN_POINT('',(-4.616959457268,12.749901664959,0.));
#3792 = CARTESIAN_POINT('',(-4.617391523645,12.690662334592,0.));
#3793 = CARTESIAN_POINT('',(-4.617089083442,12.633430394046,0.));
#3794 = CARTESIAN_POINT('',(-4.616102714325,12.578214630233,0.));
#3795 = CARTESIAN_POINT('',(-4.614483094787,12.525022875206,0.));
#3796 = CARTESIAN_POINT('',(-4.612280988135,12.473862005068,0.));
#3797 = CARTESIAN_POINT('',(-4.609547226453,12.424737939124,0.));
#3798 = CARTESIAN_POINT('',(-4.606332694566,12.377655639294,0.));
#3799 = CARTESIAN_POINT('',(-4.602688313998,12.332619109771,0.));
#3800 = CARTESIAN_POINT('',(-4.598665026928,12.289631396934,0.));
#3801 = CARTESIAN_POINT('',(-4.594313780154,12.24869458951,0.));
#3802 = CARTESIAN_POINT('',(-4.589685509062,12.209809818998,0.));
#3803 = CARTESIAN_POINT('',(-4.584831121605,12.17297726033,0.));
#3804 = CARTESIAN_POINT('',(-4.579801482298,12.138196132794,0.));
#3805 = CARTESIAN_POINT('',(-4.574647396231,12.10546470121,0.));
#3806 = CARTESIAN_POINT('',(-4.569419593102,12.074780277349,0.));
#3807 = CARTESIAN_POINT('',(-4.564168711272,12.046139221612,0.));
#3808 = CARTESIAN_POINT('',(-4.558945281864,12.019536944953,0.));
#3809 = CARTESIAN_POINT('',(-4.553799712802,11.99496791108,0.));
#3810 = CARTESIAN_POINT('',(-4.548782273179,11.972425638807,0.));
#3811 = CARTESIAN_POINT('',(-4.543943076642,11.951902705031,0.));
#3812 = CARTESIAN_POINT('',(-4.539332068027,11.933390746746,0.));
#3813 = CARTESIAN_POINT('',(-4.534998999556,11.916880467298,0.));
#3814 = CARTESIAN_POINT('',(-4.530993439884,11.902361630365,0.));
#3815 = CARTESIAN_POINT('',(-4.527364680699,11.889823093343,0.));
#3816 = CARTESIAN_POINT('',(-4.524161951576,11.879252723216,0.));
#3817 = CARTESIAN_POINT('',(-4.52143373066,11.870637658162,0.));
#3818 = CARTESIAN_POINT('',(-4.519229564766,11.863963610614,0.));
#3819 = CARTESIAN_POINT('',(-4.517595327231,11.859216677851,0.));
#3820 = CARTESIAN_POINT('',(-4.51658363479,11.856379360451,0.));
#3821 = CARTESIAN_POINT('',(-4.516117632081,11.855124339978,0.));
#3822 = CARTESIAN_POINT('',(-4.516000061653,11.854810977927,0.));
#3823 = VECTOR('',#3824,1.);
#3824 = DIRECTION('',(-0.,-0.,-1.));
#3825 = ADVANCED_FACE('',(#3826),#3849,.F.);
#3826 = FACE_BOUND('',#3827,.F.);
#3827 = EDGE_LOOP('',(#3828,#3829,#3836,#3844));
#3828 = ORIENTED_EDGE('',*,*,#3717,.T.);
#3829 = ORIENTED_EDGE('',*,*,#3830,.T.);
#3830 = EDGE_CURVE('',#3666,#3831,#3833,.T.);
#3831 = VERTEX_POINT('',#3832);
#3832 = CARTESIAN_POINT('',(-4.360842915174,11.447512789649,6.));
#3833 = B_SPLINE_CURVE_WITH_KNOTS('',1,(#3834,#3835),.UNSPECIFIED.,.F.,
  .F.,(2,2),(0.,0.43585038061),.PIECEWISE_BEZIER_KNOTS.);
#3834 = CARTESIAN_POINT('',(-4.516000061653,11.854810977927,6.));
#3835 = CARTESIAN_POINT('',(-4.360842915174,11.447512789649,6.));
#3836 = ORIENTED_EDGE('',*,*,#3837,.F.);
#3837 = EDGE_CURVE('',#3838,#3831,#3840,.T.);
#3838 = VERTEX_POINT('',#3839);
#3839 = CARTESIAN_POINT('',(-4.360842915174,11.447512789649,0.));
#3840 = LINE('',#3841,#3842);
#3841 = CARTESIAN_POINT('',(-4.360842915174,11.447512789649,0.));
#3842 = VECTOR('',#3843,1.);
#3843 = DIRECTION('',(0.,0.,1.));
#3844 = ORIENTED_EDGE('',*,*,#3845,.F.);
#3845 = EDGE_CURVE('',#3718,#3838,#3846,.T.);
#3846 = B_SPLINE_CURVE_WITH_KNOTS('',1,(#3847,#3848),.UNSPECIFIED.,.F.,
  .F.,(2,2),(0.,0.43585038061),.PIECEWISE_BEZIER_KNOTS.);
#3847 = CARTESIAN_POINT('',(-4.516000061653,11.854810977927,0.));
#3848 = CARTESIAN_POINT('',(-4.360842915174,11.447512789649,0.));
#3849 = SURFACE_OF_LINEAR_EXTRUSION('',#3850,#3853);
#3850 = B_SPLINE_CURVE_WITH_KNOTS('',1,(#3851,#3852),.UNSPECIFIED.,.F.,
  .F.,(2,2),(0.,0.43585038061),.PIECEWISE_BEZIER_KNOTS.);
#3851 = CARTESIAN_POINT('',(-4.516000061653,11.854810977927,0.));
#3852 = CARTESIAN_POINT('',(-4.360842915174,11.447512789649,0.));
#3853 = VECTOR('',#3854,1.);
#3854 = DIRECTION('',(-0.,-0.,-1.));
#3855 = ADVANCED_FACE('',(#3856),#3879,.F.);
#3856 = FACE_BOUND('',#3857,.F.);
#3857 = EDGE_LOOP('',(#3858,#3859,#3866,#3874));
#3858 = ORIENTED_EDGE('',*,*,#3837,.T.);
#3859 = ORIENTED_EDGE('',*,*,#3860,.T.);
#3860 = EDGE_CURVE('',#3831,#3861,#3863,.T.);
#3861 = VERTEX_POINT('',#3862);
#3862 = CARTESIAN_POINT('',(-5.334027080163,11.02772211783,6.));
#3863 = B_SPLINE_CURVE_WITH_KNOTS('',1,(#3864,#3865),.UNSPECIFIED.,.F.,
  .F.,(2,2),(0.,1.059863966333),.PIECEWISE_BEZIER_KNOTS.);
#3864 = CARTESIAN_POINT('',(-4.360842915174,11.447512789649,6.));
#3865 = CARTESIAN_POINT('',(-5.334027080163,11.02772211783,6.));
#3866 = ORIENTED_EDGE('',*,*,#3867,.F.);
#3867 = EDGE_CURVE('',#3868,#3861,#3870,.T.);
#3868 = VERTEX_POINT('',#3869);
#3869 = CARTESIAN_POINT('',(-5.334027080163,11.02772211783,0.));
#3870 = LINE('',#3871,#3872);
#3871 = CARTESIAN_POINT('',(-5.334027080163,11.02772211783,0.));
#3872 = VECTOR('',#3873,1.);
#3873 = DIRECTION('',(0.,0.,1.));
#3874 = ORIENTED_EDGE('',*,*,#3875,.F.);
#3875 = EDGE_CURVE('',#3838,#3868,#3876,.T.);
#3876 = B_SPLINE_CURVE_WITH_KNOTS('',1,(#3877,#3878),.UNSPECIFIED.,.F.,
  .F.,(2,2),(0.,1.059863966333),.PIECEWISE_BEZIER_KNOTS.);
#3877 = CARTESIAN_POINT('',(-4.360842915174,11.447512789649,0.));
#3878 = CARTESIAN_POINT('',(-5.334027080163,11.02772211783,0.));
#3879 = SURFACE_OF_LINEAR_EXTRUSION('',#3880,#3883);
#3880 = B_SPLINE_CURVE_WITH_KNOTS('',1,(#3881,#3882),.UNSPECIFIED.,.F.,
  .F.,(2,2),(0.,1.059863966333),.PIECEWISE_BEZIER_KNOTS.);
#3881 = CARTESIAN_POINT('',(-4.360842915174,11.447512789649,0.));
#3882 = CARTESIAN_POINT('',(-5.334027080163,11.02772211783,0.));
#3883 = VECTOR('',#3884,1.);
#3884 = DIRECTION('',(-0.,-0.,-1.));
#3885 = ADVANCED_FACE('',(#3886),#3909,.F.);
#3886 = FACE_BOUND('',#3887,.F.);
#3887 = EDGE_LOOP('',(#3888,#3889,#3896,#3904));
#3888 = ORIENTED_EDGE('',*,*,#3867,.T.);
#3889 = ORIENTED_EDGE('',*,*,#3890,.T.);
#3890 = EDGE_CURVE('',#3861,#3891,#3893,.T.);
#3891 = VERTEX_POINT('',#3892);
#3892 = CARTESIAN_POINT('',(-5.523809752251,11.420084312305,6.));
#3893 = B_SPLINE_CURVE_WITH_KNOTS('',1,(#3894,#3895),.UNSPECIFIED.,.F.,
  .F.,(2,2),(0.,0.43585038061),.PIECEWISE_BEZIER_KNOTS.);
#3894 = CARTESIAN_POINT('',(-5.334027080163,11.02772211783,6.));
#3895 = CARTESIAN_POINT('',(-5.523809752251,11.420084312305,6.));
#3896 = ORIENTED_EDGE('',*,*,#3897,.F.);
#3897 = EDGE_CURVE('',#3898,#3891,#3900,.T.);
#3898 = VERTEX_POINT('',#3899);
#3899 = CARTESIAN_POINT('',(-5.523809752251,11.420084312305,0.));
#3900 = LINE('',#3901,#3902);
#3901 = CARTESIAN_POINT('',(-5.523809752251,11.420084312305,0.));
#3902 = VECTOR('',#3903,1.);
#3903 = DIRECTION('',(0.,0.,1.));
#3904 = ORIENTED_EDGE('',*,*,#3905,.F.);
#3905 = EDGE_CURVE('',#3868,#3898,#3906,.T.);
#3906 = B_SPLINE_CURVE_WITH_KNOTS('',1,(#3907,#3908),.UNSPECIFIED.,.F.,
  .F.,(2,2),(0.,0.43585038061),.PIECEWISE_BEZIER_KNOTS.);
#3907 = CARTESIAN_POINT('',(-5.334027080163,11.02772211783,0.));
#3908 = CARTESIAN_POINT('',(-5.523809752251,11.420084312305,0.));
#3909 = SURFACE_OF_LINEAR_EXTRUSION('',#3910,#3913);
#3910 = B_SPLINE_CURVE_WITH_KNOTS('',1,(#3911,#3912),.UNSPECIFIED.,.F.,
  .F.,(2,2),(0.,0.43585038061),.PIECEWISE_BEZIER_KNOTS.);
#3911 = CARTESIAN_POINT('',(-5.334027080163,11.02772211783,0.));
#3912 = CARTESIAN_POINT('',(-5.523809752251,11.420084312305,0.));
#3913 = VECTOR('',#3914,1.);
#3914 = DIRECTION('',(-0.,-0.,-1.));
#3915 = ADVANCED_FACE('',(#3916),#4029,.F.);
#3916 = FACE_BOUND('',#3917,.F.);
#3917 = EDGE_LOOP('',(#3918,#3919,#3971,#3979));
#3918 = ORIENTED_EDGE('',*,*,#3897,.T.);
#3919 = ORIENTED_EDGE('',*,*,#3920,.T.);
#3920 = EDGE_CURVE('',#3891,#3921,#3923,.T.);
#3921 = VERTEX_POINT('',#3922);
#3922 = CARTESIAN_POINT('',(-6.932722003069,12.735280351377,6.));
#3923 = B_SPLINE_CURVE_WITH_KNOTS('',3,(#3924,#3925,#3926,#3927,#3928,
    #3929,#3930,#3931,#3932,#3933,#3934,#3935,#3936,#3937,#3938,#3939,
    #3940,#3941,#3942,#3943,#3944,#3945,#3946,#3947,#3948,#3949,#3950,
    #3951,#3952,#3953,#3954,#3955,#3956,#3957,#3958,#3959,#3960,#3961,
    #3962,#3963,#3964,#3965,#3966,#3967,#3968,#3969,#3970),
  .UNSPECIFIED.,.F.,.F.,(4,1,1,1,1,1,1,1,1,1,1,1,1,1,1,1,1,1,1,1,1,1,1,1
    ,1,1,1,1,1,1,1,1,1,1,1,1,1,1,1,1,1,1,1,1,4),(0.,1.004058879412E-03,
    4.016229631009E-03,9.036513432115E-03,1.606491045092E-02,
    2.510142074349E-02,3.614604433531E-02,4.91987812401E-02,
    6.425963146609E-02,8.132859501861E-02,0.100405671901,0.121490862117,
    0.144584165667,0.169685582553,0.196795112777,0.225912756339,
    0.25703851324,0.29017238348,0.32531436706,0.362464463981,
    0.401622674242,0.442788997845,0.485963434789,0.531145985075,
    0.578336648702,0.627535425671,0.678742315982,0.731957319636,
    0.787180436632,0.84441166697,0.903651010651,0.964898467674,
    1.02815403804,1.093417721749,1.160689518801,1.229969429195,
    1.301257452933,1.374553590013,1.449857840437,1.527170204204,
    1.606490681313,1.687819271766,1.771155975562,1.856500792702,
    1.943853723184),.UNSPECIFIED.);
#3924 = CARTESIAN_POINT('',(-5.523809752251,11.420084312305,6.));
#3925 = CARTESIAN_POINT('',(-5.523957001824,11.420384872023,6.));
#3926 = CARTESIAN_POINT('',(-5.524550080173,11.421585077416,6.));
#3927 = CARTESIAN_POINT('',(-5.525919604585,11.42426804117,6.));
#3928 = CARTESIAN_POINT('',(-5.528250916512,11.428714285391,6.));
#3929 = CARTESIAN_POINT('',(-5.531592852368,11.434897546885,6.));
#3930 = CARTESIAN_POINT('',(-5.53598700482,11.44279399922,6.));
#3931 = CARTESIAN_POINT('',(-5.541477767352,11.452377408075,6.));
#3932 = CARTESIAN_POINT('',(-5.54810776304,11.46362133804,6.));
#3933 = CARTESIAN_POINT('',(-5.555919600501,11.476498307001,6.));
#3934 = CARTESIAN_POINT('',(-5.564955210582,11.490980108004,6.));
#3935 = CARTESIAN_POINT('',(-5.575256054989,11.507037710706,6.));
#3936 = CARTESIAN_POINT('',(-5.586863037907,11.524641306402,6.));
#3937 = CARTESIAN_POINT('',(-5.599816516595,11.543760305578,6.));
#3938 = CARTESIAN_POINT('',(-5.614156280492,11.56436335093,6.));
#3939 = CARTESIAN_POINT('',(-5.629921540587,11.586418325706,6.));
#3940 = CARTESIAN_POINT('',(-5.64715091585,11.609892363743,6.));
#3941 = CARTESIAN_POINT('',(-5.665882420792,11.634751859229,6.));
#3942 = CARTESIAN_POINT('',(-5.686153452912,11.660962476801,6.));
#3943 = CARTESIAN_POINT('',(-5.70800078039,11.688489161787,6.));
#3944 = CARTESIAN_POINT('',(-5.731460529918,11.717296150657,6.));
#3945 = CARTESIAN_POINT('',(-5.756568174713,11.747346981659,6.));
#3946 = CARTESIAN_POINT('',(-5.78335852269,11.778604505646,6.));
#3947 = CARTESIAN_POINT('',(-5.811865704811,11.811030897079,6.));
#3948 = CARTESIAN_POINT('',(-5.842123163603,11.844587665228,6.));
#3949 = CARTESIAN_POINT('',(-5.874163641857,11.879235665542,6.));
#3950 = CARTESIAN_POINT('',(-5.908019171497,11.914935111204,6.));
#3951 = CARTESIAN_POINT('',(-5.94372106264,11.951645584858,6.));
#3952 = CARTESIAN_POINT('',(-5.981299892832,11.989326050509,6.));
#3953 = CARTESIAN_POINT('',(-6.02078549647,12.027934865601,6.));
#3954 = CARTESIAN_POINT('',(-6.062206954419,12.067429793251,6.));
#3955 = CARTESIAN_POINT('',(-6.10559258381,12.107768014656,6.));
#3956 = CARTESIAN_POINT('',(-6.150969928044,12.148906141657,6.));
#3957 = CARTESIAN_POINT('',(-6.198365746977,12.190800229471,6.));
#3958 = CARTESIAN_POINT('',(-6.247806007313,12.233405789565,6.));
#3959 = CARTESIAN_POINT('',(-6.299315873201,12.276677802695,6.));
#3960 = CARTESIAN_POINT('',(-6.352919697019,12.320570732092,6.));
#3961 = CARTESIAN_POINT('',(-6.408641010391,12.365038536789,6.));
#3962 = CARTESIAN_POINT('',(-6.466502515337,12.41003468512,6.));
#3963 = CARTESIAN_POINT('',(-6.526526075918,12.455512168232,6.));
#3964 = CARTESIAN_POINT('',(-6.588732708957,12.501423514276,6.));
#3965 = CARTESIAN_POINT('',(-6.653142579423,12.54772080058,6.));
#3966 = CARTESIAN_POINT('',(-6.719774978735,12.594355674342,6.));
#3967 = CARTESIAN_POINT('',(-6.788648370338,12.641279340929,6.));
#3968 = CARTESIAN_POINT('',(-6.859780175887,12.688442678192,6.));
#3969 = CARTESIAN_POINT('',(-6.908155927106,12.719648609078,6.));
#3970 = CARTESIAN_POINT('',(-6.932722003069,12.735280351377,6.));
#3971 = ORIENTED_EDGE('',*,*,#3972,.F.);
#3972 = EDGE_CURVE('',#3973,#3921,#3975,.T.);
#3973 = VERTEX_POINT('',#3974);
#3974 = CARTESIAN_POINT('',(-6.932722003069,12.735280351377,0.));
#3975 = LINE('',#3976,#3977);
#3976 = CARTESIAN_POINT('',(-6.932722003069,12.735280351377,0.));
#3977 = VECTOR('',#3978,1.);
#3978 = DIRECTION('',(0.,0.,1.));
#3979 = ORIENTED_EDGE('',*,*,#3980,.F.);
#3980 = EDGE_CURVE('',#3898,#3973,#3981,.T.);
#3981 = B_SPLINE_CURVE_WITH_KNOTS('',3,(#3982,#3983,#3984,#3985,#3986,
    #3987,#3988,#3989,#3990,#3991,#3992,#3993,#3994,#3995,#3996,#3997,
    #3998,#3999,#4000,#4001,#4002,#4003,#4004,#4005,#4006,#4007,#4008,
    #4009,#4010,#4011,#4012,#4013,#4014,#4015,#4016,#4017,#4018,#4019,
    #4020,#4021,#4022,#4023,#4024,#4025,#4026,#4027,#4028),
  .UNSPECIFIED.,.F.,.F.,(4,1,1,1,1,1,1,1,1,1,1,1,1,1,1,1,1,1,1,1,1,1,1,1
    ,1,1,1,1,1,1,1,1,1,1,1,1,1,1,1,1,1,1,1,1,4),(0.,1.004058879412E-03,
    4.016229631009E-03,9.036513432115E-03,1.606491045092E-02,
    2.510142074349E-02,3.614604433531E-02,4.91987812401E-02,
    6.425963146609E-02,8.132859501861E-02,0.100405671901,0.121490862117,
    0.144584165667,0.169685582553,0.196795112777,0.225912756339,
    0.25703851324,0.29017238348,0.32531436706,0.362464463981,
    0.401622674242,0.442788997845,0.485963434789,0.531145985075,
    0.578336648702,0.627535425671,0.678742315982,0.731957319636,
    0.787180436632,0.84441166697,0.903651010651,0.964898467674,
    1.02815403804,1.093417721749,1.160689518801,1.229969429195,
    1.301257452933,1.374553590013,1.449857840437,1.527170204204,
    1.606490681313,1.687819271766,1.771155975562,1.856500792702,
    1.943853723184),.UNSPECIFIED.);
#3982 = CARTESIAN_POINT('',(-5.523809752251,11.420084312305,0.));
#3983 = CARTESIAN_POINT('',(-5.523957001824,11.420384872023,0.));
#3984 = CARTESIAN_POINT('',(-5.524550080173,11.421585077416,0.));
#3985 = CARTESIAN_POINT('',(-5.525919604585,11.42426804117,0.));
#3986 = CARTESIAN_POINT('',(-5.528250916512,11.428714285391,0.));
#3987 = CARTESIAN_POINT('',(-5.531592852368,11.434897546885,0.));
#3988 = CARTESIAN_POINT('',(-5.53598700482,11.44279399922,0.));
#3989 = CARTESIAN_POINT('',(-5.541477767352,11.452377408075,0.));
#3990 = CARTESIAN_POINT('',(-5.54810776304,11.46362133804,0.));
#3991 = CARTESIAN_POINT('',(-5.555919600501,11.476498307001,0.));
#3992 = CARTESIAN_POINT('',(-5.564955210582,11.490980108004,0.));
#3993 = CARTESIAN_POINT('',(-5.575256054989,11.507037710706,0.));
#3994 = CARTESIAN_POINT('',(-5.586863037907,11.524641306402,0.));
#3995 = CARTESIAN_POINT('',(-5.599816516595,11.543760305578,0.));
#3996 = CARTESIAN_POINT('',(-5.614156280492,11.56436335093,0.));
#3997 = CARTESIAN_POINT('',(-5.629921540587,11.586418325706,0.));
#3998 = CARTESIAN_POINT('',(-5.64715091585,11.609892363743,0.));
#3999 = CARTESIAN_POINT('',(-5.665882420792,11.634751859229,0.));
#4000 = CARTESIAN_POINT('',(-5.686153452912,11.660962476801,0.));
#4001 = CARTESIAN_POINT('',(-5.70800078039,11.688489161787,0.));
#4002 = CARTESIAN_POINT('',(-5.731460529918,11.717296150657,0.));
#4003 = CARTESIAN_POINT('',(-5.756568174713,11.747346981659,0.));
#4004 = CARTESIAN_POINT('',(-5.78335852269,11.778604505646,0.));
#4005 = CARTESIAN_POINT('',(-5.811865704811,11.811030897079,0.));
#4006 = CARTESIAN_POINT('',(-5.842123163603,11.844587665228,0.));
#4007 = CARTESIAN_POINT('',(-5.874163641857,11.879235665542,0.));
#4008 = CARTESIAN_POINT('',(-5.908019171497,11.914935111204,0.));
#4009 = CARTESIAN_POINT('',(-5.94372106264,11.951645584858,0.));
#4010 = CARTESIAN_POINT('',(-5.981299892832,11.989326050509,0.));
#4011 = CARTESIAN_POINT('',(-6.02078549647,12.027934865601,0.));
#4012 = CARTESIAN_POINT('',(-6.062206954419,12.067429793251,0.));
#4013 = CARTESIAN_POINT('',(-6.10559258381,12.107768014656,0.));
#4014 = CARTESIAN_POINT('',(-6.150969928044,12.148906141657,0.));
#4015 = CARTESIAN_POINT('',(-6.198365746977,12.190800229471,0.));
#4016 = CARTESIAN_POINT('',(-6.247806007313,12.233405789565,0.));
#4017 = CARTESIAN_POINT('',(-6.299315873201,12.276677802695,0.));
#4018 = CARTESIAN_POINT('',(-6.352919697019,12.320570732092,0.));
#4019 = CARTESIAN_POINT('',(-6.408641010391,12.365038536789,0.));
#4020 = CARTESIAN_POINT('',(-6.466502515337,12.41003468512,0.));
#4021 = CARTESIAN_POINT('',(-6.526526075918,12.455512168232,0.));
#4022 = CARTESIAN_POINT('',(-6.588732708957,12.501423514276,0.));
#4023 = CARTESIAN_POINT('',(-6.653142579423,12.54772080058,0.));
#4024 = CARTESIAN_POINT('',(-6.719774978735,12.594355674342,0.));
#4025 = CARTESIAN_POINT('',(-6.788648370338,12.641279340929,0.));
#4026 = CARTESIAN_POINT('',(-6.859780175887,12.688442678192,0.));
#4027 = CARTESIAN_POINT('',(-6.908155927106,12.719648609078,0.));
#4028 = CARTESIAN_POINT('',(-6.932722003069,12.735280351377,0.));
#4029 = SURFACE_OF_LINEAR_EXTRUSION('',#4030,#4078);
#4030 = B_SPLINE_CURVE_WITH_KNOTS('',3,(#4031,#4032,#4033,#4034,#4035,
    #4036,#4037,#4038,#4039,#4040,#4041,#4042,#4043,#4044,#4045,#4046,
    #4047,#4048,#4049,#4050,#4051,#4052,#4053,#4054,#4055,#4056,#4057,
    #4058,#4059,#4060,#4061,#4062,#4063,#4064,#4065,#4066,#4067,#4068,
    #4069,#4070,#4071,#4072,#4073,#4074,#4075,#4076,#4077),
  .UNSPECIFIED.,.F.,.F.,(4,1,1,1,1,1,1,1,1,1,1,1,1,1,1,1,1,1,1,1,1,1,1,1
    ,1,1,1,1,1,1,1,1,1,1,1,1,1,1,1,1,1,1,1,1,4),(0.,1.004058879412E-03,
    4.016229631009E-03,9.036513432115E-03,1.606491045092E-02,
    2.510142074349E-02,3.614604433531E-02,4.91987812401E-02,
    6.425963146609E-02,8.132859501861E-02,0.100405671901,0.121490862117,
    0.144584165667,0.169685582553,0.196795112777,0.225912756339,
    0.25703851324,0.29017238348,0.32531436706,0.362464463981,
    0.401622674242,0.442788997845,0.485963434789,0.531145985075,
    0.578336648702,0.627535425671,0.678742315982,0.731957319636,
    0.787180436632,0.84441166697,0.903651010651,0.964898467674,
    1.02815403804,1.093417721749,1.160689518801,1.229969429195,
    1.301257452933,1.374553590013,1.449857840437,1.527170204204,
    1.606490681313,1.687819271766,1.771155975562,1.856500792702,
    1.943853723184),.UNSPECIFIED.);
#4031 = CARTESIAN_POINT('',(-5.523809752251,11.420084312305,0.));
#4032 = CARTESIAN_POINT('',(-5.523957001824,11.420384872023,0.));
#4033 = CARTESIAN_POINT('',(-5.524550080173,11.421585077416,0.));
#4034 = CARTESIAN_POINT('',(-5.525919604585,11.42426804117,0.));
#4035 = CARTESIAN_POINT('',(-5.528250916512,11.428714285391,0.));
#4036 = CARTESIAN_POINT('',(-5.531592852368,11.434897546885,0.));
#4037 = CARTESIAN_POINT('',(-5.53598700482,11.44279399922,0.));
#4038 = CARTESIAN_POINT('',(-5.541477767352,11.452377408075,0.));
#4039 = CARTESIAN_POINT('',(-5.54810776304,11.46362133804,0.));
#4040 = CARTESIAN_POINT('',(-5.555919600501,11.476498307001,0.));
#4041 = CARTESIAN_POINT('',(-5.564955210582,11.490980108004,0.));
#4042 = CARTESIAN_POINT('',(-5.575256054989,11.507037710706,0.));
#4043 = CARTESIAN_POINT('',(-5.586863037907,11.524641306402,0.));
#4044 = CARTESIAN_POINT('',(-5.599816516595,11.543760305578,0.));
#4045 = CARTESIAN_POINT('',(-5.614156280492,11.56436335093,0.));
#4046 = CARTESIAN_POINT('',(-5.629921540587,11.586418325706,0.));
#4047 = CARTESIAN_POINT('',(-5.64715091585,11.609892363743,0.));
#4048 = CARTESIAN_POINT('',(-5.665882420792,11.634751859229,0.));
#4049 = CARTESIAN_POINT('',(-5.686153452912,11.660962476801,0.));
#4050 = CARTESIAN_POINT('',(-5.70800078039,11.688489161787,0.));
#4051 = CARTESIAN_POINT('',(-5.731460529918,11.717296150657,0.));
#4052 = CARTESIAN_POINT('',(-5.756568174713,11.747346981659,0.));
#4053 = CARTESIAN_POINT('',(-5.78335852269,11.778604505646,0.));
#4054 = CARTESIAN_POINT('',(-5.811865704811,11.811030897079,0.));
#4055 = CARTESIAN_POINT('',(-5.842123163603,11.844587665228,0.));
#4056 = CARTESIAN_POINT('',(-5.874163641857,11.879235665542,0.));
#4057 = CARTESIAN_POINT('',(-5.908019171497,11.914935111204,0.));
#4058 = CARTESIAN_POINT('',(-5.94372106264,11.951645584858,0.));
#4059 = CARTESIAN_POINT('',(-5.981299892832,11.989326050509,0.));
#4060 = CARTESIAN_POINT('',(-6.02078549647,12.027934865601,0.));
#4061 = CARTESIAN_POINT('',(-6.062206954419,12.067429793251,0.));
#4062 = CARTESIAN_POINT('',(-6.10559258381,12.107768014656,0.));
#4063 = CARTESIAN_POINT('',(-6.150969928044,12.148906141657,0.));
#4064 = CARTESIAN_POINT('',(-6.198365746977,12.190800229471,0.));
#4065 = CARTESIAN_POINT('',(-6.247806007313,12.233405789565,0.));
#4066 = CARTESIAN_POINT('',(-6.299315873201,12.276677802695,0.));
#4067 = CARTESIAN_POINT('',(-6.352919697019,12.320570732092,0.));
#4068 = CARTESIAN_POINT('',(-6.408641010391,12.365038536789,0.));
#4069 = CARTESIAN_POINT('',(-6.466502515337,12.41003468512,0.));
#4070 = CARTESIAN_POINT('',(-6.526526075918,12.455512168232,0.));
#4071 = CARTESIAN_POINT('',(-6.588732708957,12.501423514276,0.));
#4072 = CARTESIAN_POINT('',(-6.653142579423,12.54772080058,0.));
#4073 = CARTESIAN_POINT('',(-6.719774978735,12.594355674342,0.));
#4074 = CARTESIAN_POINT('',(-6.788648370338,12.641279340929,0.));
#4075 = CARTESIAN_POINT('',(-6.859780175887,12.688442678192,0.));
#4076 = CARTESIAN_POINT('',(-6.908155927106,12.719648609078,0.));
#4077 = CARTESIAN_POINT('',(-6.932722003069,12.735280351377,0.));
#4078 = VECTOR('',#4079,1.);
#4079 = DIRECTION('',(-0.,-0.,-1.));
#4080 = ADVANCED_FACE('',(#4081),#4104,.F.);
#4081 = FACE_BOUND('',#4082,.F.);
#4082 = EDGE_LOOP('',(#4083,#4084,#4091,#4099));
#4083 = ORIENTED_EDGE('',*,*,#3972,.T.);
#4084 = ORIENTED_EDGE('',*,*,#4085,.T.);
#4085 = EDGE_CURVE('',#3921,#4086,#4088,.T.);
#4086 = VERTEX_POINT('',#4087);
#4087 = CARTESIAN_POINT('',(-7.562715307074,12.371553547722,6.));
#4088 = B_SPLINE_CURVE_WITH_KNOTS('',1,(#4089,#4090),.UNSPECIFIED.,.F.,
  .F.,(2,2),(0.,0.72745360731),.PIECEWISE_BEZIER_KNOTS.);
#4089 = CARTESIAN_POINT('',(-6.932722003069,12.735280351377,6.));
#4090 = CARTESIAN_POINT('',(-7.562715307074,12.371553547722,6.));
#4091 = ORIENTED_EDGE('',*,*,#4092,.F.);
#4092 = EDGE_CURVE('',#4093,#4086,#4095,.T.);
#4093 = VERTEX_POINT('',#4094);
#4094 = CARTESIAN_POINT('',(-7.562715307074,12.371553547722,0.));
#4095 = LINE('',#4096,#4097);
#4096 = CARTESIAN_POINT('',(-7.562715307074,12.371553547722,0.));
#4097 = VECTOR('',#4098,1.);
#4098 = DIRECTION('',(0.,0.,1.));
#4099 = ORIENTED_EDGE('',*,*,#4100,.F.);
#4100 = EDGE_CURVE('',#3973,#4093,#4101,.T.);
#4101 = B_SPLINE_CURVE_WITH_KNOTS('',1,(#4102,#4103),.UNSPECIFIED.,.F.,
  .F.,(2,2),(0.,0.72745360731),.PIECEWISE_BEZIER_KNOTS.);
#4102 = CARTESIAN_POINT('',(-6.932722003069,12.735280351377,0.));
#4103 = CARTESIAN_POINT('',(-7.562715307074,12.371553547722,0.));
#4104 = SURFACE_OF_LINEAR_EXTRUSION('',#4105,#4108);
#4105 = B_SPLINE_CURVE_WITH_KNOTS('',1,(#4106,#4107),.UNSPECIFIED.,.F.,
  .F.,(2,2),(0.,0.72745360731),.PIECEWISE_BEZIER_KNOTS.);
#4106 = CARTESIAN_POINT('',(-6.932722003069,12.735280351377,0.));
#4107 = CARTESIAN_POINT('',(-7.562715307074,12.371553547722,0.));
#4108 = VECTOR('',#4109,1.);
#4109 = DIRECTION('',(-0.,-0.,-1.));
#4110 = ADVANCED_FACE('',(#4111),#4224,.F.);
#4111 = FACE_BOUND('',#4112,.F.);
#4112 = EDGE_LOOP('',(#4113,#4114,#4166,#4174));
#4113 = ORIENTED_EDGE('',*,*,#4092,.T.);
#4114 = ORIENTED_EDGE('',*,*,#4115,.T.);
#4115 = EDGE_CURVE('',#4086,#4116,#4118,.T.);
#4116 = VERTEX_POINT('',#4117);
#4117 = CARTESIAN_POINT('',(-7.128178251691,10.493801727274,6.));
#4118 = B_SPLINE_CURVE_WITH_KNOTS('',3,(#4119,#4120,#4121,#4122,#4123,
    #4124,#4125,#4126,#4127,#4128,#4129,#4130,#4131,#4132,#4133,#4134,
    #4135,#4136,#4137,#4138,#4139,#4140,#4141,#4142,#4143,#4144,#4145,
    #4146,#4147,#4148,#4149,#4150,#4151,#4152,#4153,#4154,#4155,#4156,
    #4157,#4158,#4159,#4160,#4161,#4162,#4163,#4164,#4165),
  .UNSPECIFIED.,.F.,.F.,(4,1,1,1,1,1,1,1,1,1,1,1,1,1,1,1,1,1,1,1,1,1,1,1
    ,1,1,1,1,1,1,1,1,1,1,1,1,1,1,1,1,1,1,1,1,4),(0.,8.735293048255E-02,
    0.172697747622,0.256034451418,0.337363041871,0.416683518981,
    0.493995882747,0.569300133171,0.642596270251,0.713884293989,
    0.783164204383,0.850436001435,0.915699685144,0.97895525551,
    1.040202712533,1.099442056214,1.156673286553,1.211896403548,
    1.265111407202,1.316318297513,1.365517074482,1.41270773811,
    1.457890288395,1.501064725339,1.542231048942,1.581389259203,
    1.618539356124,1.653681339704,1.686815209945,1.717940966845,
    1.747058610407,1.774168140631,1.799269557517,1.822362861067,
    1.843448051283,1.862525128166,1.879594091718,1.894654941944,
    1.907707678849,1.918752302441,1.927788812733,1.934817209752,
    1.939837493553,1.942849664305,1.943853723184),.UNSPECIFIED.);
#4119 = CARTESIAN_POINT('',(-7.562715307074,12.371553547722,6.));
#4120 = CARTESIAN_POINT('',(-7.56146085912,12.342462830717,6.));
#4121 = CARTESIAN_POINT('',(-7.558623605833,12.284965235791,6.));
#4122 = CARTESIAN_POINT('',(-7.553344860411,12.199781616537,6.));
#4123 = CARTESIAN_POINT('',(-7.547144468909,12.11667367647,6.));
#4124 = CARTESIAN_POINT('',(-7.540073683186,12.03565088907,6.));
#4125 = CARTESIAN_POINT('',(-7.532183992353,11.95672166184,6.));
#4126 = CARTESIAN_POINT('',(-7.523526916876,11.879893464323,6.));
#4127 = CARTESIAN_POINT('',(-7.514154041492,11.805172794478,6.));
#4128 = CARTESIAN_POINT('',(-7.504116986437,11.732565187128,6.));
#4129 = CARTESIAN_POINT('',(-7.493467394606,11.662075211867,6.));
#4130 = CARTESIAN_POINT('',(-7.48225691461,11.593706474002,6.));
#4131 = CARTESIAN_POINT('',(-7.47053718491,11.527461615032,6.));
#4132 = CARTESIAN_POINT('',(-7.458359817695,11.463342313564,6.));
#4133 = CARTESIAN_POINT('',(-7.445776382846,11.401349286429,6.));
#4134 = CARTESIAN_POINT('',(-7.432838391915,11.341482290065,6.));
#4135 = CARTESIAN_POINT('',(-7.419597282131,11.283740122151,6.));
#4136 = CARTESIAN_POINT('',(-7.40610440044,11.228120623481,6.));
#4137 = CARTESIAN_POINT('',(-7.39241098758,11.1746206801,6.));
#4138 = CARTESIAN_POINT('',(-7.378568162195,11.123236225684,6.));
#4139 = CARTESIAN_POINT('',(-7.364626904998,11.073962244164,6.));
#4140 = CARTESIAN_POINT('',(-7.350638042973,11.026792772606,6.));
#4141 = CARTESIAN_POINT('',(-7.336652233638,10.981720904332,6.));
#4142 = CARTESIAN_POINT('',(-7.322719949348,10.938738792289,6.));
#4143 = CARTESIAN_POINT('',(-7.308891461674,10.897837652665,6.));
#4144 = CARTESIAN_POINT('',(-7.295216825831,10.859007768748,6.));
#4145 = CARTESIAN_POINT('',(-7.281745865176,10.822238495025,6.));
#4146 = CARTESIAN_POINT('',(-7.268528155772,10.787518261533,6.));
#4147 = CARTESIAN_POINT('',(-7.255613011031,10.754834578439,6.));
#4148 = CARTESIAN_POINT('',(-7.243049466425,10.724174040876,6.));
#4149 = CARTESIAN_POINT('',(-7.230886264279,10.695522334002,6.));
#4150 = CARTESIAN_POINT('',(-7.219171838641,10.668864238315,6.));
#4151 = CARTESIAN_POINT('',(-7.207954300253,10.644183635187,6.));
#4152 = CARTESIAN_POINT('',(-7.197281421532,10.621463512692,6.));
#4153 = CARTESIAN_POINT('',(-7.187200621894,10.600685971493,6.));
#4154 = CARTESIAN_POINT('',(-7.177758952282,10.581832231576,6.));
#4155 = CARTESIAN_POINT('',(-7.169003082623,10.564882637288,6.));
#4156 = CARTESIAN_POINT('',(-7.160979280102,10.549816668918,6.));
#4157 = CARTESIAN_POINT('',(-7.153733416588,10.536612934746,6.));
#4158 = CARTESIAN_POINT('',(-7.147310885444,10.525249225071,6.));
#4159 = CARTESIAN_POINT('',(-7.141756791187,10.515702380805,6.));
#4160 = CARTESIAN_POINT('',(-7.137115339091,10.507948706985,6.));
#4161 = CARTESIAN_POINT('',(-7.133431445486,10.50196287489,6.));
#4162 = CARTESIAN_POINT('',(-7.130746541003,10.497720777427,6.));
#4163 = CARTESIAN_POINT('',(-7.129107788441,10.495193252617,6.));
#4164 = CARTESIAN_POINT('',(-7.128364919256,10.494079529004,6.));
#4165 = CARTESIAN_POINT('',(-7.128178251691,10.493801727274,6.));
#4166 = ORIENTED_EDGE('',*,*,#4167,.F.);
#4167 = EDGE_CURVE('',#4168,#4116,#4170,.T.);
#4168 = VERTEX_POINT('',#4169);
#4169 = CARTESIAN_POINT('',(-7.128178251691,10.493801727274,0.));
#4170 = LINE('',#4171,#4172);
#4171 = CARTESIAN_POINT('',(-7.128178251691,10.493801727274,0.));
#4172 = VECTOR('',#4173,1.);
#4173 = DIRECTION('',(0.,0.,1.));
#4174 = ORIENTED_EDGE('',*,*,#4175,.F.);
#4175 = EDGE_CURVE('',#4093,#4168,#4176,.T.);
#4176 = B_SPLINE_CURVE_WITH_KNOTS('',3,(#4177,#4178,#4179,#4180,#4181,
    #4182,#4183,#4184,#4185,#4186,#4187,#4188,#4189,#4190,#4191,#4192,
    #4193,#4194,#4195,#4196,#4197,#4198,#4199,#4200,#4201,#4202,#4203,
    #4204,#4205,#4206,#4207,#4208,#4209,#4210,#4211,#4212,#4213,#4214,
    #4215,#4216,#4217,#4218,#4219,#4220,#4221,#4222,#4223),
  .UNSPECIFIED.,.F.,.F.,(4,1,1,1,1,1,1,1,1,1,1,1,1,1,1,1,1,1,1,1,1,1,1,1
    ,1,1,1,1,1,1,1,1,1,1,1,1,1,1,1,1,1,1,1,1,4),(0.,8.735293048255E-02,
    0.172697747622,0.256034451418,0.337363041871,0.416683518981,
    0.493995882747,0.569300133171,0.642596270251,0.713884293989,
    0.783164204383,0.850436001435,0.915699685144,0.97895525551,
    1.040202712533,1.099442056214,1.156673286553,1.211896403548,
    1.265111407202,1.316318297513,1.365517074482,1.41270773811,
    1.457890288395,1.501064725339,1.542231048942,1.581389259203,
    1.618539356124,1.653681339704,1.686815209945,1.717940966845,
    1.747058610407,1.774168140631,1.799269557517,1.822362861067,
    1.843448051283,1.862525128166,1.879594091718,1.894654941944,
    1.907707678849,1.918752302441,1.927788812733,1.934817209752,
    1.939837493553,1.942849664305,1.943853723184),.UNSPECIFIED.);
#4177 = CARTESIAN_POINT('',(-7.562715307074,12.371553547722,0.));
#4178 = CARTESIAN_POINT('',(-7.56146085912,12.342462830717,0.));
#4179 = CARTESIAN_POINT('',(-7.558623605833,12.284965235791,0.));
#4180 = CARTESIAN_POINT('',(-7.553344860411,12.199781616537,0.));
#4181 = CARTESIAN_POINT('',(-7.547144468909,12.11667367647,0.));
#4182 = CARTESIAN_POINT('',(-7.540073683186,12.03565088907,0.));
#4183 = CARTESIAN_POINT('',(-7.532183992353,11.95672166184,0.));
#4184 = CARTESIAN_POINT('',(-7.523526916876,11.879893464323,0.));
#4185 = CARTESIAN_POINT('',(-7.514154041492,11.805172794478,0.));
#4186 = CARTESIAN_POINT('',(-7.504116986437,11.732565187128,0.));
#4187 = CARTESIAN_POINT('',(-7.493467394606,11.662075211867,0.));
#4188 = CARTESIAN_POINT('',(-7.48225691461,11.593706474002,0.));
#4189 = CARTESIAN_POINT('',(-7.47053718491,11.527461615032,0.));
#4190 = CARTESIAN_POINT('',(-7.458359817695,11.463342313564,0.));
#4191 = CARTESIAN_POINT('',(-7.445776382846,11.401349286429,0.));
#4192 = CARTESIAN_POINT('',(-7.432838391915,11.341482290065,0.));
#4193 = CARTESIAN_POINT('',(-7.419597282131,11.283740122151,0.));
#4194 = CARTESIAN_POINT('',(-7.40610440044,11.228120623481,0.));
#4195 = CARTESIAN_POINT('',(-7.39241098758,11.1746206801,0.));
#4196 = CARTESIAN_POINT('',(-7.378568162195,11.123236225684,0.));
#4197 = CARTESIAN_POINT('',(-7.364626904998,11.073962244164,0.));
#4198 = CARTESIAN_POINT('',(-7.350638042973,11.026792772606,0.));
#4199 = CARTESIAN_POINT('',(-7.336652233638,10.981720904332,0.));
#4200 = CARTESIAN_POINT('',(-7.322719949348,10.938738792289,0.));
#4201 = CARTESIAN_POINT('',(-7.308891461674,10.897837652665,0.));
#4202 = CARTESIAN_POINT('',(-7.295216825831,10.859007768748,0.));
#4203 = CARTESIAN_POINT('',(-7.281745865176,10.822238495025,0.));
#4204 = CARTESIAN_POINT('',(-7.268528155772,10.787518261533,0.));
#4205 = CARTESIAN_POINT('',(-7.255613011031,10.754834578439,0.));
#4206 = CARTESIAN_POINT('',(-7.243049466425,10.724174040876,0.));
#4207 = CARTESIAN_POINT('',(-7.230886264279,10.695522334002,0.));
#4208 = CARTESIAN_POINT('',(-7.219171838641,10.668864238315,0.));
#4209 = CARTESIAN_POINT('',(-7.207954300253,10.644183635187,0.));
#4210 = CARTESIAN_POINT('',(-7.197281421532,10.621463512692,0.));
#4211 = CARTESIAN_POINT('',(-7.187200621894,10.600685971493,0.));
#4212 = CARTESIAN_POINT('',(-7.177758952282,10.581832231576,0.));
#4213 = CARTESIAN_POINT('',(-7.169003082623,10.564882637288,0.));
#4214 = CARTESIAN_POINT('',(-7.160979280102,10.549816668918,0.));
#4215 = CARTESIAN_POINT('',(-7.153733416588,10.536612934746,0.));
#4216 = CARTESIAN_POINT('',(-7.147310885444,10.525249225071,0.));
#4217 = CARTESIAN_POINT('',(-7.141756791187,10.515702380805,0.));
#4218 = CARTESIAN_POINT('',(-7.137115339091,10.507948706985,0.));
#4219 = CARTESIAN_POINT('',(-7.133431445486,10.50196287489,0.));
#4220 = CARTESIAN_POINT('',(-7.130746541003,10.497720777427,0.));
#4221 = CARTESIAN_POINT('',(-7.129107788441,10.495193252617,0.));
#4222 = CARTESIAN_POINT('',(-7.128364919256,10.494079529004,0.));
#4223 = CARTESIAN_POINT('',(-7.128178251691,10.493801727274,0.));
#4224 = SURFACE_OF_LINEAR_EXTRUSION('',#4225,#4273);
#4225 = B_SPLINE_CURVE_WITH_KNOTS('',3,(#4226,#4227,#4228,#4229,#4230,
    #4231,#4232,#4233,#4234,#4235,#4236,#4237,#4238,#4239,#4240,#4241,
    #4242,#4243,#4244,#4245,#4246,#4247,#4248,#4249,#4250,#4251,#4252,
    #4253,#4254,#4255,#4256,#4257,#4258,#4259,#4260,#4261,#4262,#4263,
    #4264,#4265,#4266,#4267,#4268,#4269,#4270,#4271,#4272),
  .UNSPECIFIED.,.F.,.F.,(4,1,1,1,1,1,1,1,1,1,1,1,1,1,1,1,1,1,1,1,1,1,1,1
    ,1,1,1,1,1,1,1,1,1,1,1,1,1,1,1,1,1,1,1,1,4),(0.,8.735293048255E-02,
    0.172697747622,0.256034451418,0.337363041871,0.416683518981,
    0.493995882747,0.569300133171,0.642596270251,0.713884293989,
    0.783164204383,0.850436001435,0.915699685144,0.97895525551,
    1.040202712533,1.099442056214,1.156673286553,1.211896403548,
    1.265111407202,1.316318297513,1.365517074482,1.41270773811,
    1.457890288395,1.501064725339,1.542231048942,1.581389259203,
    1.618539356124,1.653681339704,1.686815209945,1.717940966845,
    1.747058610407,1.774168140631,1.799269557517,1.822362861067,
    1.843448051283,1.862525128166,1.879594091718,1.894654941944,
    1.907707678849,1.918752302441,1.927788812733,1.934817209752,
    1.939837493553,1.942849664305,1.943853723184),.UNSPECIFIED.);
#4226 = CARTESIAN_POINT('',(-7.562715307074,12.371553547722,0.));
#4227 = CARTESIAN_POINT('',(-7.56146085912,12.342462830717,0.));
#4228 = CARTESIAN_POINT('',(-7.558623605833,12.284965235791,0.));
#4229 = CARTESIAN_POINT('',(-7.553344860411,12.199781616537,0.));
#4230 = CARTESIAN_POINT('',(-7.547144468909,12.11667367647,0.));
#4231 = CARTESIAN_POINT('',(-7.540073683186,12.03565088907,0.));
#4232 = CARTESIAN_POINT('',(-7.532183992353,11.95672166184,0.));
#4233 = CARTESIAN_POINT('',(-7.523526916876,11.879893464323,0.));
#4234 = CARTESIAN_POINT('',(-7.514154041492,11.805172794478,0.));
#4235 = CARTESIAN_POINT('',(-7.504116986437,11.732565187128,0.));
#4236 = CARTESIAN_POINT('',(-7.493467394606,11.662075211867,0.));
#4237 = CARTESIAN_POINT('',(-7.48225691461,11.593706474002,0.));
#4238 = CARTESIAN_POINT('',(-7.47053718491,11.527461615032,0.));
#4239 = CARTESIAN_POINT('',(-7.458359817695,11.463342313564,0.));
#4240 = CARTESIAN_POINT('',(-7.445776382846,11.401349286429,0.));
#4241 = CARTESIAN_POINT('',(-7.432838391915,11.341482290065,0.));
#4242 = CARTESIAN_POINT('',(-7.419597282131,11.283740122151,0.));
#4243 = CARTESIAN_POINT('',(-7.40610440044,11.228120623481,0.));
#4244 = CARTESIAN_POINT('',(-7.39241098758,11.1746206801,0.));
#4245 = CARTESIAN_POINT('',(-7.378568162195,11.123236225684,0.));
#4246 = CARTESIAN_POINT('',(-7.364626904998,11.073962244164,0.));
#4247 = CARTESIAN_POINT('',(-7.350638042973,11.026792772606,0.));
#4248 = CARTESIAN_POINT('',(-7.336652233638,10.981720904332,0.));
#4249 = CARTESIAN_POINT('',(-7.322719949348,10.938738792289,0.));
#4250 = CARTESIAN_POINT('',(-7.308891461674,10.897837652665,0.));
#4251 = CARTESIAN_POINT('',(-7.295216825831,10.859007768748,0.));
#4252 = CARTESIAN_POINT('',(-7.281745865176,10.822238495025,0.));
#4253 = CARTESIAN_POINT('',(-7.268528155772,10.787518261533,0.));
#4254 = CARTESIAN_POINT('',(-7.255613011031,10.754834578439,0.));
#4255 = CARTESIAN_POINT('',(-7.243049466425,10.724174040876,0.));
#4256 = CARTESIAN_POINT('',(-7.230886264279,10.695522334002,0.));
#4257 = CARTESIAN_POINT('',(-7.219171838641,10.668864238315,0.));
#4258 = CARTESIAN_POINT('',(-7.207954300253,10.644183635187,0.));
#4259 = CARTESIAN_POINT('',(-7.197281421532,10.621463512692,0.));
#4260 = CARTESIAN_POINT('',(-7.187200621894,10.600685971493,0.));
#4261 = CARTESIAN_POINT('',(-7.177758952282,10.581832231576,0.));
#4262 = CARTESIAN_POINT('',(-7.169003082623,10.564882637288,0.));
#4263 = CARTESIAN_POINT('',(-7.160979280102,10.549816668918,0.));
#4264 = CARTESIAN_POINT('',(-7.153733416588,10.536612934746,0.));
#4265 = CARTESIAN_POINT('',(-7.147310885444,10.525249225071,0.));
#4266 = CARTESIAN_POINT('',(-7.141756791187,10.515702380805,0.));
#4267 = CARTESIAN_POINT('',(-7.137115339091,10.507948706985,0.));
#4268 = CARTESIAN_POINT('',(-7.133431445486,10.50196287489,0.));
#4269 = CARTESIAN_POINT('',(-7.130746541003,10.497720777427,0.));
#4270 = CARTESIAN_POINT('',(-7.129107788441,10.495193252617,0.));
#4271 = CARTESIAN_POINT('',(-7.128364919256,10.494079529004,0.));
#4272 = CARTESIAN_POINT('',(-7.128178251691,10.493801727274,0.));
#4273 = VECTOR('',#4274,1.);
#4274 = DIRECTION('',(-0.,-0.,-1.));
#4275 = ADVANCED_FACE('',(#4276),#4299,.F.);
#4276 = FACE_BOUND('',#4277,.F.);
#4277 = EDGE_LOOP('',(#4278,#4279,#4286,#4294));
#4278 = ORIENTED_EDGE('',*,*,#4167,.T.);
#4279 = ORIENTED_EDGE('',*,*,#4280,.T.);
#4280 = EDGE_CURVE('',#4116,#4281,#4283,.T.);
#4281 = VERTEX_POINT('',#4282);
#4282 = CARTESIAN_POINT('',(-6.883273959835,10.133264014811,6.));
#4283 = B_SPLINE_CURVE_WITH_KNOTS('',1,(#4284,#4285),.UNSPECIFIED.,.F.,
  .F.,(2,2),(0.,0.43585038061),.PIECEWISE_BEZIER_KNOTS.);
#4284 = CARTESIAN_POINT('',(-7.128178251691,10.493801727274,6.));
#4285 = CARTESIAN_POINT('',(-6.883273959835,10.133264014811,6.));
#4286 = ORIENTED_EDGE('',*,*,#4287,.F.);
#4287 = EDGE_CURVE('',#4288,#4281,#4290,.T.);
#4288 = VERTEX_POINT('',#4289);
#4289 = CARTESIAN_POINT('',(-6.883273959835,10.133264014811,0.));
#4290 = LINE('',#4291,#4292);
#4291 = CARTESIAN_POINT('',(-6.883273959835,10.133264014811,0.));
#4292 = VECTOR('',#4293,1.);
#4293 = DIRECTION('',(0.,0.,1.));
#4294 = ORIENTED_EDGE('',*,*,#4295,.F.);
#4295 = EDGE_CURVE('',#4168,#4288,#4296,.T.);
#4296 = B_SPLINE_CURVE_WITH_KNOTS('',1,(#4297,#4298),.UNSPECIFIED.,.F.,
  .F.,(2,2),(0.,0.43585038061),.PIECEWISE_BEZIER_KNOTS.);
#4297 = CARTESIAN_POINT('',(-7.128178251691,10.493801727274,0.));
#4298 = CARTESIAN_POINT('',(-6.883273959835,10.133264014811,0.));
#4299 = SURFACE_OF_LINEAR_EXTRUSION('',#4300,#4303);
#4300 = B_SPLINE_CURVE_WITH_KNOTS('',1,(#4301,#4302),.UNSPECIFIED.,.F.,
  .F.,(2,2),(0.,0.43585038061),.PIECEWISE_BEZIER_KNOTS.);
#4301 = CARTESIAN_POINT('',(-7.128178251691,10.493801727274,0.));
#4302 = CARTESIAN_POINT('',(-6.883273959835,10.133264014811,0.));
#4303 = VECTOR('',#4304,1.);
#4304 = DIRECTION('',(-0.,-0.,-1.));
#4305 = ADVANCED_FACE('',(#4306),#4329,.F.);
#4306 = FACE_BOUND('',#4307,.F.);
#4307 = EDGE_LOOP('',(#4308,#4309,#4316,#4324));
#4308 = ORIENTED_EDGE('',*,*,#4287,.T.);
#4309 = ORIENTED_EDGE('',*,*,#4310,.T.);
#4310 = EDGE_CURVE('',#4281,#4311,#4313,.T.);
#4311 = VERTEX_POINT('',#4312);
#4312 = CARTESIAN_POINT('',(-7.733415428396,9.500357141279,6.));
#4313 = B_SPLINE_CURVE_WITH_KNOTS('',1,(#4314,#4315),.UNSPECIFIED.,.F.,
  .F.,(2,2),(0.,1.059863966333),.PIECEWISE_BEZIER_KNOTS.);
#4314 = CARTESIAN_POINT('',(-6.883273959835,10.133264014811,6.));
#4315 = CARTESIAN_POINT('',(-7.733415428396,9.500357141279,6.));
#4316 = ORIENTED_EDGE('',*,*,#4317,.F.);
#4317 = EDGE_CURVE('',#4318,#4311,#4320,.T.);
#4318 = VERTEX_POINT('',#4319);
#4319 = CARTESIAN_POINT('',(-7.733415428396,9.500357141279,0.));
#4320 = LINE('',#4321,#4322);
#4321 = CARTESIAN_POINT('',(-7.733415428396,9.500357141279,0.));
#4322 = VECTOR('',#4323,1.);
#4323 = DIRECTION('',(0.,0.,1.));
#4324 = ORIENTED_EDGE('',*,*,#4325,.F.);
#4325 = EDGE_CURVE('',#4288,#4318,#4326,.T.);
#4326 = B_SPLINE_CURVE_WITH_KNOTS('',1,(#4327,#4328),.UNSPECIFIED.,.F.,
  .F.,(2,2),(0.,1.059863966333),.PIECEWISE_BEZIER_KNOTS.);
#4327 = CARTESIAN_POINT('',(-6.883273959835,10.133264014811,0.));
#4328 = CARTESIAN_POINT('',(-7.733415428396,9.500357141279,0.));
#4329 = SURFACE_OF_LINEAR_EXTRUSION('',#4330,#4333);
#4330 = B_SPLINE_CURVE_WITH_KNOTS('',1,(#4331,#4332),.UNSPECIFIED.,.F.,
  .F.,(2,2),(0.,1.059863966333),.PIECEWISE_BEZIER_KNOTS.);
#4331 = CARTESIAN_POINT('',(-6.883273959835,10.133264014811,0.));
#4332 = CARTESIAN_POINT('',(-7.733415428396,9.500357141279,0.));
#4333 = VECTOR('',#4334,1.);
#4334 = DIRECTION('',(-0.,-0.,-1.));
#4335 = ADVANCED_FACE('',(#4336),#4359,.F.);
#4336 = FACE_BOUND('',#4337,.F.);
#4337 = EDGE_LOOP('',(#4338,#4339,#4346,#4354));
#4338 = ORIENTED_EDGE('',*,*,#4317,.T.);
#4339 = ORIENTED_EDGE('',*,*,#4340,.T.);
#4340 = EDGE_CURVE('',#4311,#4341,#4343,.T.);
#4341 = VERTEX_POINT('',#4342);
#4342 = CARTESIAN_POINT('',(-8.008567433121,9.838376265847,6.));
#4343 = B_SPLINE_CURVE_WITH_KNOTS('',1,(#4344,#4345),.UNSPECIFIED.,.F.,
  .F.,(2,2),(0.,0.43585038061),.PIECEWISE_BEZIER_KNOTS.);
#4344 = CARTESIAN_POINT('',(-7.733415428396,9.500357141279,6.));
#4345 = CARTESIAN_POINT('',(-8.008567433121,9.838376265847,6.));
#4346 = ORIENTED_EDGE('',*,*,#4347,.F.);
#4347 = EDGE_CURVE('',#4348,#4341,#4350,.T.);
#4348 = VERTEX_POINT('',#4349);
#4349 = CARTESIAN_POINT('',(-8.008567433121,9.838376265847,0.));
#4350 = LINE('',#4351,#4352);
#4351 = CARTESIAN_POINT('',(-8.008567433121,9.838376265847,0.));
#4352 = VECTOR('',#4353,1.);
#4353 = DIRECTION('',(0.,0.,1.));
#4354 = ORIENTED_EDGE('',*,*,#4355,.F.);
#4355 = EDGE_CURVE('',#4318,#4348,#4356,.T.);
#4356 = B_SPLINE_CURVE_WITH_KNOTS('',1,(#4357,#4358),.UNSPECIFIED.,.F.,
  .F.,(2,2),(0.,0.43585038061),.PIECEWISE_BEZIER_KNOTS.);
#4357 = CARTESIAN_POINT('',(-7.733415428396,9.500357141279,0.));
#4358 = CARTESIAN_POINT('',(-8.008567433121,9.838376265847,0.));
#4359 = SURFACE_OF_LINEAR_EXTRUSION('',#4360,#4363);
#4360 = B_SPLINE_CURVE_WITH_KNOTS('',1,(#4361,#4362),.UNSPECIFIED.,.F.,
  .F.,(2,2),(0.,0.43585038061),.PIECEWISE_BEZIER_KNOTS.);
#4361 = CARTESIAN_POINT('',(-7.733415428396,9.500357141279,0.));
#4362 = CARTESIAN_POINT('',(-8.008567433121,9.838376265847,0.));
#4363 = VECTOR('',#4364,1.);
#4364 = DIRECTION('',(-0.,-0.,-1.));
#4365 = ADVANCED_FACE('',(#4366),#4479,.F.);
#4366 = FACE_BOUND('',#4367,.F.);
#4367 = EDGE_LOOP('',(#4368,#4369,#4421,#4429));
#4368 = ORIENTED_EDGE('',*,*,#4347,.T.);
#4369 = ORIENTED_EDGE('',*,*,#4370,.T.);
#4370 = EDGE_CURVE('',#4341,#4371,#4373,.T.);
#4371 = VERTEX_POINT('',#4372);
#4372 = CARTESIAN_POINT('',(-9.682807351624,10.79320349995,6.));
#4373 = B_SPLINE_CURVE_WITH_KNOTS('',3,(#4374,#4375,#4376,#4377,#4378,
    #4379,#4380,#4381,#4382,#4383,#4384,#4385,#4386,#4387,#4388,#4389,
    #4390,#4391,#4392,#4393,#4394,#4395,#4396,#4397,#4398,#4399,#4400,
    #4401,#4402,#4403,#4404,#4405,#4406,#4407,#4408,#4409,#4410,#4411,
    #4412,#4413,#4414,#4415,#4416,#4417,#4418,#4419,#4420),
  .UNSPECIFIED.,.F.,.F.,(4,1,1,1,1,1,1,1,1,1,1,1,1,1,1,1,1,1,1,1,1,1,1,1
    ,1,1,1,1,1,1,1,1,1,1,1,1,1,1,1,1,1,1,1,1,4),(0.,1.004058879412E-03,
    4.016229631009E-03,9.036513432115E-03,1.606491045092E-02,
    2.510142074349E-02,3.614604433531E-02,4.91987812401E-02,
    6.425963146609E-02,8.132859501861E-02,0.100405671901,0.121490862117,
    0.144584165667,0.169685582553,0.196795112777,0.225912756339,
    0.25703851324,0.29017238348,0.32531436706,0.362464463981,
    0.401622674242,0.442788997845,0.485963434789,0.531145985075,
    0.578336648702,0.627535425671,0.678742315982,0.731957319636,
    0.787180436632,0.84441166697,0.903651010651,0.964898467674,
    1.02815403804,1.093417721749,1.160689518801,1.229969429195,
    1.301257452933,1.374553590013,1.449857840437,1.527170204204,
    1.606490681313,1.687819271766,1.771155975562,1.856500792702,
    1.943853723184),.UNSPECIFIED.);
#4374 = CARTESIAN_POINT('',(-8.008567433121,9.838376265847,6.));
#4375 = CARTESIAN_POINT('',(-8.008780027404,9.83863476585,6.));
#4376 = CARTESIAN_POINT('',(-8.009633905661,9.839665846271,6.));
#4377 = CARTESIAN_POINT('',(-8.011585248388,9.841960656325,6.));
#4378 = CARTESIAN_POINT('',(-8.014879093983,9.845749413928,6.));
#4379 = CARTESIAN_POINT('',(-8.019556905758,9.850995301361,6.));
#4380 = CARTESIAN_POINT('',(-8.025653660493,9.857665542508,6.));
#4381 = CARTESIAN_POINT('',(-8.033206504989,9.865724372354,6.));
#4382 = CARTESIAN_POINT('',(-8.042250816984,9.875136238503,6.));
#4383 = CARTESIAN_POINT('',(-8.052821718764,9.885864573401,6.));
#4384 = CARTESIAN_POINT('',(-8.064953505954,9.897872260497,6.));
#4385 = CARTESIAN_POINT('',(-8.078679827796,9.911121490238,6.));
#4386 = CARTESIAN_POINT('',(-8.094033611537,9.925573824261,6.));
#4387 = CARTESIAN_POINT('',(-8.111047072173,9.941190190573,6.));
#4388 = CARTESIAN_POINT('',(-8.129751695123,9.957930901034,6.));
#4389 = CARTESIAN_POINT('',(-8.150178227804,9.975755661926,6.));
#4390 = CARTESIAN_POINT('',(-8.172356668748,9.994623586851,6.));
#4391 = CARTESIAN_POINT('',(-8.196316257748,10.014493209097,6.));
#4392 = CARTESIAN_POINT('',(-8.222085465969,10.035322494357,6.));
#4393 = CARTESIAN_POINT('',(-8.249691986333,10.057068853536,6.));
#4394 = CARTESIAN_POINT('',(-8.279162724098,10.079689155728,6.));
#4395 = CARTESIAN_POINT('',(-8.310523787636,10.103139741326,6.));
#4396 = CARTESIAN_POINT('',(-8.343800479428,10.127376435281,6.));
#4397 = CARTESIAN_POINT('',(-8.37901728726,10.152354560509,6.));
#4398 = CARTESIAN_POINT('',(-8.416197875641,10.178028951424,6.));
#4399 = CARTESIAN_POINT('',(-8.455365077419,10.204353967614,6.));
#4400 = CARTESIAN_POINT('',(-8.496540885623,10.231283507651,6.));
#4401 = CARTESIAN_POINT('',(-8.539746445516,10.258771023023,6.));
#4402 = CARTESIAN_POINT('',(-8.585002046873,10.2867695322,6.));
#4403 = CARTESIAN_POINT('',(-8.632327116465,10.31523163482,6.));
#4404 = CARTESIAN_POINT('',(-8.681740210784,10.344109525991,6.));
#4405 = CARTESIAN_POINT('',(-8.733259008974,10.373355010717,6.));
#4406 = CARTESIAN_POINT('',(-8.786900306001,10.402919518429,6.));
#4407 = CARTESIAN_POINT('',(-8.84268000604,10.432754117631,6.));
#4408 = CARTESIAN_POINT('',(-8.9006131161,10.462809530651,6.));
#4409 = CARTESIAN_POINT('',(-8.960713739873,10.493036148493,6.));
#4410 = CARTESIAN_POINT('',(-9.022995071815,10.523384045794,6.));
#4411 = CARTESIAN_POINT('',(-9.087469391474,10.553802995857,6.));
#4412 = CARTESIAN_POINT('',(-9.154148057993,10.584242485841,6.));
#4413 = CARTESIAN_POINT('',(-9.223041505098,10.614651731821,6.));
#4414 = CARTESIAN_POINT('',(-9.294159235337,10.644979694747,6.));
#4415 = CARTESIAN_POINT('',(-9.367509818403,10.675175093345,6.));
#4416 = CARTESIAN_POINT('',(-9.443100874787,10.705186429262,6.));
#4417 = CARTESIAN_POINT('',(-9.520939117434,10.734961965168,6.));
#4418 = CARTESIAN_POINT('',(-9.601030170048,10.764449885297,6.));
#4419 = CARTESIAN_POINT('',(-9.655298529556,10.783658440287,6.));
#4420 = CARTESIAN_POINT('',(-9.682807351624,10.79320349995,6.));
#4421 = ORIENTED_EDGE('',*,*,#4422,.F.);
#4422 = EDGE_CURVE('',#4423,#4371,#4425,.T.);
#4423 = VERTEX_POINT('',#4424);
#4424 = CARTESIAN_POINT('',(-9.682807351624,10.79320349995,0.));
#4425 = LINE('',#4426,#4427);
#4426 = CARTESIAN_POINT('',(-9.682807351624,10.79320349995,0.));
#4427 = VECTOR('',#4428,1.);
#4428 = DIRECTION('',(0.,0.,1.));
#4429 = ORIENTED_EDGE('',*,*,#4430,.F.);
#4430 = EDGE_CURVE('',#4348,#4423,#4431,.T.);
#4431 = B_SPLINE_CURVE_WITH_KNOTS('',3,(#4432,#4433,#4434,#4435,#4436,
    #4437,#4438,#4439,#4440,#4441,#4442,#4443,#4444,#4445,#4446,#4447,
    #4448,#4449,#4450,#4451,#4452,#4453,#4454,#4455,#4456,#4457,#4458,
    #4459,#4460,#4461,#4462,#4463,#4464,#4465,#4466,#4467,#4468,#4469,
    #4470,#4471,#4472,#4473,#4474,#4475,#4476,#4477,#4478),
  .UNSPECIFIED.,.F.,.F.,(4,1,1,1,1,1,1,1,1,1,1,1,1,1,1,1,1,1,1,1,1,1,1,1
    ,1,1,1,1,1,1,1,1,1,1,1,1,1,1,1,1,1,1,1,1,4),(0.,1.004058879412E-03,
    4.016229631009E-03,9.036513432115E-03,1.606491045092E-02,
    2.510142074349E-02,3.614604433531E-02,4.91987812401E-02,
    6.425963146609E-02,8.132859501861E-02,0.100405671901,0.121490862117,
    0.144584165667,0.169685582553,0.196795112777,0.225912756339,
    0.25703851324,0.29017238348,0.32531436706,0.362464463981,
    0.401622674242,0.442788997845,0.485963434789,0.531145985075,
    0.578336648702,0.627535425671,0.678742315982,0.731957319636,
    0.787180436632,0.84441166697,0.903651010651,0.964898467674,
    1.02815403804,1.093417721749,1.160689518801,1.229969429195,
    1.301257452933,1.374553590013,1.449857840437,1.527170204204,
    1.606490681313,1.687819271766,1.771155975562,1.856500792702,
    1.943853723184),.UNSPECIFIED.);
#4432 = CARTESIAN_POINT('',(-8.008567433121,9.838376265847,0.));
#4433 = CARTESIAN_POINT('',(-8.008780027404,9.83863476585,0.));
#4434 = CARTESIAN_POINT('',(-8.009633905661,9.839665846271,0.));
#4435 = CARTESIAN_POINT('',(-8.011585248388,9.841960656325,0.));
#4436 = CARTESIAN_POINT('',(-8.014879093983,9.845749413928,0.));
#4437 = CARTESIAN_POINT('',(-8.019556905758,9.850995301361,0.));
#4438 = CARTESIAN_POINT('',(-8.025653660493,9.857665542508,0.));
#4439 = CARTESIAN_POINT('',(-8.033206504989,9.865724372354,0.));
#4440 = CARTESIAN_POINT('',(-8.042250816984,9.875136238503,0.));
#4441 = CARTESIAN_POINT('',(-8.052821718764,9.885864573401,0.));
#4442 = CARTESIAN_POINT('',(-8.064953505954,9.897872260497,0.));
#4443 = CARTESIAN_POINT('',(-8.078679827796,9.911121490238,0.));
#4444 = CARTESIAN_POINT('',(-8.094033611537,9.925573824261,0.));
#4445 = CARTESIAN_POINT('',(-8.111047072173,9.941190190573,0.));
#4446 = CARTESIAN_POINT('',(-8.129751695123,9.957930901034,0.));
#4447 = CARTESIAN_POINT('',(-8.150178227804,9.975755661926,0.));
#4448 = CARTESIAN_POINT('',(-8.172356668748,9.994623586851,0.));
#4449 = CARTESIAN_POINT('',(-8.196316257748,10.014493209097,0.));
#4450 = CARTESIAN_POINT('',(-8.222085465969,10.035322494357,0.));
#4451 = CARTESIAN_POINT('',(-8.249691986333,10.057068853536,0.));
#4452 = CARTESIAN_POINT('',(-8.279162724098,10.079689155728,0.));
#4453 = CARTESIAN_POINT('',(-8.310523787636,10.103139741326,0.));
#4454 = CARTESIAN_POINT('',(-8.343800479428,10.127376435281,0.));
#4455 = CARTESIAN_POINT('',(-8.37901728726,10.152354560509,0.));
#4456 = CARTESIAN_POINT('',(-8.416197875641,10.178028951424,0.));
#4457 = CARTESIAN_POINT('',(-8.455365077419,10.204353967614,0.));
#4458 = CARTESIAN_POINT('',(-8.496540885623,10.231283507651,0.));
#4459 = CARTESIAN_POINT('',(-8.539746445516,10.258771023023,0.));
#4460 = CARTESIAN_POINT('',(-8.585002046873,10.2867695322,0.));
#4461 = CARTESIAN_POINT('',(-8.632327116465,10.31523163482,0.));
#4462 = CARTESIAN_POINT('',(-8.681740210784,10.344109525991,0.));
#4463 = CARTESIAN_POINT('',(-8.733259008974,10.373355010717,0.));
#4464 = CARTESIAN_POINT('',(-8.786900306001,10.402919518429,0.));
#4465 = CARTESIAN_POINT('',(-8.84268000604,10.432754117631,0.));
#4466 = CARTESIAN_POINT('',(-8.9006131161,10.462809530651,0.));
#4467 = CARTESIAN_POINT('',(-8.960713739873,10.493036148493,0.));
#4468 = CARTESIAN_POINT('',(-9.022995071815,10.523384045794,0.));
#4469 = CARTESIAN_POINT('',(-9.087469391474,10.553802995857,0.));
#4470 = CARTESIAN_POINT('',(-9.154148057993,10.584242485841,0.));
#4471 = CARTESIAN_POINT('',(-9.223041505098,10.614651731821,0.));
#4472 = CARTESIAN_POINT('',(-9.294159235337,10.644979694747,0.));
#4473 = CARTESIAN_POINT('',(-9.367509818403,10.675175093345,0.));
#4474 = CARTESIAN_POINT('',(-9.443100874787,10.705186429262,0.));
#4475 = CARTESIAN_POINT('',(-9.520939117434,10.734961965168,0.));
#4476 = CARTESIAN_POINT('',(-9.601030170048,10.764449885297,0.));
#4477 = CARTESIAN_POINT('',(-9.655298529556,10.783658440287,0.));
#4478 = CARTESIAN_POINT('',(-9.682807351624,10.79320349995,0.));
#4479 = SURFACE_OF_LINEAR_EXTRUSION('',#4480,#4528);
#4480 = B_SPLINE_CURVE_WITH_KNOTS('',3,(#4481,#4482,#4483,#4484,#4485,
    #4486,#4487,#4488,#4489,#4490,#4491,#4492,#4493,#4494,#4495,#4496,
    #4497,#4498,#4499,#4500,#4501,#4502,#4503,#4504,#4505,#4506,#4507,
    #4508,#4509,#4510,#4511,#4512,#4513,#4514,#4515,#4516,#4517,#4518,
    #4519,#4520,#4521,#4522,#4523,#4524,#4525,#4526,#4527),
  .UNSPECIFIED.,.F.,.F.,(4,1,1,1,1,1,1,1,1,1,1,1,1,1,1,1,1,1,1,1,1,1,1,1
    ,1,1,1,1,1,1,1,1,1,1,1,1,1,1,1,1,1,1,1,1,4),(0.,1.004058879412E-03,
    4.016229631009E-03,9.036513432115E-03,1.606491045092E-02,
    2.510142074349E-02,3.614604433531E-02,4.91987812401E-02,
    6.425963146609E-02,8.132859501861E-02,0.100405671901,0.121490862117,
    0.144584165667,0.169685582553,0.196795112777,0.225912756339,
    0.25703851324,0.29017238348,0.32531436706,0.362464463981,
    0.401622674242,0.442788997845,0.485963434789,0.531145985075,
    0.578336648702,0.627535425671,0.678742315982,0.731957319636,
    0.787180436632,0.84441166697,0.903651010651,0.964898467674,
    1.02815403804,1.093417721749,1.160689518801,1.229969429195,
    1.301257452933,1.374553590013,1.449857840437,1.527170204204,
    1.606490681313,1.687819271766,1.771155975562,1.856500792702,
    1.943853723184),.UNSPECIFIED.);
#4481 = CARTESIAN_POINT('',(-8.008567433121,9.838376265847,0.));
#4482 = CARTESIAN_POINT('',(-8.008780027404,9.83863476585,0.));
#4483 = CARTESIAN_POINT('',(-8.009633905661,9.839665846271,0.));
#4484 = CARTESIAN_POINT('',(-8.011585248388,9.841960656325,0.));
#4485 = CARTESIAN_POINT('',(-8.014879093983,9.845749413928,0.));
#4486 = CARTESIAN_POINT('',(-8.019556905758,9.850995301361,0.));
#4487 = CARTESIAN_POINT('',(-8.025653660493,9.857665542508,0.));
#4488 = CARTESIAN_POINT('',(-8.033206504989,9.865724372354,0.));
#4489 = CARTESIAN_POINT('',(-8.042250816984,9.875136238503,0.));
#4490 = CARTESIAN_POINT('',(-8.052821718764,9.885864573401,0.));
#4491 = CARTESIAN_POINT('',(-8.064953505954,9.897872260497,0.));
#4492 = CARTESIAN_POINT('',(-8.078679827796,9.911121490238,0.));
#4493 = CARTESIAN_POINT('',(-8.094033611537,9.925573824261,0.));
#4494 = CARTESIAN_POINT('',(-8.111047072173,9.941190190573,0.));
#4495 = CARTESIAN_POINT('',(-8.129751695123,9.957930901034,0.));
#4496 = CARTESIAN_POINT('',(-8.150178227804,9.975755661926,0.));
#4497 = CARTESIAN_POINT('',(-8.172356668748,9.994623586851,0.));
#4498 = CARTESIAN_POINT('',(-8.196316257748,10.014493209097,0.));
#4499 = CARTESIAN_POINT('',(-8.222085465969,10.035322494357,0.));
#4500 = CARTESIAN_POINT('',(-8.249691986333,10.057068853536,0.));
#4501 = CARTESIAN_POINT('',(-8.279162724098,10.079689155728,0.));
#4502 = CARTESIAN_POINT('',(-8.310523787636,10.103139741326,0.));
#4503 = CARTESIAN_POINT('',(-8.343800479428,10.127376435281,0.));
#4504 = CARTESIAN_POINT('',(-8.37901728726,10.152354560509,0.));
#4505 = CARTESIAN_POINT('',(-8.416197875641,10.178028951424,0.));
#4506 = CARTESIAN_POINT('',(-8.455365077419,10.204353967614,0.));
#4507 = CARTESIAN_POINT('',(-8.496540885623,10.231283507651,0.));
#4508 = CARTESIAN_POINT('',(-8.539746445516,10.258771023023,0.));
#4509 = CARTESIAN_POINT('',(-8.585002046873,10.2867695322,0.));
#4510 = CARTESIAN_POINT('',(-8.632327116465,10.31523163482,0.));
#4511 = CARTESIAN_POINT('',(-8.681740210784,10.344109525991,0.));
#4512 = CARTESIAN_POINT('',(-8.733259008974,10.373355010717,0.));
#4513 = CARTESIAN_POINT('',(-8.786900306001,10.402919518429,0.));
#4514 = CARTESIAN_POINT('',(-8.84268000604,10.432754117631,0.));
#4515 = CARTESIAN_POINT('',(-8.9006131161,10.462809530651,0.));
#4516 = CARTESIAN_POINT('',(-8.960713739873,10.493036148493,0.));
#4517 = CARTESIAN_POINT('',(-9.022995071815,10.523384045794,0.));
#4518 = CARTESIAN_POINT('',(-9.087469391474,10.553802995857,0.));
#4519 = CARTESIAN_POINT('',(-9.154148057993,10.584242485841,0.));
#4520 = CARTESIAN_POINT('',(-9.223041505098,10.614651731821,0.));
#4521 = CARTESIAN_POINT('',(-9.294159235337,10.644979694747,0.));
#4522 = CARTESIAN_POINT('',(-9.367509818403,10.675175093345,0.));
#4523 = CARTESIAN_POINT('',(-9.443100874787,10.705186429262,0.));
#4524 = CARTESIAN_POINT('',(-9.520939117434,10.734961965168,0.));
#4525 = CARTESIAN_POINT('',(-9.601030170048,10.764449885297,0.));
#4526 = CARTESIAN_POINT('',(-9.655298529556,10.783658440287,0.));
#4527 = CARTESIAN_POINT('',(-9.682807351624,10.79320349995,0.));
#4528 = VECTOR('',#4529,1.);
#4529 = DIRECTION('',(-0.,-0.,-1.));
#4530 = ADVANCED_FACE('',(#4531),#4554,.F.);
#4531 = FACE_BOUND('',#4532,.F.);
#4532 = EDGE_LOOP('',(#4533,#4534,#4541,#4549));
#4533 = ORIENTED_EDGE('',*,*,#4422,.T.);
#4534 = ORIENTED_EDGE('',*,*,#4535,.T.);
#4535 = EDGE_CURVE('',#4371,#4536,#4538,.T.);
#4536 = VERTEX_POINT('',#4537);
#4537 = CARTESIAN_POINT('',(-10.21193793104,10.293994544996,6.));
#4538 = B_SPLINE_CURVE_WITH_KNOTS('',1,(#4539,#4540),.UNSPECIFIED.,.F.,
  .F.,(2,2),(0.,0.72745360731),.PIECEWISE_BEZIER_KNOTS.);
#4539 = CARTESIAN_POINT('',(-9.682807351624,10.79320349995,6.));
#4540 = CARTESIAN_POINT('',(-10.21193793104,10.293994544996,6.));
#4541 = ORIENTED_EDGE('',*,*,#4542,.F.);
#4542 = EDGE_CURVE('',#4543,#4536,#4545,.T.);
#4543 = VERTEX_POINT('',#4544);
#4544 = CARTESIAN_POINT('',(-10.21193793104,10.293994544996,0.));
#4545 = LINE('',#4546,#4547);
#4546 = CARTESIAN_POINT('',(-10.21193793104,10.293994544996,0.));
#4547 = VECTOR('',#4548,1.);
#4548 = DIRECTION('',(0.,0.,1.));
#4549 = ORIENTED_EDGE('',*,*,#4550,.F.);
#4550 = EDGE_CURVE('',#4423,#4543,#4551,.T.);
#4551 = B_SPLINE_CURVE_WITH_KNOTS('',1,(#4552,#4553),.UNSPECIFIED.,.F.,
  .F.,(2,2),(0.,0.72745360731),.PIECEWISE_BEZIER_KNOTS.);
#4552 = CARTESIAN_POINT('',(-9.682807351624,10.79320349995,0.));
#4553 = CARTESIAN_POINT('',(-10.21193793104,10.293994544996,0.));
#4554 = SURFACE_OF_LINEAR_EXTRUSION('',#4555,#4558);
#4555 = B_SPLINE_CURVE_WITH_KNOTS('',1,(#4556,#4557),.UNSPECIFIED.,.F.,
  .F.,(2,2),(0.,0.72745360731),.PIECEWISE_BEZIER_KNOTS.);
#4556 = CARTESIAN_POINT('',(-9.682807351624,10.79320349995,0.));
#4557 = CARTESIAN_POINT('',(-10.21193793104,10.293994544996,0.));
#4558 = VECTOR('',#4559,1.);
#4559 = DIRECTION('',(-0.,-0.,-1.));
#4560 = ADVANCED_FACE('',(#4561),#4674,.F.);
#4561 = FACE_BOUND('',#4562,.F.);
#4562 = EDGE_LOOP('',(#4563,#4564,#4616,#4624));
#4563 = ORIENTED_EDGE('',*,*,#4542,.T.);
#4564 = ORIENTED_EDGE('',*,*,#4565,.T.);
#4565 = EDGE_CURVE('',#4536,#4566,#4568,.T.);
#4566 = VERTEX_POINT('',#4567);
#4567 = CARTESIAN_POINT('',(-9.35607450712,8.567068909285,6.));
#4568 = B_SPLINE_CURVE_WITH_KNOTS('',3,(#4569,#4570,#4571,#4572,#4573,
    #4574,#4575,#4576,#4577,#4578,#4579,#4580,#4581,#4582,#4583,#4584,
    #4585,#4586,#4587,#4588,#4589,#4590,#4591,#4592,#4593,#4594,#4595,
    #4596,#4597,#4598,#4599,#4600,#4601,#4602,#4603,#4604,#4605,#4606,
    #4607,#4608,#4609,#4610,#4611,#4612,#4613,#4614,#4615),
  .UNSPECIFIED.,.F.,.F.,(4,1,1,1,1,1,1,1,1,1,1,1,1,1,1,1,1,1,1,1,1,1,1,1
    ,1,1,1,1,1,1,1,1,1,1,1,1,1,1,1,1,1,1,1,1,4),(0.,8.735293048255E-02,
    0.172697747622,0.256034451418,0.337363041871,0.416683518981,
    0.493995882747,0.569300133171,0.642596270251,0.713884293989,
    0.783164204383,0.850436001435,0.915699685144,0.97895525551,
    1.040202712533,1.099442056214,1.156673286553,1.211896403548,
    1.265111407202,1.316318297513,1.365517074482,1.41270773811,
    1.457890288395,1.501064725339,1.542231048942,1.581389259203,
    1.618539356124,1.653681339704,1.686815209945,1.717940966845,
    1.747058610407,1.774168140631,1.799269557517,1.822362861067,
    1.843448051283,1.862525128166,1.879594091718,1.894654941944,
    1.907707678849,1.918752302441,1.927788812733,1.934817209752,
    1.939837493553,1.942849664305,1.943853723184),.UNSPECIFIED.);
#4569 = CARTESIAN_POINT('',(-10.21193793104,10.293994544996,6.));
#4570 = CARTESIAN_POINT('',(-10.20400851586,10.26597726764,6.));
#4571 = CARTESIAN_POINT('',(-10.18798788319,10.210683843464,6.));
#4572 = CARTESIAN_POINT('',(-10.1632067325,10.129013722164,6.));
#4573 = CARTESIAN_POINT('',(-10.13800746339,10.049575876063,6.));
#4574 = CARTESIAN_POINT('',(-10.11244213095,9.97236770379,6.));
#4575 = CARTESIAN_POINT('',(-10.08656277529,9.897385512015,6.));
#4576 = CARTESIAN_POINT('',(-10.06042125073,9.824624687504,6.));
#4577 = CARTESIAN_POINT('',(-10.03406925008,9.754079656804,6.));
#4578 = CARTESIAN_POINT('',(-10.00755827855,9.685743901098,6.));
#4579 = CARTESIAN_POINT('',(-9.980939640827,9.619609957136,6.));
#4580 = CARTESIAN_POINT('',(-9.954264424755,9.555669422054,6.));
#4581 = CARTESIAN_POINT('',(-9.927583486053,9.493912957501,6.));
#4582 = CARTESIAN_POINT('',(-9.900947432808,9.434330294246,6.));
#4583 = CARTESIAN_POINT('',(-9.874406610141,9.376910236965,6.));
#4584 = CARTESIAN_POINT('',(-9.848011084935,9.321640669281,6.));
#4585 = CARTESIAN_POINT('',(-9.821810630647,9.268508559038,6.));
#4586 = CARTESIAN_POINT('',(-9.795854712212,9.217499963812,6.));
#4587 = CARTESIAN_POINT('',(-9.77019247104,9.16860003666,6.));
#4588 = CARTESIAN_POINT('',(-9.744872710107,9.121793032092,6.));
#4589 = CARTESIAN_POINT('',(-9.719943879149,9.077062312289,6.));
#4590 = CARTESIAN_POINT('',(-9.695454059955,9.034390353538,6.));
#4591 = CARTESIAN_POINT('',(-9.671450951772,8.993758752904,6.));
#4592 = CARTESIAN_POINT('',(-9.647981856813,8.955148235127,6.));
#4593 = CARTESIAN_POINT('',(-9.625093665886,8.918538659742,6.));
#4594 = CARTESIAN_POINT('',(-9.602832844131,8.883909028423,6.));
#4595 = CARTESIAN_POINT('',(-9.581245416887,8.851237492553,6.));
#4596 = CARTESIAN_POINT('',(-9.560376955672,8.820501361011,6.));
#4597 = CARTESIAN_POINT('',(-9.540272564293,8.791677108176,6.));
#4598 = CARTESIAN_POINT('',(-9.520976865091,8.76474038215,6.));
#4599 = CARTESIAN_POINT('',(-9.502533985304,8.739666013196,6.));
#4600 = CARTESIAN_POINT('',(-9.484987543576,8.716428022397,6.));
#4601 = CARTESIAN_POINT('',(-9.468380636606,8.694999630504,6.));
#4602 = CARTESIAN_POINT('',(-9.452755825879,8.67535326707,6.));
#4603 = CARTESIAN_POINT('',(-9.438155124745,8.65746057957,6.));
#4604 = CARTESIAN_POINT('',(-9.424619984912,8.641292443511,6.));
#4605 = CARTESIAN_POINT('',(-9.412191285407,8.626818970237,6.));
#4606 = CARTESIAN_POINT('',(-9.400909314107,8.614009523199,6.));
#4607 = CARTESIAN_POINT('',(-9.390813773129,8.602832708514,6.));
#4608 = CARTESIAN_POINT('',(-9.381943710341,8.593256446716,6.));
#4609 = CARTESIAN_POINT('',(-9.374337673611,8.585247801156,6.));
#4610 = CARTESIAN_POINT('',(-9.368033212217,8.578773521134,6.));
#4611 = CARTESIAN_POINT('',(-9.363068190561,8.573798602249,6.));
#4612 = CARTESIAN_POINT('',(-9.359477363025,8.570290032657,6.));
#4613 = CARTESIAN_POINT('',(-9.357299895915,8.568208559955,6.));
#4614 = CARTESIAN_POINT('',(-9.356320208524,8.56729617433,6.));
#4615 = CARTESIAN_POINT('',(-9.35607450712,8.567068909285,6.));
#4616 = ORIENTED_EDGE('',*,*,#4617,.F.);
#4617 = EDGE_CURVE('',#4618,#4566,#4620,.T.);
#4618 = VERTEX_POINT('',#4619);
#4619 = CARTESIAN_POINT('',(-9.35607450712,8.567068909285,0.));
#4620 = LINE('',#4621,#4622);
#4621 = CARTESIAN_POINT('',(-9.35607450712,8.567068909285,0.));
#4622 = VECTOR('',#4623,1.);
#4623 = DIRECTION('',(0.,0.,1.));
#4624 = ORIENTED_EDGE('',*,*,#4625,.F.);
#4625 = EDGE_CURVE('',#4543,#4618,#4626,.T.);
#4626 = B_SPLINE_CURVE_WITH_KNOTS('',3,(#4627,#4628,#4629,#4630,#4631,
    #4632,#4633,#4634,#4635,#4636,#4637,#4638,#4639,#4640,#4641,#4642,
    #4643,#4644,#4645,#4646,#4647,#4648,#4649,#4650,#4651,#4652,#4653,
    #4654,#4655,#4656,#4657,#4658,#4659,#4660,#4661,#4662,#4663,#4664,
    #4665,#4666,#4667,#4668,#4669,#4670,#4671,#4672,#4673),
  .UNSPECIFIED.,.F.,.F.,(4,1,1,1,1,1,1,1,1,1,1,1,1,1,1,1,1,1,1,1,1,1,1,1
    ,1,1,1,1,1,1,1,1,1,1,1,1,1,1,1,1,1,1,1,1,4),(0.,8.735293048255E-02,
    0.172697747622,0.256034451418,0.337363041871,0.416683518981,
    0.493995882747,0.569300133171,0.642596270251,0.713884293989,
    0.783164204383,0.850436001435,0.915699685144,0.97895525551,
    1.040202712533,1.099442056214,1.156673286553,1.211896403548,
    1.265111407202,1.316318297513,1.365517074482,1.41270773811,
    1.457890288395,1.501064725339,1.542231048942,1.581389259203,
    1.618539356124,1.653681339704,1.686815209945,1.717940966845,
    1.747058610407,1.774168140631,1.799269557517,1.822362861067,
    1.843448051283,1.862525128166,1.879594091718,1.894654941944,
    1.907707678849,1.918752302441,1.927788812733,1.934817209752,
    1.939837493553,1.942849664305,1.943853723184),.UNSPECIFIED.);
#4627 = CARTESIAN_POINT('',(-10.21193793104,10.293994544996,0.));
#4628 = CARTESIAN_POINT('',(-10.20400851586,10.26597726764,0.));
#4629 = CARTESIAN_POINT('',(-10.18798788319,10.210683843464,0.));
#4630 = CARTESIAN_POINT('',(-10.1632067325,10.129013722164,0.));
#4631 = CARTESIAN_POINT('',(-10.13800746339,10.049575876063,0.));
#4632 = CARTESIAN_POINT('',(-10.11244213095,9.97236770379,0.));
#4633 = CARTESIAN_POINT('',(-10.08656277529,9.897385512015,0.));
#4634 = CARTESIAN_POINT('',(-10.06042125073,9.824624687504,0.));
#4635 = CARTESIAN_POINT('',(-10.03406925008,9.754079656804,0.));
#4636 = CARTESIAN_POINT('',(-10.00755827855,9.685743901098,0.));
#4637 = CARTESIAN_POINT('',(-9.980939640827,9.619609957136,0.));
#4638 = CARTESIAN_POINT('',(-9.954264424755,9.555669422054,0.));
#4639 = CARTESIAN_POINT('',(-9.927583486053,9.493912957501,0.));
#4640 = CARTESIAN_POINT('',(-9.900947432808,9.434330294246,0.));
#4641 = CARTESIAN_POINT('',(-9.874406610141,9.376910236965,0.));
#4642 = CARTESIAN_POINT('',(-9.848011084935,9.321640669281,0.));
#4643 = CARTESIAN_POINT('',(-9.821810630647,9.268508559038,0.));
#4644 = CARTESIAN_POINT('',(-9.795854712212,9.217499963812,0.));
#4645 = CARTESIAN_POINT('',(-9.77019247104,9.16860003666,0.));
#4646 = CARTESIAN_POINT('',(-9.744872710107,9.121793032092,0.));
#4647 = CARTESIAN_POINT('',(-9.719943879149,9.077062312289,0.));
#4648 = CARTESIAN_POINT('',(-9.695454059955,9.034390353538,0.));
#4649 = CARTESIAN_POINT('',(-9.671450951772,8.993758752904,0.));
#4650 = CARTESIAN_POINT('',(-9.647981856813,8.955148235127,0.));
#4651 = CARTESIAN_POINT('',(-9.625093665886,8.918538659742,0.));
#4652 = CARTESIAN_POINT('',(-9.602832844131,8.883909028423,0.));
#4653 = CARTESIAN_POINT('',(-9.581245416887,8.851237492553,0.));
#4654 = CARTESIAN_POINT('',(-9.560376955672,8.820501361011,0.));
#4655 = CARTESIAN_POINT('',(-9.540272564293,8.791677108176,0.));
#4656 = CARTESIAN_POINT('',(-9.520976865091,8.76474038215,0.));
#4657 = CARTESIAN_POINT('',(-9.502533985304,8.739666013196,0.));
#4658 = CARTESIAN_POINT('',(-9.484987543576,8.716428022397,0.));
#4659 = CARTESIAN_POINT('',(-9.468380636606,8.694999630504,0.));
#4660 = CARTESIAN_POINT('',(-9.452755825879,8.67535326707,0.));
#4661 = CARTESIAN_POINT('',(-9.438155124745,8.65746057957,0.));
#4662 = CARTESIAN_POINT('',(-9.424619984912,8.641292443511,0.));
#4663 = CARTESIAN_POINT('',(-9.412191285407,8.626818970237,0.));
#4664 = CARTESIAN_POINT('',(-9.400909314107,8.614009523199,0.));
#4665 = CARTESIAN_POINT('',(-9.390813773129,8.602832708514,0.));
#4666 = CARTESIAN_POINT('',(-9.381943710341,8.593256446716,0.));
#4667 = CARTESIAN_POINT('',(-9.374337673611,8.585247801156,0.));
#4668 = CARTESIAN_POINT('',(-9.368033212217,8.578773521134,0.));
#4669 = CARTESIAN_POINT('',(-9.363068190561,8.573798602249,0.));
#4670 = CARTESIAN_POINT('',(-9.359477363025,8.570290032657,0.));
#4671 = CARTESIAN_POINT('',(-9.357299895915,8.568208559955,0.));
#4672 = CARTESIAN_POINT('',(-9.356320208524,8.56729617433,0.));
#4673 = CARTESIAN_POINT('',(-9.35607450712,8.567068909285,0.));
#4674 = SURFACE_OF_LINEAR_EXTRUSION('',#4675,#4723);
#4675 = B_SPLINE_CURVE_WITH_KNOTS('',3,(#4676,#4677,#4678,#4679,#4680,
    #4681,#4682,#4683,#4684,#4685,#4686,#4687,#4688,#4689,#4690,#4691,
    #4692,#4693,#4694,#4695,#4696,#4697,#4698,#4699,#4700,#4701,#4702,
    #4703,#4704,#4705,#4706,#4707,#4708,#4709,#4710,#4711,#4712,#4713,
    #4714,#4715,#4716,#4717,#4718,#4719,#4720,#4721,#4722),
  .UNSPECIFIED.,.F.,.F.,(4,1,1,1,1,1,1,1,1,1,1,1,1,1,1,1,1,1,1,1,1,1,1,1
    ,1,1,1,1,1,1,1,1,1,1,1,1,1,1,1,1,1,1,1,1,4),(0.,8.735293048255E-02,
    0.172697747622,0.256034451418,0.337363041871,0.416683518981,
    0.493995882747,0.569300133171,0.642596270251,0.713884293989,
    0.783164204383,0.850436001435,0.915699685144,0.97895525551,
    1.040202712533,1.099442056214,1.156673286553,1.211896403548,
    1.265111407202,1.316318297513,1.365517074482,1.41270773811,
    1.457890288395,1.501064725339,1.542231048942,1.581389259203,
    1.618539356124,1.653681339704,1.686815209945,1.717940966845,
    1.747058610407,1.774168140631,1.799269557517,1.822362861067,
    1.843448051283,1.862525128166,1.879594091718,1.894654941944,
    1.907707678849,1.918752302441,1.927788812733,1.934817209752,
    1.939837493553,1.942849664305,1.943853723184),.UNSPECIFIED.);
#4676 = CARTESIAN_POINT('',(-10.21193793104,10.293994544996,0.));
#4677 = CARTESIAN_POINT('',(-10.20400851586,10.26597726764,0.));
#4678 = CARTESIAN_POINT('',(-10.18798788319,10.210683843464,0.));
#4679 = CARTESIAN_POINT('',(-10.1632067325,10.129013722164,0.));
#4680 = CARTESIAN_POINT('',(-10.13800746339,10.049575876063,0.));
#4681 = CARTESIAN_POINT('',(-10.11244213095,9.97236770379,0.));
#4682 = CARTESIAN_POINT('',(-10.08656277529,9.897385512015,0.));
#4683 = CARTESIAN_POINT('',(-10.06042125073,9.824624687504,0.));
#4684 = CARTESIAN_POINT('',(-10.03406925008,9.754079656804,0.));
#4685 = CARTESIAN_POINT('',(-10.00755827855,9.685743901098,0.));
#4686 = CARTESIAN_POINT('',(-9.980939640827,9.619609957136,0.));
#4687 = CARTESIAN_POINT('',(-9.954264424755,9.555669422054,0.));
#4688 = CARTESIAN_POINT('',(-9.927583486053,9.493912957501,0.));
#4689 = CARTESIAN_POINT('',(-9.900947432808,9.434330294246,0.));
#4690 = CARTESIAN_POINT('',(-9.874406610141,9.376910236965,0.));
#4691 = CARTESIAN_POINT('',(-9.848011084935,9.321640669281,0.));
#4692 = CARTESIAN_POINT('',(-9.821810630647,9.268508559038,0.));
#4693 = CARTESIAN_POINT('',(-9.795854712212,9.217499963812,0.));
#4694 = CARTESIAN_POINT('',(-9.77019247104,9.16860003666,0.));
#4695 = CARTESIAN_POINT('',(-9.744872710107,9.121793032092,0.));
#4696 = CARTESIAN_POINT('',(-9.719943879149,9.077062312289,0.));
#4697 = CARTESIAN_POINT('',(-9.695454059955,9.034390353538,0.));
#4698 = CARTESIAN_POINT('',(-9.671450951772,8.993758752904,0.));
#4699 = CARTESIAN_POINT('',(-9.647981856813,8.955148235127,0.));
#4700 = CARTESIAN_POINT('',(-9.625093665886,8.918538659742,0.));
#4701 = CARTESIAN_POINT('',(-9.602832844131,8.883909028423,0.));
#4702 = CARTESIAN_POINT('',(-9.581245416887,8.851237492553,0.));
#4703 = CARTESIAN_POINT('',(-9.560376955672,8.820501361011,0.));
#4704 = CARTESIAN_POINT('',(-9.540272564293,8.791677108176,0.));
#4705 = CARTESIAN_POINT('',(-9.520976865091,8.76474038215,0.));
#4706 = CARTESIAN_POINT('',(-9.502533985304,8.739666013196,0.));
#4707 = CARTESIAN_POINT('',(-9.484987543576,8.716428022397,0.));
#4708 = CARTESIAN_POINT('',(-9.468380636606,8.694999630504,0.));
#4709 = CARTESIAN_POINT('',(-9.452755825879,8.67535326707,0.));
#4710 = CARTESIAN_POINT('',(-9.438155124745,8.65746057957,0.));
#4711 = CARTESIAN_POINT('',(-9.424619984912,8.641292443511,0.));
#4712 = CARTESIAN_POINT('',(-9.412191285407,8.626818970237,0.));
#4713 = CARTESIAN_POINT('',(-9.400909314107,8.614009523199,0.));
#4714 = CARTESIAN_POINT('',(-9.390813773129,8.602832708514,0.));
#4715 = CARTESIAN_POINT('',(-9.381943710341,8.593256446716,0.));
#4716 = CARTESIAN_POINT('',(-9.374337673611,8.585247801156,0.));
#4717 = CARTESIAN_POINT('',(-9.368033212217,8.578773521134,0.));
#4718 = CARTESIAN_POINT('',(-9.363068190561,8.573798602249,0.));
#4719 = CARTESIAN_POINT('',(-9.359477363025,8.570290032657,0.));
#4720 = CARTESIAN_POINT('',(-9.357299895915,8.568208559955,0.));
#4721 = CARTESIAN_POINT('',(-9.356320208524,8.56729617433,0.));
#4722 = CARTESIAN_POINT('',(-9.35607450712,8.567068909285,0.));
#4723 = VECTOR('',#4724,1.);
#4724 = DIRECTION('',(-0.,-0.,-1.));
#4725 = ADVANCED_FACE('',(#4726),#4749,.F.);
#4726 = FACE_BOUND('',#4727,.F.);
#4727 = EDGE_LOOP('',(#4728,#4729,#4736,#4744));
#4728 = ORIENTED_EDGE('',*,*,#4617,.T.);
#4729 = ORIENTED_EDGE('',*,*,#4730,.T.);
#4730 = EDGE_CURVE('',#4566,#4731,#4733,.T.);
#4731 = VERTEX_POINT('',#4732);
#4732 = CARTESIAN_POINT('',(-9.034625923652,8.272728354037,6.));
#4733 = B_SPLINE_CURVE_WITH_KNOTS('',1,(#4734,#4735),.UNSPECIFIED.,.F.,
  .F.,(2,2),(0.,0.43585038061),.PIECEWISE_BEZIER_KNOTS.);
#4734 = CARTESIAN_POINT('',(-9.35607450712,8.567068909285,6.));
#4735 = CARTESIAN_POINT('',(-9.034625923652,8.272728354037,6.));
#4736 = ORIENTED_EDGE('',*,*,#4737,.F.);
#4737 = EDGE_CURVE('',#4738,#4731,#4740,.T.);
#4738 = VERTEX_POINT('',#4739);
#4739 = CARTESIAN_POINT('',(-9.034625923652,8.272728354037,0.));
#4740 = LINE('',#4741,#4742);
#4741 = CARTESIAN_POINT('',(-9.034625923652,8.272728354037,0.));
#4742 = VECTOR('',#4743,1.);
#4743 = DIRECTION('',(0.,0.,1.));
#4744 = ORIENTED_EDGE('',*,*,#4745,.F.);
#4745 = EDGE_CURVE('',#4618,#4738,#4746,.T.);
#4746 = B_SPLINE_CURVE_WITH_KNOTS('',1,(#4747,#4748),.UNSPECIFIED.,.F.,
  .F.,(2,2),(0.,0.43585038061),.PIECEWISE_BEZIER_KNOTS.);
#4747 = CARTESIAN_POINT('',(-9.35607450712,8.567068909285,0.));
#4748 = CARTESIAN_POINT('',(-9.034625923652,8.272728354037,0.));
#4749 = SURFACE_OF_LINEAR_EXTRUSION('',#4750,#4753);
#4750 = B_SPLINE_CURVE_WITH_KNOTS('',1,(#4751,#4752),.UNSPECIFIED.,.F.,
  .F.,(2,2),(0.,0.43585038061),.PIECEWISE_BEZIER_KNOTS.);
#4751 = CARTESIAN_POINT('',(-9.35607450712,8.567068909285,0.));
#4752 = CARTESIAN_POINT('',(-9.034625923652,8.272728354037,0.));
#4753 = VECTOR('',#4754,1.);
#4754 = DIRECTION('',(-0.,-0.,-1.));
#4755 = ADVANCED_FACE('',(#4756),#4779,.F.);
#4756 = FACE_BOUND('',#4757,.F.);
#4757 = EDGE_LOOP('',(#4758,#4759,#4766,#4774));
#4758 = ORIENTED_EDGE('',*,*,#4737,.T.);
#4759 = ORIENTED_EDGE('',*,*,#4760,.T.);
#4760 = EDGE_CURVE('',#4731,#4761,#4763,.T.);
#4761 = VERTEX_POINT('',#4762);
#4762 = CARTESIAN_POINT('',(-9.715893349164,7.460825452165,6.));
#4763 = B_SPLINE_CURVE_WITH_KNOTS('',1,(#4764,#4765),.UNSPECIFIED.,.F.,
  .F.,(2,2),(0.,1.059863966333),.PIECEWISE_BEZIER_KNOTS.);
#4764 = CARTESIAN_POINT('',(-9.034625923652,8.272728354037,6.));
#4765 = CARTESIAN_POINT('',(-9.715893349164,7.460825452165,6.));
#4766 = ORIENTED_EDGE('',*,*,#4767,.F.);
#4767 = EDGE_CURVE('',#4768,#4761,#4770,.T.);
#4768 = VERTEX_POINT('',#4769);
#4769 = CARTESIAN_POINT('',(-9.715893349164,7.460825452165,0.));
#4770 = LINE('',#4771,#4772);
#4771 = CARTESIAN_POINT('',(-9.715893349164,7.460825452165,0.));
#4772 = VECTOR('',#4773,1.);
#4773 = DIRECTION('',(0.,0.,1.));
#4774 = ORIENTED_EDGE('',*,*,#4775,.F.);
#4775 = EDGE_CURVE('',#4738,#4768,#4776,.T.);
#4776 = B_SPLINE_CURVE_WITH_KNOTS('',1,(#4777,#4778),.UNSPECIFIED.,.F.,
  .F.,(2,2),(0.,1.059863966333),.PIECEWISE_BEZIER_KNOTS.);
#4777 = CARTESIAN_POINT('',(-9.034625923652,8.272728354037,0.));
#4778 = CARTESIAN_POINT('',(-9.715893349164,7.460825452165,0.));
#4779 = SURFACE_OF_LINEAR_EXTRUSION('',#4780,#4783);
#4780 = B_SPLINE_CURVE_WITH_KNOTS('',1,(#4781,#4782),.UNSPECIFIED.,.F.,
  .F.,(2,2),(0.,1.059863966333),.PIECEWISE_BEZIER_KNOTS.);
#4781 = CARTESIAN_POINT('',(-9.034625923652,8.272728354037,0.));
#4782 = CARTESIAN_POINT('',(-9.715893349164,7.460825452165,0.));
#4783 = VECTOR('',#4784,1.);
#4784 = DIRECTION('',(-0.,-0.,-1.));
#4785 = ADVANCED_FACE('',(#4786),#4809,.F.);
#4786 = FACE_BOUND('',#4787,.F.);
#4787 = EDGE_LOOP('',(#4788,#4789,#4796,#4804));
#4788 = ORIENTED_EDGE('',*,*,#4767,.T.);
#4789 = ORIENTED_EDGE('',*,*,#4790,.T.);
#4790 = EDGE_CURVE('',#4761,#4791,#4793,.T.);
#4791 = VERTEX_POINT('',#4792);
#4792 = CARTESIAN_POINT('',(-10.06158117073,7.726278808328,6.));
#4793 = B_SPLINE_CURVE_WITH_KNOTS('',1,(#4794,#4795),.UNSPECIFIED.,.F.,
  .F.,(2,2),(0.,0.43585038061),.PIECEWISE_BEZIER_KNOTS.);
#4794 = CARTESIAN_POINT('',(-9.715893349164,7.460825452165,6.));
#4795 = CARTESIAN_POINT('',(-10.06158117073,7.726278808328,6.));
#4796 = ORIENTED_EDGE('',*,*,#4797,.F.);
#4797 = EDGE_CURVE('',#4798,#4791,#4800,.T.);
#4798 = VERTEX_POINT('',#4799);
#4799 = CARTESIAN_POINT('',(-10.06158117073,7.726278808328,0.));
#4800 = LINE('',#4801,#4802);
#4801 = CARTESIAN_POINT('',(-10.06158117073,7.726278808328,0.));
#4802 = VECTOR('',#4803,1.);
#4803 = DIRECTION('',(0.,0.,1.));
#4804 = ORIENTED_EDGE('',*,*,#4805,.F.);
#4805 = EDGE_CURVE('',#4768,#4798,#4806,.T.);
#4806 = B_SPLINE_CURVE_WITH_KNOTS('',1,(#4807,#4808),.UNSPECIFIED.,.F.,
  .F.,(2,2),(0.,0.43585038061),.PIECEWISE_BEZIER_KNOTS.);
#4807 = CARTESIAN_POINT('',(-9.715893349164,7.460825452165,0.));
#4808 = CARTESIAN_POINT('',(-10.06158117073,7.726278808328,0.));
#4809 = SURFACE_OF_LINEAR_EXTRUSION('',#4810,#4813);
#4810 = B_SPLINE_CURVE_WITH_KNOTS('',1,(#4811,#4812),.UNSPECIFIED.,.F.,
  .F.,(2,2),(0.,0.43585038061),.PIECEWISE_BEZIER_KNOTS.);
#4811 = CARTESIAN_POINT('',(-9.715893349164,7.460825452165,0.));
#4812 = CARTESIAN_POINT('',(-10.06158117073,7.726278808328,0.));
#4813 = VECTOR('',#4814,1.);
#4814 = DIRECTION('',(-0.,-0.,-1.));
#4815 = ADVANCED_FACE('',(#4816),#4929,.F.);
#4816 = FACE_BOUND('',#4817,.F.);
#4817 = EDGE_LOOP('',(#4818,#4819,#4871,#4879));
#4818 = ORIENTED_EDGE('',*,*,#4797,.T.);
#4819 = ORIENTED_EDGE('',*,*,#4820,.T.);
#4820 = EDGE_CURVE('',#4791,#4821,#4823,.T.);
#4821 = VERTEX_POINT('',#4822);
#4822 = CARTESIAN_POINT('',(-11.91089004955,8.269262254124,6.));
#4823 = B_SPLINE_CURVE_WITH_KNOTS('',3,(#4824,#4825,#4826,#4827,#4828,
    #4829,#4830,#4831,#4832,#4833,#4834,#4835,#4836,#4837,#4838,#4839,
    #4840,#4841,#4842,#4843,#4844,#4845,#4846,#4847,#4848,#4849,#4850,
    #4851,#4852,#4853,#4854,#4855,#4856,#4857,#4858,#4859,#4860,#4861,
    #4862,#4863,#4864,#4865,#4866,#4867,#4868,#4869,#4870),
  .UNSPECIFIED.,.F.,.F.,(4,1,1,1,1,1,1,1,1,1,1,1,1,1,1,1,1,1,1,1,1,1,1,1
    ,1,1,1,1,1,1,1,1,1,1,1,1,1,1,1,1,1,1,1,1,4),(0.,1.004058879412E-03,
    4.016229631009E-03,9.036513432115E-03,1.606491045092E-02,
    2.510142074349E-02,3.614604433531E-02,4.91987812401E-02,
    6.425963146609E-02,8.132859501861E-02,0.100405671901,0.121490862117,
    0.144584165667,0.169685582553,0.196795112777,0.225912756339,
    0.25703851324,0.29017238348,0.32531436706,0.362464463981,
    0.401622674242,0.442788997845,0.485963434789,0.531145985075,
    0.578336648702,0.627535425671,0.678742315982,0.731957319636,
    0.787180436632,0.84441166697,0.903651010651,0.964898467674,
    1.02815403804,1.093417721749,1.160689518801,1.229969429195,
    1.301257452933,1.374553590013,1.449857840437,1.527170204204,
    1.606490681313,1.687819271766,1.771155975562,1.856500792702,
    1.943853723184),.UNSPECIFIED.);
#4824 = CARTESIAN_POINT('',(-10.06158117073,7.726278808328,6.));
#4825 = CARTESIAN_POINT('',(-10.06184764871,7.726481312814,6.));
#4826 = CARTESIAN_POINT('',(-10.06291629407,7.727287682451,6.));
#4827 = CARTESIAN_POINT('',(-10.06534425772,7.729070625002,6.));
#4828 = CARTESIAN_POINT('',(-10.06942306492,7.731997643082,6.));
#4829 = CARTESIAN_POINT('',(-10.07518457057,7.736023349305,6.));
#4830 = CARTESIAN_POINT('',(-10.08265524996,7.741107784837,6.));
#4831 = CARTESIAN_POINT('',(-10.09186300062,7.747207582071,6.));
#4832 = CARTESIAN_POINT('',(-10.10283404772,7.754279988264,6.));
#4833 = CARTESIAN_POINT('',(-10.11559413377,7.762281321788,6.));
#4834 = CARTESIAN_POINT('',(-10.13016807028,7.771167557458,6.));
#4835 = CARTESIAN_POINT('',(-10.14657987999,7.780894144833,6.));
#4836 = CARTESIAN_POINT('',(-10.1648527381,7.791416088115,6.));
#4837 = CARTESIAN_POINT('',(-10.18500898062,7.802687939214,6.));
#4838 = CARTESIAN_POINT('',(-10.20707009156,7.814663818749,6.));
#4839 = CARTESIAN_POINT('',(-10.23105669716,7.827297428283,6.));
#4840 = CARTESIAN_POINT('',(-10.25698855829,7.84054206538,6.));
#4841 = CARTESIAN_POINT('',(-10.28488456371,7.854350637907,6.));
#4842 = CARTESIAN_POINT('',(-10.31476272334,7.868675678695,6.));
#4843 = CARTESIAN_POINT('',(-10.34664016194,7.883469360217,6.));
#4844 = CARTESIAN_POINT('',(-10.38053311284,7.898683509384,6.));
#4845 = CARTESIAN_POINT('',(-10.41645691206,7.914269622437,6.));
#4846 = CARTESIAN_POINT('',(-10.4544259926,7.930178879917,6.));
#4847 = CARTESIAN_POINT('',(-10.49445387892,7.946362161744,6.));
#4848 = CARTESIAN_POINT('',(-10.53655318175,7.962770062365,6.));
#4849 = CARTESIAN_POINT('',(-10.58073559306,7.979352905994,6.));
#4850 = CARTESIAN_POINT('',(-10.62701188135,7.996060761931,6.));
#4851 = CARTESIAN_POINT('',(-10.67539188708,8.012843459953,6.));
#4852 = CARTESIAN_POINT('',(-10.72588451842,8.029650605779,6.));
#4853 = CARTESIAN_POINT('',(-10.77849774721,8.046431596607,6.));
#4854 = CARTESIAN_POINT('',(-10.8332386052,8.063135636712,6.));
#4855 = CARTESIAN_POINT('',(-10.89011318044,8.079711753108,6.));
#4856 = CARTESIAN_POINT('',(-10.94912661405,8.096108811267,6.));
#4857 = CARTESIAN_POINT('',(-11.01028309713,8.112275530892,6.));
#4858 = CARTESIAN_POINT('',(-11.07358586796,8.128160501743,6.));
#4859 = CARTESIAN_POINT('',(-11.13903720943,8.143712199505,6.));
#4860 = CARTESIAN_POINT('',(-11.20663844677,8.15887900171,6.));
#4861 = CARTESIAN_POINT('',(-11.27638994545,8.173609203668,6.));
#4862 = CARTESIAN_POINT('',(-11.34829110938,8.187851034522,6.));
#4863 = CARTESIAN_POINT('',(-11.42234037944,8.201552673048,6.));
#4864 = CARTESIAN_POINT('',(-11.49853523163,8.214662264524,6.));
#4865 = CARTESIAN_POINT('',(-11.57687217838,8.227127933662,6.));
#4866 = CARTESIAN_POINT('',(-11.65734675842,8.238897812846,6.));
#4867 = CARTESIAN_POINT('',(-11.7399535723,8.249920011224,6.));
#4868 = CARTESIAN_POINT('',(-11.8246861426,8.260142812811,6.));
#4869 = CARTESIAN_POINT('',(-11.88192148909,8.266318453734,6.));
#4870 = CARTESIAN_POINT('',(-11.91089004955,8.269262254124,6.));
#4871 = ORIENTED_EDGE('',*,*,#4872,.F.);
#4872 = EDGE_CURVE('',#4873,#4821,#4875,.T.);
#4873 = VERTEX_POINT('',#4874);
#4874 = CARTESIAN_POINT('',(-11.91089004955,8.269262254124,0.));
#4875 = LINE('',#4876,#4877);
#4876 = CARTESIAN_POINT('',(-11.91089004955,8.269262254124,0.));
#4877 = VECTOR('',#4878,1.);
#4878 = DIRECTION('',(0.,0.,1.));
#4879 = ORIENTED_EDGE('',*,*,#4880,.F.);
#4880 = EDGE_CURVE('',#4798,#4873,#4881,.T.);
#4881 = B_SPLINE_CURVE_WITH_KNOTS('',3,(#4882,#4883,#4884,#4885,#4886,
    #4887,#4888,#4889,#4890,#4891,#4892,#4893,#4894,#4895,#4896,#4897,
    #4898,#4899,#4900,#4901,#4902,#4903,#4904,#4905,#4906,#4907,#4908,
    #4909,#4910,#4911,#4912,#4913,#4914,#4915,#4916,#4917,#4918,#4919,
    #4920,#4921,#4922,#4923,#4924,#4925,#4926,#4927,#4928),
  .UNSPECIFIED.,.F.,.F.,(4,1,1,1,1,1,1,1,1,1,1,1,1,1,1,1,1,1,1,1,1,1,1,1
    ,1,1,1,1,1,1,1,1,1,1,1,1,1,1,1,1,1,1,1,1,4),(0.,1.004058879412E-03,
    4.016229631009E-03,9.036513432115E-03,1.606491045092E-02,
    2.510142074349E-02,3.614604433531E-02,4.91987812401E-02,
    6.425963146609E-02,8.132859501861E-02,0.100405671901,0.121490862117,
    0.144584165667,0.169685582553,0.196795112777,0.225912756339,
    0.25703851324,0.29017238348,0.32531436706,0.362464463981,
    0.401622674242,0.442788997845,0.485963434789,0.531145985075,
    0.578336648702,0.627535425671,0.678742315982,0.731957319636,
    0.787180436632,0.84441166697,0.903651010651,0.964898467674,
    1.02815403804,1.093417721749,1.160689518801,1.229969429195,
    1.301257452933,1.374553590013,1.449857840437,1.527170204204,
    1.606490681313,1.687819271766,1.771155975562,1.856500792702,
    1.943853723184),.UNSPECIFIED.);
#4882 = CARTESIAN_POINT('',(-10.06158117073,7.726278808328,0.));
#4883 = CARTESIAN_POINT('',(-10.06184764871,7.726481312814,0.));
#4884 = CARTESIAN_POINT('',(-10.06291629407,7.727287682451,0.));
#4885 = CARTESIAN_POINT('',(-10.06534425772,7.729070625002,0.));
#4886 = CARTESIAN_POINT('',(-10.06942306492,7.731997643082,0.));
#4887 = CARTESIAN_POINT('',(-10.07518457057,7.736023349305,0.));
#4888 = CARTESIAN_POINT('',(-10.08265524996,7.741107784837,0.));
#4889 = CARTESIAN_POINT('',(-10.09186300062,7.747207582071,0.));
#4890 = CARTESIAN_POINT('',(-10.10283404772,7.754279988264,0.));
#4891 = CARTESIAN_POINT('',(-10.11559413377,7.762281321788,0.));
#4892 = CARTESIAN_POINT('',(-10.13016807028,7.771167557458,0.));
#4893 = CARTESIAN_POINT('',(-10.14657987999,7.780894144833,0.));
#4894 = CARTESIAN_POINT('',(-10.1648527381,7.791416088115,0.));
#4895 = CARTESIAN_POINT('',(-10.18500898062,7.802687939214,0.));
#4896 = CARTESIAN_POINT('',(-10.20707009156,7.814663818749,0.));
#4897 = CARTESIAN_POINT('',(-10.23105669716,7.827297428283,0.));
#4898 = CARTESIAN_POINT('',(-10.25698855829,7.84054206538,0.));
#4899 = CARTESIAN_POINT('',(-10.28488456371,7.854350637907,0.));
#4900 = CARTESIAN_POINT('',(-10.31476272334,7.868675678695,0.));
#4901 = CARTESIAN_POINT('',(-10.34664016194,7.883469360217,0.));
#4902 = CARTESIAN_POINT('',(-10.38053311284,7.898683509384,0.));
#4903 = CARTESIAN_POINT('',(-10.41645691206,7.914269622437,0.));
#4904 = CARTESIAN_POINT('',(-10.4544259926,7.930178879917,0.));
#4905 = CARTESIAN_POINT('',(-10.49445387892,7.946362161744,0.));
#4906 = CARTESIAN_POINT('',(-10.53655318175,7.962770062365,0.));
#4907 = CARTESIAN_POINT('',(-10.58073559306,7.979352905994,0.));
#4908 = CARTESIAN_POINT('',(-10.62701188135,7.996060761931,0.));
#4909 = CARTESIAN_POINT('',(-10.67539188708,8.012843459953,0.));
#4910 = CARTESIAN_POINT('',(-10.72588451842,8.029650605779,0.));
#4911 = CARTESIAN_POINT('',(-10.77849774721,8.046431596607,0.));
#4912 = CARTESIAN_POINT('',(-10.8332386052,8.063135636712,0.));
#4913 = CARTESIAN_POINT('',(-10.89011318044,8.079711753108,0.));
#4914 = CARTESIAN_POINT('',(-10.94912661405,8.096108811267,0.));
#4915 = CARTESIAN_POINT('',(-11.01028309713,8.112275530892,0.));
#4916 = CARTESIAN_POINT('',(-11.07358586796,8.128160501743,0.));
#4917 = CARTESIAN_POINT('',(-11.13903720943,8.143712199505,0.));
#4918 = CARTESIAN_POINT('',(-11.20663844677,8.15887900171,0.));
#4919 = CARTESIAN_POINT('',(-11.27638994545,8.173609203668,0.));
#4920 = CARTESIAN_POINT('',(-11.34829110938,8.187851034522,0.));
#4921 = CARTESIAN_POINT('',(-11.42234037944,8.201552673048,0.));
#4922 = CARTESIAN_POINT('',(-11.49853523163,8.214662264524,0.));
#4923 = CARTESIAN_POINT('',(-11.57687217838,8.227127933662,0.));
#4924 = CARTESIAN_POINT('',(-11.65734675842,8.238897812846,0.));
#4925 = CARTESIAN_POINT('',(-11.7399535723,8.249920011224,0.));
#4926 = CARTESIAN_POINT('',(-11.8246861426,8.260142812811,0.));
#4927 = CARTESIAN_POINT('',(-11.88192148909,8.266318453734,0.));
#4928 = CARTESIAN_POINT('',(-11.91089004955,8.269262254124,0.));
#4929 = SURFACE_OF_LINEAR_EXTRUSION('',#4930,#4978);
#4930 = B_SPLINE_CURVE_WITH_KNOTS('',3,(#4931,#4932,#4933,#4934,#4935,
    #4936,#4937,#4938,#4939,#4940,#4941,#4942,#4943,#4944,#4945,#4946,
    #4947,#4948,#4949,#4950,#4951,#4952,#4953,#4954,#4955,#4956,#4957,
    #4958,#4959,#4960,#4961,#4962,#4963,#4964,#4965,#4966,#4967,#4968,
    #4969,#4970,#4971,#4972,#4973,#4974,#4975,#4976,#4977),
  .UNSPECIFIED.,.F.,.F.,(4,1,1,1,1,1,1,1,1,1,1,1,1,1,1,1,1,1,1,1,1,1,1,1
    ,1,1,1,1,1,1,1,1,1,1,1,1,1,1,1,1,1,1,1,1,4),(0.,1.004058879412E-03,
    4.016229631009E-03,9.036513432115E-03,1.606491045092E-02,
    2.510142074349E-02,3.614604433531E-02,4.91987812401E-02,
    6.425963146609E-02,8.132859501861E-02,0.100405671901,0.121490862117,
    0.144584165667,0.169685582553,0.196795112777,0.225912756339,
    0.25703851324,0.29017238348,0.32531436706,0.362464463981,
    0.401622674242,0.442788997845,0.485963434789,0.531145985075,
    0.578336648702,0.627535425671,0.678742315982,0.731957319636,
    0.787180436632,0.84441166697,0.903651010651,0.964898467674,
    1.02815403804,1.093417721749,1.160689518801,1.229969429195,
    1.301257452933,1.374553590013,1.449857840437,1.527170204204,
    1.606490681313,1.687819271766,1.771155975562,1.856500792702,
    1.943853723184),.UNSPECIFIED.);
#4931 = CARTESIAN_POINT('',(-10.06158117073,7.726278808328,0.));
#4932 = CARTESIAN_POINT('',(-10.06184764871,7.726481312814,0.));
#4933 = CARTESIAN_POINT('',(-10.06291629407,7.727287682451,0.));
#4934 = CARTESIAN_POINT('',(-10.06534425772,7.729070625002,0.));
#4935 = CARTESIAN_POINT('',(-10.06942306492,7.731997643082,0.));
#4936 = CARTESIAN_POINT('',(-10.07518457057,7.736023349305,0.));
#4937 = CARTESIAN_POINT('',(-10.08265524996,7.741107784837,0.));
#4938 = CARTESIAN_POINT('',(-10.09186300062,7.747207582071,0.));
#4939 = CARTESIAN_POINT('',(-10.10283404772,7.754279988264,0.));
#4940 = CARTESIAN_POINT('',(-10.11559413377,7.762281321788,0.));
#4941 = CARTESIAN_POINT('',(-10.13016807028,7.771167557458,0.));
#4942 = CARTESIAN_POINT('',(-10.14657987999,7.780894144833,0.));
#4943 = CARTESIAN_POINT('',(-10.1648527381,7.791416088115,0.));
#4944 = CARTESIAN_POINT('',(-10.18500898062,7.802687939214,0.));
#4945 = CARTESIAN_POINT('',(-10.20707009156,7.814663818749,0.));
#4946 = CARTESIAN_POINT('',(-10.23105669716,7.827297428283,0.));
#4947 = CARTESIAN_POINT('',(-10.25698855829,7.84054206538,0.));
#4948 = CARTESIAN_POINT('',(-10.28488456371,7.854350637907,0.));
#4949 = CARTESIAN_POINT('',(-10.31476272334,7.868675678695,0.));
#4950 = CARTESIAN_POINT('',(-10.34664016194,7.883469360217,0.));
#4951 = CARTESIAN_POINT('',(-10.38053311284,7.898683509384,0.));
#4952 = CARTESIAN_POINT('',(-10.41645691206,7.914269622437,0.));
#4953 = CARTESIAN_POINT('',(-10.4544259926,7.930178879917,0.));
#4954 = CARTESIAN_POINT('',(-10.49445387892,7.946362161744,0.));
#4955 = CARTESIAN_POINT('',(-10.53655318175,7.962770062365,0.));
#4956 = CARTESIAN_POINT('',(-10.58073559306,7.979352905994,0.));
#4957 = CARTESIAN_POINT('',(-10.62701188135,7.996060761931,0.));
#4958 = CARTESIAN_POINT('',(-10.67539188708,8.012843459953,0.));
#4959 = CARTESIAN_POINT('',(-10.72588451842,8.029650605779,0.));
#4960 = CARTESIAN_POINT('',(-10.77849774721,8.046431596607,0.));
#4961 = CARTESIAN_POINT('',(-10.8332386052,8.063135636712,0.));
#4962 = CARTESIAN_POINT('',(-10.89011318044,8.079711753108,0.));
#4963 = CARTESIAN_POINT('',(-10.94912661405,8.096108811267,0.));
#4964 = CARTESIAN_POINT('',(-11.01028309713,8.112275530892,0.));
#4965 = CARTESIAN_POINT('',(-11.07358586796,8.128160501743,0.));
#4966 = CARTESIAN_POINT('',(-11.13903720943,8.143712199505,0.));
#4967 = CARTESIAN_POINT('',(-11.20663844677,8.15887900171,0.));
#4968 = CARTESIAN_POINT('',(-11.27638994545,8.173609203668,0.));
#4969 = CARTESIAN_POINT('',(-11.34829110938,8.187851034522,0.));
#4970 = CARTESIAN_POINT('',(-11.42234037944,8.201552673048,0.));
#4971 = CARTESIAN_POINT('',(-11.49853523163,8.214662264524,0.));
#4972 = CARTESIAN_POINT('',(-11.57687217838,8.227127933662,0.));
#4973 = CARTESIAN_POINT('',(-11.65734675842,8.238897812846,0.));
#4974 = CARTESIAN_POINT('',(-11.7399535723,8.249920011224,0.));
#4975 = CARTESIAN_POINT('',(-11.8246861426,8.260142812811,0.));
#4976 = CARTESIAN_POINT('',(-11.88192148909,8.266318453734,0.));
#4977 = CARTESIAN_POINT('',(-11.91089004955,8.269262254124,0.));
#4978 = VECTOR('',#4979,1.);
#4979 = DIRECTION('',(-0.,-0.,-1.));
#4980 = ADVANCED_FACE('',(#4981),#5004,.F.);
#4981 = FACE_BOUND('',#4982,.F.);
#4982 = EDGE_LOOP('',(#4983,#4984,#4991,#4999));
#4983 = ORIENTED_EDGE('',*,*,#4872,.T.);
#4984 = ORIENTED_EDGE('',*,*,#4985,.T.);
#4985 = EDGE_CURVE('',#4821,#4986,#4988,.T.);
#4986 = VERTEX_POINT('',#4987);
#4987 = CARTESIAN_POINT('',(-12.31063233789,7.661483631848,6.));
#4988 = B_SPLINE_CURVE_WITH_KNOTS('',1,(#4989,#4990),.UNSPECIFIED.,.F.,
  .F.,(2,2),(0.,0.72745360731),.PIECEWISE_BEZIER_KNOTS.);
#4989 = CARTESIAN_POINT('',(-11.91089004955,8.269262254124,6.));
#4990 = CARTESIAN_POINT('',(-12.31063233789,7.661483631848,6.));
#4991 = ORIENTED_EDGE('',*,*,#4992,.F.);
#4992 = EDGE_CURVE('',#4993,#4986,#4995,.T.);
#4993 = VERTEX_POINT('',#4994);
#4994 = CARTESIAN_POINT('',(-12.31063233789,7.661483631848,0.));
#4995 = LINE('',#4996,#4997);
#4996 = CARTESIAN_POINT('',(-12.31063233789,7.661483631848,0.));
#4997 = VECTOR('',#4998,1.);
#4998 = DIRECTION('',(0.,0.,1.));
#4999 = ORIENTED_EDGE('',*,*,#5000,.F.);
#5000 = EDGE_CURVE('',#4873,#4993,#5001,.T.);
#5001 = B_SPLINE_CURVE_WITH_KNOTS('',1,(#5002,#5003),.UNSPECIFIED.,.F.,
  .F.,(2,2),(0.,0.72745360731),.PIECEWISE_BEZIER_KNOTS.);
#5002 = CARTESIAN_POINT('',(-11.91089004955,8.269262254124,0.));
#5003 = CARTESIAN_POINT('',(-12.31063233789,7.661483631848,0.));
#5004 = SURFACE_OF_LINEAR_EXTRUSION('',#5005,#5008);
#5005 = B_SPLINE_CURVE_WITH_KNOTS('',1,(#5006,#5007),.UNSPECIFIED.,.F.,
  .F.,(2,2),(0.,0.72745360731),.PIECEWISE_BEZIER_KNOTS.);
#5006 = CARTESIAN_POINT('',(-11.91089004955,8.269262254124,0.));
#5007 = CARTESIAN_POINT('',(-12.31063233789,7.661483631848,0.));
#5008 = VECTOR('',#5009,1.);
#5009 = DIRECTION('',(-0.,-0.,-1.));
#5010 = ADVANCED_FACE('',(#5011),#5124,.F.);
#5011 = FACE_BOUND('',#5012,.F.);
#5012 = EDGE_LOOP('',(#5013,#5014,#5066,#5074));
#5013 = ORIENTED_EDGE('',*,*,#4992,.T.);
#5014 = ORIENTED_EDGE('',*,*,#5015,.T.);
#5015 = EDGE_CURVE('',#4986,#5016,#5018,.T.);
#5016 = VERTEX_POINT('',#5017);
#5017 = CARTESIAN_POINT('',(-11.07958236414,6.178483188893,6.));
#5018 = B_SPLINE_CURVE_WITH_KNOTS('',3,(#5019,#5020,#5021,#5022,#5023,
    #5024,#5025,#5026,#5027,#5028,#5029,#5030,#5031,#5032,#5033,#5034,
    #5035,#5036,#5037,#5038,#5039,#5040,#5041,#5042,#5043,#5044,#5045,
    #5046,#5047,#5048,#5049,#5050,#5051,#5052,#5053,#5054,#5055,#5056,
    #5057,#5058,#5059,#5060,#5061,#5062,#5063,#5064,#5065),
  .UNSPECIFIED.,.F.,.F.,(4,1,1,1,1,1,1,1,1,1,1,1,1,1,1,1,1,1,1,1,1,1,1,1
    ,1,1,1,1,1,1,1,1,1,1,1,1,1,1,1,1,1,1,1,1,4),(0.,8.735293048255E-02,
    0.172697747622,0.256034451418,0.337363041871,0.416683518981,
    0.493995882747,0.569300133171,0.642596270251,0.713884293989,
    0.783164204383,0.850436001435,0.915699685144,0.97895525551,
    1.040202712533,1.099442056214,1.156673286553,1.211896403548,
    1.265111407202,1.316318297513,1.365517074482,1.41270773811,
    1.457890288395,1.501064725339,1.542231048942,1.581389259203,
    1.618539356124,1.653681339704,1.686815209945,1.717940966845,
    1.747058610407,1.774168140631,1.799269557517,1.822362861067,
    1.843448051283,1.862525128166,1.879594091718,1.894654941944,
    1.907707678849,1.918752302441,1.927788812733,1.934817209752,
    1.939837493553,1.942849664305,1.943853723184),.UNSPECIFIED.);
#5019 = CARTESIAN_POINT('',(-12.31063233789,7.661483631848,6.));
#5020 = CARTESIAN_POINT('',(-12.29645543231,7.636050212816,6.));
#5021 = CARTESIAN_POINT('',(-12.2681150967,7.585941842199,6.));
#5022 = CARTESIAN_POINT('',(-12.225167499,7.512188076231,6.));
#5023 = CARTESIAN_POINT('',(-12.18232785141,7.440702838941,6.));
#5024 = CARTESIAN_POINT('',(-12.13964620593,7.371471594346,6.));
#5025 = CARTESIAN_POINT('',(-12.0971723482,7.304478747395,6.));
#5026 = CARTESIAN_POINT('',(-12.05495567092,7.239707850774,6.));
#5027 = CARTESIAN_POINT('',(-12.01304518818,7.177141560082,6.));
#5028 = CARTESIAN_POINT('',(-11.97148951351,7.116761654298,6.));
#5029 = CARTESIAN_POINT('',(-11.93033684754,7.058549039673,6.));
#5030 = CARTESIAN_POINT('',(-11.88963496319,7.002483758171,6.));
#5031 = CARTESIAN_POINT('',(-11.8494311918,6.948544995024,6.));
#5032 = CARTESIAN_POINT('',(-11.80977240905,6.89671108678,6.));
#5033 = CARTESIAN_POINT('',(-11.77070502118,6.846959529504,6.));
#5034 = CARTESIAN_POINT('',(-11.7322749513,6.799266987198,6.));
#5035 = CARTESIAN_POINT('',(-11.69452762578,6.753609300443,6.));
#5036 = CARTESIAN_POINT('',(-11.65750796088,6.709961495234,6.));
#5037 = CARTESIAN_POINT('',(-11.62126034946,6.66829779204,6.));
#5038 = CARTESIAN_POINT('',(-11.58582864785,6.628591615053,6.));
#5039 = CARTESIAN_POINT('',(-11.55125616286,6.590815601649,6.));
#5040 = CARTESIAN_POINT('',(-11.51758563899,6.554941612046,6.));
#5041 = CARTESIAN_POINT('',(-11.48485924573,6.52094073916,6.));
#5042 = CARTESIAN_POINT('',(-11.45311856509,6.488783318656,6.));
#5043 = CARTESIAN_POINT('',(-11.4224045792,6.458438939194,6.));
#5044 = CARTESIAN_POINT('',(-11.3927576582,6.429876452861,6.));
#5045 = CARTESIAN_POINT('',(-11.36421754816,6.4030639858,6.));
#5046 = CARTESIAN_POINT('',(-11.33682335928,6.377968949016,6.));
#5047 = CARTESIAN_POINT('',(-11.3106135542,6.35455804937,6.));
#5048 = CARTESIAN_POINT('',(-11.28562593654,6.332797300753,6.));
#5049 = CARTESIAN_POINT('',(-11.26189763954,6.312652035441,6.));
#5050 = CARTESIAN_POINT('',(-11.23946511493,6.294086915629,6.));
#5051 = CARTESIAN_POINT('',(-11.21836412204,6.277065945123,6.));
#5052 = CARTESIAN_POINT('',(-11.19862971689,6.26155248129,6.));
#5053 = CARTESIAN_POINT('',(-11.18029624184,6.247509246902,6.));
#5054 = CARTESIAN_POINT('',(-11.16339731468,6.234898343102,6.));
#5055 = CARTESIAN_POINT('',(-11.14796581974,6.223681259531,6.));
#5056 = CARTESIAN_POINT('',(-11.13403389365,6.213818894431,6.));
#5057 = CARTESIAN_POINT('',(-11.12163292843,6.205271544206,6.));
#5058 = CARTESIAN_POINT('',(-11.11079352138,6.197998989037,6.));
#5059 = CARTESIAN_POINT('',(-11.10154558559,6.191960290338,6.));
#5060 = CARTESIAN_POINT('',(-11.09391799004,6.187114434226,6.));
#5061 = CARTESIAN_POINT('',(-11.08793950594,6.183418627716,6.));
#5062 = CARTESIAN_POINT('',(-11.08363633779,6.18083273389,6.));
#5063 = CARTESIAN_POINT('',(-11.08103754395,6.179309526028,6.));
#5064 = CARTESIAN_POINT('',(-11.07987385355,6.178647665336,6.));
#5065 = CARTESIAN_POINT('',(-11.07958236414,6.178483188893,6.));
#5066 = ORIENTED_EDGE('',*,*,#5067,.F.);
#5067 = EDGE_CURVE('',#5068,#5016,#5070,.T.);
#5068 = VERTEX_POINT('',#5069);
#5069 = CARTESIAN_POINT('',(-11.07958236414,6.178483188893,0.));
#5070 = LINE('',#5071,#5072);
#5071 = CARTESIAN_POINT('',(-11.07958236414,6.178483188893,0.));
#5072 = VECTOR('',#5073,1.);
#5073 = DIRECTION('',(0.,0.,1.));
#5074 = ORIENTED_EDGE('',*,*,#5075,.F.);
#5075 = EDGE_CURVE('',#4993,#5068,#5076,.T.);
#5076 = B_SPLINE_CURVE_WITH_KNOTS('',3,(#5077,#5078,#5079,#5080,#5081,
    #5082,#5083,#5084,#5085,#5086,#5087,#5088,#5089,#5090,#5091,#5092,
    #5093,#5094,#5095,#5096,#5097,#5098,#5099,#5100,#5101,#5102,#5103,
    #5104,#5105,#5106,#5107,#5108,#5109,#5110,#5111,#5112,#5113,#5114,
    #5115,#5116,#5117,#5118,#5119,#5120,#5121,#5122,#5123),
  .UNSPECIFIED.,.F.,.F.,(4,1,1,1,1,1,1,1,1,1,1,1,1,1,1,1,1,1,1,1,1,1,1,1
    ,1,1,1,1,1,1,1,1,1,1,1,1,1,1,1,1,1,1,1,1,4),(0.,8.735293048255E-02,
    0.172697747622,0.256034451418,0.337363041871,0.416683518981,
    0.493995882747,0.569300133171,0.642596270251,0.713884293989,
    0.783164204383,0.850436001435,0.915699685144,0.97895525551,
    1.040202712533,1.099442056214,1.156673286553,1.211896403548,
    1.265111407202,1.316318297513,1.365517074482,1.41270773811,
    1.457890288395,1.501064725339,1.542231048942,1.581389259203,
    1.618539356124,1.653681339704,1.686815209945,1.717940966845,
    1.747058610407,1.774168140631,1.799269557517,1.822362861067,
    1.843448051283,1.862525128166,1.879594091718,1.894654941944,
    1.907707678849,1.918752302441,1.927788812733,1.934817209752,
    1.939837493553,1.942849664305,1.943853723184),.UNSPECIFIED.);
#5077 = CARTESIAN_POINT('',(-12.31063233789,7.661483631848,0.));
#5078 = CARTESIAN_POINT('',(-12.29645543231,7.636050212816,0.));
#5079 = CARTESIAN_POINT('',(-12.2681150967,7.585941842199,0.));
#5080 = CARTESIAN_POINT('',(-12.225167499,7.512188076231,0.));
#5081 = CARTESIAN_POINT('',(-12.18232785141,7.440702838941,0.));
#5082 = CARTESIAN_POINT('',(-12.13964620593,7.371471594346,0.));
#5083 = CARTESIAN_POINT('',(-12.0971723482,7.304478747395,0.));
#5084 = CARTESIAN_POINT('',(-12.05495567092,7.239707850774,0.));
#5085 = CARTESIAN_POINT('',(-12.01304518818,7.177141560082,0.));
#5086 = CARTESIAN_POINT('',(-11.97148951351,7.116761654298,0.));
#5087 = CARTESIAN_POINT('',(-11.93033684754,7.058549039673,0.));
#5088 = CARTESIAN_POINT('',(-11.88963496319,7.002483758171,0.));
#5089 = CARTESIAN_POINT('',(-11.8494311918,6.948544995024,0.));
#5090 = CARTESIAN_POINT('',(-11.80977240905,6.89671108678,0.));
#5091 = CARTESIAN_POINT('',(-11.77070502118,6.846959529504,0.));
#5092 = CARTESIAN_POINT('',(-11.7322749513,6.799266987198,0.));
#5093 = CARTESIAN_POINT('',(-11.69452762578,6.753609300443,0.));
#5094 = CARTESIAN_POINT('',(-11.65750796088,6.709961495234,0.));
#5095 = CARTESIAN_POINT('',(-11.62126034946,6.66829779204,0.));
#5096 = CARTESIAN_POINT('',(-11.58582864785,6.628591615053,0.));
#5097 = CARTESIAN_POINT('',(-11.55125616286,6.590815601649,0.));
#5098 = CARTESIAN_POINT('',(-11.51758563899,6.554941612046,0.));
#5099 = CARTESIAN_POINT('',(-11.48485924573,6.52094073916,0.));
#5100 = CARTESIAN_POINT('',(-11.45311856509,6.488783318656,0.));
#5101 = CARTESIAN_POINT('',(-11.4224045792,6.458438939194,0.));
#5102 = CARTESIAN_POINT('',(-11.3927576582,6.429876452861,0.));
#5103 = CARTESIAN_POINT('',(-11.36421754816,6.4030639858,0.));
#5104 = CARTESIAN_POINT('',(-11.33682335928,6.377968949016,0.));
#5105 = CARTESIAN_POINT('',(-11.3106135542,6.35455804937,0.));
#5106 = CARTESIAN_POINT('',(-11.28562593654,6.332797300753,0.));
#5107 = CARTESIAN_POINT('',(-11.26189763954,6.312652035441,0.));
#5108 = CARTESIAN_POINT('',(-11.23946511493,6.294086915629,0.));
#5109 = CARTESIAN_POINT('',(-11.21836412204,6.277065945123,0.));
#5110 = CARTESIAN_POINT('',(-11.19862971689,6.26155248129,0.));
#5111 = CARTESIAN_POINT('',(-11.18029624184,6.247509246902,0.));
#5112 = CARTESIAN_POINT('',(-11.16339731468,6.234898343102,0.));
#5113 = CARTESIAN_POINT('',(-11.14796581974,6.223681259531,0.));
#5114 = CARTESIAN_POINT('',(-11.13403389365,6.213818894431,0.));
#5115 = CARTESIAN_POINT('',(-11.12163292843,6.205271544206,0.));
#5116 = CARTESIAN_POINT('',(-11.11079352138,6.197998989037,0.));
#5117 = CARTESIAN_POINT('',(-11.10154558559,6.191960290338,0.));
#5118 = CARTESIAN_POINT('',(-11.09391799004,6.187114434226,0.));
#5119 = CARTESIAN_POINT('',(-11.08793950594,6.183418627716,0.));
#5120 = CARTESIAN_POINT('',(-11.08363633779,6.18083273389,0.));
#5121 = CARTESIAN_POINT('',(-11.08103754395,6.179309526028,0.));
#5122 = CARTESIAN_POINT('',(-11.07987385355,6.178647665336,0.));
#5123 = CARTESIAN_POINT('',(-11.07958236414,6.178483188893,0.));
#5124 = SURFACE_OF_LINEAR_EXTRUSION('',#5125,#5173);
#5125 = B_SPLINE_CURVE_WITH_KNOTS('',3,(#5126,#5127,#5128,#5129,#5130,
    #5131,#5132,#5133,#5134,#5135,#5136,#5137,#5138,#5139,#5140,#5141,
    #5142,#5143,#5144,#5145,#5146,#5147,#5148,#5149,#5150,#5151,#5152,
    #5153,#5154,#5155,#5156,#5157,#5158,#5159,#5160,#5161,#5162,#5163,
    #5164,#5165,#5166,#5167,#5168,#5169,#5170,#5171,#5172),
  .UNSPECIFIED.,.F.,.F.,(4,1,1,1,1,1,1,1,1,1,1,1,1,1,1,1,1,1,1,1,1,1,1,1
    ,1,1,1,1,1,1,1,1,1,1,1,1,1,1,1,1,1,1,1,1,4),(0.,8.735293048255E-02,
    0.172697747622,0.256034451418,0.337363041871,0.416683518981,
    0.493995882747,0.569300133171,0.642596270251,0.713884293989,
    0.783164204383,0.850436001435,0.915699685144,0.97895525551,
    1.040202712533,1.099442056214,1.156673286553,1.211896403548,
    1.265111407202,1.316318297513,1.365517074482,1.41270773811,
    1.457890288395,1.501064725339,1.542231048942,1.581389259203,
    1.618539356124,1.653681339704,1.686815209945,1.717940966845,
    1.747058610407,1.774168140631,1.799269557517,1.822362861067,
    1.843448051283,1.862525128166,1.879594091718,1.894654941944,
    1.907707678849,1.918752302441,1.927788812733,1.934817209752,
    1.939837493553,1.942849664305,1.943853723184),.UNSPECIFIED.);
#5126 = CARTESIAN_POINT('',(-12.31063233789,7.661483631848,0.));
#5127 = CARTESIAN_POINT('',(-12.29645543231,7.636050212816,0.));
#5128 = CARTESIAN_POINT('',(-12.2681150967,7.585941842199,0.));
#5129 = CARTESIAN_POINT('',(-12.225167499,7.512188076231,0.));
#5130 = CARTESIAN_POINT('',(-12.18232785141,7.440702838941,0.));
#5131 = CARTESIAN_POINT('',(-12.13964620593,7.371471594346,0.));
#5132 = CARTESIAN_POINT('',(-12.0971723482,7.304478747395,0.));
#5133 = CARTESIAN_POINT('',(-12.05495567092,7.239707850774,0.));
#5134 = CARTESIAN_POINT('',(-12.01304518818,7.177141560082,0.));
#5135 = CARTESIAN_POINT('',(-11.97148951351,7.116761654298,0.));
#5136 = CARTESIAN_POINT('',(-11.93033684754,7.058549039673,0.));
#5137 = CARTESIAN_POINT('',(-11.88963496319,7.002483758171,0.));
#5138 = CARTESIAN_POINT('',(-11.8494311918,6.948544995024,0.));
#5139 = CARTESIAN_POINT('',(-11.80977240905,6.89671108678,0.));
#5140 = CARTESIAN_POINT('',(-11.77070502118,6.846959529504,0.));
#5141 = CARTESIAN_POINT('',(-11.7322749513,6.799266987198,0.));
#5142 = CARTESIAN_POINT('',(-11.69452762578,6.753609300443,0.));
#5143 = CARTESIAN_POINT('',(-11.65750796088,6.709961495234,0.));
#5144 = CARTESIAN_POINT('',(-11.62126034946,6.66829779204,0.));
#5145 = CARTESIAN_POINT('',(-11.58582864785,6.628591615053,0.));
#5146 = CARTESIAN_POINT('',(-11.55125616286,6.590815601649,0.));
#5147 = CARTESIAN_POINT('',(-11.51758563899,6.554941612046,0.));
#5148 = CARTESIAN_POINT('',(-11.48485924573,6.52094073916,0.));
#5149 = CARTESIAN_POINT('',(-11.45311856509,6.488783318656,0.));
#5150 = CARTESIAN_POINT('',(-11.4224045792,6.458438939194,0.));
#5151 = CARTESIAN_POINT('',(-11.3927576582,6.429876452861,0.));
#5152 = CARTESIAN_POINT('',(-11.36421754816,6.4030639858,0.));
#5153 = CARTESIAN_POINT('',(-11.33682335928,6.377968949016,0.));
#5154 = CARTESIAN_POINT('',(-11.3106135542,6.35455804937,0.));
#5155 = CARTESIAN_POINT('',(-11.28562593654,6.332797300753,0.));
#5156 = CARTESIAN_POINT('',(-11.26189763954,6.312652035441,0.));
#5157 = CARTESIAN_POINT('',(-11.23946511493,6.294086915629,0.));
#5158 = CARTESIAN_POINT('',(-11.21836412204,6.277065945123,0.));
#5159 = CARTESIAN_POINT('',(-11.19862971689,6.26155248129,0.));
#5160 = CARTESIAN_POINT('',(-11.18029624184,6.247509246902,0.));
#5161 = CARTESIAN_POINT('',(-11.16339731468,6.234898343102,0.));
#5162 = CARTESIAN_POINT('',(-11.14796581974,6.223681259531,0.));
#5163 = CARTESIAN_POINT('',(-11.13403389365,6.213818894431,0.));
#5164 = CARTESIAN_POINT('',(-11.12163292843,6.205271544206,0.));
#5165 = CARTESIAN_POINT('',(-11.11079352138,6.197998989037,0.));
#5166 = CARTESIAN_POINT('',(-11.10154558559,6.191960290338,0.));
#5167 = CARTESIAN_POINT('',(-11.09391799004,6.187114434226,0.));
#5168 = CARTESIAN_POINT('',(-11.08793950594,6.183418627716,0.));
#5169 = CARTESIAN_POINT('',(-11.08363633779,6.18083273389,0.));
#5170 = CARTESIAN_POINT('',(-11.08103754395,6.179309526028,0.));
#5171 = CARTESIAN_POINT('',(-11.07987385355,6.178647665336,0.));
#5172 = CARTESIAN_POINT('',(-11.07958236414,6.178483188893,0.));
#5173 = VECTOR('',#5174,1.);
#5174 = DIRECTION('',(-0.,-0.,-1.));
#5175 = ADVANCED_FACE('',(#5176),#5199,.F.);
#5176 = FACE_BOUND('',#5177,.F.);
#5177 = EDGE_LOOP('',(#5178,#5179,#5186,#5194));
#5178 = ORIENTED_EDGE('',*,*,#5067,.T.);
#5179 = ORIENTED_EDGE('',*,*,#5180,.T.);
#5180 = EDGE_CURVE('',#5016,#5181,#5183,.T.);
#5181 = VERTEX_POINT('',#5182);
#5182 = CARTESIAN_POINT('',(-10.69891886539,5.96620776638,6.));
#5183 = B_SPLINE_CURVE_WITH_KNOTS('',1,(#5184,#5185),.UNSPECIFIED.,.F.,
  .F.,(2,2),(0.,0.43585038061),.PIECEWISE_BEZIER_KNOTS.);
#5184 = CARTESIAN_POINT('',(-11.07958236414,6.178483188893,6.));
#5185 = CARTESIAN_POINT('',(-10.69891886539,5.96620776638,6.));
#5186 = ORIENTED_EDGE('',*,*,#5187,.F.);
#5187 = EDGE_CURVE('',#5188,#5181,#5190,.T.);
#5188 = VERTEX_POINT('',#5189);
#5189 = CARTESIAN_POINT('',(-10.69891886539,5.96620776638,0.));
#5190 = LINE('',#5191,#5192);
#5191 = CARTESIAN_POINT('',(-10.69891886539,5.96620776638,0.));
#5192 = VECTOR('',#5193,1.);
#5193 = DIRECTION('',(0.,0.,1.));
#5194 = ORIENTED_EDGE('',*,*,#5195,.F.);
#5195 = EDGE_CURVE('',#5068,#5188,#5196,.T.);
#5196 = B_SPLINE_CURVE_WITH_KNOTS('',1,(#5197,#5198),.UNSPECIFIED.,.F.,
  .F.,(2,2),(0.,0.43585038061),.PIECEWISE_BEZIER_KNOTS.);
#5197 = CARTESIAN_POINT('',(-11.07958236414,6.178483188893,0.));
#5198 = CARTESIAN_POINT('',(-10.69891886539,5.96620776638,0.));
#5199 = SURFACE_OF_LINEAR_EXTRUSION('',#5200,#5203);
#5200 = B_SPLINE_CURVE_WITH_KNOTS('',1,(#5201,#5202),.UNSPECIFIED.,.F.,
  .F.,(2,2),(0.,0.43585038061),.PIECEWISE_BEZIER_KNOTS.);
#5201 = CARTESIAN_POINT('',(-11.07958236414,6.178483188893,0.));
#5202 = CARTESIAN_POINT('',(-10.69891886539,5.96620776638,0.));
#5203 = VECTOR('',#5204,1.);
#5204 = DIRECTION('',(-0.,-0.,-1.));
#5205 = ADVANCED_FACE('',(#5206),#5229,.F.);
#5206 = FACE_BOUND('',#5207,.F.);
#5207 = EDGE_LOOP('',(#5208,#5209,#5216,#5224));
#5208 = ORIENTED_EDGE('',*,*,#5187,.T.);
#5209 = ORIENTED_EDGE('',*,*,#5210,.T.);
#5210 = EDGE_CURVE('',#5181,#5211,#5213,.T.);
#5211 = VERTEX_POINT('',#5212);
#5212 = CARTESIAN_POINT('',(-11.17458494461,5.019078731763,6.));
#5213 = B_SPLINE_CURVE_WITH_KNOTS('',1,(#5214,#5215),.UNSPECIFIED.,.F.,
  .F.,(2,2),(0.,1.059863966333),.PIECEWISE_BEZIER_KNOTS.);
#5214 = CARTESIAN_POINT('',(-10.69891886539,5.96620776638,6.));
#5215 = CARTESIAN_POINT('',(-11.17458494461,5.019078731763,6.));
#5216 = ORIENTED_EDGE('',*,*,#5217,.F.);
#5217 = EDGE_CURVE('',#5218,#5211,#5220,.T.);
#5218 = VERTEX_POINT('',#5219);
#5219 = CARTESIAN_POINT('',(-11.17458494461,5.019078731763,0.));
#5220 = LINE('',#5221,#5222);
#5221 = CARTESIAN_POINT('',(-11.17458494461,5.019078731763,0.));
#5222 = VECTOR('',#5223,1.);
#5223 = DIRECTION('',(0.,0.,1.));
#5224 = ORIENTED_EDGE('',*,*,#5225,.F.);
#5225 = EDGE_CURVE('',#5188,#5218,#5226,.T.);
#5226 = B_SPLINE_CURVE_WITH_KNOTS('',1,(#5227,#5228),.UNSPECIFIED.,.F.,
  .F.,(2,2),(0.,1.059863966333),.PIECEWISE_BEZIER_KNOTS.);
#5227 = CARTESIAN_POINT('',(-10.69891886539,5.96620776638,0.));
#5228 = CARTESIAN_POINT('',(-11.17458494461,5.019078731763,0.));
#5229 = SURFACE_OF_LINEAR_EXTRUSION('',#5230,#5233);
#5230 = B_SPLINE_CURVE_WITH_KNOTS('',1,(#5231,#5232),.UNSPECIFIED.,.F.,
  .F.,(2,2),(0.,1.059863966333),.PIECEWISE_BEZIER_KNOTS.);
#5231 = CARTESIAN_POINT('',(-10.69891886539,5.96620776638,0.));
#5232 = CARTESIAN_POINT('',(-11.17458494461,5.019078731763,0.));
#5233 = VECTOR('',#5234,1.);
#5234 = DIRECTION('',(-0.,-0.,-1.));
#5235 = ADVANCED_FACE('',(#5236),#5259,.F.);
#5236 = FACE_BOUND('',#5237,.F.);
#5237 = EDGE_LOOP('',(#5238,#5239,#5246,#5254));
#5238 = ORIENTED_EDGE('',*,*,#5217,.T.);
#5239 = ORIENTED_EDGE('',*,*,#5240,.T.);
#5240 = EDGE_CURVE('',#5211,#5241,#5243,.T.);
#5241 = VERTEX_POINT('',#5242);
#5242 = CARTESIAN_POINT('',(-11.57217246308,5.197655660379,6.));
#5243 = B_SPLINE_CURVE_WITH_KNOTS('',1,(#5244,#5245),.UNSPECIFIED.,.F.,
  .F.,(2,2),(0.,0.43585038061),.PIECEWISE_BEZIER_KNOTS.);
#5244 = CARTESIAN_POINT('',(-11.17458494461,5.019078731763,6.));
#5245 = CARTESIAN_POINT('',(-11.57217246308,5.197655660379,6.));
#5246 = ORIENTED_EDGE('',*,*,#5247,.F.);
#5247 = EDGE_CURVE('',#5248,#5241,#5250,.T.);
#5248 = VERTEX_POINT('',#5249);
#5249 = CARTESIAN_POINT('',(-11.57217246308,5.197655660379,0.));
#5250 = LINE('',#5251,#5252);
#5251 = CARTESIAN_POINT('',(-11.57217246308,5.197655660379,0.));
#5252 = VECTOR('',#5253,1.);
#5253 = DIRECTION('',(0.,0.,1.));
#5254 = ORIENTED_EDGE('',*,*,#5255,.F.);
#5255 = EDGE_CURVE('',#5218,#5248,#5256,.T.);
#5256 = B_SPLINE_CURVE_WITH_KNOTS('',1,(#5257,#5258),.UNSPECIFIED.,.F.,
  .F.,(2,2),(0.,0.43585038061),.PIECEWISE_BEZIER_KNOTS.);
#5257 = CARTESIAN_POINT('',(-11.17458494461,5.019078731763,0.));
#5258 = CARTESIAN_POINT('',(-11.57217246308,5.197655660379,0.));
#5259 = SURFACE_OF_LINEAR_EXTRUSION('',#5260,#5263);
#5260 = B_SPLINE_CURVE_WITH_KNOTS('',1,(#5261,#5262),.UNSPECIFIED.,.F.,
  .F.,(2,2),(0.,0.43585038061),.PIECEWISE_BEZIER_KNOTS.);
#5261 = CARTESIAN_POINT('',(-11.17458494461,5.019078731763,0.));
#5262 = CARTESIAN_POINT('',(-11.57217246308,5.197655660379,0.));
#5263 = VECTOR('',#5264,1.);
#5264 = DIRECTION('',(-0.,-0.,-1.));
#5265 = ADVANCED_FACE('',(#5266),#5379,.F.);
#5266 = FACE_BOUND('',#5267,.F.);
#5267 = EDGE_LOOP('',(#5268,#5269,#5321,#5329));
#5268 = ORIENTED_EDGE('',*,*,#5247,.T.);
#5269 = ORIENTED_EDGE('',*,*,#5270,.T.);
#5270 = EDGE_CURVE('',#5241,#5271,#5273,.T.);
#5271 = VERTEX_POINT('',#5272);
#5272 = CARTESIAN_POINT('',(-13.49685358188,5.29952293976,6.));
#5273 = B_SPLINE_CURVE_WITH_KNOTS('',3,(#5274,#5275,#5276,#5277,#5278,
    #5279,#5280,#5281,#5282,#5283,#5284,#5285,#5286,#5287,#5288,#5289,
    #5290,#5291,#5292,#5293,#5294,#5295,#5296,#5297,#5298,#5299,#5300,
    #5301,#5302,#5303,#5304,#5305,#5306,#5307,#5308,#5309,#5310,#5311,
    #5312,#5313,#5314,#5315,#5316,#5317,#5318,#5319,#5320),
  .UNSPECIFIED.,.F.,.F.,(4,1,1,1,1,1,1,1,1,1,1,1,1,1,1,1,1,1,1,1,1,1,1,1
    ,1,1,1,1,1,1,1,1,1,1,1,1,1,1,1,1,1,1,1,1,4),(0.,1.004058879412E-03,
    4.016229631009E-03,9.036513432115E-03,1.606491045092E-02,
    2.510142074349E-02,3.614604433531E-02,4.91987812401E-02,
    6.425963146609E-02,8.132859501861E-02,0.100405671901,0.121490862117,
    0.144584165667,0.169685582553,0.196795112777,0.225912756339,
    0.25703851324,0.29017238348,0.32531436706,0.362464463981,
    0.401622674242,0.442788997845,0.485963434789,0.531145985075,
    0.578336648702,0.627535425671,0.678742315982,0.731957319636,
    0.787180436632,0.84441166697,0.903651010651,0.964898467674,
    1.02815403804,1.093417721749,1.160689518801,1.229969429195,
    1.301257452933,1.374553590013,1.449857840437,1.527170204204,
    1.606490681313,1.687819271766,1.771155975562,1.856500792702,
    1.943853723184),.UNSPECIFIED.);
#5274 = CARTESIAN_POINT('',(-11.57217246308,5.197655660379,6.));
#5275 = CARTESIAN_POINT('',(-11.57247845886,5.19779125228,6.));
#5276 = CARTESIAN_POINT('',(-11.57370426039,5.198329439537,6.));
#5277 = CARTESIAN_POINT('',(-11.57647795281,5.199504395689,6.));
#5278 = CARTESIAN_POINT('',(-11.58112183205,5.201411877946,6.));
#5279 = CARTESIAN_POINT('',(-11.58765642732,5.204000376093,6.));
#5280 = CARTESIAN_POINT('',(-11.59609828511,5.207224902774,6.));
#5281 = CARTESIAN_POINT('',(-11.60646454971,5.211036825749,6.));
#5282 = CARTESIAN_POINT('',(-11.61877087993,5.215388496738,6.));
#5283 = CARTESIAN_POINT('',(-11.6330322507,5.220231474926,6.));
#5284 = CARTESIAN_POINT('',(-11.64926265185,5.225517199905,6.));
#5285 = CARTESIAN_POINT('',(-11.66747518452,5.23119678207,6.));
#5286 = CARTESIAN_POINT('',(-11.68768202249,5.237221093926,6.));
#5287 = CARTESIAN_POINT('',(-11.70989441864,5.2435407614,6.));
#5288 = CARTESIAN_POINT('',(-11.73412269736,5.250106187244,6.));
#5289 = CARTESIAN_POINT('',(-11.76037625177,5.256867564262,6.));
#5290 = CARTESIAN_POINT('',(-11.78866353974,5.263774891716,6.));
#5291 = CARTESIAN_POINT('',(-11.8189920807,5.270777990805,6.));
#5292 = CARTESIAN_POINT('',(-11.85136845243,5.277826520464,6.));
#5293 = CARTESIAN_POINT('',(-11.88579828828,5.284869993127,6.));
#5294 = CARTESIAN_POINT('',(-11.92228627456,5.291857790551,6.));
#5295 = CARTESIAN_POINT('',(-11.96083614817,5.29873917967,6.));
#5296 = CARTESIAN_POINT('',(-12.00145069449,5.305463328486,6.));
#5297 = CARTESIAN_POINT('',(-12.04413174559,5.311979321999,6.));
#5298 = CARTESIAN_POINT('',(-12.08888017854,5.318236178157,6.));
#5299 = CARTESIAN_POINT('',(-12.13569591417,5.324182863833,6.));
#5300 = CARTESIAN_POINT('',(-12.18457791586,5.329768310832,6.));
#5301 = CARTESIAN_POINT('',(-12.23552418879,5.33494143191,6.));
#5302 = CARTESIAN_POINT('',(-12.28853177929,5.339651136802,6.));
#5303 = CARTESIAN_POINT('',(-12.3435967745,5.34384634828,6.));
#5304 = CARTESIAN_POINT('',(-12.40071430233,5.347476018193,6.));
#5305 = CARTESIAN_POINT('',(-12.45987853155,5.350489143533,6.));
#5306 = CARTESIAN_POINT('',(-12.52108267227,5.352834782489,6.));
#5307 = CARTESIAN_POINT('',(-12.58431897655,5.354462070498,6.));
#5308 = CARTESIAN_POINT('',(-12.64957873938,5.35532023629,6.));
#5309 = CARTESIAN_POINT('',(-12.7168522998,5.355358617921,6.));
#5310 = CARTESIAN_POINT('',(-12.78612904233,5.354526678796,6.));
#5311 = CARTESIAN_POINT('',(-12.85739739869,5.35277402365,6.));
#5312 = CARTESIAN_POINT('',(-12.93064484966,5.350050414585,6.));
#5313 = CARTESIAN_POINT('',(-13.00585792736,5.346305786778,6.));
#5314 = CARTESIAN_POINT('',(-13.08302221731,5.341490265334,6.));
#5315 = CARTESIAN_POINT('',(-13.16212236266,5.335554177562,6.));
#5316 = CARTESIAN_POINT('',(-13.24314206092,5.328448082781,6.));
#5317 = CARTESIAN_POINT('',(-13.32606409132,5.320122734062,6.));
#5318 = CARTESIAN_POINT('',(-13.41087022451,5.310529303229,6.));
#5319 = CARTESIAN_POINT('',(-13.46798698564,5.303339099684,6.));
#5320 = CARTESIAN_POINT('',(-13.49685358188,5.29952293976,6.));
#5321 = ORIENTED_EDGE('',*,*,#5322,.F.);
#5322 = EDGE_CURVE('',#5323,#5271,#5325,.T.);
#5323 = VERTEX_POINT('',#5324);
#5324 = CARTESIAN_POINT('',(-13.49685358188,5.29952293976,0.));
#5325 = LINE('',#5326,#5327);
#5326 = CARTESIAN_POINT('',(-13.49685358188,5.29952293976,0.));
#5327 = VECTOR('',#5328,1.);
#5328 = DIRECTION('',(0.,0.,1.));
#5329 = ORIENTED_EDGE('',*,*,#5330,.F.);
#5330 = EDGE_CURVE('',#5248,#5323,#5331,.T.);
#5331 = B_SPLINE_CURVE_WITH_KNOTS('',3,(#5332,#5333,#5334,#5335,#5336,
    #5337,#5338,#5339,#5340,#5341,#5342,#5343,#5344,#5345,#5346,#5347,
    #5348,#5349,#5350,#5351,#5352,#5353,#5354,#5355,#5356,#5357,#5358,
    #5359,#5360,#5361,#5362,#5363,#5364,#5365,#5366,#5367,#5368,#5369,
    #5370,#5371,#5372,#5373,#5374,#5375,#5376,#5377,#5378),
  .UNSPECIFIED.,.F.,.F.,(4,1,1,1,1,1,1,1,1,1,1,1,1,1,1,1,1,1,1,1,1,1,1,1
    ,1,1,1,1,1,1,1,1,1,1,1,1,1,1,1,1,1,1,1,1,4),(0.,1.004058879412E-03,
    4.016229631009E-03,9.036513432115E-03,1.606491045092E-02,
    2.510142074349E-02,3.614604433531E-02,4.91987812401E-02,
    6.425963146609E-02,8.132859501861E-02,0.100405671901,0.121490862117,
    0.144584165667,0.169685582553,0.196795112777,0.225912756339,
    0.25703851324,0.29017238348,0.32531436706,0.362464463981,
    0.401622674242,0.442788997845,0.485963434789,0.531145985075,
    0.578336648702,0.627535425671,0.678742315982,0.731957319636,
    0.787180436632,0.84441166697,0.903651010651,0.964898467674,
    1.02815403804,1.093417721749,1.160689518801,1.229969429195,
    1.301257452933,1.374553590013,1.449857840437,1.527170204204,
    1.606490681313,1.687819271766,1.771155975562,1.856500792702,
    1.943853723184),.UNSPECIFIED.);
#5332 = CARTESIAN_POINT('',(-11.57217246308,5.197655660379,0.));
#5333 = CARTESIAN_POINT('',(-11.57247845886,5.19779125228,0.));
#5334 = CARTESIAN_POINT('',(-11.57370426039,5.198329439537,0.));
#5335 = CARTESIAN_POINT('',(-11.57647795281,5.199504395689,0.));
#5336 = CARTESIAN_POINT('',(-11.58112183205,5.201411877946,0.));
#5337 = CARTESIAN_POINT('',(-11.58765642732,5.204000376093,0.));
#5338 = CARTESIAN_POINT('',(-11.59609828511,5.207224902774,0.));
#5339 = CARTESIAN_POINT('',(-11.60646454971,5.211036825749,0.));
#5340 = CARTESIAN_POINT('',(-11.61877087993,5.215388496738,0.));
#5341 = CARTESIAN_POINT('',(-11.6330322507,5.220231474926,0.));
#5342 = CARTESIAN_POINT('',(-11.64926265185,5.225517199905,0.));
#5343 = CARTESIAN_POINT('',(-11.66747518452,5.23119678207,0.));
#5344 = CARTESIAN_POINT('',(-11.68768202249,5.237221093926,0.));
#5345 = CARTESIAN_POINT('',(-11.70989441864,5.2435407614,0.));
#5346 = CARTESIAN_POINT('',(-11.73412269736,5.250106187244,0.));
#5347 = CARTESIAN_POINT('',(-11.76037625177,5.256867564262,0.));
#5348 = CARTESIAN_POINT('',(-11.78866353974,5.263774891716,0.));
#5349 = CARTESIAN_POINT('',(-11.8189920807,5.270777990805,0.));
#5350 = CARTESIAN_POINT('',(-11.85136845243,5.277826520464,0.));
#5351 = CARTESIAN_POINT('',(-11.88579828828,5.284869993127,0.));
#5352 = CARTESIAN_POINT('',(-11.92228627456,5.291857790551,0.));
#5353 = CARTESIAN_POINT('',(-11.96083614817,5.29873917967,0.));
#5354 = CARTESIAN_POINT('',(-12.00145069449,5.305463328486,0.));
#5355 = CARTESIAN_POINT('',(-12.04413174559,5.311979321999,0.));
#5356 = CARTESIAN_POINT('',(-12.08888017854,5.318236178157,0.));
#5357 = CARTESIAN_POINT('',(-12.13569591417,5.324182863833,0.));
#5358 = CARTESIAN_POINT('',(-12.18457791586,5.329768310832,0.));
#5359 = CARTESIAN_POINT('',(-12.23552418879,5.33494143191,0.));
#5360 = CARTESIAN_POINT('',(-12.28853177929,5.339651136802,0.));
#5361 = CARTESIAN_POINT('',(-12.3435967745,5.34384634828,0.));
#5362 = CARTESIAN_POINT('',(-12.40071430233,5.347476018193,0.));
#5363 = CARTESIAN_POINT('',(-12.45987853155,5.350489143533,0.));
#5364 = CARTESIAN_POINT('',(-12.52108267227,5.352834782489,0.));
#5365 = CARTESIAN_POINT('',(-12.58431897655,5.354462070498,0.));
#5366 = CARTESIAN_POINT('',(-12.64957873938,5.35532023629,0.));
#5367 = CARTESIAN_POINT('',(-12.7168522998,5.355358617921,0.));
#5368 = CARTESIAN_POINT('',(-12.78612904233,5.354526678796,0.));
#5369 = CARTESIAN_POINT('',(-12.85739739869,5.35277402365,0.));
#5370 = CARTESIAN_POINT('',(-12.93064484966,5.350050414585,0.));
#5371 = CARTESIAN_POINT('',(-13.00585792736,5.346305786778,0.));
#5372 = CARTESIAN_POINT('',(-13.08302221731,5.341490265334,0.));
#5373 = CARTESIAN_POINT('',(-13.16212236266,5.335554177562,0.));
#5374 = CARTESIAN_POINT('',(-13.24314206092,5.328448082781,0.));
#5375 = CARTESIAN_POINT('',(-13.32606409132,5.320122734062,0.));
#5376 = CARTESIAN_POINT('',(-13.41087022451,5.310529303229,0.));
#5377 = CARTESIAN_POINT('',(-13.46798698564,5.303339099684,0.));
#5378 = CARTESIAN_POINT('',(-13.49685358188,5.29952293976,0.));
#5379 = SURFACE_OF_LINEAR_EXTRUSION('',#5380,#5428);
#5380 = B_SPLINE_CURVE_WITH_KNOTS('',3,(#5381,#5382,#5383,#5384,#5385,
    #5386,#5387,#5388,#5389,#5390,#5391,#5392,#5393,#5394,#5395,#5396,
    #5397,#5398,#5399,#5400,#5401,#5402,#5403,#5404,#5405,#5406,#5407,
    #5408,#5409,#5410,#5411,#5412,#5413,#5414,#5415,#5416,#5417,#5418,
    #5419,#5420,#5421,#5422,#5423,#5424,#5425,#5426,#5427),
  .UNSPECIFIED.,.F.,.F.,(4,1,1,1,1,1,1,1,1,1,1,1,1,1,1,1,1,1,1,1,1,1,1,1
    ,1,1,1,1,1,1,1,1,1,1,1,1,1,1,1,1,1,1,1,1,4),(0.,1.004058879412E-03,
    4.016229631009E-03,9.036513432115E-03,1.606491045092E-02,
    2.510142074349E-02,3.614604433531E-02,4.91987812401E-02,
    6.425963146609E-02,8.132859501861E-02,0.100405671901,0.121490862117,
    0.144584165667,0.169685582553,0.196795112777,0.225912756339,
    0.25703851324,0.29017238348,0.32531436706,0.362464463981,
    0.401622674242,0.442788997845,0.485963434789,0.531145985075,
    0.578336648702,0.627535425671,0.678742315982,0.731957319636,
    0.787180436632,0.84441166697,0.903651010651,0.964898467674,
    1.02815403804,1.093417721749,1.160689518801,1.229969429195,
    1.301257452933,1.374553590013,1.449857840437,1.527170204204,
    1.606490681313,1.687819271766,1.771155975562,1.856500792702,
    1.943853723184),.UNSPECIFIED.);
#5381 = CARTESIAN_POINT('',(-11.57217246308,5.197655660379,0.));
#5382 = CARTESIAN_POINT('',(-11.57247845886,5.19779125228,0.));
#5383 = CARTESIAN_POINT('',(-11.57370426039,5.198329439537,0.));
#5384 = CARTESIAN_POINT('',(-11.57647795281,5.199504395689,0.));
#5385 = CARTESIAN_POINT('',(-11.58112183205,5.201411877946,0.));
#5386 = CARTESIAN_POINT('',(-11.58765642732,5.204000376093,0.));
#5387 = CARTESIAN_POINT('',(-11.59609828511,5.207224902774,0.));
#5388 = CARTESIAN_POINT('',(-11.60646454971,5.211036825749,0.));
#5389 = CARTESIAN_POINT('',(-11.61877087993,5.215388496738,0.));
#5390 = CARTESIAN_POINT('',(-11.6330322507,5.220231474926,0.));
#5391 = CARTESIAN_POINT('',(-11.64926265185,5.225517199905,0.));
#5392 = CARTESIAN_POINT('',(-11.66747518452,5.23119678207,0.));
#5393 = CARTESIAN_POINT('',(-11.68768202249,5.237221093926,0.));
#5394 = CARTESIAN_POINT('',(-11.70989441864,5.2435407614,0.));
#5395 = CARTESIAN_POINT('',(-11.73412269736,5.250106187244,0.));
#5396 = CARTESIAN_POINT('',(-11.76037625177,5.256867564262,0.));
#5397 = CARTESIAN_POINT('',(-11.78866353974,5.263774891716,0.));
#5398 = CARTESIAN_POINT('',(-11.8189920807,5.270777990805,0.));
#5399 = CARTESIAN_POINT('',(-11.85136845243,5.277826520464,0.));
#5400 = CARTESIAN_POINT('',(-11.88579828828,5.284869993127,0.));
#5401 = CARTESIAN_POINT('',(-11.92228627456,5.291857790551,0.));
#5402 = CARTESIAN_POINT('',(-11.96083614817,5.29873917967,0.));
#5403 = CARTESIAN_POINT('',(-12.00145069449,5.305463328486,0.));
#5404 = CARTESIAN_POINT('',(-12.04413174559,5.311979321999,0.));
#5405 = CARTESIAN_POINT('',(-12.08888017854,5.318236178157,0.));
#5406 = CARTESIAN_POINT('',(-12.13569591417,5.324182863833,0.));
#5407 = CARTESIAN_POINT('',(-12.18457791586,5.329768310832,0.));
#5408 = CARTESIAN_POINT('',(-12.23552418879,5.33494143191,0.));
#5409 = CARTESIAN_POINT('',(-12.28853177929,5.339651136802,0.));
#5410 = CARTESIAN_POINT('',(-12.3435967745,5.34384634828,0.));
#5411 = CARTESIAN_POINT('',(-12.40071430233,5.347476018193,0.));
#5412 = CARTESIAN_POINT('',(-12.45987853155,5.350489143533,0.));
#5413 = CARTESIAN_POINT('',(-12.52108267227,5.352834782489,0.));
#5414 = CARTESIAN_POINT('',(-12.58431897655,5.354462070498,0.));
#5415 = CARTESIAN_POINT('',(-12.64957873938,5.35532023629,0.));
#5416 = CARTESIAN_POINT('',(-12.7168522998,5.355358617921,0.));
#5417 = CARTESIAN_POINT('',(-12.78612904233,5.354526678796,0.));
#5418 = CARTESIAN_POINT('',(-12.85739739869,5.35277402365,0.));
#5419 = CARTESIAN_POINT('',(-12.93064484966,5.350050414585,0.));
#5420 = CARTESIAN_POINT('',(-13.00585792736,5.346305786778,0.));
#5421 = CARTESIAN_POINT('',(-13.08302221731,5.341490265334,0.));
#5422 = CARTESIAN_POINT('',(-13.16212236266,5.335554177562,0.));
#5423 = CARTESIAN_POINT('',(-13.24314206092,5.328448082781,0.));
#5424 = CARTESIAN_POINT('',(-13.32606409132,5.320122734062,0.));
#5425 = CARTESIAN_POINT('',(-13.41087022451,5.310529303229,0.));
#5426 = CARTESIAN_POINT('',(-13.46798698564,5.303339099684,0.));
#5427 = CARTESIAN_POINT('',(-13.49685358188,5.29952293976,0.));
#5428 = VECTOR('',#5429,1.);
#5429 = DIRECTION('',(-0.,-0.,-1.));
#5430 = ADVANCED_FACE('',(#5431),#5454,.F.);
#5431 = FACE_BOUND('',#5432,.F.);
#5432 = EDGE_LOOP('',(#5433,#5434,#5441,#5449));
#5433 = ORIENTED_EDGE('',*,*,#5322,.T.);
#5434 = ORIENTED_EDGE('',*,*,#5435,.T.);
#5435 = EDGE_CURVE('',#5271,#5436,#5438,.T.);
#5436 = VERTEX_POINT('',#5437);
#5437 = CARTESIAN_POINT('',(-13.74565736892,4.615940153007,6.));
#5438 = B_SPLINE_CURVE_WITH_KNOTS('',1,(#5439,#5440),.UNSPECIFIED.,.F.,
  .F.,(2,2),(0.,0.72745360731),.PIECEWISE_BEZIER_KNOTS.);
#5439 = CARTESIAN_POINT('',(-13.49685358188,5.29952293976,6.));
#5440 = CARTESIAN_POINT('',(-13.74565736892,4.615940153007,6.));
#5441 = ORIENTED_EDGE('',*,*,#5442,.F.);
#5442 = EDGE_CURVE('',#5443,#5436,#5445,.T.);
#5443 = VERTEX_POINT('',#5444);
#5444 = CARTESIAN_POINT('',(-13.74565736892,4.615940153007,0.));
#5445 = LINE('',#5446,#5447);
#5446 = CARTESIAN_POINT('',(-13.74565736892,4.615940153007,0.));
#5447 = VECTOR('',#5448,1.);
#5448 = DIRECTION('',(0.,0.,1.));
#5449 = ORIENTED_EDGE('',*,*,#5450,.F.);
#5450 = EDGE_CURVE('',#5323,#5443,#5451,.T.);
#5451 = B_SPLINE_CURVE_WITH_KNOTS('',1,(#5452,#5453),.UNSPECIFIED.,.F.,
  .F.,(2,2),(0.,0.72745360731),.PIECEWISE_BEZIER_KNOTS.);
#5452 = CARTESIAN_POINT('',(-13.49685358188,5.29952293976,0.));
#5453 = CARTESIAN_POINT('',(-13.74565736892,4.615940153007,0.));
#5454 = SURFACE_OF_LINEAR_EXTRUSION('',#5455,#5458);
#5455 = B_SPLINE_CURVE_WITH_KNOTS('',1,(#5456,#5457),.UNSPECIFIED.,.F.,
  .F.,(2,2),(0.,0.72745360731),.PIECEWISE_BEZIER_KNOTS.);
#5456 = CARTESIAN_POINT('',(-13.49685358188,5.29952293976,0.));
#5457 = CARTESIAN_POINT('',(-13.74565736892,4.615940153007,0.));
#5458 = VECTOR('',#5459,1.);
#5459 = DIRECTION('',(-0.,-0.,-1.));
#5460 = ADVANCED_FACE('',(#5461),#5574,.F.);
#5461 = FACE_BOUND('',#5462,.F.);
#5462 = EDGE_LOOP('',(#5463,#5464,#5516,#5524));
#5463 = ORIENTED_EDGE('',*,*,#5442,.T.);
#5464 = ORIENTED_EDGE('',*,*,#5465,.T.);
#5465 = EDGE_CURVE('',#5436,#5466,#5468,.T.);
#5466 = VERTEX_POINT('',#5467);
#5467 = CARTESIAN_POINT('',(-12.20578706806,3.456813840547,6.));
#5468 = B_SPLINE_CURVE_WITH_KNOTS('',3,(#5469,#5470,#5471,#5472,#5473,
    #5474,#5475,#5476,#5477,#5478,#5479,#5480,#5481,#5482,#5483,#5484,
    #5485,#5486,#5487,#5488,#5489,#5490,#5491,#5492,#5493,#5494,#5495,
    #5496,#5497,#5498,#5499,#5500,#5501,#5502,#5503,#5504,#5505,#5506,
    #5507,#5508,#5509,#5510,#5511,#5512,#5513,#5514,#5515),
  .UNSPECIFIED.,.F.,.F.,(4,1,1,1,1,1,1,1,1,1,1,1,1,1,1,1,1,1,1,1,1,1,1,1
    ,1,1,1,1,1,1,1,1,1,1,1,1,1,1,1,1,1,1,1,1,4),(0.,8.735293048255E-02,
    0.172697747622,0.256034451418,0.337363041871,0.416683518981,
    0.493995882747,0.569300133171,0.642596270251,0.713884293989,
    0.783164204383,0.850436001435,0.915699685144,0.97895525551,
    1.040202712533,1.099442056214,1.156673286553,1.211896403548,
    1.265111407202,1.316318297513,1.365517074482,1.41270773811,
    1.457890288395,1.501064725339,1.542231048942,1.581389259203,
    1.618539356124,1.653681339704,1.686815209945,1.717940966845,
    1.747058610407,1.774168140631,1.799269557517,1.822362861067,
    1.843448051283,1.862525128166,1.879594091718,1.894654941944,
    1.907707678849,1.918752302441,1.927788812733,1.934817209752,
    1.939837493553,1.942849664305,1.943853723184),.UNSPECIFIED.);
#5469 = CARTESIAN_POINT('',(-13.74565736892,4.615940153007,6.));
#5470 = CARTESIAN_POINT('',(-13.72599725359,4.594461714501,6.));
#5471 = CARTESIAN_POINT('',(-13.68686504987,4.552239752673,6.));
#5472 = CARTESIAN_POINT('',(-13.62806632127,4.490378426651,6.));
#5473 = CARTESIAN_POINT('',(-13.56989579167,4.430699585817,6.));
#5474 = CARTESIAN_POINT('',(-13.51239881171,4.373177543217,6.));
#5475 = CARTESIAN_POINT('',(-13.45562022859,4.317785642809,6.));
#5476 = CARTESIAN_POINT('',(-13.39960431059,4.264496489879,6.));
#5477 = CARTESIAN_POINT('',(-13.34439475072,4.213281904122,6.));
#5478 = CARTESIAN_POINT('',(-13.2900346501,4.164112944611,6.));
#5479 = CARTESIAN_POINT('',(-13.23656650675,4.116959916444,6.));
#5480 = CARTESIAN_POINT('',(-13.18403220325,4.071792382359,6.));
#5481 = CARTESIAN_POINT('',(-13.13247299489,4.0285791733,6.));
#5482 = CARTESIAN_POINT('',(-13.08192949788,3.987288399479,6.));
#5483 = CARTESIAN_POINT('',(-13.03244167781,3.947887461538,6.));
#5484 = CARTESIAN_POINT('',(-12.98404883826,3.910343061912,6.));
#5485 = CARTESIAN_POINT('',(-12.93678960959,3.874621216354,6.));
#5486 = CARTESIAN_POINT('',(-12.89070193795,3.840687265639,6.));
#5487 = CARTESIAN_POINT('',(-12.8458230744,3.808505887426,6.));
#5488 = CARTESIAN_POINT('',(-12.80218956431,3.778041108299,6.));
#5489 = CARTESIAN_POINT('',(-12.7598372369,3.749256315955,6.));
#5490 = CARTESIAN_POINT('',(-12.71880119501,3.722114271566,6.));
#5491 = CARTESIAN_POINT('',(-12.67911580501,3.696577122286,6.));
#5492 = CARTESIAN_POINT('',(-12.64081468699,3.672606413918,6.));
#5493 = CARTESIAN_POINT('',(-12.60393070508,3.650163103729,6.));
#5494 = CARTESIAN_POINT('',(-12.56849595801,3.629207573414,6.));
#5495 = CARTESIAN_POINT('',(-12.53454176989,3.609699642201,6.));
#5496 = CARTESIAN_POINT('',(-12.50209868116,3.591598580104,6.));
#5497 = CARTESIAN_POINT('',(-12.47119643977,3.574863121306,6.));
#5498 = CARTESIAN_POINT('',(-12.44186399258,3.559451477689,6.));
#5499 = CARTESIAN_POINT('',(-12.41412947699,3.545321352486,6.));
#5500 = CARTESIAN_POINT('',(-12.38802021272,3.532429954075,6.));
#5501 = CARTESIAN_POINT('',(-12.36356269389,3.520734009883,6.));
#5502 = CARTESIAN_POINT('',(-12.34078258122,3.510189780501,6.));
#5503 = CARTESIAN_POINT('',(-12.31970469463,3.500753073626,6.));
#5504 = CARTESIAN_POINT('',(-12.30035300568,3.492379259172,6.));
#5505 = CARTESIAN_POINT('',(-12.28275063118,3.485023281184,6.));
#5506 = CARTESIAN_POINT('',(-12.26691982405,3.478639680677,6.));
#5507 = CARTESIAN_POINT('',(-12.25288197384,3.473182584775,6.));
#5508 = CARTESIAN_POINT('',(-12.24065757777,3.468605801567,6.));
#5509 = CARTESIAN_POINT('',(-12.23026630152,3.464862597539,6.));
#5510 = CARTESIAN_POINT('',(-12.22172677748,3.461906406694,6.));
#5511 = CARTESIAN_POINT('',(-12.21505713255,3.459688954444,6.));
#5512 = CARTESIAN_POINT('',(-12.2102736087,3.45816514259,6.));
#5513 = CARTESIAN_POINT('',(-12.20739358977,3.457282316098,6.));
#5514 = CARTESIAN_POINT('',(-12.20610863122,3.456906661421,6.));
#5515 = CARTESIAN_POINT('',(-12.20578706806,3.456813840547,6.));
#5516 = ORIENTED_EDGE('',*,*,#5517,.F.);
#5517 = EDGE_CURVE('',#5518,#5466,#5520,.T.);
#5518 = VERTEX_POINT('',#5519);
#5519 = CARTESIAN_POINT('',(-12.20578706806,3.456813840547,0.));
#5520 = LINE('',#5521,#5522);
#5521 = CARTESIAN_POINT('',(-12.20578706806,3.456813840547,0.));
#5522 = VECTOR('',#5523,1.);
#5523 = DIRECTION('',(0.,0.,1.));
#5524 = ORIENTED_EDGE('',*,*,#5525,.F.);
#5525 = EDGE_CURVE('',#5443,#5518,#5526,.T.);
#5526 = B_SPLINE_CURVE_WITH_KNOTS('',3,(#5527,#5528,#5529,#5530,#5531,
    #5532,#5533,#5534,#5535,#5536,#5537,#5538,#5539,#5540,#5541,#5542,
    #5543,#5544,#5545,#5546,#5547,#5548,#5549,#5550,#5551,#5552,#5553,
    #5554,#5555,#5556,#5557,#5558,#5559,#5560,#5561,#5562,#5563,#5564,
    #5565,#5566,#5567,#5568,#5569,#5570,#5571,#5572,#5573),
  .UNSPECIFIED.,.F.,.F.,(4,1,1,1,1,1,1,1,1,1,1,1,1,1,1,1,1,1,1,1,1,1,1,1
    ,1,1,1,1,1,1,1,1,1,1,1,1,1,1,1,1,1,1,1,1,4),(0.,8.735293048255E-02,
    0.172697747622,0.256034451418,0.337363041871,0.416683518981,
    0.493995882747,0.569300133171,0.642596270251,0.713884293989,
    0.783164204383,0.850436001435,0.915699685144,0.97895525551,
    1.040202712533,1.099442056214,1.156673286553,1.211896403548,
    1.265111407202,1.316318297513,1.365517074482,1.41270773811,
    1.457890288395,1.501064725339,1.542231048942,1.581389259203,
    1.618539356124,1.653681339704,1.686815209945,1.717940966845,
    1.747058610407,1.774168140631,1.799269557517,1.822362861067,
    1.843448051283,1.862525128166,1.879594091718,1.894654941944,
    1.907707678849,1.918752302441,1.927788812733,1.934817209752,
    1.939837493553,1.942849664305,1.943853723184),.UNSPECIFIED.);
#5527 = CARTESIAN_POINT('',(-13.74565736892,4.615940153007,0.));
#5528 = CARTESIAN_POINT('',(-13.72599725359,4.594461714501,0.));
#5529 = CARTESIAN_POINT('',(-13.68686504987,4.552239752673,0.));
#5530 = CARTESIAN_POINT('',(-13.62806632127,4.490378426651,0.));
#5531 = CARTESIAN_POINT('',(-13.56989579167,4.430699585817,0.));
#5532 = CARTESIAN_POINT('',(-13.51239881171,4.373177543217,0.));
#5533 = CARTESIAN_POINT('',(-13.45562022859,4.317785642809,0.));
#5534 = CARTESIAN_POINT('',(-13.39960431059,4.264496489879,0.));
#5535 = CARTESIAN_POINT('',(-13.34439475072,4.213281904122,0.));
#5536 = CARTESIAN_POINT('',(-13.2900346501,4.164112944611,0.));
#5537 = CARTESIAN_POINT('',(-13.23656650675,4.116959916444,0.));
#5538 = CARTESIAN_POINT('',(-13.18403220325,4.071792382359,0.));
#5539 = CARTESIAN_POINT('',(-13.13247299489,4.0285791733,0.));
#5540 = CARTESIAN_POINT('',(-13.08192949788,3.987288399479,0.));
#5541 = CARTESIAN_POINT('',(-13.03244167781,3.947887461538,0.));
#5542 = CARTESIAN_POINT('',(-12.98404883826,3.910343061912,0.));
#5543 = CARTESIAN_POINT('',(-12.93678960959,3.874621216354,0.));
#5544 = CARTESIAN_POINT('',(-12.89070193795,3.840687265639,0.));
#5545 = CARTESIAN_POINT('',(-12.8458230744,3.808505887426,0.));
#5546 = CARTESIAN_POINT('',(-12.80218956431,3.778041108299,0.));
#5547 = CARTESIAN_POINT('',(-12.7598372369,3.749256315955,0.));
#5548 = CARTESIAN_POINT('',(-12.71880119501,3.722114271566,0.));
#5549 = CARTESIAN_POINT('',(-12.67911580501,3.696577122286,0.));
#5550 = CARTESIAN_POINT('',(-12.64081468699,3.672606413918,0.));
#5551 = CARTESIAN_POINT('',(-12.60393070508,3.650163103729,0.));
#5552 = CARTESIAN_POINT('',(-12.56849595801,3.629207573414,0.));
#5553 = CARTESIAN_POINT('',(-12.53454176989,3.609699642201,0.));
#5554 = CARTESIAN_POINT('',(-12.50209868116,3.591598580104,0.));
#5555 = CARTESIAN_POINT('',(-12.47119643977,3.574863121306,0.));
#5556 = CARTESIAN_POINT('',(-12.44186399258,3.559451477689,0.));
#5557 = CARTESIAN_POINT('',(-12.41412947699,3.545321352486,0.));
#5558 = CARTESIAN_POINT('',(-12.38802021272,3.532429954075,0.));
#5559 = CARTESIAN_POINT('',(-12.36356269389,3.520734009883,0.));
#5560 = CARTESIAN_POINT('',(-12.34078258122,3.510189780501,0.));
#5561 = CARTESIAN_POINT('',(-12.31970469463,3.500753073626,0.));
#5562 = CARTESIAN_POINT('',(-12.30035300568,3.492379259172,0.));
#5563 = CARTESIAN_POINT('',(-12.28275063118,3.485023281184,0.));
#5564 = CARTESIAN_POINT('',(-12.26691982405,3.478639680677,0.));
#5565 = CARTESIAN_POINT('',(-12.25288197384,3.473182584775,0.));
#5566 = CARTESIAN_POINT('',(-12.24065757777,3.468605801567,0.));
#5567 = CARTESIAN_POINT('',(-12.23026630152,3.464862597539,0.));
#5568 = CARTESIAN_POINT('',(-12.22172677748,3.461906406694,0.));
#5569 = CARTESIAN_POINT('',(-12.21505713255,3.459688954444,0.));
#5570 = CARTESIAN_POINT('',(-12.2102736087,3.45816514259,0.));
#5571 = CARTESIAN_POINT('',(-12.20739358977,3.457282316098,0.));
#5572 = CARTESIAN_POINT('',(-12.20610863122,3.456906661421,0.));
#5573 = CARTESIAN_POINT('',(-12.20578706806,3.456813840547,0.));
#5574 = SURFACE_OF_LINEAR_EXTRUSION('',#5575,#5623);
#5575 = B_SPLINE_CURVE_WITH_KNOTS('',3,(#5576,#5577,#5578,#5579,#5580,
    #5581,#5582,#5583,#5584,#5585,#5586,#5587,#5588,#5589,#5590,#5591,
    #5592,#5593,#5594,#5595,#5596,#5597,#5598,#5599,#5600,#5601,#5602,
    #5603,#5604,#5605,#5606,#5607,#5608,#5609,#5610,#5611,#5612,#5613,
    #5614,#5615,#5616,#5617,#5618,#5619,#5620,#5621,#5622),
  .UNSPECIFIED.,.F.,.F.,(4,1,1,1,1,1,1,1,1,1,1,1,1,1,1,1,1,1,1,1,1,1,1,1
    ,1,1,1,1,1,1,1,1,1,1,1,1,1,1,1,1,1,1,1,1,4),(0.,8.735293048255E-02,
    0.172697747622,0.256034451418,0.337363041871,0.416683518981,
    0.493995882747,0.569300133171,0.642596270251,0.713884293989,
    0.783164204383,0.850436001435,0.915699685144,0.97895525551,
    1.040202712533,1.099442056214,1.156673286553,1.211896403548,
    1.265111407202,1.316318297513,1.365517074482,1.41270773811,
    1.457890288395,1.501064725339,1.542231048942,1.581389259203,
    1.618539356124,1.653681339704,1.686815209945,1.717940966845,
    1.747058610407,1.774168140631,1.799269557517,1.822362861067,
    1.843448051283,1.862525128166,1.879594091718,1.894654941944,
    1.907707678849,1.918752302441,1.927788812733,1.934817209752,
    1.939837493553,1.942849664305,1.943853723184),.UNSPECIFIED.);
#5576 = CARTESIAN_POINT('',(-13.74565736892,4.615940153007,0.));
#5577 = CARTESIAN_POINT('',(-13.72599725359,4.594461714501,0.));
#5578 = CARTESIAN_POINT('',(-13.68686504987,4.552239752673,0.));
#5579 = CARTESIAN_POINT('',(-13.62806632127,4.490378426651,0.));
#5580 = CARTESIAN_POINT('',(-13.56989579167,4.430699585817,0.));
#5581 = CARTESIAN_POINT('',(-13.51239881171,4.373177543217,0.));
#5582 = CARTESIAN_POINT('',(-13.45562022859,4.317785642809,0.));
#5583 = CARTESIAN_POINT('',(-13.39960431059,4.264496489879,0.));
#5584 = CARTESIAN_POINT('',(-13.34439475072,4.213281904122,0.));
#5585 = CARTESIAN_POINT('',(-13.2900346501,4.164112944611,0.));
#5586 = CARTESIAN_POINT('',(-13.23656650675,4.116959916444,0.));
#5587 = CARTESIAN_POINT('',(-13.18403220325,4.071792382359,0.));
#5588 = CARTESIAN_POINT('',(-13.13247299489,4.0285791733,0.));
#5589 = CARTESIAN_POINT('',(-13.08192949788,3.987288399479,0.));
#5590 = CARTESIAN_POINT('',(-13.03244167781,3.947887461538,0.));
#5591 = CARTESIAN_POINT('',(-12.98404883826,3.910343061912,0.));
#5592 = CARTESIAN_POINT('',(-12.93678960959,3.874621216354,0.));
#5593 = CARTESIAN_POINT('',(-12.89070193795,3.840687265639,0.));
#5594 = CARTESIAN_POINT('',(-12.8458230744,3.808505887426,0.));
#5595 = CARTESIAN_POINT('',(-12.80218956431,3.778041108299,0.));
#5596 = CARTESIAN_POINT('',(-12.7598372369,3.749256315955,0.));
#5597 = CARTESIAN_POINT('',(-12.71880119501,3.722114271566,0.));
#5598 = CARTESIAN_POINT('',(-12.67911580501,3.696577122286,0.));
#5599 = CARTESIAN_POINT('',(-12.64081468699,3.672606413918,0.));
#5600 = CARTESIAN_POINT('',(-12.60393070508,3.650163103729,0.));
#5601 = CARTESIAN_POINT('',(-12.56849595801,3.629207573414,0.));
#5602 = CARTESIAN_POINT('',(-12.53454176989,3.609699642201,0.));
#5603 = CARTESIAN_POINT('',(-12.50209868116,3.591598580104,0.));
#5604 = CARTESIAN_POINT('',(-12.47119643977,3.574863121306,0.));
#5605 = CARTESIAN_POINT('',(-12.44186399258,3.559451477689,0.));
#5606 = CARTESIAN_POINT('',(-12.41412947699,3.545321352486,0.));
#5607 = CARTESIAN_POINT('',(-12.38802021272,3.532429954075,0.));
#5608 = CARTESIAN_POINT('',(-12.36356269389,3.520734009883,0.));
#5609 = CARTESIAN_POINT('',(-12.34078258122,3.510189780501,0.));
#5610 = CARTESIAN_POINT('',(-12.31970469463,3.500753073626,0.));
#5611 = CARTESIAN_POINT('',(-12.30035300568,3.492379259172,0.));
#5612 = CARTESIAN_POINT('',(-12.28275063118,3.485023281184,0.));
#5613 = CARTESIAN_POINT('',(-12.26691982405,3.478639680677,0.));
#5614 = CARTESIAN_POINT('',(-12.25288197384,3.473182584775,0.));
#5615 = CARTESIAN_POINT('',(-12.24065757777,3.468605801567,0.));
#5616 = CARTESIAN_POINT('',(-12.23026630152,3.464862597539,0.));
#5617 = CARTESIAN_POINT('',(-12.22172677748,3.461906406694,0.));
#5618 = CARTESIAN_POINT('',(-12.21505713255,3.459688954444,0.));
#5619 = CARTESIAN_POINT('',(-12.2102736087,3.45816514259,0.));
#5620 = CARTESIAN_POINT('',(-12.20739358977,3.457282316098,0.));
#5621 = CARTESIAN_POINT('',(-12.20610863122,3.456906661421,0.));
#5622 = CARTESIAN_POINT('',(-12.20578706806,3.456813840547,0.));
#5623 = VECTOR('',#5624,1.);
#5624 = DIRECTION('',(-0.,-0.,-1.));
#5625 = ADVANCED_FACE('',(#5626),#5649,.F.);
#5626 = FACE_BOUND('',#5627,.F.);
#5627 = EDGE_LOOP('',(#5628,#5629,#5636,#5644));
#5628 = ORIENTED_EDGE('',*,*,#5517,.T.);
#5629 = ORIENTED_EDGE('',*,*,#5630,.T.);
#5630 = EDGE_CURVE('',#5466,#5631,#5633,.T.);
#5631 = VERTEX_POINT('',#5632);
#5632 = CARTESIAN_POINT('',(-11.7864303218,3.338047373743,6.));
#5633 = B_SPLINE_CURVE_WITH_KNOTS('',1,(#5634,#5635),.UNSPECIFIED.,.F.,
  .F.,(2,2),(0.,0.43585038061),.PIECEWISE_BEZIER_KNOTS.);
#5634 = CARTESIAN_POINT('',(-12.20578706806,3.456813840547,6.));
#5635 = CARTESIAN_POINT('',(-11.7864303218,3.338047373743,6.));
#5636 = ORIENTED_EDGE('',*,*,#5637,.F.);
#5637 = EDGE_CURVE('',#5638,#5631,#5640,.T.);
#5638 = VERTEX_POINT('',#5639);
#5639 = CARTESIAN_POINT('',(-11.7864303218,3.338047373743,0.));
#5640 = LINE('',#5641,#5642);
#5641 = CARTESIAN_POINT('',(-11.7864303218,3.338047373743,0.));
#5642 = VECTOR('',#5643,1.);
#5643 = DIRECTION('',(0.,0.,1.));
#5644 = ORIENTED_EDGE('',*,*,#5645,.F.);
#5645 = EDGE_CURVE('',#5518,#5638,#5646,.T.);
#5646 = B_SPLINE_CURVE_WITH_KNOTS('',1,(#5647,#5648),.UNSPECIFIED.,.F.,
  .F.,(2,2),(0.,0.43585038061),.PIECEWISE_BEZIER_KNOTS.);
#5647 = CARTESIAN_POINT('',(-12.20578706806,3.456813840547,0.));
#5648 = CARTESIAN_POINT('',(-11.7864303218,3.338047373743,0.));
#5649 = SURFACE_OF_LINEAR_EXTRUSION('',#5650,#5653);
#5650 = B_SPLINE_CURVE_WITH_KNOTS('',1,(#5651,#5652),.UNSPECIFIED.,.F.,
  .F.,(2,2),(0.,0.43585038061),.PIECEWISE_BEZIER_KNOTS.);
#5651 = CARTESIAN_POINT('',(-12.20578706806,3.456813840547,0.));
#5652 = CARTESIAN_POINT('',(-11.7864303218,3.338047373743,0.));
#5653 = VECTOR('',#5654,1.);
#5654 = DIRECTION('',(-0.,-0.,-1.));
#5655 = ADVANCED_FACE('',(#5656),#5679,.F.);
#5656 = FACE_BOUND('',#5657,.F.);
#5657 = EDGE_LOOP('',(#5658,#5659,#5666,#5674));
#5658 = ORIENTED_EDGE('',*,*,#5637,.T.);
#5659 = ORIENTED_EDGE('',*,*,#5660,.T.);
#5660 = EDGE_CURVE('',#5631,#5661,#5663,.T.);
#5661 = VERTEX_POINT('',#5662);
#5662 = CARTESIAN_POINT('',(-12.03085177326,2.306752177791,6.));
#5663 = B_SPLINE_CURVE_WITH_KNOTS('',1,(#5664,#5665),.UNSPECIFIED.,.F.,
  .F.,(2,2),(0.,1.059863966333),.PIECEWISE_BEZIER_KNOTS.);
#5664 = CARTESIAN_POINT('',(-11.7864303218,3.338047373743,6.));
#5665 = CARTESIAN_POINT('',(-12.03085177326,2.306752177791,6.));
#5666 = ORIENTED_EDGE('',*,*,#5667,.F.);
#5667 = EDGE_CURVE('',#5668,#5661,#5670,.T.);
#5668 = VERTEX_POINT('',#5669);
#5669 = CARTESIAN_POINT('',(-12.03085177326,2.306752177791,0.));
#5670 = LINE('',#5671,#5672);
#5671 = CARTESIAN_POINT('',(-12.03085177326,2.306752177791,0.));
#5672 = VECTOR('',#5673,1.);
#5673 = DIRECTION('',(0.,0.,1.));
#5674 = ORIENTED_EDGE('',*,*,#5675,.F.);
#5675 = EDGE_CURVE('',#5638,#5668,#5676,.T.);
#5676 = B_SPLINE_CURVE_WITH_KNOTS('',1,(#5677,#5678),.UNSPECIFIED.,.F.,
  .F.,(2,2),(0.,1.059863966333),.PIECEWISE_BEZIER_KNOTS.);
#5677 = CARTESIAN_POINT('',(-11.7864303218,3.338047373743,0.));
#5678 = CARTESIAN_POINT('',(-12.03085177326,2.306752177791,0.));
#5679 = SURFACE_OF_LINEAR_EXTRUSION('',#5680,#5683);
#5680 = B_SPLINE_CURVE_WITH_KNOTS('',1,(#5681,#5682),.UNSPECIFIED.,.F.,
  .F.,(2,2),(0.,1.059863966333),.PIECEWISE_BEZIER_KNOTS.);
#5681 = CARTESIAN_POINT('',(-11.7864303218,3.338047373743,0.));
#5682 = CARTESIAN_POINT('',(-12.03085177326,2.306752177791,0.));
#5683 = VECTOR('',#5684,1.);
#5684 = DIRECTION('',(-0.,-0.,-1.));
#5685 = ADVANCED_FACE('',(#5686),#5709,.F.);
#5686 = FACE_BOUND('',#5687,.F.);
#5687 = EDGE_LOOP('',(#5688,#5689,#5696,#5704));
#5688 = ORIENTED_EDGE('',*,*,#5667,.T.);
#5689 = ORIENTED_EDGE('',*,*,#5690,.T.);
#5690 = EDGE_CURVE('',#5661,#5691,#5693,.T.);
#5691 = VERTEX_POINT('',#5692);
#5692 = CARTESIAN_POINT('',(-12.4589049426,2.388825550416,6.));
#5693 = B_SPLINE_CURVE_WITH_KNOTS('',1,(#5694,#5695),.UNSPECIFIED.,.F.,
  .F.,(2,2),(0.,0.43585038061),.PIECEWISE_BEZIER_KNOTS.);
#5694 = CARTESIAN_POINT('',(-12.03085177326,2.306752177791,6.));
#5695 = CARTESIAN_POINT('',(-12.4589049426,2.388825550416,6.));
#5696 = ORIENTED_EDGE('',*,*,#5697,.F.);
#5697 = EDGE_CURVE('',#5698,#5691,#5700,.T.);
#5698 = VERTEX_POINT('',#5699);
#5699 = CARTESIAN_POINT('',(-12.4589049426,2.388825550416,0.));
#5700 = LINE('',#5701,#5702);
#5701 = CARTESIAN_POINT('',(-12.4589049426,2.388825550416,0.));
#5702 = VECTOR('',#5703,1.);
#5703 = DIRECTION('',(0.,0.,1.));
#5704 = ORIENTED_EDGE('',*,*,#5705,.F.);
#5705 = EDGE_CURVE('',#5668,#5698,#5706,.T.);
#5706 = B_SPLINE_CURVE_WITH_KNOTS('',1,(#5707,#5708),.UNSPECIFIED.,.F.,
  .F.,(2,2),(0.,0.43585038061),.PIECEWISE_BEZIER_KNOTS.);
#5707 = CARTESIAN_POINT('',(-12.03085177326,2.306752177791,0.));
#5708 = CARTESIAN_POINT('',(-12.4589049426,2.388825550416,0.));
#5709 = SURFACE_OF_LINEAR_EXTRUSION('',#5710,#5713);
#5710 = B_SPLINE_CURVE_WITH_KNOTS('',1,(#5711,#5712),.UNSPECIFIED.,.F.,
  .F.,(2,2),(0.,0.43585038061),.PIECEWISE_BEZIER_KNOTS.);
#5711 = CARTESIAN_POINT('',(-12.03085177326,2.306752177791,0.));
#5712 = CARTESIAN_POINT('',(-12.4589049426,2.388825550416,0.));
#5713 = VECTOR('',#5714,1.);
#5714 = DIRECTION('',(-0.,-0.,-1.));
#5715 = ADVANCED_FACE('',(#5716),#5829,.F.);
#5716 = FACE_BOUND('',#5717,.F.);
#5717 = EDGE_LOOP('',(#5718,#5719,#5771,#5779));
#5718 = ORIENTED_EDGE('',*,*,#5697,.T.);
#5719 = ORIENTED_EDGE('',*,*,#5720,.T.);
#5720 = EDGE_CURVE('',#5691,#5721,#5723,.T.);
#5721 = VERTEX_POINT('',#5722);
#5722 = CARTESIAN_POINT('',(-14.35519824409,2.044084971983,6.));
#5723 = B_SPLINE_CURVE_WITH_KNOTS('',3,(#5724,#5725,#5726,#5727,#5728,
    #5729,#5730,#5731,#5732,#5733,#5734,#5735,#5736,#5737,#5738,#5739,
    #5740,#5741,#5742,#5743,#5744,#5745,#5746,#5747,#5748,#5749,#5750,
    #5751,#5752,#5753,#5754,#5755,#5756,#5757,#5758,#5759,#5760,#5761,
    #5762,#5763,#5764,#5765,#5766,#5767,#5768,#5769,#5770),
  .UNSPECIFIED.,.F.,.F.,(4,1,1,1,1,1,1,1,1,1,1,1,1,1,1,1,1,1,1,1,1,1,1,1
    ,1,1,1,1,1,1,1,1,1,1,1,1,1,1,1,1,1,1,1,1,4),(0.,1.004058879412E-03,
    4.016229631009E-03,9.036513432115E-03,1.606491045092E-02,
    2.510142074349E-02,3.614604433531E-02,4.91987812401E-02,
    6.425963146609E-02,8.132859501861E-02,0.100405671901,0.121490862117,
    0.144584165667,0.169685582553,0.196795112777,0.225912756339,
    0.25703851324,0.29017238348,0.32531436706,0.362464463981,
    0.401622674242,0.442788997845,0.485963434789,0.531145985075,
    0.578336648702,0.627535425671,0.678742315982,0.731957319636,
    0.787180436632,0.84441166697,0.903651010651,0.964898467674,
    1.02815403804,1.093417721749,1.160689518801,1.229969429195,
    1.301257452933,1.374553590013,1.449857840437,1.527170204204,
    1.606490681313,1.687819271766,1.771155975562,1.856500792702,
    1.943853723184),.UNSPECIFIED.);
#5724 = CARTESIAN_POINT('',(-12.4589049426,2.388825550416,6.));
#5725 = CARTESIAN_POINT('',(-12.45923395987,2.388886919936,6.));
#5726 = CARTESIAN_POINT('',(-12.46055083428,2.389127910999,6.));
#5727 = CARTESIAN_POINT('',(-12.46352072501,2.389631538563,6.));
#5728 = CARTESIAN_POINT('',(-12.46847932356,2.390416652133,6.));
#5729 = CARTESIAN_POINT('',(-12.47543472672,2.391428395601,6.));
#5730 = CARTESIAN_POINT('',(-12.48439266017,2.392619178363,6.));
#5731 = CARTESIAN_POINT('',(-12.4953585907,2.393937725325,6.));
#5732 = CARTESIAN_POINT('',(-12.50833676659,2.395334061399,6.));
#5733 = CARTESIAN_POINT('',(-12.5233305879,2.396757598044,6.));
#5734 = CARTESIAN_POINT('',(-12.54034246855,2.39815785753,6.));
#5735 = CARTESIAN_POINT('',(-12.55937388184,2.399484246742,6.));
#5736 = CARTESIAN_POINT('',(-12.5804253438,2.400686154959,6.));
#5737 = CARTESIAN_POINT('',(-12.60349641755,2.4017129439,6.));
#5738 = CARTESIAN_POINT('',(-12.62858571128,2.402513972247,6.));
#5739 = CARTESIAN_POINT('',(-12.65569087858,2.403038609161,6.));
#5740 = CARTESIAN_POINT('',(-12.68480861839,2.403236251163,6.));
#5741 = CARTESIAN_POINT('',(-12.71593467539,2.403056337929,6.));
#5742 = CARTESIAN_POINT('',(-12.74906384063,2.4024483684,6.));
#5743 = CARTESIAN_POINT('',(-12.78418995239,2.401361916771,6.));
#5744 = CARTESIAN_POINT('',(-12.82130589726,2.399746648484,6.));
#5745 = CARTESIAN_POINT('',(-12.86040361158,2.397552336199,6.));
#5746 = CARTESIAN_POINT('',(-12.90147408298,2.394728875749,6.));
#5747 = CARTESIAN_POINT('',(-12.94450735234,2.391226302051,6.));
#5748 = CARTESIAN_POINT('',(-12.98949251583,2.38699480501,6.));
#5749 = CARTESIAN_POINT('',(-13.03641772733,2.381984745369,6.));
#5750 = CARTESIAN_POINT('',(-13.08527020107,2.376146670538,6.));
#5751 = CARTESIAN_POINT('',(-13.13603621444,2.369431330374,6.));
#5752 = CARTESIAN_POINT('',(-13.18870111117,2.361789692924,6.));
#5753 = CARTESIAN_POINT('',(-13.24324930466,2.353172960114,6.));
#5754 = CARTESIAN_POINT('',(-13.29966428162,2.34353258339,6.));
#5755 = CARTESIAN_POINT('',(-13.35792860591,2.332820279308,6.));
#5756 = CARTESIAN_POINT('',(-13.41802392266,2.320988045058,6.));
#5757 = CARTESIAN_POINT('',(-13.47993096262,2.307988173933,6.));
#5758 = CARTESIAN_POINT('',(-13.54362954675,2.293773270725,6.));
#5759 = CARTESIAN_POINT('',(-13.60909859105,2.278296267062,6.));
#5760 = CARTESIAN_POINT('',(-13.67631611166,2.261510436662,6.));
#5761 = CARTESIAN_POINT('',(-13.74525923016,2.243369410503,6.));
#5762 = CARTESIAN_POINT('',(-13.81590417913,2.223827191989,6.));
#5763 = CARTESIAN_POINT('',(-13.88822630798,2.202838171704,6.));
#5764 = CARTESIAN_POINT('',(-13.96220008884,2.180357143347,6.));
#5765 = CARTESIAN_POINT('',(-14.03779912348,2.156339314693,6.));
#5766 = CARTESIAN_POINT('',(-14.11499614705,2.130740337355,6.));
#5767 = CARTESIAN_POINT('',(-14.19376304585,2.103516263244,6.));
#5768 = CARTESIAN_POINT('',(-14.27407082134,2.07462378433,6.));
#5769 = CARTESIAN_POINT('',(-14.32798981773,2.054455362051,6.));
#5770 = CARTESIAN_POINT('',(-14.35519824409,2.044084971983,6.));
#5771 = ORIENTED_EDGE('',*,*,#5772,.F.);
#5772 = EDGE_CURVE('',#5773,#5721,#5775,.T.);
#5773 = VERTEX_POINT('',#5774);
#5774 = CARTESIAN_POINT('',(-14.35519824409,2.044084971983,0.));
#5775 = LINE('',#5776,#5777);
#5776 = CARTESIAN_POINT('',(-14.35519824409,2.044084971983,0.));
#5777 = VECTOR('',#5778,1.);
#5778 = DIRECTION('',(0.,0.,1.));
#5779 = ORIENTED_EDGE('',*,*,#5780,.F.);
#5780 = EDGE_CURVE('',#5698,#5773,#5781,.T.);
#5781 = B_SPLINE_CURVE_WITH_KNOTS('',3,(#5782,#5783,#5784,#5785,#5786,
    #5787,#5788,#5789,#5790,#5791,#5792,#5793,#5794,#5795,#5796,#5797,
    #5798,#5799,#5800,#5801,#5802,#5803,#5804,#5805,#5806,#5807,#5808,
    #5809,#5810,#5811,#5812,#5813,#5814,#5815,#5816,#5817,#5818,#5819,
    #5820,#5821,#5822,#5823,#5824,#5825,#5826,#5827,#5828),
  .UNSPECIFIED.,.F.,.F.,(4,1,1,1,1,1,1,1,1,1,1,1,1,1,1,1,1,1,1,1,1,1,1,1
    ,1,1,1,1,1,1,1,1,1,1,1,1,1,1,1,1,1,1,1,1,4),(0.,1.004058879412E-03,
    4.016229631009E-03,9.036513432115E-03,1.606491045092E-02,
    2.510142074349E-02,3.614604433531E-02,4.91987812401E-02,
    6.425963146609E-02,8.132859501861E-02,0.100405671901,0.121490862117,
    0.144584165667,0.169685582553,0.196795112777,0.225912756339,
    0.25703851324,0.29017238348,0.32531436706,0.362464463981,
    0.401622674242,0.442788997845,0.485963434789,0.531145985075,
    0.578336648702,0.627535425671,0.678742315982,0.731957319636,
    0.787180436632,0.84441166697,0.903651010651,0.964898467674,
    1.02815403804,1.093417721749,1.160689518801,1.229969429195,
    1.301257452933,1.374553590013,1.449857840437,1.527170204204,
    1.606490681313,1.687819271766,1.771155975562,1.856500792702,
    1.943853723184),.UNSPECIFIED.);
#5782 = CARTESIAN_POINT('',(-12.4589049426,2.388825550416,0.));
#5783 = CARTESIAN_POINT('',(-12.45923395987,2.388886919936,0.));
#5784 = CARTESIAN_POINT('',(-12.46055083428,2.389127910999,0.));
#5785 = CARTESIAN_POINT('',(-12.46352072501,2.389631538563,0.));
#5786 = CARTESIAN_POINT('',(-12.46847932356,2.390416652133,0.));
#5787 = CARTESIAN_POINT('',(-12.47543472672,2.391428395601,0.));
#5788 = CARTESIAN_POINT('',(-12.48439266017,2.392619178363,0.));
#5789 = CARTESIAN_POINT('',(-12.4953585907,2.393937725325,0.));
#5790 = CARTESIAN_POINT('',(-12.50833676659,2.395334061399,0.));
#5791 = CARTESIAN_POINT('',(-12.5233305879,2.396757598044,0.));
#5792 = CARTESIAN_POINT('',(-12.54034246855,2.39815785753,0.));
#5793 = CARTESIAN_POINT('',(-12.55937388184,2.399484246742,0.));
#5794 = CARTESIAN_POINT('',(-12.5804253438,2.400686154959,0.));
#5795 = CARTESIAN_POINT('',(-12.60349641755,2.4017129439,0.));
#5796 = CARTESIAN_POINT('',(-12.62858571128,2.402513972247,0.));
#5797 = CARTESIAN_POINT('',(-12.65569087858,2.403038609161,0.));
#5798 = CARTESIAN_POINT('',(-12.68480861839,2.403236251163,0.));
#5799 = CARTESIAN_POINT('',(-12.71593467539,2.403056337929,0.));
#5800 = CARTESIAN_POINT('',(-12.74906384063,2.4024483684,0.));
#5801 = CARTESIAN_POINT('',(-12.78418995239,2.401361916771,0.));
#5802 = CARTESIAN_POINT('',(-12.82130589726,2.399746648484,0.));
#5803 = CARTESIAN_POINT('',(-12.86040361158,2.397552336199,0.));
#5804 = CARTESIAN_POINT('',(-12.90147408298,2.394728875749,0.));
#5805 = CARTESIAN_POINT('',(-12.94450735234,2.391226302051,0.));
#5806 = CARTESIAN_POINT('',(-12.98949251583,2.38699480501,0.));
#5807 = CARTESIAN_POINT('',(-13.03641772733,2.381984745369,0.));
#5808 = CARTESIAN_POINT('',(-13.08527020107,2.376146670538,0.));
#5809 = CARTESIAN_POINT('',(-13.13603621444,2.369431330374,0.));
#5810 = CARTESIAN_POINT('',(-13.18870111117,2.361789692924,0.));
#5811 = CARTESIAN_POINT('',(-13.24324930466,2.353172960114,0.));
#5812 = CARTESIAN_POINT('',(-13.29966428162,2.34353258339,0.));
#5813 = CARTESIAN_POINT('',(-13.35792860591,2.332820279308,0.));
#5814 = CARTESIAN_POINT('',(-13.41802392266,2.320988045058,0.));
#5815 = CARTESIAN_POINT('',(-13.47993096262,2.307988173933,0.));
#5816 = CARTESIAN_POINT('',(-13.54362954675,2.293773270725,0.));
#5817 = CARTESIAN_POINT('',(-13.60909859105,2.278296267062,0.));
#5818 = CARTESIAN_POINT('',(-13.67631611166,2.261510436662,0.));
#5819 = CARTESIAN_POINT('',(-13.74525923016,2.243369410503,0.));
#5820 = CARTESIAN_POINT('',(-13.81590417913,2.223827191989,0.));
#5821 = CARTESIAN_POINT('',(-13.88822630798,2.202838171704,0.));
#5822 = CARTESIAN_POINT('',(-13.96220008884,2.180357143347,0.));
#5823 = CARTESIAN_POINT('',(-14.03779912348,2.156339314693,0.));
#5824 = CARTESIAN_POINT('',(-14.11499614705,2.130740337355,0.));
#5825 = CARTESIAN_POINT('',(-14.19376304585,2.103516263244,0.));
#5826 = CARTESIAN_POINT('',(-14.27407082134,2.07462378433,0.));
#5827 = CARTESIAN_POINT('',(-14.32798981773,2.054455362051,0.));
#5828 = CARTESIAN_POINT('',(-14.35519824409,2.044084971983,0.));
#5829 = SURFACE_OF_LINEAR_EXTRUSION('',#5830,#5878);
#5830 = B_SPLINE_CURVE_WITH_KNOTS('',3,(#5831,#5832,#5833,#5834,#5835,
    #5836,#5837,#5838,#5839,#5840,#5841,#5842,#5843,#5844,#5845,#5846,
    #5847,#5848,#5849,#5850,#5851,#5852,#5853,#5854,#5855,#5856,#5857,
    #5858,#5859,#5860,#5861,#5862,#5863,#5864,#5865,#5866,#5867,#5868,
    #5869,#5870,#5871,#5872,#5873,#5874,#5875,#5876,#5877),
  .UNSPECIFIED.,.F.,.F.,(4,1,1,1,1,1,1,1,1,1,1,1,1,1,1,1,1,1,1,1,1,1,1,1
    ,1,1,1,1,1,1,1,1,1,1,1,1,1,1,1,1,1,1,1,1,4),(0.,1.004058879412E-03,
    4.016229631009E-03,9.036513432115E-03,1.606491045092E-02,
    2.510142074349E-02,3.614604433531E-02,4.91987812401E-02,
    6.425963146609E-02,8.132859501861E-02,0.100405671901,0.121490862117,
    0.144584165667,0.169685582553,0.196795112777,0.225912756339,
    0.25703851324,0.29017238348,0.32531436706,0.362464463981,
    0.401622674242,0.442788997845,0.485963434789,0.531145985075,
    0.578336648702,0.627535425671,0.678742315982,0.731957319636,
    0.787180436632,0.84441166697,0.903651010651,0.964898467674,
    1.02815403804,1.093417721749,1.160689518801,1.229969429195,
    1.301257452933,1.374553590013,1.449857840437,1.527170204204,
    1.606490681313,1.687819271766,1.771155975562,1.856500792702,
    1.943853723184),.UNSPECIFIED.);
#5831 = CARTESIAN_POINT('',(-12.4589049426,2.388825550416,0.));
#5832 = CARTESIAN_POINT('',(-12.45923395987,2.388886919936,0.));
#5833 = CARTESIAN_POINT('',(-12.46055083428,2.389127910999,0.));
#5834 = CARTESIAN_POINT('',(-12.46352072501,2.389631538563,0.));
#5835 = CARTESIAN_POINT('',(-12.46847932356,2.390416652133,0.));
#5836 = CARTESIAN_POINT('',(-12.47543472672,2.391428395601,0.));
#5837 = CARTESIAN_POINT('',(-12.48439266017,2.392619178363,0.));
#5838 = CARTESIAN_POINT('',(-12.4953585907,2.393937725325,0.));
#5839 = CARTESIAN_POINT('',(-12.50833676659,2.395334061399,0.));
#5840 = CARTESIAN_POINT('',(-12.5233305879,2.396757598044,0.));
#5841 = CARTESIAN_POINT('',(-12.54034246855,2.39815785753,0.));
#5842 = CARTESIAN_POINT('',(-12.55937388184,2.399484246742,0.));
#5843 = CARTESIAN_POINT('',(-12.5804253438,2.400686154959,0.));
#5844 = CARTESIAN_POINT('',(-12.60349641755,2.4017129439,0.));
#5845 = CARTESIAN_POINT('',(-12.62858571128,2.402513972247,0.));
#5846 = CARTESIAN_POINT('',(-12.65569087858,2.403038609161,0.));
#5847 = CARTESIAN_POINT('',(-12.68480861839,2.403236251163,0.));
#5848 = CARTESIAN_POINT('',(-12.71593467539,2.403056337929,0.));
#5849 = CARTESIAN_POINT('',(-12.74906384063,2.4024483684,0.));
#5850 = CARTESIAN_POINT('',(-12.78418995239,2.401361916771,0.));
#5851 = CARTESIAN_POINT('',(-12.82130589726,2.399746648484,0.));
#5852 = CARTESIAN_POINT('',(-12.86040361158,2.397552336199,0.));
#5853 = CARTESIAN_POINT('',(-12.90147408298,2.394728875749,0.));
#5854 = CARTESIAN_POINT('',(-12.94450735234,2.391226302051,0.));
#5855 = CARTESIAN_POINT('',(-12.98949251583,2.38699480501,0.));
#5856 = CARTESIAN_POINT('',(-13.03641772733,2.381984745369,0.));
#5857 = CARTESIAN_POINT('',(-13.08527020107,2.376146670538,0.));
#5858 = CARTESIAN_POINT('',(-13.13603621444,2.369431330374,0.));
#5859 = CARTESIAN_POINT('',(-13.18870111117,2.361789692924,0.));
#5860 = CARTESIAN_POINT('',(-13.24324930466,2.353172960114,0.));
#5861 = CARTESIAN_POINT('',(-13.29966428162,2.34353258339,0.));
#5862 = CARTESIAN_POINT('',(-13.35792860591,2.332820279308,0.));
#5863 = CARTESIAN_POINT('',(-13.41802392266,2.320988045058,0.));
#5864 = CARTESIAN_POINT('',(-13.47993096262,2.307988173933,0.));
#5865 = CARTESIAN_POINT('',(-13.54362954675,2.293773270725,0.));
#5866 = CARTESIAN_POINT('',(-13.60909859105,2.278296267062,0.));
#5867 = CARTESIAN_POINT('',(-13.67631611166,2.261510436662,0.));
#5868 = CARTESIAN_POINT('',(-13.74525923016,2.243369410503,0.));
#5869 = CARTESIAN_POINT('',(-13.81590417913,2.223827191989,0.));
#5870 = CARTESIAN_POINT('',(-13.88822630798,2.202838171704,0.));
#5871 = CARTESIAN_POINT('',(-13.96220008884,2.180357143347,0.));
#5872 = CARTESIAN_POINT('',(-14.03779912348,2.156339314693,0.));
#5873 = CARTESIAN_POINT('',(-14.11499614705,2.130740337355,0.));
#5874 = CARTESIAN_POINT('',(-14.19376304585,2.103516263244,0.));
#5875 = CARTESIAN_POINT('',(-14.27407082134,2.07462378433,0.));
#5876 = CARTESIAN_POINT('',(-14.32798981773,2.054455362051,0.));
#5877 = CARTESIAN_POINT('',(-14.35519824409,2.044084971983,0.));
#5878 = VECTOR('',#5879,1.);
#5879 = DIRECTION('',(-0.,-0.,-1.));
#5880 = ADVANCED_FACE('',(#5881),#5904,.F.);
#5881 = FACE_BOUND('',#5882,.F.);
#5882 = EDGE_LOOP('',(#5883,#5884,#5891,#5899));
#5883 = ORIENTED_EDGE('',*,*,#5772,.T.);
#5884 = ORIENTED_EDGE('',*,*,#5885,.T.);
#5885 = EDGE_CURVE('',#5721,#5886,#5888,.T.);
#5886 = VERTEX_POINT('',#5887);
#5887 = CARTESIAN_POINT('',(-14.43965045326,1.321550145725,6.));
#5888 = B_SPLINE_CURVE_WITH_KNOTS('',1,(#5889,#5890),.UNSPECIFIED.,.F.,
  .F.,(2,2),(0.,0.72745360731),.PIECEWISE_BEZIER_KNOTS.);
#5889 = CARTESIAN_POINT('',(-14.35519824409,2.044084971983,6.));
#5890 = CARTESIAN_POINT('',(-14.43965045326,1.321550145725,6.));
#5891 = ORIENTED_EDGE('',*,*,#5892,.F.);
#5892 = EDGE_CURVE('',#5893,#5886,#5895,.T.);
#5893 = VERTEX_POINT('',#5894);
#5894 = CARTESIAN_POINT('',(-14.43965045326,1.321550145725,0.));
#5895 = LINE('',#5896,#5897);
#5896 = CARTESIAN_POINT('',(-14.43965045326,1.321550145725,0.));
#5897 = VECTOR('',#5898,1.);
#5898 = DIRECTION('',(0.,0.,1.));
#5899 = ORIENTED_EDGE('',*,*,#5900,.F.);
#5900 = EDGE_CURVE('',#5773,#5893,#5901,.T.);
#5901 = B_SPLINE_CURVE_WITH_KNOTS('',1,(#5902,#5903),.UNSPECIFIED.,.F.,
  .F.,(2,2),(0.,0.72745360731),.PIECEWISE_BEZIER_KNOTS.);
#5902 = CARTESIAN_POINT('',(-14.35519824409,2.044084971983,0.));
#5903 = CARTESIAN_POINT('',(-14.43965045326,1.321550145725,0.));
#5904 = SURFACE_OF_LINEAR_EXTRUSION('',#5905,#5908);
#5905 = B_SPLINE_CURVE_WITH_KNOTS('',1,(#5906,#5907),.UNSPECIFIED.,.F.,
  .F.,(2,2),(0.,0.72745360731),.PIECEWISE_BEZIER_KNOTS.);
#5906 = CARTESIAN_POINT('',(-14.35519824409,2.044084971983,0.));
#5907 = CARTESIAN_POINT('',(-14.43965045326,1.321550145725,0.));
#5908 = VECTOR('',#5909,1.);
#5909 = DIRECTION('',(-0.,-0.,-1.));
#5910 = ADVANCED_FACE('',(#5911),#6024,.F.);
#5911 = FACE_BOUND('',#5912,.F.);
#5912 = EDGE_LOOP('',(#5913,#5914,#5966,#5974));
#5913 = ORIENTED_EDGE('',*,*,#5892,.T.);
#5914 = ORIENTED_EDGE('',*,*,#5915,.T.);
#5915 = EDGE_CURVE('',#5886,#5916,#5918,.T.);
#5916 = VERTEX_POINT('',#5917);
#5917 = CARTESIAN_POINT('',(-12.6739746318,0.548786763294,6.));
#5918 = B_SPLINE_CURVE_WITH_KNOTS('',3,(#5919,#5920,#5921,#5922,#5923,
    #5924,#5925,#5926,#5927,#5928,#5929,#5930,#5931,#5932,#5933,#5934,
    #5935,#5936,#5937,#5938,#5939,#5940,#5941,#5942,#5943,#5944,#5945,
    #5946,#5947,#5948,#5949,#5950,#5951,#5952,#5953,#5954,#5955,#5956,
    #5957,#5958,#5959,#5960,#5961,#5962,#5963,#5964,#5965),
  .UNSPECIFIED.,.F.,.F.,(4,1,1,1,1,1,1,1,1,1,1,1,1,1,1,1,1,1,1,1,1,1,1,1
    ,1,1,1,1,1,1,1,1,1,1,1,1,1,1,1,1,1,1,1,1,4),(0.,8.735293048255E-02,
    0.172697747622,0.256034451418,0.337363041871,0.416683518981,
    0.493995882747,0.569300133171,0.642596270251,0.713884293989,
    0.783164204383,0.850436001435,0.915699685144,0.97895525551,
    1.040202712533,1.099442056214,1.156673286553,1.211896403548,
    1.265111407202,1.316318297513,1.365517074482,1.41270773811,
    1.457890288395,1.501064725339,1.542231048942,1.581389259203,
    1.618539356124,1.653681339704,1.686815209945,1.717940966845,
    1.747058610407,1.774168140631,1.799269557517,1.822362861067,
    1.843448051283,1.862525128166,1.879594091718,1.894654941944,
    1.907707678849,1.918752302441,1.927788812733,1.934817209752,
    1.939837493553,1.942849664305,1.943853723184),.UNSPECIFIED.);
#5919 = CARTESIAN_POINT('',(-14.43965045326,1.321550145725,6.));
#5920 = CARTESIAN_POINT('',(-14.41556701008,1.305184595925,6.));
#5921 = CARTESIAN_POINT('',(-14.36775256548,1.273125239778,6.));
#5922 = CARTESIAN_POINT('',(-14.29627256066,1.2264913138,6.));
#5923 = CARTESIAN_POINT('',(-14.22590713737,1.181836171178,6.));
#5924 = CARTESIAN_POINT('',(-14.15669450001,1.139124358779,6.));
#5925 = CARTESIAN_POINT('',(-14.08867213959,1.098319596602,6.));
#5926 = CARTESIAN_POINT('',(-14.02187681351,1.059385019391,6.));
#5927 = CARTESIAN_POINT('',(-13.95634453818,1.022283130144,6.));
#5928 = CARTESIAN_POINT('',(-13.89211057869,0.986975828238,6.));
#5929 = CARTESIAN_POINT('',(-13.82920943942,0.953424418483,6.));
#5930 = CARTESIAN_POINT('',(-13.76767485467,0.92158962527,6.));
#5931 = CARTESIAN_POINT('',(-13.70753977961,0.891431605585,6.));
#5932 = CARTESIAN_POINT('',(-13.64883638134,0.86290996249,6.));
#5933 = CARTESIAN_POINT('',(-13.59159603026,0.835983758647,6.));
#5934 = CARTESIAN_POINT('',(-13.53584929155,0.810611530002,6.));
#5935 = CARTESIAN_POINT('',(-13.48162591699,0.786751299584,6.));
#5936 = CARTESIAN_POINT('',(-13.42895483691,0.764360591428,6.));
#5937 = CARTESIAN_POINT('',(-13.37786415238,0.743396444627,6.));
#5938 = CARTESIAN_POINT('',(-13.32838112763,0.723815427487,6.));
#5939 = CARTESIAN_POINT('',(-13.28053218274,0.705573651809,6.));
#5940 = CARTESIAN_POINT('',(-13.23434288647,0.688626787271,6.));
#5941 = CARTESIAN_POINT('',(-13.18983794938,0.672930075925,6.));
#5942 = CARTESIAN_POINT('',(-13.14704121717,0.658438346786,6.));
#5943 = CARTESIAN_POINT('',(-13.10597566424,0.645106030533,6.));
#5944 = CARTESIAN_POINT('',(-13.0666633875,0.632887174299,6.));
#5945 = CARTESIAN_POINT('',(-13.02912560037,0.621735456555,6.));
#5946 = CARTESIAN_POINT('',(-12.99338262709,0.611604202087,6.));
#5947 = CARTESIAN_POINT('',(-12.95945389721,0.602446397054,6.));
#5948 = CARTESIAN_POINT('',(-12.92735794033,0.594214704134,6.));
#5949 = CARTESIAN_POINT('',(-12.89711238107,0.586861477746,6.));
#5950 = CARTESIAN_POINT('',(-12.86873393433,0.580338779362,6.));
#5951 = CARTESIAN_POINT('',(-12.84223840072,0.574598392863,6.));
#5952 = CARTESIAN_POINT('',(-12.8176406623,0.569591840066,6.));
#5953 = CARTESIAN_POINT('',(-12.7949546785,0.565270396016,6.));
#5954 = CARTESIAN_POINT('',(-12.77419348231,0.561585105412,6.));
#5955 = CARTESIAN_POINT('',(-12.75536917683,0.558486795684,6.));
#5956 = CARTESIAN_POINT('',(-12.73849293157,0.555926101326,6.));
#5957 = CARTESIAN_POINT('',(-12.7235749805,0.553853453199,6.));
#5958 = CARTESIAN_POINT('',(-12.71062461577,0.55221917752,6.));
#5959 = CARTESIAN_POINT('',(-12.69965019546,0.55097326526,6.));
#5960 = CARTESIAN_POINT('',(-12.69065911086,0.550066108696,6.));
#5961 = CARTESIAN_POINT('',(-12.68365786739,0.549446554132,6.));
#5962 = CARTESIAN_POINT('',(-12.67865186885,0.549066973341,6.));
#5963 = CARTESIAN_POINT('',(-12.67564588741,0.548872121623,6.));
#5964 = CARTESIAN_POINT('',(-12.67430893315,0.548802924601,6.));
#5965 = CARTESIAN_POINT('',(-12.6739746318,0.548786763294,6.));
#5966 = ORIENTED_EDGE('',*,*,#5967,.F.);
#5967 = EDGE_CURVE('',#5968,#5916,#5970,.T.);
#5968 = VERTEX_POINT('',#5969);
#5969 = CARTESIAN_POINT('',(-12.6739746318,0.548786763294,0.));
#5970 = LINE('',#5971,#5972);
#5971 = CARTESIAN_POINT('',(-12.6739746318,0.548786763294,0.));
#5972 = VECTOR('',#5973,1.);
#5973 = DIRECTION('',(0.,0.,1.));
#5974 = ORIENTED_EDGE('',*,*,#5975,.F.);
#5975 = EDGE_CURVE('',#5893,#5968,#5976,.T.);
#5976 = B_SPLINE_CURVE_WITH_KNOTS('',3,(#5977,#5978,#5979,#5980,#5981,
    #5982,#5983,#5984,#5985,#5986,#5987,#5988,#5989,#5990,#5991,#5992,
    #5993,#5994,#5995,#5996,#5997,#5998,#5999,#6000,#6001,#6002,#6003,
    #6004,#6005,#6006,#6007,#6008,#6009,#6010,#6011,#6012,#6013,#6014,
    #6015,#6016,#6017,#6018,#6019,#6020,#6021,#6022,#6023),
  .UNSPECIFIED.,.F.,.F.,(4,1,1,1,1,1,1,1,1,1,1,1,1,1,1,1,1,1,1,1,1,1,1,1
    ,1,1,1,1,1,1,1,1,1,1,1,1,1,1,1,1,1,1,1,1,4),(0.,8.735293048255E-02,
    0.172697747622,0.256034451418,0.337363041871,0.416683518981,
    0.493995882747,0.569300133171,0.642596270251,0.713884293989,
    0.783164204383,0.850436001435,0.915699685144,0.97895525551,
    1.040202712533,1.099442056214,1.156673286553,1.211896403548,
    1.265111407202,1.316318297513,1.365517074482,1.41270773811,
    1.457890288395,1.501064725339,1.542231048942,1.581389259203,
    1.618539356124,1.653681339704,1.686815209945,1.717940966845,
    1.747058610407,1.774168140631,1.799269557517,1.822362861067,
    1.843448051283,1.862525128166,1.879594091718,1.894654941944,
    1.907707678849,1.918752302441,1.927788812733,1.934817209752,
    1.939837493553,1.942849664305,1.943853723184),.UNSPECIFIED.);
#5977 = CARTESIAN_POINT('',(-14.43965045326,1.321550145725,0.));
#5978 = CARTESIAN_POINT('',(-14.41556701008,1.305184595925,0.));
#5979 = CARTESIAN_POINT('',(-14.36775256548,1.273125239778,0.));
#5980 = CARTESIAN_POINT('',(-14.29627256066,1.2264913138,0.));
#5981 = CARTESIAN_POINT('',(-14.22590713737,1.181836171178,0.));
#5982 = CARTESIAN_POINT('',(-14.15669450001,1.139124358779,0.));
#5983 = CARTESIAN_POINT('',(-14.08867213959,1.098319596602,0.));
#5984 = CARTESIAN_POINT('',(-14.02187681351,1.059385019391,0.));
#5985 = CARTESIAN_POINT('',(-13.95634453818,1.022283130144,0.));
#5986 = CARTESIAN_POINT('',(-13.89211057869,0.986975828238,0.));
#5987 = CARTESIAN_POINT('',(-13.82920943942,0.953424418483,0.));
#5988 = CARTESIAN_POINT('',(-13.76767485467,0.92158962527,0.));
#5989 = CARTESIAN_POINT('',(-13.70753977961,0.891431605585,0.));
#5990 = CARTESIAN_POINT('',(-13.64883638134,0.86290996249,0.));
#5991 = CARTESIAN_POINT('',(-13.59159603026,0.835983758647,0.));
#5992 = CARTESIAN_POINT('',(-13.53584929155,0.810611530002,0.));
#5993 = CARTESIAN_POINT('',(-13.48162591699,0.786751299584,0.));
#5994 = CARTESIAN_POINT('',(-13.42895483691,0.764360591428,0.));
#5995 = CARTESIAN_POINT('',(-13.37786415238,0.743396444627,0.));
#5996 = CARTESIAN_POINT('',(-13.32838112763,0.723815427487,0.));
#5997 = CARTESIAN_POINT('',(-13.28053218274,0.705573651809,0.));
#5998 = CARTESIAN_POINT('',(-13.23434288647,0.688626787271,0.));
#5999 = CARTESIAN_POINT('',(-13.18983794938,0.672930075925,0.));
#6000 = CARTESIAN_POINT('',(-13.14704121717,0.658438346786,0.));
#6001 = CARTESIAN_POINT('',(-13.10597566424,0.645106030533,0.));
#6002 = CARTESIAN_POINT('',(-13.0666633875,0.632887174299,0.));
#6003 = CARTESIAN_POINT('',(-13.02912560037,0.621735456555,0.));
#6004 = CARTESIAN_POINT('',(-12.99338262709,0.611604202087,0.));
#6005 = CARTESIAN_POINT('',(-12.95945389721,0.602446397054,0.));
#6006 = CARTESIAN_POINT('',(-12.92735794033,0.594214704134,0.));
#6007 = CARTESIAN_POINT('',(-12.89711238107,0.586861477746,0.));
#6008 = CARTESIAN_POINT('',(-12.86873393433,0.580338779362,0.));
#6009 = CARTESIAN_POINT('',(-12.84223840072,0.574598392863,0.));
#6010 = CARTESIAN_POINT('',(-12.8176406623,0.569591840066,0.));
#6011 = CARTESIAN_POINT('',(-12.7949546785,0.565270396016,0.));
#6012 = CARTESIAN_POINT('',(-12.77419348231,0.561585105412,0.));
#6013 = CARTESIAN_POINT('',(-12.75536917683,0.558486795684,0.));
#6014 = CARTESIAN_POINT('',(-12.73849293157,0.555926101326,0.));
#6015 = CARTESIAN_POINT('',(-12.7235749805,0.553853453199,0.));
#6016 = CARTESIAN_POINT('',(-12.71062461577,0.55221917752,0.));
#6017 = CARTESIAN_POINT('',(-12.69965019546,0.55097326526,0.));
#6018 = CARTESIAN_POINT('',(-12.69065911086,0.550066108696,0.));
#6019 = CARTESIAN_POINT('',(-12.68365786739,0.549446554132,0.));
#6020 = CARTESIAN_POINT('',(-12.67865186885,0.549066973341,0.));
#6021 = CARTESIAN_POINT('',(-12.67564588741,0.548872121623,0.));
#6022 = CARTESIAN_POINT('',(-12.67430893315,0.548802924601,0.));
#6023 = CARTESIAN_POINT('',(-12.6739746318,0.548786763294,0.));
#6024 = SURFACE_OF_LINEAR_EXTRUSION('',#6025,#6073);
#6025 = B_SPLINE_CURVE_WITH_KNOTS('',3,(#6026,#6027,#6028,#6029,#6030,
    #6031,#6032,#6033,#6034,#6035,#6036,#6037,#6038,#6039,#6040,#6041,
    #6042,#6043,#6044,#6045,#6046,#6047,#6048,#6049,#6050,#6051,#6052,
    #6053,#6054,#6055,#6056,#6057,#6058,#6059,#6060,#6061,#6062,#6063,
    #6064,#6065,#6066,#6067,#6068,#6069,#6070,#6071,#6072),
  .UNSPECIFIED.,.F.,.F.,(4,1,1,1,1,1,1,1,1,1,1,1,1,1,1,1,1,1,1,1,1,1,1,1
    ,1,1,1,1,1,1,1,1,1,1,1,1,1,1,1,1,1,1,1,1,4),(0.,8.735293048255E-02,
    0.172697747622,0.256034451418,0.337363041871,0.416683518981,
    0.493995882747,0.569300133171,0.642596270251,0.713884293989,
    0.783164204383,0.850436001435,0.915699685144,0.97895525551,
    1.040202712533,1.099442056214,1.156673286553,1.211896403548,
    1.265111407202,1.316318297513,1.365517074482,1.41270773811,
    1.457890288395,1.501064725339,1.542231048942,1.581389259203,
    1.618539356124,1.653681339704,1.686815209945,1.717940966845,
    1.747058610407,1.774168140631,1.799269557517,1.822362861067,
    1.843448051283,1.862525128166,1.879594091718,1.894654941944,
    1.907707678849,1.918752302441,1.927788812733,1.934817209752,
    1.939837493553,1.942849664305,1.943853723184),.UNSPECIFIED.);
#6026 = CARTESIAN_POINT('',(-14.43965045326,1.321550145725,0.));
#6027 = CARTESIAN_POINT('',(-14.41556701008,1.305184595925,0.));
#6028 = CARTESIAN_POINT('',(-14.36775256548,1.273125239778,0.));
#6029 = CARTESIAN_POINT('',(-14.29627256066,1.2264913138,0.));
#6030 = CARTESIAN_POINT('',(-14.22590713737,1.181836171178,0.));
#6031 = CARTESIAN_POINT('',(-14.15669450001,1.139124358779,0.));
#6032 = CARTESIAN_POINT('',(-14.08867213959,1.098319596602,0.));
#6033 = CARTESIAN_POINT('',(-14.02187681351,1.059385019391,0.));
#6034 = CARTESIAN_POINT('',(-13.95634453818,1.022283130144,0.));
#6035 = CARTESIAN_POINT('',(-13.89211057869,0.986975828238,0.));
#6036 = CARTESIAN_POINT('',(-13.82920943942,0.953424418483,0.));
#6037 = CARTESIAN_POINT('',(-13.76767485467,0.92158962527,0.));
#6038 = CARTESIAN_POINT('',(-13.70753977961,0.891431605585,0.));
#6039 = CARTESIAN_POINT('',(-13.64883638134,0.86290996249,0.));
#6040 = CARTESIAN_POINT('',(-13.59159603026,0.835983758647,0.));
#6041 = CARTESIAN_POINT('',(-13.53584929155,0.810611530002,0.));
#6042 = CARTESIAN_POINT('',(-13.48162591699,0.786751299584,0.));
#6043 = CARTESIAN_POINT('',(-13.42895483691,0.764360591428,0.));
#6044 = CARTESIAN_POINT('',(-13.37786415238,0.743396444627,0.));
#6045 = CARTESIAN_POINT('',(-13.32838112763,0.723815427487,0.));
#6046 = CARTESIAN_POINT('',(-13.28053218274,0.705573651809,0.));
#6047 = CARTESIAN_POINT('',(-13.23434288647,0.688626787271,0.));
#6048 = CARTESIAN_POINT('',(-13.18983794938,0.672930075925,0.));
#6049 = CARTESIAN_POINT('',(-13.14704121717,0.658438346786,0.));
#6050 = CARTESIAN_POINT('',(-13.10597566424,0.645106030533,0.));
#6051 = CARTESIAN_POINT('',(-13.0666633875,0.632887174299,0.));
#6052 = CARTESIAN_POINT('',(-13.02912560037,0.621735456555,0.));
#6053 = CARTESIAN_POINT('',(-12.99338262709,0.611604202087,0.));
#6054 = CARTESIAN_POINT('',(-12.95945389721,0.602446397054,0.));
#6055 = CARTESIAN_POINT('',(-12.92735794033,0.594214704134,0.));
#6056 = CARTESIAN_POINT('',(-12.89711238107,0.586861477746,0.));
#6057 = CARTESIAN_POINT('',(-12.86873393433,0.580338779362,0.));
#6058 = CARTESIAN_POINT('',(-12.84223840072,0.574598392863,0.));
#6059 = CARTESIAN_POINT('',(-12.8176406623,0.569591840066,0.));
#6060 = CARTESIAN_POINT('',(-12.7949546785,0.565270396016,0.));
#6061 = CARTESIAN_POINT('',(-12.77419348231,0.561585105412,0.));
#6062 = CARTESIAN_POINT('',(-12.75536917683,0.558486795684,0.));
#6063 = CARTESIAN_POINT('',(-12.73849293157,0.555926101326,0.));
#6064 = CARTESIAN_POINT('',(-12.7235749805,0.553853453199,0.));
#6065 = CARTESIAN_POINT('',(-12.71062461577,0.55221917752,0.));
#6066 = CARTESIAN_POINT('',(-12.69965019546,0.55097326526,0.));
#6067 = CARTESIAN_POINT('',(-12.69065911086,0.550066108696,0.));
#6068 = CARTESIAN_POINT('',(-12.68365786739,0.549446554132,0.));
#6069 = CARTESIAN_POINT('',(-12.67865186885,0.549066973341,0.));
#6070 = CARTESIAN_POINT('',(-12.67564588741,0.548872121623,0.));
#6071 = CARTESIAN_POINT('',(-12.67430893315,0.548802924601,0.));
#6072 = CARTESIAN_POINT('',(-12.6739746318,0.548786763294,0.));
#6073 = VECTOR('',#6074,1.);
#6074 = DIRECTION('',(-0.,-0.,-1.));
#6075 = ADVANCED_FACE('',(#6076),#6099,.F.);
#6076 = FACE_BOUND('',#6077,.F.);
#6077 = EDGE_LOOP('',(#6078,#6079,#6086,#6094));
#6078 = ORIENTED_EDGE('',*,*,#5967,.T.);
#6079 = ORIENTED_EDGE('',*,*,#6080,.T.);
#6080 = EDGE_CURVE('',#5916,#6081,#6083,.T.);
#6081 = VERTEX_POINT('',#6082);
#6082 = CARTESIAN_POINT('',(-12.23853226874,0.529931983167,6.));
#6083 = B_SPLINE_CURVE_WITH_KNOTS('',1,(#6084,#6085),.UNSPECIFIED.,.F.,
  .F.,(2,2),(0.,0.43585038061),.PIECEWISE_BEZIER_KNOTS.);
#6084 = CARTESIAN_POINT('',(-12.6739746318,0.548786763294,6.));
#6085 = CARTESIAN_POINT('',(-12.23853226874,0.529931983167,6.));
#6086 = ORIENTED_EDGE('',*,*,#6087,.F.);
#6087 = EDGE_CURVE('',#6088,#6081,#6090,.T.);
#6088 = VERTEX_POINT('',#6089);
#6089 = CARTESIAN_POINT('',(-12.23853226874,0.529931983167,0.));
#6090 = LINE('',#6091,#6092);
#6091 = CARTESIAN_POINT('',(-12.23853226874,0.529931983167,0.));
#6092 = VECTOR('',#6093,1.);
#6093 = DIRECTION('',(0.,0.,1.));
#6094 = ORIENTED_EDGE('',*,*,#6095,.F.);
#6095 = EDGE_CURVE('',#5968,#6088,#6096,.T.);
#6096 = B_SPLINE_CURVE_WITH_KNOTS('',1,(#6097,#6098),.UNSPECIFIED.,.F.,
  .F.,(2,2),(0.,0.43585038061),.PIECEWISE_BEZIER_KNOTS.);
#6097 = CARTESIAN_POINT('',(-12.6739746318,0.548786763294,0.));
#6098 = CARTESIAN_POINT('',(-12.23853226874,0.529931983167,0.));
#6099 = SURFACE_OF_LINEAR_EXTRUSION('',#6100,#6103);
#6100 = B_SPLINE_CURVE_WITH_KNOTS('',1,(#6101,#6102),.UNSPECIFIED.,.F.,
  .F.,(2,2),(0.,0.43585038061),.PIECEWISE_BEZIER_KNOTS.);
#6101 = CARTESIAN_POINT('',(-12.6739746318,0.548786763294,0.));
#6102 = CARTESIAN_POINT('',(-12.23853226874,0.529931983167,0.));
#6103 = VECTOR('',#6104,1.);
#6104 = DIRECTION('',(-0.,-0.,-1.));
#6105 = ADVANCED_FACE('',(#6106),#6129,.F.);
#6106 = FACE_BOUND('',#6107,.F.);
#6107 = EDGE_LOOP('',(#6108,#6109,#6116,#6124));
#6108 = ORIENTED_EDGE('',*,*,#6087,.T.);
#6109 = ORIENTED_EDGE('',*,*,#6110,.T.);
#6110 = EDGE_CURVE('',#6081,#6111,#6113,.T.);
#6111 = VERTEX_POINT('',#6112);
#6112 = CARTESIAN_POINT('',(-12.23853226874,-0.529931983167,6.));
#6113 = B_SPLINE_CURVE_WITH_KNOTS('',1,(#6114,#6115),.UNSPECIFIED.,.F.,
  .F.,(2,2),(0.,1.059863966333),.PIECEWISE_BEZIER_KNOTS.);
#6114 = CARTESIAN_POINT('',(-12.23853226874,0.529931983167,6.));
#6115 = CARTESIAN_POINT('',(-12.23853226874,-0.529931983167,6.));
#6116 = ORIENTED_EDGE('',*,*,#6117,.F.);
#6117 = EDGE_CURVE('',#6118,#6111,#6120,.T.);
#6118 = VERTEX_POINT('',#6119);
#6119 = CARTESIAN_POINT('',(-12.23853226874,-0.529931983167,0.));
#6120 = LINE('',#6121,#6122);
#6121 = CARTESIAN_POINT('',(-12.23853226874,-0.529931983167,0.));
#6122 = VECTOR('',#6123,1.);
#6123 = DIRECTION('',(0.,0.,1.));
#6124 = ORIENTED_EDGE('',*,*,#6125,.F.);
#6125 = EDGE_CURVE('',#6088,#6118,#6126,.T.);
#6126 = B_SPLINE_CURVE_WITH_KNOTS('',1,(#6127,#6128),.UNSPECIFIED.,.F.,
  .F.,(2,2),(0.,1.059863966333),.PIECEWISE_BEZIER_KNOTS.);
#6127 = CARTESIAN_POINT('',(-12.23853226874,0.529931983167,0.));
#6128 = CARTESIAN_POINT('',(-12.23853226874,-0.529931983167,0.));
#6129 = SURFACE_OF_LINEAR_EXTRUSION('',#6130,#6133);
#6130 = B_SPLINE_CURVE_WITH_KNOTS('',1,(#6131,#6132),.UNSPECIFIED.,.F.,
  .F.,(2,2),(0.,1.059863966333),.PIECEWISE_BEZIER_KNOTS.);
#6131 = CARTESIAN_POINT('',(-12.23853226874,0.529931983167,0.));
#6132 = CARTESIAN_POINT('',(-12.23853226874,-0.529931983167,0.));
#6133 = VECTOR('',#6134,1.);
#6134 = DIRECTION('',(-0.,-0.,-1.));
#6135 = ADVANCED_FACE('',(#6136),#6159,.F.);
#6136 = FACE_BOUND('',#6137,.F.);
#6137 = EDGE_LOOP('',(#6138,#6139,#6146,#6154));
#6138 = ORIENTED_EDGE('',*,*,#6117,.T.);
#6139 = ORIENTED_EDGE('',*,*,#6140,.T.);
#6140 = EDGE_CURVE('',#6111,#6141,#6143,.T.);
#6141 = VERTEX_POINT('',#6142);
#6142 = CARTESIAN_POINT('',(-12.6739746318,-0.548786763294,6.));
#6143 = B_SPLINE_CURVE_WITH_KNOTS('',1,(#6144,#6145),.UNSPECIFIED.,.F.,
  .F.,(2,2),(0.,0.43585038061),.PIECEWISE_BEZIER_KNOTS.);
#6144 = CARTESIAN_POINT('',(-12.23853226874,-0.529931983167,6.));
#6145 = CARTESIAN_POINT('',(-12.6739746318,-0.548786763294,6.));
#6146 = ORIENTED_EDGE('',*,*,#6147,.F.);
#6147 = EDGE_CURVE('',#6148,#6141,#6150,.T.);
#6148 = VERTEX_POINT('',#6149);
#6149 = CARTESIAN_POINT('',(-12.6739746318,-0.548786763294,0.));
#6150 = LINE('',#6151,#6152);
#6151 = CARTESIAN_POINT('',(-12.6739746318,-0.548786763294,0.));
#6152 = VECTOR('',#6153,1.);
#6153 = DIRECTION('',(0.,0.,1.));
#6154 = ORIENTED_EDGE('',*,*,#6155,.F.);
#6155 = EDGE_CURVE('',#6118,#6148,#6156,.T.);
#6156 = B_SPLINE_CURVE_WITH_KNOTS('',1,(#6157,#6158),.UNSPECIFIED.,.F.,
  .F.,(2,2),(0.,0.43585038061),.PIECEWISE_BEZIER_KNOTS.);
#6157 = CARTESIAN_POINT('',(-12.23853226874,-0.529931983167,0.));
#6158 = CARTESIAN_POINT('',(-12.6739746318,-0.548786763294,0.));
#6159 = SURFACE_OF_LINEAR_EXTRUSION('',#6160,#6163);
#6160 = B_SPLINE_CURVE_WITH_KNOTS('',1,(#6161,#6162),.UNSPECIFIED.,.F.,
  .F.,(2,2),(0.,0.43585038061),.PIECEWISE_BEZIER_KNOTS.);
#6161 = CARTESIAN_POINT('',(-12.23853226874,-0.529931983167,0.));
#6162 = CARTESIAN_POINT('',(-12.6739746318,-0.548786763294,0.));
#6163 = VECTOR('',#6164,1.);
#6164 = DIRECTION('',(-0.,-0.,-1.));
#6165 = ADVANCED_FACE('',(#6166),#6279,.F.);
#6166 = FACE_BOUND('',#6167,.F.);
#6167 = EDGE_LOOP('',(#6168,#6169,#6221,#6229));
#6168 = ORIENTED_EDGE('',*,*,#6147,.T.);
#6169 = ORIENTED_EDGE('',*,*,#6170,.T.);
#6170 = EDGE_CURVE('',#6141,#6171,#6173,.T.);
#6171 = VERTEX_POINT('',#6172);
#6172 = CARTESIAN_POINT('',(-14.43965045326,-1.321550145725,6.));
#6173 = B_SPLINE_CURVE_WITH_KNOTS('',3,(#6174,#6175,#6176,#6177,#6178,
    #6179,#6180,#6181,#6182,#6183,#6184,#6185,#6186,#6187,#6188,#6189,
    #6190,#6191,#6192,#6193,#6194,#6195,#6196,#6197,#6198,#6199,#6200,
    #6201,#6202,#6203,#6204,#6205,#6206,#6207,#6208,#6209,#6210,#6211,
    #6212,#6213,#6214,#6215,#6216,#6217,#6218,#6219,#6220),
  .UNSPECIFIED.,.F.,.F.,(4,1,1,1,1,1,1,1,1,1,1,1,1,1,1,1,1,1,1,1,1,1,1,1
    ,1,1,1,1,1,1,1,1,1,1,1,1,1,1,1,1,1,1,1,1,4),(0.,1.004058879412E-03,
    4.016229631009E-03,9.036513432115E-03,1.606491045092E-02,
    2.510142074349E-02,3.614604433531E-02,4.91987812401E-02,
    6.425963146609E-02,8.132859501861E-02,0.100405671901,0.121490862117,
    0.144584165667,0.169685582553,0.196795112777,0.225912756339,
    0.25703851324,0.29017238348,0.32531436706,0.362464463981,
    0.401622674242,0.442788997845,0.485963434789,0.531145985075,
    0.578336648702,0.627535425671,0.678742315982,0.731957319636,
    0.787180436632,0.84441166697,0.903651010651,0.964898467674,
    1.02815403804,1.093417721749,1.160689518801,1.229969429195,
    1.301257452933,1.374553590013,1.449857840437,1.527170204204,
    1.606490681313,1.687819271766,1.771155975562,1.856500792702,
    1.943853723184),.UNSPECIFIED.);
#6174 = CARTESIAN_POINT('',(-12.6739746318,-0.548786763294,6.));
#6175 = CARTESIAN_POINT('',(-12.67430893315,-0.548802924601,6.));
#6176 = CARTESIAN_POINT('',(-12.67564588741,-0.548872121623,6.));
#6177 = CARTESIAN_POINT('',(-12.67865186885,-0.549066973341,6.));
#6178 = CARTESIAN_POINT('',(-12.68365786739,-0.549446554131,6.));
#6179 = CARTESIAN_POINT('',(-12.69065911086,-0.550066108696,6.));
#6180 = CARTESIAN_POINT('',(-12.69965019546,-0.55097326526,6.));
#6181 = CARTESIAN_POINT('',(-12.71062461577,-0.55221917752,6.));
#6182 = CARTESIAN_POINT('',(-12.7235749805,-0.553853453199,6.));
#6183 = CARTESIAN_POINT('',(-12.73849293157,-0.555926101326,6.));
#6184 = CARTESIAN_POINT('',(-12.75536917683,-0.558486795684,6.));
#6185 = CARTESIAN_POINT('',(-12.77419348231,-0.561585105412,6.));
#6186 = CARTESIAN_POINT('',(-12.7949546785,-0.565270396016,6.));
#6187 = CARTESIAN_POINT('',(-12.8176406623,-0.569591840066,6.));
#6188 = CARTESIAN_POINT('',(-12.84223840072,-0.574598392863,6.));
#6189 = CARTESIAN_POINT('',(-12.86873393433,-0.580338779362,6.));
#6190 = CARTESIAN_POINT('',(-12.89711238107,-0.586861477746,6.));
#6191 = CARTESIAN_POINT('',(-12.92735794033,-0.594214704134,6.));
#6192 = CARTESIAN_POINT('',(-12.95945389721,-0.602446397054,6.));
#6193 = CARTESIAN_POINT('',(-12.99338262709,-0.611604202087,6.));
#6194 = CARTESIAN_POINT('',(-13.02912560037,-0.621735456555,6.));
#6195 = CARTESIAN_POINT('',(-13.0666633875,-0.632887174299,6.));
#6196 = CARTESIAN_POINT('',(-13.10597566424,-0.645106030533,6.));
#6197 = CARTESIAN_POINT('',(-13.14704121717,-0.658438346786,6.));
#6198 = CARTESIAN_POINT('',(-13.18983794938,-0.672930075925,6.));
#6199 = CARTESIAN_POINT('',(-13.23434288647,-0.688626787271,6.));
#6200 = CARTESIAN_POINT('',(-13.28053218274,-0.705573651809,6.));
#6201 = CARTESIAN_POINT('',(-13.32838112763,-0.723815427487,6.));
#6202 = CARTESIAN_POINT('',(-13.37786415238,-0.743396444627,6.));
#6203 = CARTESIAN_POINT('',(-13.42895483691,-0.764360591428,6.));
#6204 = CARTESIAN_POINT('',(-13.48162591699,-0.786751299584,6.));
#6205 = CARTESIAN_POINT('',(-13.53584929155,-0.810611530002,6.));
#6206 = CARTESIAN_POINT('',(-13.59159603026,-0.835983758647,6.));
#6207 = CARTESIAN_POINT('',(-13.64883638134,-0.86290996249,6.));
#6208 = CARTESIAN_POINT('',(-13.70753977961,-0.891431605585,6.));
#6209 = CARTESIAN_POINT('',(-13.76767485467,-0.92158962527,6.));
#6210 = CARTESIAN_POINT('',(-13.82920943942,-0.953424418483,6.));
#6211 = CARTESIAN_POINT('',(-13.89211057869,-0.986975828238,6.));
#6212 = CARTESIAN_POINT('',(-13.95634453818,-1.022283130144,6.));
#6213 = CARTESIAN_POINT('',(-14.02187681351,-1.059385019391,6.));
#6214 = CARTESIAN_POINT('',(-14.08867213959,-1.098319596602,6.));
#6215 = CARTESIAN_POINT('',(-14.15669450001,-1.139124358779,6.));
#6216 = CARTESIAN_POINT('',(-14.22590713737,-1.181836171178,6.));
#6217 = CARTESIAN_POINT('',(-14.29627256066,-1.2264913138,6.));
#6218 = CARTESIAN_POINT('',(-14.36775256548,-1.273125239778,6.));
#6219 = CARTESIAN_POINT('',(-14.41556701008,-1.305184595925,6.));
#6220 = CARTESIAN_POINT('',(-14.43965045326,-1.321550145725,6.));
#6221 = ORIENTED_EDGE('',*,*,#6222,.F.);
#6222 = EDGE_CURVE('',#6223,#6171,#6225,.T.);
#6223 = VERTEX_POINT('',#6224);
#6224 = CARTESIAN_POINT('',(-14.43965045326,-1.321550145725,0.));
#6225 = LINE('',#6226,#6227);
#6226 = CARTESIAN_POINT('',(-14.43965045326,-1.321550145725,0.));
#6227 = VECTOR('',#6228,1.);
#6228 = DIRECTION('',(0.,0.,1.));
#6229 = ORIENTED_EDGE('',*,*,#6230,.F.);
#6230 = EDGE_CURVE('',#6148,#6223,#6231,.T.);
#6231 = B_SPLINE_CURVE_WITH_KNOTS('',3,(#6232,#6233,#6234,#6235,#6236,
    #6237,#6238,#6239,#6240,#6241,#6242,#6243,#6244,#6245,#6246,#6247,
    #6248,#6249,#6250,#6251,#6252,#6253,#6254,#6255,#6256,#6257,#6258,
    #6259,#6260,#6261,#6262,#6263,#6264,#6265,#6266,#6267,#6268,#6269,
    #6270,#6271,#6272,#6273,#6274,#6275,#6276,#6277,#6278),
  .UNSPECIFIED.,.F.,.F.,(4,1,1,1,1,1,1,1,1,1,1,1,1,1,1,1,1,1,1,1,1,1,1,1
    ,1,1,1,1,1,1,1,1,1,1,1,1,1,1,1,1,1,1,1,1,4),(0.,1.004058879412E-03,
    4.016229631009E-03,9.036513432115E-03,1.606491045092E-02,
    2.510142074349E-02,3.614604433531E-02,4.91987812401E-02,
    6.425963146609E-02,8.132859501861E-02,0.100405671901,0.121490862117,
    0.144584165667,0.169685582553,0.196795112777,0.225912756339,
    0.25703851324,0.29017238348,0.32531436706,0.362464463981,
    0.401622674242,0.442788997845,0.485963434789,0.531145985075,
    0.578336648702,0.627535425671,0.678742315982,0.731957319636,
    0.787180436632,0.84441166697,0.903651010651,0.964898467674,
    1.02815403804,1.093417721749,1.160689518801,1.229969429195,
    1.301257452933,1.374553590013,1.449857840437,1.527170204204,
    1.606490681313,1.687819271766,1.771155975562,1.856500792702,
    1.943853723184),.UNSPECIFIED.);
#6232 = CARTESIAN_POINT('',(-12.6739746318,-0.548786763294,0.));
#6233 = CARTESIAN_POINT('',(-12.67430893315,-0.548802924601,0.));
#6234 = CARTESIAN_POINT('',(-12.67564588741,-0.548872121623,0.));
#6235 = CARTESIAN_POINT('',(-12.67865186885,-0.549066973341,0.));
#6236 = CARTESIAN_POINT('',(-12.68365786739,-0.549446554131,0.));
#6237 = CARTESIAN_POINT('',(-12.69065911086,-0.550066108696,0.));
#6238 = CARTESIAN_POINT('',(-12.69965019546,-0.55097326526,0.));
#6239 = CARTESIAN_POINT('',(-12.71062461577,-0.55221917752,0.));
#6240 = CARTESIAN_POINT('',(-12.7235749805,-0.553853453199,0.));
#6241 = CARTESIAN_POINT('',(-12.73849293157,-0.555926101326,0.));
#6242 = CARTESIAN_POINT('',(-12.75536917683,-0.558486795684,0.));
#6243 = CARTESIAN_POINT('',(-12.77419348231,-0.561585105412,0.));
#6244 = CARTESIAN_POINT('',(-12.7949546785,-0.565270396016,0.));
#6245 = CARTESIAN_POINT('',(-12.8176406623,-0.569591840066,0.));
#6246 = CARTESIAN_POINT('',(-12.84223840072,-0.574598392863,0.));
#6247 = CARTESIAN_POINT('',(-12.86873393433,-0.580338779362,0.));
#6248 = CARTESIAN_POINT('',(-12.89711238107,-0.586861477746,0.));
#6249 = CARTESIAN_POINT('',(-12.92735794033,-0.594214704134,0.));
#6250 = CARTESIAN_POINT('',(-12.95945389721,-0.602446397054,0.));
#6251 = CARTESIAN_POINT('',(-12.99338262709,-0.611604202087,0.));
#6252 = CARTESIAN_POINT('',(-13.02912560037,-0.621735456555,0.));
#6253 = CARTESIAN_POINT('',(-13.0666633875,-0.632887174299,0.));
#6254 = CARTESIAN_POINT('',(-13.10597566424,-0.645106030533,0.));
#6255 = CARTESIAN_POINT('',(-13.14704121717,-0.658438346786,0.));
#6256 = CARTESIAN_POINT('',(-13.18983794938,-0.672930075925,0.));
#6257 = CARTESIAN_POINT('',(-13.23434288647,-0.688626787271,0.));
#6258 = CARTESIAN_POINT('',(-13.28053218274,-0.705573651809,0.));
#6259 = CARTESIAN_POINT('',(-13.32838112763,-0.723815427487,0.));
#6260 = CARTESIAN_POINT('',(-13.37786415238,-0.743396444627,0.));
#6261 = CARTESIAN_POINT('',(-13.42895483691,-0.764360591428,0.));
#6262 = CARTESIAN_POINT('',(-13.48162591699,-0.786751299584,0.));
#6263 = CARTESIAN_POINT('',(-13.53584929155,-0.810611530002,0.));
#6264 = CARTESIAN_POINT('',(-13.59159603026,-0.835983758647,0.));
#6265 = CARTESIAN_POINT('',(-13.64883638134,-0.86290996249,0.));
#6266 = CARTESIAN_POINT('',(-13.70753977961,-0.891431605585,0.));
#6267 = CARTESIAN_POINT('',(-13.76767485467,-0.92158962527,0.));
#6268 = CARTESIAN_POINT('',(-13.82920943942,-0.953424418483,0.));
#6269 = CARTESIAN_POINT('',(-13.89211057869,-0.986975828238,0.));
#6270 = CARTESIAN_POINT('',(-13.95634453818,-1.022283130144,0.));
#6271 = CARTESIAN_POINT('',(-14.02187681351,-1.059385019391,0.));
#6272 = CARTESIAN_POINT('',(-14.08867213959,-1.098319596602,0.));
#6273 = CARTESIAN_POINT('',(-14.15669450001,-1.139124358779,0.));
#6274 = CARTESIAN_POINT('',(-14.22590713737,-1.181836171178,0.));
#6275 = CARTESIAN_POINT('',(-14.29627256066,-1.2264913138,0.));
#6276 = CARTESIAN_POINT('',(-14.36775256548,-1.273125239778,0.));
#6277 = CARTESIAN_POINT('',(-14.41556701008,-1.305184595925,0.));
#6278 = CARTESIAN_POINT('',(-14.43965045326,-1.321550145725,0.));
#6279 = SURFACE_OF_LINEAR_EXTRUSION('',#6280,#6328);
#6280 = B_SPLINE_CURVE_WITH_KNOTS('',3,(#6281,#6282,#6283,#6284,#6285,
    #6286,#6287,#6288,#6289,#6290,#6291,#6292,#6293,#6294,#6295,#6296,
    #6297,#6298,#6299,#6300,#6301,#6302,#6303,#6304,#6305,#6306,#6307,
    #6308,#6309,#6310,#6311,#6312,#6313,#6314,#6315,#6316,#6317,#6318,
    #6319,#6320,#6321,#6322,#6323,#6324,#6325,#6326,#6327),
  .UNSPECIFIED.,.F.,.F.,(4,1,1,1,1,1,1,1,1,1,1,1,1,1,1,1,1,1,1,1,1,1,1,1
    ,1,1,1,1,1,1,1,1,1,1,1,1,1,1,1,1,1,1,1,1,4),(0.,1.004058879412E-03,
    4.016229631009E-03,9.036513432115E-03,1.606491045092E-02,
    2.510142074349E-02,3.614604433531E-02,4.91987812401E-02,
    6.425963146609E-02,8.132859501861E-02,0.100405671901,0.121490862117,
    0.144584165667,0.169685582553,0.196795112777,0.225912756339,
    0.25703851324,0.29017238348,0.32531436706,0.362464463981,
    0.401622674242,0.442788997845,0.485963434789,0.531145985075,
    0.578336648702,0.627535425671,0.678742315982,0.731957319636,
    0.787180436632,0.84441166697,0.903651010651,0.964898467674,
    1.02815403804,1.093417721749,1.160689518801,1.229969429195,
    1.301257452933,1.374553590013,1.449857840437,1.527170204204,
    1.606490681313,1.687819271766,1.771155975562,1.856500792702,
    1.943853723184),.UNSPECIFIED.);
#6281 = CARTESIAN_POINT('',(-12.6739746318,-0.548786763294,0.));
#6282 = CARTESIAN_POINT('',(-12.67430893315,-0.548802924601,0.));
#6283 = CARTESIAN_POINT('',(-12.67564588741,-0.548872121623,0.));
#6284 = CARTESIAN_POINT('',(-12.67865186885,-0.549066973341,0.));
#6285 = CARTESIAN_POINT('',(-12.68365786739,-0.549446554131,0.));
#6286 = CARTESIAN_POINT('',(-12.69065911086,-0.550066108696,0.));
#6287 = CARTESIAN_POINT('',(-12.69965019546,-0.55097326526,0.));
#6288 = CARTESIAN_POINT('',(-12.71062461577,-0.55221917752,0.));
#6289 = CARTESIAN_POINT('',(-12.7235749805,-0.553853453199,0.));
#6290 = CARTESIAN_POINT('',(-12.73849293157,-0.555926101326,0.));
#6291 = CARTESIAN_POINT('',(-12.75536917683,-0.558486795684,0.));
#6292 = CARTESIAN_POINT('',(-12.77419348231,-0.561585105412,0.));
#6293 = CARTESIAN_POINT('',(-12.7949546785,-0.565270396016,0.));
#6294 = CARTESIAN_POINT('',(-12.8176406623,-0.569591840066,0.));
#6295 = CARTESIAN_POINT('',(-12.84223840072,-0.574598392863,0.));
#6296 = CARTESIAN_POINT('',(-12.86873393433,-0.580338779362,0.));
#6297 = CARTESIAN_POINT('',(-12.89711238107,-0.586861477746,0.));
#6298 = CARTESIAN_POINT('',(-12.92735794033,-0.594214704134,0.));
#6299 = CARTESIAN_POINT('',(-12.95945389721,-0.602446397054,0.));
#6300 = CARTESIAN_POINT('',(-12.99338262709,-0.611604202087,0.));
#6301 = CARTESIAN_POINT('',(-13.02912560037,-0.621735456555,0.));
#6302 = CARTESIAN_POINT('',(-13.0666633875,-0.632887174299,0.));
#6303 = CARTESIAN_POINT('',(-13.10597566424,-0.645106030533,0.));
#6304 = CARTESIAN_POINT('',(-13.14704121717,-0.658438346786,0.));
#6305 = CARTESIAN_POINT('',(-13.18983794938,-0.672930075925,0.));
#6306 = CARTESIAN_POINT('',(-13.23434288647,-0.688626787271,0.));
#6307 = CARTESIAN_POINT('',(-13.28053218274,-0.705573651809,0.));
#6308 = CARTESIAN_POINT('',(-13.32838112763,-0.723815427487,0.));
#6309 = CARTESIAN_POINT('',(-13.37786415238,-0.743396444627,0.));
#6310 = CARTESIAN_POINT('',(-13.42895483691,-0.764360591428,0.));
#6311 = CARTESIAN_POINT('',(-13.48162591699,-0.786751299584,0.));
#6312 = CARTESIAN_POINT('',(-13.53584929155,-0.810611530002,0.));
#6313 = CARTESIAN_POINT('',(-13.59159603026,-0.835983758647,0.));
#6314 = CARTESIAN_POINT('',(-13.64883638134,-0.86290996249,0.));
#6315 = CARTESIAN_POINT('',(-13.70753977961,-0.891431605585,0.));
#6316 = CARTESIAN_POINT('',(-13.76767485467,-0.92158962527,0.));
#6317 = CARTESIAN_POINT('',(-13.82920943942,-0.953424418483,0.));
#6318 = CARTESIAN_POINT('',(-13.89211057869,-0.986975828238,0.));
#6319 = CARTESIAN_POINT('',(-13.95634453818,-1.022283130144,0.));
#6320 = CARTESIAN_POINT('',(-14.02187681351,-1.059385019391,0.));
#6321 = CARTESIAN_POINT('',(-14.08867213959,-1.098319596602,0.));
#6322 = CARTESIAN_POINT('',(-14.15669450001,-1.139124358779,0.));
#6323 = CARTESIAN_POINT('',(-14.22590713737,-1.181836171178,0.));
#6324 = CARTESIAN_POINT('',(-14.29627256066,-1.2264913138,0.));
#6325 = CARTESIAN_POINT('',(-14.36775256548,-1.273125239778,0.));
#6326 = CARTESIAN_POINT('',(-14.41556701008,-1.305184595925,0.));
#6327 = CARTESIAN_POINT('',(-14.43965045326,-1.321550145725,0.));
#6328 = VECTOR('',#6329,1.);
#6329 = DIRECTION('',(-0.,-0.,-1.));
#6330 = ADVANCED_FACE('',(#6331),#6354,.F.);
#6331 = FACE_BOUND('',#6332,.F.);
#6332 = EDGE_LOOP('',(#6333,#6334,#6341,#6349));
#6333 = ORIENTED_EDGE('',*,*,#6222,.T.);
#6334 = ORIENTED_EDGE('',*,*,#6335,.T.);
#6335 = EDGE_CURVE('',#6171,#6336,#6338,.T.);
#6336 = VERTEX_POINT('',#6337);
#6337 = CARTESIAN_POINT('',(-14.35519824409,-2.044084971983,6.));
#6338 = B_SPLINE_CURVE_WITH_KNOTS('',1,(#6339,#6340),.UNSPECIFIED.,.F.,
  .F.,(2,2),(0.,0.72745360731),.PIECEWISE_BEZIER_KNOTS.);
#6339 = CARTESIAN_POINT('',(-14.43965045326,-1.321550145725,6.));
#6340 = CARTESIAN_POINT('',(-14.35519824409,-2.044084971983,6.));
#6341 = ORIENTED_EDGE('',*,*,#6342,.F.);
#6342 = EDGE_CURVE('',#6343,#6336,#6345,.T.);
#6343 = VERTEX_POINT('',#6344);
#6344 = CARTESIAN_POINT('',(-14.35519824409,-2.044084971983,0.));
#6345 = LINE('',#6346,#6347);
#6346 = CARTESIAN_POINT('',(-14.35519824409,-2.044084971983,0.));
#6347 = VECTOR('',#6348,1.);
#6348 = DIRECTION('',(0.,0.,1.));
#6349 = ORIENTED_EDGE('',*,*,#6350,.F.);
#6350 = EDGE_CURVE('',#6223,#6343,#6351,.T.);
#6351 = B_SPLINE_CURVE_WITH_KNOTS('',1,(#6352,#6353),.UNSPECIFIED.,.F.,
  .F.,(2,2),(0.,0.72745360731),.PIECEWISE_BEZIER_KNOTS.);
#6352 = CARTESIAN_POINT('',(-14.43965045326,-1.321550145725,0.));
#6353 = CARTESIAN_POINT('',(-14.35519824409,-2.044084971983,0.));
#6354 = SURFACE_OF_LINEAR_EXTRUSION('',#6355,#6358);
#6355 = B_SPLINE_CURVE_WITH_KNOTS('',1,(#6356,#6357),.UNSPECIFIED.,.F.,
  .F.,(2,2),(0.,0.72745360731),.PIECEWISE_BEZIER_KNOTS.);
#6356 = CARTESIAN_POINT('',(-14.43965045326,-1.321550145725,0.));
#6357 = CARTESIAN_POINT('',(-14.35519824409,-2.044084971983,0.));
#6358 = VECTOR('',#6359,1.);
#6359 = DIRECTION('',(-0.,-0.,-1.));
#6360 = ADVANCED_FACE('',(#6361),#6474,.F.);
#6361 = FACE_BOUND('',#6362,.F.);
#6362 = EDGE_LOOP('',(#6363,#6364,#6416,#6424));
#6363 = ORIENTED_EDGE('',*,*,#6342,.T.);
#6364 = ORIENTED_EDGE('',*,*,#6365,.T.);
#6365 = EDGE_CURVE('',#6336,#6366,#6368,.T.);
#6366 = VERTEX_POINT('',#6367);
#6367 = CARTESIAN_POINT('',(-12.4589049426,-2.388825550416,6.));
#6368 = B_SPLINE_CURVE_WITH_KNOTS('',3,(#6369,#6370,#6371,#6372,#6373,
    #6374,#6375,#6376,#6377,#6378,#6379,#6380,#6381,#6382,#6383,#6384,
    #6385,#6386,#6387,#6388,#6389,#6390,#6391,#6392,#6393,#6394,#6395,
    #6396,#6397,#6398,#6399,#6400,#6401,#6402,#6403,#6404,#6405,#6406,
    #6407,#6408,#6409,#6410,#6411,#6412,#6413,#6414,#6415),
  .UNSPECIFIED.,.F.,.F.,(4,1,1,1,1,1,1,1,1,1,1,1,1,1,1,1,1,1,1,1,1,1,1,1
    ,1,1,1,1,1,1,1,1,1,1,1,1,1,1,1,1,1,1,1,1,4),(0.,8.735293048255E-02,
    0.172697747622,0.256034451418,0.337363041871,0.416683518981,
    0.493995882747,0.569300133171,0.642596270251,0.713884293989,
    0.783164204383,0.850436001435,0.915699685144,0.97895525551,
    1.040202712533,1.099442056214,1.156673286553,1.211896403548,
    1.265111407202,1.316318297513,1.365517074482,1.41270773811,
    1.457890288395,1.501064725339,1.542231048942,1.581389259203,
    1.618539356124,1.653681339704,1.686815209945,1.717940966845,
    1.747058610407,1.774168140631,1.799269557517,1.822362861067,
    1.843448051283,1.862525128166,1.879594091718,1.894654941944,
    1.907707678849,1.918752302441,1.927788812733,1.934817209752,
    1.939837493553,1.942849664305,1.943853723184),.UNSPECIFIED.);
#6369 = CARTESIAN_POINT('',(-14.35519824409,-2.044084971983,6.));
#6370 = CARTESIAN_POINT('',(-14.32798981773,-2.054455362051,6.));
#6371 = CARTESIAN_POINT('',(-14.27407082134,-2.07462378433,6.));
#6372 = CARTESIAN_POINT('',(-14.19376304585,-2.103516263244,6.));
#6373 = CARTESIAN_POINT('',(-14.11499614705,-2.130740337355,6.));
#6374 = CARTESIAN_POINT('',(-14.03779912348,-2.156339314693,6.));
#6375 = CARTESIAN_POINT('',(-13.96220008884,-2.180357143347,6.));
#6376 = CARTESIAN_POINT('',(-13.88822630798,-2.202838171704,6.));
#6377 = CARTESIAN_POINT('',(-13.81590417913,-2.223827191989,6.));
#6378 = CARTESIAN_POINT('',(-13.74525923016,-2.243369410503,6.));
#6379 = CARTESIAN_POINT('',(-13.67631611166,-2.261510436662,6.));
#6380 = CARTESIAN_POINT('',(-13.60909859105,-2.278296267062,6.));
#6381 = CARTESIAN_POINT('',(-13.54362954675,-2.293773270725,6.));
#6382 = CARTESIAN_POINT('',(-13.47993096262,-2.307988173933,6.));
#6383 = CARTESIAN_POINT('',(-13.41802392266,-2.320988045058,6.));
#6384 = CARTESIAN_POINT('',(-13.35792860591,-2.332820279308,6.));
#6385 = CARTESIAN_POINT('',(-13.29966428162,-2.34353258339,6.));
#6386 = CARTESIAN_POINT('',(-13.24324930466,-2.353172960114,6.));
#6387 = CARTESIAN_POINT('',(-13.18870111117,-2.361789692924,6.));
#6388 = CARTESIAN_POINT('',(-13.13603621444,-2.369431330374,6.));
#6389 = CARTESIAN_POINT('',(-13.08527020107,-2.376146670538,6.));
#6390 = CARTESIAN_POINT('',(-13.03641772733,-2.381984745369,6.));
#6391 = CARTESIAN_POINT('',(-12.98949251583,-2.38699480501,6.));
#6392 = CARTESIAN_POINT('',(-12.94450735234,-2.391226302051,6.));
#6393 = CARTESIAN_POINT('',(-12.90147408298,-2.394728875749,6.));
#6394 = CARTESIAN_POINT('',(-12.86040361158,-2.397552336199,6.));
#6395 = CARTESIAN_POINT('',(-12.82130589726,-2.399746648483,6.));
#6396 = CARTESIAN_POINT('',(-12.78418995239,-2.401361916771,6.));
#6397 = CARTESIAN_POINT('',(-12.74906384063,-2.4024483684,6.));
#6398 = CARTESIAN_POINT('',(-12.71593467539,-2.403056337929,6.));
#6399 = CARTESIAN_POINT('',(-12.68480861839,-2.403236251163,6.));
#6400 = CARTESIAN_POINT('',(-12.65569087858,-2.403038609161,6.));
#6401 = CARTESIAN_POINT('',(-12.62858571128,-2.402513972247,6.));
#6402 = CARTESIAN_POINT('',(-12.60349641755,-2.4017129439,6.));
#6403 = CARTESIAN_POINT('',(-12.5804253438,-2.400686154959,6.));
#6404 = CARTESIAN_POINT('',(-12.55937388184,-2.399484246742,6.));
#6405 = CARTESIAN_POINT('',(-12.54034246855,-2.39815785753,6.));
#6406 = CARTESIAN_POINT('',(-12.5233305879,-2.396757598044,6.));
#6407 = CARTESIAN_POINT('',(-12.50833676659,-2.395334061399,6.));
#6408 = CARTESIAN_POINT('',(-12.4953585907,-2.393937725325,6.));
#6409 = CARTESIAN_POINT('',(-12.48439266017,-2.392619178363,6.));
#6410 = CARTESIAN_POINT('',(-12.47543472672,-2.391428395601,6.));
#6411 = CARTESIAN_POINT('',(-12.46847932356,-2.390416652133,6.));
#6412 = CARTESIAN_POINT('',(-12.46352072501,-2.389631538563,6.));
#6413 = CARTESIAN_POINT('',(-12.46055083428,-2.389127910999,6.));
#6414 = CARTESIAN_POINT('',(-12.45923395987,-2.388886919936,6.));
#6415 = CARTESIAN_POINT('',(-12.4589049426,-2.388825550416,6.));
#6416 = ORIENTED_EDGE('',*,*,#6417,.F.);
#6417 = EDGE_CURVE('',#6418,#6366,#6420,.T.);
#6418 = VERTEX_POINT('',#6419);
#6419 = CARTESIAN_POINT('',(-12.4589049426,-2.388825550416,0.));
#6420 = LINE('',#6421,#6422);
#6421 = CARTESIAN_POINT('',(-12.4589049426,-2.388825550416,0.));
#6422 = VECTOR('',#6423,1.);
#6423 = DIRECTION('',(0.,0.,1.));
#6424 = ORIENTED_EDGE('',*,*,#6425,.F.);
#6425 = EDGE_CURVE('',#6343,#6418,#6426,.T.);
#6426 = B_SPLINE_CURVE_WITH_KNOTS('',3,(#6427,#6428,#6429,#6430,#6431,
    #6432,#6433,#6434,#6435,#6436,#6437,#6438,#6439,#6440,#6441,#6442,
    #6443,#6444,#6445,#6446,#6447,#6448,#6449,#6450,#6451,#6452,#6453,
    #6454,#6455,#6456,#6457,#6458,#6459,#6460,#6461,#6462,#6463,#6464,
    #6465,#6466,#6467,#6468,#6469,#6470,#6471,#6472,#6473),
  .UNSPECIFIED.,.F.,.F.,(4,1,1,1,1,1,1,1,1,1,1,1,1,1,1,1,1,1,1,1,1,1,1,1
    ,1,1,1,1,1,1,1,1,1,1,1,1,1,1,1,1,1,1,1,1,4),(0.,8.735293048255E-02,
    0.172697747622,0.256034451418,0.337363041871,0.416683518981,
    0.493995882747,0.569300133171,0.642596270251,0.713884293989,
    0.783164204383,0.850436001435,0.915699685144,0.97895525551,
    1.040202712533,1.099442056214,1.156673286553,1.211896403548,
    1.265111407202,1.316318297513,1.365517074482,1.41270773811,
    1.457890288395,1.501064725339,1.542231048942,1.581389259203,
    1.618539356124,1.653681339704,1.686815209945,1.717940966845,
    1.747058610407,1.774168140631,1.799269557517,1.822362861067,
    1.843448051283,1.862525128166,1.879594091718,1.894654941944,
    1.907707678849,1.918752302441,1.927788812733,1.934817209752,
    1.939837493553,1.942849664305,1.943853723184),.UNSPECIFIED.);
#6427 = CARTESIAN_POINT('',(-14.35519824409,-2.044084971983,0.));
#6428 = CARTESIAN_POINT('',(-14.32798981773,-2.054455362051,0.));
#6429 = CARTESIAN_POINT('',(-14.27407082134,-2.07462378433,0.));
#6430 = CARTESIAN_POINT('',(-14.19376304585,-2.103516263244,0.));
#6431 = CARTESIAN_POINT('',(-14.11499614705,-2.130740337355,0.));
#6432 = CARTESIAN_POINT('',(-14.03779912348,-2.156339314693,0.));
#6433 = CARTESIAN_POINT('',(-13.96220008884,-2.180357143347,0.));
#6434 = CARTESIAN_POINT('',(-13.88822630798,-2.202838171704,0.));
#6435 = CARTESIAN_POINT('',(-13.81590417913,-2.223827191989,0.));
#6436 = CARTESIAN_POINT('',(-13.74525923016,-2.243369410503,0.));
#6437 = CARTESIAN_POINT('',(-13.67631611166,-2.261510436662,0.));
#6438 = CARTESIAN_POINT('',(-13.60909859105,-2.278296267062,0.));
#6439 = CARTESIAN_POINT('',(-13.54362954675,-2.293773270725,0.));
#6440 = CARTESIAN_POINT('',(-13.47993096262,-2.307988173933,0.));
#6441 = CARTESIAN_POINT('',(-13.41802392266,-2.320988045058,0.));
#6442 = CARTESIAN_POINT('',(-13.35792860591,-2.332820279308,0.));
#6443 = CARTESIAN_POINT('',(-13.29966428162,-2.34353258339,0.));
#6444 = CARTESIAN_POINT('',(-13.24324930466,-2.353172960114,0.));
#6445 = CARTESIAN_POINT('',(-13.18870111117,-2.361789692924,0.));
#6446 = CARTESIAN_POINT('',(-13.13603621444,-2.369431330374,0.));
#6447 = CARTESIAN_POINT('',(-13.08527020107,-2.376146670538,0.));
#6448 = CARTESIAN_POINT('',(-13.03641772733,-2.381984745369,0.));
#6449 = CARTESIAN_POINT('',(-12.98949251583,-2.38699480501,0.));
#6450 = CARTESIAN_POINT('',(-12.94450735234,-2.391226302051,0.));
#6451 = CARTESIAN_POINT('',(-12.90147408298,-2.394728875749,0.));
#6452 = CARTESIAN_POINT('',(-12.86040361158,-2.397552336199,0.));
#6453 = CARTESIAN_POINT('',(-12.82130589726,-2.399746648483,0.));
#6454 = CARTESIAN_POINT('',(-12.78418995239,-2.401361916771,0.));
#6455 = CARTESIAN_POINT('',(-12.74906384063,-2.4024483684,0.));
#6456 = CARTESIAN_POINT('',(-12.71593467539,-2.403056337929,0.));
#6457 = CARTESIAN_POINT('',(-12.68480861839,-2.403236251163,0.));
#6458 = CARTESIAN_POINT('',(-12.65569087858,-2.403038609161,0.));
#6459 = CARTESIAN_POINT('',(-12.62858571128,-2.402513972247,0.));
#6460 = CARTESIAN_POINT('',(-12.60349641755,-2.4017129439,0.));
#6461 = CARTESIAN_POINT('',(-12.5804253438,-2.400686154959,0.));
#6462 = CARTESIAN_POINT('',(-12.55937388184,-2.399484246742,0.));
#6463 = CARTESIAN_POINT('',(-12.54034246855,-2.39815785753,0.));
#6464 = CARTESIAN_POINT('',(-12.5233305879,-2.396757598044,0.));
#6465 = CARTESIAN_POINT('',(-12.50833676659,-2.395334061399,0.));
#6466 = CARTESIAN_POINT('',(-12.4953585907,-2.393937725325,0.));
#6467 = CARTESIAN_POINT('',(-12.48439266017,-2.392619178363,0.));
#6468 = CARTESIAN_POINT('',(-12.47543472672,-2.391428395601,0.));
#6469 = CARTESIAN_POINT('',(-12.46847932356,-2.390416652133,0.));
#6470 = CARTESIAN_POINT('',(-12.46352072501,-2.389631538563,0.));
#6471 = CARTESIAN_POINT('',(-12.46055083428,-2.389127910999,0.));
#6472 = CARTESIAN_POINT('',(-12.45923395987,-2.388886919936,0.));
#6473 = CARTESIAN_POINT('',(-12.4589049426,-2.388825550416,0.));
#6474 = SURFACE_OF_LINEAR_EXTRUSION('',#6475,#6523);
#6475 = B_SPLINE_CURVE_WITH_KNOTS('',3,(#6476,#6477,#6478,#6479,#6480,
    #6481,#6482,#6483,#6484,#6485,#6486,#6487,#6488,#6489,#6490,#6491,
    #6492,#6493,#6494,#6495,#6496,#6497,#6498,#6499,#6500,#6501,#6502,
    #6503,#6504,#6505,#6506,#6507,#6508,#6509,#6510,#6511,#6512,#6513,
    #6514,#6515,#6516,#6517,#6518,#6519,#6520,#6521,#6522),
  .UNSPECIFIED.,.F.,.F.,(4,1,1,1,1,1,1,1,1,1,1,1,1,1,1,1,1,1,1,1,1,1,1,1
    ,1,1,1,1,1,1,1,1,1,1,1,1,1,1,1,1,1,1,1,1,4),(0.,8.735293048255E-02,
    0.172697747622,0.256034451418,0.337363041871,0.416683518981,
    0.493995882747,0.569300133171,0.642596270251,0.713884293989,
    0.783164204383,0.850436001435,0.915699685144,0.97895525551,
    1.040202712533,1.099442056214,1.156673286553,1.211896403548,
    1.265111407202,1.316318297513,1.365517074482,1.41270773811,
    1.457890288395,1.501064725339,1.542231048942,1.581389259203,
    1.618539356124,1.653681339704,1.686815209945,1.717940966845,
    1.747058610407,1.774168140631,1.799269557517,1.822362861067,
    1.843448051283,1.862525128166,1.879594091718,1.894654941944,
    1.907707678849,1.918752302441,1.927788812733,1.934817209752,
    1.939837493553,1.942849664305,1.943853723184),.UNSPECIFIED.);
#6476 = CARTESIAN_POINT('',(-14.35519824409,-2.044084971983,0.));
#6477 = CARTESIAN_POINT('',(-14.32798981773,-2.054455362051,0.));
#6478 = CARTESIAN_POINT('',(-14.27407082134,-2.07462378433,0.));
#6479 = CARTESIAN_POINT('',(-14.19376304585,-2.103516263244,0.));
#6480 = CARTESIAN_POINT('',(-14.11499614705,-2.130740337355,0.));
#6481 = CARTESIAN_POINT('',(-14.03779912348,-2.156339314693,0.));
#6482 = CARTESIAN_POINT('',(-13.96220008884,-2.180357143347,0.));
#6483 = CARTESIAN_POINT('',(-13.88822630798,-2.202838171704,0.));
#6484 = CARTESIAN_POINT('',(-13.81590417913,-2.223827191989,0.));
#6485 = CARTESIAN_POINT('',(-13.74525923016,-2.243369410503,0.));
#6486 = CARTESIAN_POINT('',(-13.67631611166,-2.261510436662,0.));
#6487 = CARTESIAN_POINT('',(-13.60909859105,-2.278296267062,0.));
#6488 = CARTESIAN_POINT('',(-13.54362954675,-2.293773270725,0.));
#6489 = CARTESIAN_POINT('',(-13.47993096262,-2.307988173933,0.));
#6490 = CARTESIAN_POINT('',(-13.41802392266,-2.320988045058,0.));
#6491 = CARTESIAN_POINT('',(-13.35792860591,-2.332820279308,0.));
#6492 = CARTESIAN_POINT('',(-13.29966428162,-2.34353258339,0.));
#6493 = CARTESIAN_POINT('',(-13.24324930466,-2.353172960114,0.));
#6494 = CARTESIAN_POINT('',(-13.18870111117,-2.361789692924,0.));
#6495 = CARTESIAN_POINT('',(-13.13603621444,-2.369431330374,0.));
#6496 = CARTESIAN_POINT('',(-13.08527020107,-2.376146670538,0.));
#6497 = CARTESIAN_POINT('',(-13.03641772733,-2.381984745369,0.));
#6498 = CARTESIAN_POINT('',(-12.98949251583,-2.38699480501,0.));
#6499 = CARTESIAN_POINT('',(-12.94450735234,-2.391226302051,0.));
#6500 = CARTESIAN_POINT('',(-12.90147408298,-2.394728875749,0.));
#6501 = CARTESIAN_POINT('',(-12.86040361158,-2.397552336199,0.));
#6502 = CARTESIAN_POINT('',(-12.82130589726,-2.399746648483,0.));
#6503 = CARTESIAN_POINT('',(-12.78418995239,-2.401361916771,0.));
#6504 = CARTESIAN_POINT('',(-12.74906384063,-2.4024483684,0.));
#6505 = CARTESIAN_POINT('',(-12.71593467539,-2.403056337929,0.));
#6506 = CARTESIAN_POINT('',(-12.68480861839,-2.403236251163,0.));
#6507 = CARTESIAN_POINT('',(-12.65569087858,-2.403038609161,0.));
#6508 = CARTESIAN_POINT('',(-12.62858571128,-2.402513972247,0.));
#6509 = CARTESIAN_POINT('',(-12.60349641755,-2.4017129439,0.));
#6510 = CARTESIAN_POINT('',(-12.5804253438,-2.400686154959,0.));
#6511 = CARTESIAN_POINT('',(-12.55937388184,-2.399484246742,0.));
#6512 = CARTESIAN_POINT('',(-12.54034246855,-2.39815785753,0.));
#6513 = CARTESIAN_POINT('',(-12.5233305879,-2.396757598044,0.));
#6514 = CARTESIAN_POINT('',(-12.50833676659,-2.395334061399,0.));
#6515 = CARTESIAN_POINT('',(-12.4953585907,-2.393937725325,0.));
#6516 = CARTESIAN_POINT('',(-12.48439266017,-2.392619178363,0.));
#6517 = CARTESIAN_POINT('',(-12.47543472672,-2.391428395601,0.));
#6518 = CARTESIAN_POINT('',(-12.46847932356,-2.390416652133,0.));
#6519 = CARTESIAN_POINT('',(-12.46352072501,-2.389631538563,0.));
#6520 = CARTESIAN_POINT('',(-12.46055083428,-2.389127910999,0.));
#6521 = CARTESIAN_POINT('',(-12.45923395987,-2.388886919936,0.));
#6522 = CARTESIAN_POINT('',(-12.4589049426,-2.388825550416,0.));
#6523 = VECTOR('',#6524,1.);
#6524 = DIRECTION('',(-0.,-0.,-1.));
#6525 = ADVANCED_FACE('',(#6526),#6549,.F.);
#6526 = FACE_BOUND('',#6527,.F.);
#6527 = EDGE_LOOP('',(#6528,#6529,#6536,#6544));
#6528 = ORIENTED_EDGE('',*,*,#6417,.T.);
#6529 = ORIENTED_EDGE('',*,*,#6530,.T.);
#6530 = EDGE_CURVE('',#6366,#6531,#6533,.T.);
#6531 = VERTEX_POINT('',#6532);
#6532 = CARTESIAN_POINT('',(-12.03085177326,-2.306752177791,6.));
#6533 = B_SPLINE_CURVE_WITH_KNOTS('',1,(#6534,#6535),.UNSPECIFIED.,.F.,
  .F.,(2,2),(0.,0.43585038061),.PIECEWISE_BEZIER_KNOTS.);
#6534 = CARTESIAN_POINT('',(-12.4589049426,-2.388825550416,6.));
#6535 = CARTESIAN_POINT('',(-12.03085177326,-2.306752177791,6.));
#6536 = ORIENTED_EDGE('',*,*,#6537,.F.);
#6537 = EDGE_CURVE('',#6538,#6531,#6540,.T.);
#6538 = VERTEX_POINT('',#6539);
#6539 = CARTESIAN_POINT('',(-12.03085177326,-2.306752177791,0.));
#6540 = LINE('',#6541,#6542);
#6541 = CARTESIAN_POINT('',(-12.03085177326,-2.306752177791,0.));
#6542 = VECTOR('',#6543,1.);
#6543 = DIRECTION('',(0.,0.,1.));
#6544 = ORIENTED_EDGE('',*,*,#6545,.F.);
#6545 = EDGE_CURVE('',#6418,#6538,#6546,.T.);
#6546 = B_SPLINE_CURVE_WITH_KNOTS('',1,(#6547,#6548),.UNSPECIFIED.,.F.,
  .F.,(2,2),(0.,0.43585038061),.PIECEWISE_BEZIER_KNOTS.);
#6547 = CARTESIAN_POINT('',(-12.4589049426,-2.388825550416,0.));
#6548 = CARTESIAN_POINT('',(-12.03085177326,-2.306752177791,0.));
#6549 = SURFACE_OF_LINEAR_EXTRUSION('',#6550,#6553);
#6550 = B_SPLINE_CURVE_WITH_KNOTS('',1,(#6551,#6552),.UNSPECIFIED.,.F.,
  .F.,(2,2),(0.,0.43585038061),.PIECEWISE_BEZIER_KNOTS.);
#6551 = CARTESIAN_POINT('',(-12.4589049426,-2.388825550416,0.));
#6552 = CARTESIAN_POINT('',(-12.03085177326,-2.306752177791,0.));
#6553 = VECTOR('',#6554,1.);
#6554 = DIRECTION('',(-0.,-0.,-1.));
#6555 = ADVANCED_FACE('',(#6556),#6579,.F.);
#6556 = FACE_BOUND('',#6557,.F.);
#6557 = EDGE_LOOP('',(#6558,#6559,#6566,#6574));
#6558 = ORIENTED_EDGE('',*,*,#6537,.T.);
#6559 = ORIENTED_EDGE('',*,*,#6560,.T.);
#6560 = EDGE_CURVE('',#6531,#6561,#6563,.T.);
#6561 = VERTEX_POINT('',#6562);
#6562 = CARTESIAN_POINT('',(-11.7864303218,-3.338047373743,6.));
#6563 = B_SPLINE_CURVE_WITH_KNOTS('',1,(#6564,#6565),.UNSPECIFIED.,.F.,
  .F.,(2,2),(0.,1.059863966333),.PIECEWISE_BEZIER_KNOTS.);
#6564 = CARTESIAN_POINT('',(-12.03085177326,-2.306752177791,6.));
#6565 = CARTESIAN_POINT('',(-11.7864303218,-3.338047373743,6.));
#6566 = ORIENTED_EDGE('',*,*,#6567,.F.);
#6567 = EDGE_CURVE('',#6568,#6561,#6570,.T.);
#6568 = VERTEX_POINT('',#6569);
#6569 = CARTESIAN_POINT('',(-11.7864303218,-3.338047373743,0.));
#6570 = LINE('',#6571,#6572);
#6571 = CARTESIAN_POINT('',(-11.7864303218,-3.338047373743,0.));
#6572 = VECTOR('',#6573,1.);
#6573 = DIRECTION('',(0.,0.,1.));
#6574 = ORIENTED_EDGE('',*,*,#6575,.F.);
#6575 = EDGE_CURVE('',#6538,#6568,#6576,.T.);
#6576 = B_SPLINE_CURVE_WITH_KNOTS('',1,(#6577,#6578),.UNSPECIFIED.,.F.,
  .F.,(2,2),(0.,1.059863966333),.PIECEWISE_BEZIER_KNOTS.);
#6577 = CARTESIAN_POINT('',(-12.03085177326,-2.306752177791,0.));
#6578 = CARTESIAN_POINT('',(-11.7864303218,-3.338047373743,0.));
#6579 = SURFACE_OF_LINEAR_EXTRUSION('',#6580,#6583);
#6580 = B_SPLINE_CURVE_WITH_KNOTS('',1,(#6581,#6582),.UNSPECIFIED.,.F.,
  .F.,(2,2),(0.,1.059863966333),.PIECEWISE_BEZIER_KNOTS.);
#6581 = CARTESIAN_POINT('',(-12.03085177326,-2.306752177791,0.));
#6582 = CARTESIAN_POINT('',(-11.7864303218,-3.338047373743,0.));
#6583 = VECTOR('',#6584,1.);
#6584 = DIRECTION('',(-0.,-0.,-1.));
#6585 = ADVANCED_FACE('',(#6586),#6609,.F.);
#6586 = FACE_BOUND('',#6587,.F.);
#6587 = EDGE_LOOP('',(#6588,#6589,#6596,#6604));
#6588 = ORIENTED_EDGE('',*,*,#6567,.T.);
#6589 = ORIENTED_EDGE('',*,*,#6590,.T.);
#6590 = EDGE_CURVE('',#6561,#6591,#6593,.T.);
#6591 = VERTEX_POINT('',#6592);
#6592 = CARTESIAN_POINT('',(-12.20578706806,-3.456813840547,6.));
#6593 = B_SPLINE_CURVE_WITH_KNOTS('',1,(#6594,#6595),.UNSPECIFIED.,.F.,
  .F.,(2,2),(0.,0.43585038061),.PIECEWISE_BEZIER_KNOTS.);
#6594 = CARTESIAN_POINT('',(-11.7864303218,-3.338047373743,6.));
#6595 = CARTESIAN_POINT('',(-12.20578706806,-3.456813840547,6.));
#6596 = ORIENTED_EDGE('',*,*,#6597,.F.);
#6597 = EDGE_CURVE('',#6598,#6591,#6600,.T.);
#6598 = VERTEX_POINT('',#6599);
#6599 = CARTESIAN_POINT('',(-12.20578706806,-3.456813840547,0.));
#6600 = LINE('',#6601,#6602);
#6601 = CARTESIAN_POINT('',(-12.20578706806,-3.456813840547,0.));
#6602 = VECTOR('',#6603,1.);
#6603 = DIRECTION('',(0.,0.,1.));
#6604 = ORIENTED_EDGE('',*,*,#6605,.F.);
#6605 = EDGE_CURVE('',#6568,#6598,#6606,.T.);
#6606 = B_SPLINE_CURVE_WITH_KNOTS('',1,(#6607,#6608),.UNSPECIFIED.,.F.,
  .F.,(2,2),(0.,0.43585038061),.PIECEWISE_BEZIER_KNOTS.);
#6607 = CARTESIAN_POINT('',(-11.7864303218,-3.338047373743,0.));
#6608 = CARTESIAN_POINT('',(-12.20578706806,-3.456813840547,0.));
#6609 = SURFACE_OF_LINEAR_EXTRUSION('',#6610,#6613);
#6610 = B_SPLINE_CURVE_WITH_KNOTS('',1,(#6611,#6612),.UNSPECIFIED.,.F.,
  .F.,(2,2),(0.,0.43585038061),.PIECEWISE_BEZIER_KNOTS.);
#6611 = CARTESIAN_POINT('',(-11.7864303218,-3.338047373743,0.));
#6612 = CARTESIAN_POINT('',(-12.20578706806,-3.456813840547,0.));
#6613 = VECTOR('',#6614,1.);
#6614 = DIRECTION('',(-0.,-0.,-1.));
#6615 = ADVANCED_FACE('',(#6616),#6729,.F.);
#6616 = FACE_BOUND('',#6617,.F.);
#6617 = EDGE_LOOP('',(#6618,#6619,#6671,#6679));
#6618 = ORIENTED_EDGE('',*,*,#6597,.T.);
#6619 = ORIENTED_EDGE('',*,*,#6620,.T.);
#6620 = EDGE_CURVE('',#6591,#6621,#6623,.T.);
#6621 = VERTEX_POINT('',#6622);
#6622 = CARTESIAN_POINT('',(-13.74565736892,-4.615940153007,6.));
#6623 = B_SPLINE_CURVE_WITH_KNOTS('',3,(#6624,#6625,#6626,#6627,#6628,
    #6629,#6630,#6631,#6632,#6633,#6634,#6635,#6636,#6637,#6638,#6639,
    #6640,#6641,#6642,#6643,#6644,#6645,#6646,#6647,#6648,#6649,#6650,
    #6651,#6652,#6653,#6654,#6655,#6656,#6657,#6658,#6659,#6660,#6661,
    #6662,#6663,#6664,#6665,#6666,#6667,#6668,#6669,#6670),
  .UNSPECIFIED.,.F.,.F.,(4,1,1,1,1,1,1,1,1,1,1,1,1,1,1,1,1,1,1,1,1,1,1,1
    ,1,1,1,1,1,1,1,1,1,1,1,1,1,1,1,1,1,1,1,1,4),(0.,1.004058879412E-03,
    4.016229631009E-03,9.036513432115E-03,1.606491045092E-02,
    2.510142074349E-02,3.614604433531E-02,4.91987812401E-02,
    6.425963146609E-02,8.132859501861E-02,0.100405671901,0.121490862117,
    0.144584165667,0.169685582553,0.196795112777,0.225912756339,
    0.25703851324,0.29017238348,0.32531436706,0.362464463981,
    0.401622674242,0.442788997845,0.485963434789,0.531145985075,
    0.578336648702,0.627535425671,0.678742315982,0.731957319636,
    0.787180436632,0.84441166697,0.903651010651,0.964898467674,
    1.02815403804,1.093417721749,1.160689518801,1.229969429195,
    1.301257452933,1.374553590013,1.449857840437,1.527170204204,
    1.606490681313,1.687819271766,1.771155975562,1.856500792702,
    1.943853723184),.UNSPECIFIED.);
#6624 = CARTESIAN_POINT('',(-12.20578706806,-3.456813840547,6.));
#6625 = CARTESIAN_POINT('',(-12.20610863122,-3.456906661421,6.));
#6626 = CARTESIAN_POINT('',(-12.20739358977,-3.457282316098,6.));
#6627 = CARTESIAN_POINT('',(-12.2102736087,-3.45816514259,6.));
#6628 = CARTESIAN_POINT('',(-12.21505713255,-3.459688954444,6.));
#6629 = CARTESIAN_POINT('',(-12.22172677748,-3.461906406694,6.));
#6630 = CARTESIAN_POINT('',(-12.23026630152,-3.464862597539,6.));
#6631 = CARTESIAN_POINT('',(-12.24065757777,-3.468605801567,6.));
#6632 = CARTESIAN_POINT('',(-12.25288197384,-3.473182584775,6.));
#6633 = CARTESIAN_POINT('',(-12.26691982405,-3.478639680677,6.));
#6634 = CARTESIAN_POINT('',(-12.28275063118,-3.485023281184,6.));
#6635 = CARTESIAN_POINT('',(-12.30035300568,-3.492379259172,6.));
#6636 = CARTESIAN_POINT('',(-12.31970469463,-3.500753073626,6.));
#6637 = CARTESIAN_POINT('',(-12.34078258122,-3.510189780501,6.));
#6638 = CARTESIAN_POINT('',(-12.36356269389,-3.520734009883,6.));
#6639 = CARTESIAN_POINT('',(-12.38802021272,-3.532429954075,6.));
#6640 = CARTESIAN_POINT('',(-12.41412947699,-3.545321352486,6.));
#6641 = CARTESIAN_POINT('',(-12.44186399258,-3.559451477689,6.));
#6642 = CARTESIAN_POINT('',(-12.47119643977,-3.574863121306,6.));
#6643 = CARTESIAN_POINT('',(-12.50209868116,-3.591598580104,6.));
#6644 = CARTESIAN_POINT('',(-12.53454176989,-3.609699642201,6.));
#6645 = CARTESIAN_POINT('',(-12.56849595801,-3.629207573414,6.));
#6646 = CARTESIAN_POINT('',(-12.60393070508,-3.650163103729,6.));
#6647 = CARTESIAN_POINT('',(-12.64081468699,-3.672606413918,6.));
#6648 = CARTESIAN_POINT('',(-12.67911580501,-3.696577122286,6.));
#6649 = CARTESIAN_POINT('',(-12.71880119501,-3.722114271566,6.));
#6650 = CARTESIAN_POINT('',(-12.7598372369,-3.749256315955,6.));
#6651 = CARTESIAN_POINT('',(-12.80218956431,-3.778041108299,6.));
#6652 = CARTESIAN_POINT('',(-12.8458230744,-3.808505887426,6.));
#6653 = CARTESIAN_POINT('',(-12.89070193795,-3.840687265639,6.));
#6654 = CARTESIAN_POINT('',(-12.93678960959,-3.874621216354,6.));
#6655 = CARTESIAN_POINT('',(-12.98404883826,-3.910343061912,6.));
#6656 = CARTESIAN_POINT('',(-13.03244167781,-3.947887461538,6.));
#6657 = CARTESIAN_POINT('',(-13.08192949788,-3.987288399479,6.));
#6658 = CARTESIAN_POINT('',(-13.13247299489,-4.0285791733,6.));
#6659 = CARTESIAN_POINT('',(-13.18403220325,-4.071792382359,6.));
#6660 = CARTESIAN_POINT('',(-13.23656650675,-4.116959916444,6.));
#6661 = CARTESIAN_POINT('',(-13.2900346501,-4.164112944611,6.));
#6662 = CARTESIAN_POINT('',(-13.34439475072,-4.213281904122,6.));
#6663 = CARTESIAN_POINT('',(-13.39960431059,-4.264496489879,6.));
#6664 = CARTESIAN_POINT('',(-13.45562022859,-4.317785642809,6.));
#6665 = CARTESIAN_POINT('',(-13.51239881171,-4.373177543217,6.));
#6666 = CARTESIAN_POINT('',(-13.56989579167,-4.430699585817,6.));
#6667 = CARTESIAN_POINT('',(-13.62806632127,-4.490378426651,6.));
#6668 = CARTESIAN_POINT('',(-13.68686504987,-4.552239752673,6.));
#6669 = CARTESIAN_POINT('',(-13.72599725359,-4.594461714501,6.));
#6670 = CARTESIAN_POINT('',(-13.74565736892,-4.615940153007,6.));
#6671 = ORIENTED_EDGE('',*,*,#6672,.F.);
#6672 = EDGE_CURVE('',#6673,#6621,#6675,.T.);
#6673 = VERTEX_POINT('',#6674);
#6674 = CARTESIAN_POINT('',(-13.74565736892,-4.615940153007,0.));
#6675 = LINE('',#6676,#6677);
#6676 = CARTESIAN_POINT('',(-13.74565736892,-4.615940153007,0.));
#6677 = VECTOR('',#6678,1.);
#6678 = DIRECTION('',(0.,0.,1.));
#6679 = ORIENTED_EDGE('',*,*,#6680,.F.);
#6680 = EDGE_CURVE('',#6598,#6673,#6681,.T.);
#6681 = B_SPLINE_CURVE_WITH_KNOTS('',3,(#6682,#6683,#6684,#6685,#6686,
    #6687,#6688,#6689,#6690,#6691,#6692,#6693,#6694,#6695,#6696,#6697,
    #6698,#6699,#6700,#6701,#6702,#6703,#6704,#6705,#6706,#6707,#6708,
    #6709,#6710,#6711,#6712,#6713,#6714,#6715,#6716,#6717,#6718,#6719,
    #6720,#6721,#6722,#6723,#6724,#6725,#6726,#6727,#6728),
  .UNSPECIFIED.,.F.,.F.,(4,1,1,1,1,1,1,1,1,1,1,1,1,1,1,1,1,1,1,1,1,1,1,1
    ,1,1,1,1,1,1,1,1,1,1,1,1,1,1,1,1,1,1,1,1,4),(0.,1.004058879412E-03,
    4.016229631009E-03,9.036513432115E-03,1.606491045092E-02,
    2.510142074349E-02,3.614604433531E-02,4.91987812401E-02,
    6.425963146609E-02,8.132859501861E-02,0.100405671901,0.121490862117,
    0.144584165667,0.169685582553,0.196795112777,0.225912756339,
    0.25703851324,0.29017238348,0.32531436706,0.362464463981,
    0.401622674242,0.442788997845,0.485963434789,0.531145985075,
    0.578336648702,0.627535425671,0.678742315982,0.731957319636,
    0.787180436632,0.84441166697,0.903651010651,0.964898467674,
    1.02815403804,1.093417721749,1.160689518801,1.229969429195,
    1.301257452933,1.374553590013,1.449857840437,1.527170204204,
    1.606490681313,1.687819271766,1.771155975562,1.856500792702,
    1.943853723184),.UNSPECIFIED.);
#6682 = CARTESIAN_POINT('',(-12.20578706806,-3.456813840547,0.));
#6683 = CARTESIAN_POINT('',(-12.20610863122,-3.456906661421,0.));
#6684 = CARTESIAN_POINT('',(-12.20739358977,-3.457282316098,0.));
#6685 = CARTESIAN_POINT('',(-12.2102736087,-3.45816514259,0.));
#6686 = CARTESIAN_POINT('',(-12.21505713255,-3.459688954444,0.));
#6687 = CARTESIAN_POINT('',(-12.22172677748,-3.461906406694,0.));
#6688 = CARTESIAN_POINT('',(-12.23026630152,-3.464862597539,0.));
#6689 = CARTESIAN_POINT('',(-12.24065757777,-3.468605801567,0.));
#6690 = CARTESIAN_POINT('',(-12.25288197384,-3.473182584775,0.));
#6691 = CARTESIAN_POINT('',(-12.26691982405,-3.478639680677,0.));
#6692 = CARTESIAN_POINT('',(-12.28275063118,-3.485023281184,0.));
#6693 = CARTESIAN_POINT('',(-12.30035300568,-3.492379259172,0.));
#6694 = CARTESIAN_POINT('',(-12.31970469463,-3.500753073626,0.));
#6695 = CARTESIAN_POINT('',(-12.34078258122,-3.510189780501,0.));
#6696 = CARTESIAN_POINT('',(-12.36356269389,-3.520734009883,0.));
#6697 = CARTESIAN_POINT('',(-12.38802021272,-3.532429954075,0.));
#6698 = CARTESIAN_POINT('',(-12.41412947699,-3.545321352486,0.));
#6699 = CARTESIAN_POINT('',(-12.44186399258,-3.559451477689,0.));
#6700 = CARTESIAN_POINT('',(-12.47119643977,-3.574863121306,0.));
#6701 = CARTESIAN_POINT('',(-12.50209868116,-3.591598580104,0.));
#6702 = CARTESIAN_POINT('',(-12.53454176989,-3.609699642201,0.));
#6703 = CARTESIAN_POINT('',(-12.56849595801,-3.629207573414,0.));
#6704 = CARTESIAN_POINT('',(-12.60393070508,-3.650163103729,0.));
#6705 = CARTESIAN_POINT('',(-12.64081468699,-3.672606413918,0.));
#6706 = CARTESIAN_POINT('',(-12.67911580501,-3.696577122286,0.));
#6707 = CARTESIAN_POINT('',(-12.71880119501,-3.722114271566,0.));
#6708 = CARTESIAN_POINT('',(-12.7598372369,-3.749256315955,0.));
#6709 = CARTESIAN_POINT('',(-12.80218956431,-3.778041108299,0.));
#6710 = CARTESIAN_POINT('',(-12.8458230744,-3.808505887426,0.));
#6711 = CARTESIAN_POINT('',(-12.89070193795,-3.840687265639,0.));
#6712 = CARTESIAN_POINT('',(-12.93678960959,-3.874621216354,0.));
#6713 = CARTESIAN_POINT('',(-12.98404883826,-3.910343061912,0.));
#6714 = CARTESIAN_POINT('',(-13.03244167781,-3.947887461538,0.));
#6715 = CARTESIAN_POINT('',(-13.08192949788,-3.987288399479,0.));
#6716 = CARTESIAN_POINT('',(-13.13247299489,-4.0285791733,0.));
#6717 = CARTESIAN_POINT('',(-13.18403220325,-4.071792382359,0.));
#6718 = CARTESIAN_POINT('',(-13.23656650675,-4.116959916444,0.));
#6719 = CARTESIAN_POINT('',(-13.2900346501,-4.164112944611,0.));
#6720 = CARTESIAN_POINT('',(-13.34439475072,-4.213281904122,0.));
#6721 = CARTESIAN_POINT('',(-13.39960431059,-4.264496489879,0.));
#6722 = CARTESIAN_POINT('',(-13.45562022859,-4.317785642809,0.));
#6723 = CARTESIAN_POINT('',(-13.51239881171,-4.373177543217,0.));
#6724 = CARTESIAN_POINT('',(-13.56989579167,-4.430699585817,0.));
#6725 = CARTESIAN_POINT('',(-13.62806632127,-4.490378426651,0.));
#6726 = CARTESIAN_POINT('',(-13.68686504987,-4.552239752673,0.));
#6727 = CARTESIAN_POINT('',(-13.72599725359,-4.594461714501,0.));
#6728 = CARTESIAN_POINT('',(-13.74565736892,-4.615940153007,0.));
#6729 = SURFACE_OF_LINEAR_EXTRUSION('',#6730,#6778);
#6730 = B_SPLINE_CURVE_WITH_KNOTS('',3,(#6731,#6732,#6733,#6734,#6735,
    #6736,#6737,#6738,#6739,#6740,#6741,#6742,#6743,#6744,#6745,#6746,
    #6747,#6748,#6749,#6750,#6751,#6752,#6753,#6754,#6755,#6756,#6757,
    #6758,#6759,#6760,#6761,#6762,#6763,#6764,#6765,#6766,#6767,#6768,
    #6769,#6770,#6771,#6772,#6773,#6774,#6775,#6776,#6777),
  .UNSPECIFIED.,.F.,.F.,(4,1,1,1,1,1,1,1,1,1,1,1,1,1,1,1,1,1,1,1,1,1,1,1
    ,1,1,1,1,1,1,1,1,1,1,1,1,1,1,1,1,1,1,1,1,4),(0.,1.004058879412E-03,
    4.016229631009E-03,9.036513432115E-03,1.606491045092E-02,
    2.510142074349E-02,3.614604433531E-02,4.91987812401E-02,
    6.425963146609E-02,8.132859501861E-02,0.100405671901,0.121490862117,
    0.144584165667,0.169685582553,0.196795112777,0.225912756339,
    0.25703851324,0.29017238348,0.32531436706,0.362464463981,
    0.401622674242,0.442788997845,0.485963434789,0.531145985075,
    0.578336648702,0.627535425671,0.678742315982,0.731957319636,
    0.787180436632,0.84441166697,0.903651010651,0.964898467674,
    1.02815403804,1.093417721749,1.160689518801,1.229969429195,
    1.301257452933,1.374553590013,1.449857840437,1.527170204204,
    1.606490681313,1.687819271766,1.771155975562,1.856500792702,
    1.943853723184),.UNSPECIFIED.);
#6731 = CARTESIAN_POINT('',(-12.20578706806,-3.456813840547,0.));
#6732 = CARTESIAN_POINT('',(-12.20610863122,-3.456906661421,0.));
#6733 = CARTESIAN_POINT('',(-12.20739358977,-3.457282316098,0.));
#6734 = CARTESIAN_POINT('',(-12.2102736087,-3.45816514259,0.));
#6735 = CARTESIAN_POINT('',(-12.21505713255,-3.459688954444,0.));
#6736 = CARTESIAN_POINT('',(-12.22172677748,-3.461906406694,0.));
#6737 = CARTESIAN_POINT('',(-12.23026630152,-3.464862597539,0.));
#6738 = CARTESIAN_POINT('',(-12.24065757777,-3.468605801567,0.));
#6739 = CARTESIAN_POINT('',(-12.25288197384,-3.473182584775,0.));
#6740 = CARTESIAN_POINT('',(-12.26691982405,-3.478639680677,0.));
#6741 = CARTESIAN_POINT('',(-12.28275063118,-3.485023281184,0.));
#6742 = CARTESIAN_POINT('',(-12.30035300568,-3.492379259172,0.));
#6743 = CARTESIAN_POINT('',(-12.31970469463,-3.500753073626,0.));
#6744 = CARTESIAN_POINT('',(-12.34078258122,-3.510189780501,0.));
#6745 = CARTESIAN_POINT('',(-12.36356269389,-3.520734009883,0.));
#6746 = CARTESIAN_POINT('',(-12.38802021272,-3.532429954075,0.));
#6747 = CARTESIAN_POINT('',(-12.41412947699,-3.545321352486,0.));
#6748 = CARTESIAN_POINT('',(-12.44186399258,-3.559451477689,0.));
#6749 = CARTESIAN_POINT('',(-12.47119643977,-3.574863121306,0.));
#6750 = CARTESIAN_POINT('',(-12.50209868116,-3.591598580104,0.));
#6751 = CARTESIAN_POINT('',(-12.53454176989,-3.609699642201,0.));
#6752 = CARTESIAN_POINT('',(-12.56849595801,-3.629207573414,0.));
#6753 = CARTESIAN_POINT('',(-12.60393070508,-3.650163103729,0.));
#6754 = CARTESIAN_POINT('',(-12.64081468699,-3.672606413918,0.));
#6755 = CARTESIAN_POINT('',(-12.67911580501,-3.696577122286,0.));
#6756 = CARTESIAN_POINT('',(-12.71880119501,-3.722114271566,0.));
#6757 = CARTESIAN_POINT('',(-12.7598372369,-3.749256315955,0.));
#6758 = CARTESIAN_POINT('',(-12.80218956431,-3.778041108299,0.));
#6759 = CARTESIAN_POINT('',(-12.8458230744,-3.808505887426,0.));
#6760 = CARTESIAN_POINT('',(-12.89070193795,-3.840687265639,0.));
#6761 = CARTESIAN_POINT('',(-12.93678960959,-3.874621216354,0.));
#6762 = CARTESIAN_POINT('',(-12.98404883826,-3.910343061912,0.));
#6763 = CARTESIAN_POINT('',(-13.03244167781,-3.947887461538,0.));
#6764 = CARTESIAN_POINT('',(-13.08192949788,-3.987288399479,0.));
#6765 = CARTESIAN_POINT('',(-13.13247299489,-4.0285791733,0.));
#6766 = CARTESIAN_POINT('',(-13.18403220325,-4.071792382359,0.));
#6767 = CARTESIAN_POINT('',(-13.23656650675,-4.116959916444,0.));
#6768 = CARTESIAN_POINT('',(-13.2900346501,-4.164112944611,0.));
#6769 = CARTESIAN_POINT('',(-13.34439475072,-4.213281904122,0.));
#6770 = CARTESIAN_POINT('',(-13.39960431059,-4.264496489879,0.));
#6771 = CARTESIAN_POINT('',(-13.45562022859,-4.317785642809,0.));
#6772 = CARTESIAN_POINT('',(-13.51239881171,-4.373177543217,0.));
#6773 = CARTESIAN_POINT('',(-13.56989579167,-4.430699585817,0.));
#6774 = CARTESIAN_POINT('',(-13.62806632127,-4.490378426651,0.));
#6775 = CARTESIAN_POINT('',(-13.68686504987,-4.552239752673,0.));
#6776 = CARTESIAN_POINT('',(-13.72599725359,-4.594461714501,0.));
#6777 = CARTESIAN_POINT('',(-13.74565736892,-4.615940153007,0.));
#6778 = VECTOR('',#6779,1.);
#6779 = DIRECTION('',(-0.,-0.,-1.));
#6780 = ADVANCED_FACE('',(#6781),#6804,.F.);
#6781 = FACE_BOUND('',#6782,.F.);
#6782 = EDGE_LOOP('',(#6783,#6784,#6791,#6799));
#6783 = ORIENTED_EDGE('',*,*,#6672,.T.);
#6784 = ORIENTED_EDGE('',*,*,#6785,.T.);
#6785 = EDGE_CURVE('',#6621,#6786,#6788,.T.);
#6786 = VERTEX_POINT('',#6787);
#6787 = CARTESIAN_POINT('',(-13.49685358188,-5.29952293976,6.));
#6788 = B_SPLINE_CURVE_WITH_KNOTS('',1,(#6789,#6790),.UNSPECIFIED.,.F.,
  .F.,(2,2),(0.,0.72745360731),.PIECEWISE_BEZIER_KNOTS.);
#6789 = CARTESIAN_POINT('',(-13.74565736892,-4.615940153007,6.));
#6790 = CARTESIAN_POINT('',(-13.49685358188,-5.29952293976,6.));
#6791 = ORIENTED_EDGE('',*,*,#6792,.F.);
#6792 = EDGE_CURVE('',#6793,#6786,#6795,.T.);
#6793 = VERTEX_POINT('',#6794);
#6794 = CARTESIAN_POINT('',(-13.49685358188,-5.29952293976,0.));
#6795 = LINE('',#6796,#6797);
#6796 = CARTESIAN_POINT('',(-13.49685358188,-5.29952293976,0.));
#6797 = VECTOR('',#6798,1.);
#6798 = DIRECTION('',(0.,0.,1.));
#6799 = ORIENTED_EDGE('',*,*,#6800,.F.);
#6800 = EDGE_CURVE('',#6673,#6793,#6801,.T.);
#6801 = B_SPLINE_CURVE_WITH_KNOTS('',1,(#6802,#6803),.UNSPECIFIED.,.F.,
  .F.,(2,2),(0.,0.72745360731),.PIECEWISE_BEZIER_KNOTS.);
#6802 = CARTESIAN_POINT('',(-13.74565736892,-4.615940153007,0.));
#6803 = CARTESIAN_POINT('',(-13.49685358188,-5.29952293976,0.));
#6804 = SURFACE_OF_LINEAR_EXTRUSION('',#6805,#6808);
#6805 = B_SPLINE_CURVE_WITH_KNOTS('',1,(#6806,#6807),.UNSPECIFIED.,.F.,
  .F.,(2,2),(0.,0.72745360731),.PIECEWISE_BEZIER_KNOTS.);
#6806 = CARTESIAN_POINT('',(-13.74565736892,-4.615940153007,0.));
#6807 = CARTESIAN_POINT('',(-13.49685358188,-5.29952293976,0.));
#6808 = VECTOR('',#6809,1.);
#6809 = DIRECTION('',(-0.,-0.,-1.));
#6810 = ADVANCED_FACE('',(#6811),#6924,.F.);
#6811 = FACE_BOUND('',#6812,.F.);
#6812 = EDGE_LOOP('',(#6813,#6814,#6866,#6874));
#6813 = ORIENTED_EDGE('',*,*,#6792,.T.);
#6814 = ORIENTED_EDGE('',*,*,#6815,.T.);
#6815 = EDGE_CURVE('',#6786,#6816,#6818,.T.);
#6816 = VERTEX_POINT('',#6817);
#6817 = CARTESIAN_POINT('',(-11.57217246308,-5.197655660379,6.));
#6818 = B_SPLINE_CURVE_WITH_KNOTS('',3,(#6819,#6820,#6821,#6822,#6823,
    #6824,#6825,#6826,#6827,#6828,#6829,#6830,#6831,#6832,#6833,#6834,
    #6835,#6836,#6837,#6838,#6839,#6840,#6841,#6842,#6843,#6844,#6845,
    #6846,#6847,#6848,#6849,#6850,#6851,#6852,#6853,#6854,#6855,#6856,
    #6857,#6858,#6859,#6860,#6861,#6862,#6863,#6864,#6865),
  .UNSPECIFIED.,.F.,.F.,(4,1,1,1,1,1,1,1,1,1,1,1,1,1,1,1,1,1,1,1,1,1,1,1
    ,1,1,1,1,1,1,1,1,1,1,1,1,1,1,1,1,1,1,1,1,4),(0.,8.735293048255E-02,
    0.172697747622,0.256034451418,0.337363041871,0.416683518981,
    0.493995882747,0.569300133171,0.642596270251,0.713884293989,
    0.783164204383,0.850436001435,0.915699685144,0.97895525551,
    1.040202712533,1.099442056214,1.156673286553,1.211896403548,
    1.265111407202,1.316318297513,1.365517074482,1.41270773811,
    1.457890288395,1.501064725339,1.542231048942,1.581389259203,
    1.618539356124,1.653681339704,1.686815209945,1.717940966845,
    1.747058610407,1.774168140631,1.799269557517,1.822362861067,
    1.843448051283,1.862525128166,1.879594091718,1.894654941944,
    1.907707678849,1.918752302441,1.927788812733,1.934817209752,
    1.939837493553,1.942849664305,1.943853723184),.UNSPECIFIED.);
#6819 = CARTESIAN_POINT('',(-13.49685358188,-5.29952293976,6.));
#6820 = CARTESIAN_POINT('',(-13.46798698564,-5.303339099684,6.));
#6821 = CARTESIAN_POINT('',(-13.41087022451,-5.310529303229,6.));
#6822 = CARTESIAN_POINT('',(-13.32606409132,-5.320122734062,6.));
#6823 = CARTESIAN_POINT('',(-13.24314206092,-5.328448082781,6.));
#6824 = CARTESIAN_POINT('',(-13.16212236266,-5.335554177562,6.));
#6825 = CARTESIAN_POINT('',(-13.08302221731,-5.341490265334,6.));
#6826 = CARTESIAN_POINT('',(-13.00585792736,-5.346305786778,6.));
#6827 = CARTESIAN_POINT('',(-12.93064484966,-5.350050414585,6.));
#6828 = CARTESIAN_POINT('',(-12.85739739869,-5.35277402365,6.));
#6829 = CARTESIAN_POINT('',(-12.78612904233,-5.354526678796,6.));
#6830 = CARTESIAN_POINT('',(-12.7168522998,-5.355358617921,6.));
#6831 = CARTESIAN_POINT('',(-12.64957873938,-5.35532023629,6.));
#6832 = CARTESIAN_POINT('',(-12.58431897655,-5.354462070498,6.));
#6833 = CARTESIAN_POINT('',(-12.52108267227,-5.352834782489,6.));
#6834 = CARTESIAN_POINT('',(-12.45987853155,-5.350489143533,6.));
#6835 = CARTESIAN_POINT('',(-12.40071430233,-5.347476018193,6.));
#6836 = CARTESIAN_POINT('',(-12.3435967745,-5.34384634828,6.));
#6837 = CARTESIAN_POINT('',(-12.28853177929,-5.339651136802,6.));
#6838 = CARTESIAN_POINT('',(-12.23552418879,-5.33494143191,6.));
#6839 = CARTESIAN_POINT('',(-12.18457791586,-5.329768310832,6.));
#6840 = CARTESIAN_POINT('',(-12.13569591417,-5.324182863833,6.));
#6841 = CARTESIAN_POINT('',(-12.08888017854,-5.318236178157,6.));
#6842 = CARTESIAN_POINT('',(-12.04413174559,-5.311979321999,6.));
#6843 = CARTESIAN_POINT('',(-12.00145069449,-5.305463328486,6.));
#6844 = CARTESIAN_POINT('',(-11.96083614817,-5.29873917967,6.));
#6845 = CARTESIAN_POINT('',(-11.92228627456,-5.291857790551,6.));
#6846 = CARTESIAN_POINT('',(-11.88579828828,-5.284869993127,6.));
#6847 = CARTESIAN_POINT('',(-11.85136845243,-5.277826520464,6.));
#6848 = CARTESIAN_POINT('',(-11.8189920807,-5.270777990805,6.));
#6849 = CARTESIAN_POINT('',(-11.78866353974,-5.263774891716,6.));
#6850 = CARTESIAN_POINT('',(-11.76037625177,-5.256867564262,6.));
#6851 = CARTESIAN_POINT('',(-11.73412269736,-5.250106187244,6.));
#6852 = CARTESIAN_POINT('',(-11.70989441864,-5.2435407614,6.));
#6853 = CARTESIAN_POINT('',(-11.68768202249,-5.237221093926,6.));
#6854 = CARTESIAN_POINT('',(-11.66747518452,-5.23119678207,6.));
#6855 = CARTESIAN_POINT('',(-11.64926265185,-5.225517199905,6.));
#6856 = CARTESIAN_POINT('',(-11.6330322507,-5.220231474926,6.));
#6857 = CARTESIAN_POINT('',(-11.61877087993,-5.215388496738,6.));
#6858 = CARTESIAN_POINT('',(-11.60646454971,-5.211036825749,6.));
#6859 = CARTESIAN_POINT('',(-11.59609828511,-5.207224902774,6.));
#6860 = CARTESIAN_POINT('',(-11.58765642732,-5.204000376093,6.));
#6861 = CARTESIAN_POINT('',(-11.58112183205,-5.201411877946,6.));
#6862 = CARTESIAN_POINT('',(-11.57647795281,-5.199504395689,6.));
#6863 = CARTESIAN_POINT('',(-11.57370426039,-5.198329439537,6.));
#6864 = CARTESIAN_POINT('',(-11.57247845886,-5.19779125228,6.));
#6865 = CARTESIAN_POINT('',(-11.57217246308,-5.197655660379,6.));
#6866 = ORIENTED_EDGE('',*,*,#6867,.F.);
#6867 = EDGE_CURVE('',#6868,#6816,#6870,.T.);
#6868 = VERTEX_POINT('',#6869);
#6869 = CARTESIAN_POINT('',(-11.57217246308,-5.197655660379,0.));
#6870 = LINE('',#6871,#6872);
#6871 = CARTESIAN_POINT('',(-11.57217246308,-5.197655660379,0.));
#6872 = VECTOR('',#6873,1.);
#6873 = DIRECTION('',(0.,0.,1.));
#6874 = ORIENTED_EDGE('',*,*,#6875,.F.);
#6875 = EDGE_CURVE('',#6793,#6868,#6876,.T.);
#6876 = B_SPLINE_CURVE_WITH_KNOTS('',3,(#6877,#6878,#6879,#6880,#6881,
    #6882,#6883,#6884,#6885,#6886,#6887,#6888,#6889,#6890,#6891,#6892,
    #6893,#6894,#6895,#6896,#6897,#6898,#6899,#6900,#6901,#6902,#6903,
    #6904,#6905,#6906,#6907,#6908,#6909,#6910,#6911,#6912,#6913,#6914,
    #6915,#6916,#6917,#6918,#6919,#6920,#6921,#6922,#6923),
  .UNSPECIFIED.,.F.,.F.,(4,1,1,1,1,1,1,1,1,1,1,1,1,1,1,1,1,1,1,1,1,1,1,1
    ,1,1,1,1,1,1,1,1,1,1,1,1,1,1,1,1,1,1,1,1,4),(0.,8.735293048255E-02,
    0.172697747622,0.256034451418,0.337363041871,0.416683518981,
    0.493995882747,0.569300133171,0.642596270251,0.713884293989,
    0.783164204383,0.850436001435,0.915699685144,0.97895525551,
    1.040202712533,1.099442056214,1.156673286553,1.211896403548,
    1.265111407202,1.316318297513,1.365517074482,1.41270773811,
    1.457890288395,1.501064725339,1.542231048942,1.581389259203,
    1.618539356124,1.653681339704,1.686815209945,1.717940966845,
    1.747058610407,1.774168140631,1.799269557517,1.822362861067,
    1.843448051283,1.862525128166,1.879594091718,1.894654941944,
    1.907707678849,1.918752302441,1.927788812733,1.934817209752,
    1.939837493553,1.942849664305,1.943853723184),.UNSPECIFIED.);
#6877 = CARTESIAN_POINT('',(-13.49685358188,-5.29952293976,0.));
#6878 = CARTESIAN_POINT('',(-13.46798698564,-5.303339099684,0.));
#6879 = CARTESIAN_POINT('',(-13.41087022451,-5.310529303229,0.));
#6880 = CARTESIAN_POINT('',(-13.32606409132,-5.320122734062,0.));
#6881 = CARTESIAN_POINT('',(-13.24314206092,-5.328448082781,0.));
#6882 = CARTESIAN_POINT('',(-13.16212236266,-5.335554177562,0.));
#6883 = CARTESIAN_POINT('',(-13.08302221731,-5.341490265334,0.));
#6884 = CARTESIAN_POINT('',(-13.00585792736,-5.346305786778,0.));
#6885 = CARTESIAN_POINT('',(-12.93064484966,-5.350050414585,0.));
#6886 = CARTESIAN_POINT('',(-12.85739739869,-5.35277402365,0.));
#6887 = CARTESIAN_POINT('',(-12.78612904233,-5.354526678796,0.));
#6888 = CARTESIAN_POINT('',(-12.7168522998,-5.355358617921,0.));
#6889 = CARTESIAN_POINT('',(-12.64957873938,-5.35532023629,0.));
#6890 = CARTESIAN_POINT('',(-12.58431897655,-5.354462070498,0.));
#6891 = CARTESIAN_POINT('',(-12.52108267227,-5.352834782489,0.));
#6892 = CARTESIAN_POINT('',(-12.45987853155,-5.350489143533,0.));
#6893 = CARTESIAN_POINT('',(-12.40071430233,-5.347476018193,0.));
#6894 = CARTESIAN_POINT('',(-12.3435967745,-5.34384634828,0.));
#6895 = CARTESIAN_POINT('',(-12.28853177929,-5.339651136802,0.));
#6896 = CARTESIAN_POINT('',(-12.23552418879,-5.33494143191,0.));
#6897 = CARTESIAN_POINT('',(-12.18457791586,-5.329768310832,0.));
#6898 = CARTESIAN_POINT('',(-12.13569591417,-5.324182863833,0.));
#6899 = CARTESIAN_POINT('',(-12.08888017854,-5.318236178157,0.));
#6900 = CARTESIAN_POINT('',(-12.04413174559,-5.311979321999,0.));
#6901 = CARTESIAN_POINT('',(-12.00145069449,-5.305463328486,0.));
#6902 = CARTESIAN_POINT('',(-11.96083614817,-5.29873917967,0.));
#6903 = CARTESIAN_POINT('',(-11.92228627456,-5.291857790551,0.));
#6904 = CARTESIAN_POINT('',(-11.88579828828,-5.284869993127,0.));
#6905 = CARTESIAN_POINT('',(-11.85136845243,-5.277826520464,0.));
#6906 = CARTESIAN_POINT('',(-11.8189920807,-5.270777990805,0.));
#6907 = CARTESIAN_POINT('',(-11.78866353974,-5.263774891716,0.));
#6908 = CARTESIAN_POINT('',(-11.76037625177,-5.256867564262,0.));
#6909 = CARTESIAN_POINT('',(-11.73412269736,-5.250106187244,0.));
#6910 = CARTESIAN_POINT('',(-11.70989441864,-5.2435407614,0.));
#6911 = CARTESIAN_POINT('',(-11.68768202249,-5.237221093926,0.));
#6912 = CARTESIAN_POINT('',(-11.66747518452,-5.23119678207,0.));
#6913 = CARTESIAN_POINT('',(-11.64926265185,-5.225517199905,0.));
#6914 = CARTESIAN_POINT('',(-11.6330322507,-5.220231474926,0.));
#6915 = CARTESIAN_POINT('',(-11.61877087993,-5.215388496738,0.));
#6916 = CARTESIAN_POINT('',(-11.60646454971,-5.211036825749,0.));
#6917 = CARTESIAN_POINT('',(-11.59609828511,-5.207224902774,0.));
#6918 = CARTESIAN_POINT('',(-11.58765642732,-5.204000376093,0.));
#6919 = CARTESIAN_POINT('',(-11.58112183205,-5.201411877946,0.));
#6920 = CARTESIAN_POINT('',(-11.57647795281,-5.199504395689,0.));
#6921 = CARTESIAN_POINT('',(-11.57370426039,-5.198329439537,0.));
#6922 = CARTESIAN_POINT('',(-11.57247845886,-5.19779125228,0.));
#6923 = CARTESIAN_POINT('',(-11.57217246308,-5.197655660379,0.));
#6924 = SURFACE_OF_LINEAR_EXTRUSION('',#6925,#6973);
#6925 = B_SPLINE_CURVE_WITH_KNOTS('',3,(#6926,#6927,#6928,#6929,#6930,
    #6931,#6932,#6933,#6934,#6935,#6936,#6937,#6938,#6939,#6940,#6941,
    #6942,#6943,#6944,#6945,#6946,#6947,#6948,#6949,#6950,#6951,#6952,
    #6953,#6954,#6955,#6956,#6957,#6958,#6959,#6960,#6961,#6962,#6963,
    #6964,#6965,#6966,#6967,#6968,#6969,#6970,#6971,#6972),
  .UNSPECIFIED.,.F.,.F.,(4,1,1,1,1,1,1,1,1,1,1,1,1,1,1,1,1,1,1,1,1,1,1,1
    ,1,1,1,1,1,1,1,1,1,1,1,1,1,1,1,1,1,1,1,1,4),(0.,8.735293048255E-02,
    0.172697747622,0.256034451418,0.337363041871,0.416683518981,
    0.493995882747,0.569300133171,0.642596270251,0.713884293989,
    0.783164204383,0.850436001435,0.915699685144,0.97895525551,
    1.040202712533,1.099442056214,1.156673286553,1.211896403548,
    1.265111407202,1.316318297513,1.365517074482,1.41270773811,
    1.457890288395,1.501064725339,1.542231048942,1.581389259203,
    1.618539356124,1.653681339704,1.686815209945,1.717940966845,
    1.747058610407,1.774168140631,1.799269557517,1.822362861067,
    1.843448051283,1.862525128166,1.879594091718,1.894654941944,
    1.907707678849,1.918752302441,1.927788812733,1.934817209752,
    1.939837493553,1.942849664305,1.943853723184),.UNSPECIFIED.);
#6926 = CARTESIAN_POINT('',(-13.49685358188,-5.29952293976,0.));
#6927 = CARTESIAN_POINT('',(-13.46798698564,-5.303339099684,0.));
#6928 = CARTESIAN_POINT('',(-13.41087022451,-5.310529303229,0.));
#6929 = CARTESIAN_POINT('',(-13.32606409132,-5.320122734062,0.));
#6930 = CARTESIAN_POINT('',(-13.24314206092,-5.328448082781,0.));
#6931 = CARTESIAN_POINT('',(-13.16212236266,-5.335554177562,0.));
#6932 = CARTESIAN_POINT('',(-13.08302221731,-5.341490265334,0.));
#6933 = CARTESIAN_POINT('',(-13.00585792736,-5.346305786778,0.));
#6934 = CARTESIAN_POINT('',(-12.93064484966,-5.350050414585,0.));
#6935 = CARTESIAN_POINT('',(-12.85739739869,-5.35277402365,0.));
#6936 = CARTESIAN_POINT('',(-12.78612904233,-5.354526678796,0.));
#6937 = CARTESIAN_POINT('',(-12.7168522998,-5.355358617921,0.));
#6938 = CARTESIAN_POINT('',(-12.64957873938,-5.35532023629,0.));
#6939 = CARTESIAN_POINT('',(-12.58431897655,-5.354462070498,0.));
#6940 = CARTESIAN_POINT('',(-12.52108267227,-5.352834782489,0.));
#6941 = CARTESIAN_POINT('',(-12.45987853155,-5.350489143533,0.));
#6942 = CARTESIAN_POINT('',(-12.40071430233,-5.347476018193,0.));
#6943 = CARTESIAN_POINT('',(-12.3435967745,-5.34384634828,0.));
#6944 = CARTESIAN_POINT('',(-12.28853177929,-5.339651136802,0.));
#6945 = CARTESIAN_POINT('',(-12.23552418879,-5.33494143191,0.));
#6946 = CARTESIAN_POINT('',(-12.18457791586,-5.329768310832,0.));
#6947 = CARTESIAN_POINT('',(-12.13569591417,-5.324182863833,0.));
#6948 = CARTESIAN_POINT('',(-12.08888017854,-5.318236178157,0.));
#6949 = CARTESIAN_POINT('',(-12.04413174559,-5.311979321999,0.));
#6950 = CARTESIAN_POINT('',(-12.00145069449,-5.305463328486,0.));
#6951 = CARTESIAN_POINT('',(-11.96083614817,-5.29873917967,0.));
#6952 = CARTESIAN_POINT('',(-11.92228627456,-5.291857790551,0.));
#6953 = CARTESIAN_POINT('',(-11.88579828828,-5.284869993127,0.));
#6954 = CARTESIAN_POINT('',(-11.85136845243,-5.277826520464,0.));
#6955 = CARTESIAN_POINT('',(-11.8189920807,-5.270777990805,0.));
#6956 = CARTESIAN_POINT('',(-11.78866353974,-5.263774891716,0.));
#6957 = CARTESIAN_POINT('',(-11.76037625177,-5.256867564262,0.));
#6958 = CARTESIAN_POINT('',(-11.73412269736,-5.250106187244,0.));
#6959 = CARTESIAN_POINT('',(-11.70989441864,-5.2435407614,0.));
#6960 = CARTESIAN_POINT('',(-11.68768202249,-5.237221093926,0.));
#6961 = CARTESIAN_POINT('',(-11.66747518452,-5.23119678207,0.));
#6962 = CARTESIAN_POINT('',(-11.64926265185,-5.225517199905,0.));
#6963 = CARTESIAN_POINT('',(-11.6330322507,-5.220231474926,0.));
#6964 = CARTESIAN_POINT('',(-11.61877087993,-5.215388496738,0.));
#6965 = CARTESIAN_POINT('',(-11.60646454971,-5.211036825749,0.));
#6966 = CARTESIAN_POINT('',(-11.59609828511,-5.207224902774,0.));
#6967 = CARTESIAN_POINT('',(-11.58765642732,-5.204000376093,0.));
#6968 = CARTESIAN_POINT('',(-11.58112183205,-5.201411877946,0.));
#6969 = CARTESIAN_POINT('',(-11.57647795281,-5.199504395689,0.));
#6970 = CARTESIAN_POINT('',(-11.57370426039,-5.198329439537,0.));
#6971 = CARTESIAN_POINT('',(-11.57247845886,-5.19779125228,0.));
#6972 = CARTESIAN_POINT('',(-11.57217246308,-5.197655660379,0.));
#6973 = VECTOR('',#6974,1.);
#6974 = DIRECTION('',(-0.,-0.,-1.));
#6975 = ADVANCED_FACE('',(#6976),#6999,.F.);
#6976 = FACE_BOUND('',#6977,.F.);
#6977 = EDGE_LOOP('',(#6978,#6979,#6986,#6994));
#6978 = ORIENTED_EDGE('',*,*,#6867,.T.);
#6979 = ORIENTED_EDGE('',*,*,#6980,.T.);
#6980 = EDGE_CURVE('',#6816,#6981,#6983,.T.);
#6981 = VERTEX_POINT('',#6982);
#6982 = CARTESIAN_POINT('',(-11.17458494461,-5.019078731763,6.));
#6983 = B_SPLINE_CURVE_WITH_KNOTS('',1,(#6984,#6985),.UNSPECIFIED.,.F.,
  .F.,(2,2),(0.,0.43585038061),.PIECEWISE_BEZIER_KNOTS.);
#6984 = CARTESIAN_POINT('',(-11.57217246308,-5.197655660379,6.));
#6985 = CARTESIAN_POINT('',(-11.17458494461,-5.019078731763,6.));
#6986 = ORIENTED_EDGE('',*,*,#6987,.F.);
#6987 = EDGE_CURVE('',#6988,#6981,#6990,.T.);
#6988 = VERTEX_POINT('',#6989);
#6989 = CARTESIAN_POINT('',(-11.17458494461,-5.019078731763,0.));
#6990 = LINE('',#6991,#6992);
#6991 = CARTESIAN_POINT('',(-11.17458494461,-5.019078731763,0.));
#6992 = VECTOR('',#6993,1.);
#6993 = DIRECTION('',(0.,0.,1.));
#6994 = ORIENTED_EDGE('',*,*,#6995,.F.);
#6995 = EDGE_CURVE('',#6868,#6988,#6996,.T.);
#6996 = B_SPLINE_CURVE_WITH_KNOTS('',1,(#6997,#6998),.UNSPECIFIED.,.F.,
  .F.,(2,2),(0.,0.43585038061),.PIECEWISE_BEZIER_KNOTS.);
#6997 = CARTESIAN_POINT('',(-11.57217246308,-5.197655660379,0.));
#6998 = CARTESIAN_POINT('',(-11.17458494461,-5.019078731763,0.));
#6999 = SURFACE_OF_LINEAR_EXTRUSION('',#7000,#7003);
#7000 = B_SPLINE_CURVE_WITH_KNOTS('',1,(#7001,#7002),.UNSPECIFIED.,.F.,
  .F.,(2,2),(0.,0.43585038061),.PIECEWISE_BEZIER_KNOTS.);
#7001 = CARTESIAN_POINT('',(-11.57217246308,-5.197655660379,0.));
#7002 = CARTESIAN_POINT('',(-11.17458494461,-5.019078731763,0.));
#7003 = VECTOR('',#7004,1.);
#7004 = DIRECTION('',(-0.,-0.,-1.));
#7005 = ADVANCED_FACE('',(#7006),#7029,.F.);
#7006 = FACE_BOUND('',#7007,.F.);
#7007 = EDGE_LOOP('',(#7008,#7009,#7016,#7024));
#7008 = ORIENTED_EDGE('',*,*,#6987,.T.);
#7009 = ORIENTED_EDGE('',*,*,#7010,.T.);
#7010 = EDGE_CURVE('',#6981,#7011,#7013,.T.);
#7011 = VERTEX_POINT('',#7012);
#7012 = CARTESIAN_POINT('',(-10.69891886539,-5.96620776638,6.));
#7013 = B_SPLINE_CURVE_WITH_KNOTS('',1,(#7014,#7015),.UNSPECIFIED.,.F.,
  .F.,(2,2),(0.,1.059863966333),.PIECEWISE_BEZIER_KNOTS.);
#7014 = CARTESIAN_POINT('',(-11.17458494461,-5.019078731763,6.));
#7015 = CARTESIAN_POINT('',(-10.69891886539,-5.96620776638,6.));
#7016 = ORIENTED_EDGE('',*,*,#7017,.F.);
#7017 = EDGE_CURVE('',#7018,#7011,#7020,.T.);
#7018 = VERTEX_POINT('',#7019);
#7019 = CARTESIAN_POINT('',(-10.69891886539,-5.96620776638,0.));
#7020 = LINE('',#7021,#7022);
#7021 = CARTESIAN_POINT('',(-10.69891886539,-5.96620776638,0.));
#7022 = VECTOR('',#7023,1.);
#7023 = DIRECTION('',(0.,0.,1.));
#7024 = ORIENTED_EDGE('',*,*,#7025,.F.);
#7025 = EDGE_CURVE('',#6988,#7018,#7026,.T.);
#7026 = B_SPLINE_CURVE_WITH_KNOTS('',1,(#7027,#7028),.UNSPECIFIED.,.F.,
  .F.,(2,2),(0.,1.059863966333),.PIECEWISE_BEZIER_KNOTS.);
#7027 = CARTESIAN_POINT('',(-11.17458494461,-5.019078731763,0.));
#7028 = CARTESIAN_POINT('',(-10.69891886539,-5.96620776638,0.));
#7029 = SURFACE_OF_LINEAR_EXTRUSION('',#7030,#7033);
#7030 = B_SPLINE_CURVE_WITH_KNOTS('',1,(#7031,#7032),.UNSPECIFIED.,.F.,
  .F.,(2,2),(0.,1.059863966333),.PIECEWISE_BEZIER_KNOTS.);
#7031 = CARTESIAN_POINT('',(-11.17458494461,-5.019078731763,0.));
#7032 = CARTESIAN_POINT('',(-10.69891886539,-5.96620776638,0.));
#7033 = VECTOR('',#7034,1.);
#7034 = DIRECTION('',(-0.,-0.,-1.));
#7035 = ADVANCED_FACE('',(#7036),#7059,.F.);
#7036 = FACE_BOUND('',#7037,.F.);
#7037 = EDGE_LOOP('',(#7038,#7039,#7046,#7054));
#7038 = ORIENTED_EDGE('',*,*,#7017,.T.);
#7039 = ORIENTED_EDGE('',*,*,#7040,.T.);
#7040 = EDGE_CURVE('',#7011,#7041,#7043,.T.);
#7041 = VERTEX_POINT('',#7042);
#7042 = CARTESIAN_POINT('',(-11.07958236414,-6.178483188893,6.));
#7043 = B_SPLINE_CURVE_WITH_KNOTS('',1,(#7044,#7045),.UNSPECIFIED.,.F.,
  .F.,(2,2),(0.,0.43585038061),.PIECEWISE_BEZIER_KNOTS.);
#7044 = CARTESIAN_POINT('',(-10.69891886539,-5.96620776638,6.));
#7045 = CARTESIAN_POINT('',(-11.07958236414,-6.178483188893,6.));
#7046 = ORIENTED_EDGE('',*,*,#7047,.F.);
#7047 = EDGE_CURVE('',#7048,#7041,#7050,.T.);
#7048 = VERTEX_POINT('',#7049);
#7049 = CARTESIAN_POINT('',(-11.07958236414,-6.178483188893,0.));
#7050 = LINE('',#7051,#7052);
#7051 = CARTESIAN_POINT('',(-11.07958236414,-6.178483188893,0.));
#7052 = VECTOR('',#7053,1.);
#7053 = DIRECTION('',(0.,0.,1.));
#7054 = ORIENTED_EDGE('',*,*,#7055,.F.);
#7055 = EDGE_CURVE('',#7018,#7048,#7056,.T.);
#7056 = B_SPLINE_CURVE_WITH_KNOTS('',1,(#7057,#7058),.UNSPECIFIED.,.F.,
  .F.,(2,2),(0.,0.43585038061),.PIECEWISE_BEZIER_KNOTS.);
#7057 = CARTESIAN_POINT('',(-10.69891886539,-5.96620776638,0.));
#7058 = CARTESIAN_POINT('',(-11.07958236414,-6.178483188893,0.));
#7059 = SURFACE_OF_LINEAR_EXTRUSION('',#7060,#7063);
#7060 = B_SPLINE_CURVE_WITH_KNOTS('',1,(#7061,#7062),.UNSPECIFIED.,.F.,
  .F.,(2,2),(0.,0.43585038061),.PIECEWISE_BEZIER_KNOTS.);
#7061 = CARTESIAN_POINT('',(-10.69891886539,-5.96620776638,0.));
#7062 = CARTESIAN_POINT('',(-11.07958236414,-6.178483188893,0.));
#7063 = VECTOR('',#7064,1.);
#7064 = DIRECTION('',(-0.,-0.,-1.));
#7065 = ADVANCED_FACE('',(#7066),#7179,.F.);
#7066 = FACE_BOUND('',#7067,.F.);
#7067 = EDGE_LOOP('',(#7068,#7069,#7121,#7129));
#7068 = ORIENTED_EDGE('',*,*,#7047,.T.);
#7069 = ORIENTED_EDGE('',*,*,#7070,.T.);
#7070 = EDGE_CURVE('',#7041,#7071,#7073,.T.);
#7071 = VERTEX_POINT('',#7072);
#7072 = CARTESIAN_POINT('',(-12.31063233789,-7.661483631848,6.));
#7073 = B_SPLINE_CURVE_WITH_KNOTS('',3,(#7074,#7075,#7076,#7077,#7078,
    #7079,#7080,#7081,#7082,#7083,#7084,#7085,#7086,#7087,#7088,#7089,
    #7090,#7091,#7092,#7093,#7094,#7095,#7096,#7097,#7098,#7099,#7100,
    #7101,#7102,#7103,#7104,#7105,#7106,#7107,#7108,#7109,#7110,#7111,
    #7112,#7113,#7114,#7115,#7116,#7117,#7118,#7119,#7120),
  .UNSPECIFIED.,.F.,.F.,(4,1,1,1,1,1,1,1,1,1,1,1,1,1,1,1,1,1,1,1,1,1,1,1
    ,1,1,1,1,1,1,1,1,1,1,1,1,1,1,1,1,1,1,1,1,4),(0.,1.004058879412E-03,
    4.016229631009E-03,9.036513432115E-03,1.606491045092E-02,
    2.510142074349E-02,3.614604433531E-02,4.91987812401E-02,
    6.425963146609E-02,8.132859501861E-02,0.100405671901,0.121490862117,
    0.144584165667,0.169685582553,0.196795112777,0.225912756339,
    0.25703851324,0.29017238348,0.32531436706,0.362464463981,
    0.401622674242,0.442788997845,0.485963434789,0.531145985075,
    0.578336648702,0.627535425671,0.678742315982,0.731957319636,
    0.787180436632,0.84441166697,0.903651010651,0.964898467674,
    1.02815403804,1.093417721749,1.160689518801,1.229969429195,
    1.301257452933,1.374553590013,1.449857840437,1.527170204204,
    1.606490681313,1.687819271766,1.771155975562,1.856500792702,
    1.943853723184),.UNSPECIFIED.);
#7074 = CARTESIAN_POINT('',(-11.07958236414,-6.178483188893,6.));
#7075 = CARTESIAN_POINT('',(-11.07987385355,-6.178647665336,6.));
#7076 = CARTESIAN_POINT('',(-11.08103754395,-6.179309526028,6.));
#7077 = CARTESIAN_POINT('',(-11.08363633779,-6.18083273389,6.));
#7078 = CARTESIAN_POINT('',(-11.08793950594,-6.183418627716,6.));
#7079 = CARTESIAN_POINT('',(-11.09391799004,-6.187114434226,6.));
#7080 = CARTESIAN_POINT('',(-11.10154558559,-6.191960290338,6.));
#7081 = CARTESIAN_POINT('',(-11.11079352138,-6.197998989037,6.));
#7082 = CARTESIAN_POINT('',(-11.12163292843,-6.205271544206,6.));
#7083 = CARTESIAN_POINT('',(-11.13403389365,-6.213818894431,6.));
#7084 = CARTESIAN_POINT('',(-11.14796581974,-6.223681259531,6.));
#7085 = CARTESIAN_POINT('',(-11.16339731468,-6.234898343102,6.));
#7086 = CARTESIAN_POINT('',(-11.18029624184,-6.247509246902,6.));
#7087 = CARTESIAN_POINT('',(-11.19862971689,-6.26155248129,6.));
#7088 = CARTESIAN_POINT('',(-11.21836412204,-6.277065945123,6.));
#7089 = CARTESIAN_POINT('',(-11.23946511493,-6.294086915629,6.));
#7090 = CARTESIAN_POINT('',(-11.26189763954,-6.312652035441,6.));
#7091 = CARTESIAN_POINT('',(-11.28562593654,-6.332797300753,6.));
#7092 = CARTESIAN_POINT('',(-11.3106135542,-6.35455804937,6.));
#7093 = CARTESIAN_POINT('',(-11.33682335928,-6.377968949016,6.));
#7094 = CARTESIAN_POINT('',(-11.36421754816,-6.4030639858,6.));
#7095 = CARTESIAN_POINT('',(-11.3927576582,-6.429876452861,6.));
#7096 = CARTESIAN_POINT('',(-11.4224045792,-6.458438939194,6.));
#7097 = CARTESIAN_POINT('',(-11.45311856509,-6.488783318656,6.));
#7098 = CARTESIAN_POINT('',(-11.48485924573,-6.52094073916,6.));
#7099 = CARTESIAN_POINT('',(-11.51758563899,-6.554941612046,6.));
#7100 = CARTESIAN_POINT('',(-11.55125616286,-6.590815601649,6.));
#7101 = CARTESIAN_POINT('',(-11.58582864785,-6.628591615053,6.));
#7102 = CARTESIAN_POINT('',(-11.62126034946,-6.66829779204,6.));
#7103 = CARTESIAN_POINT('',(-11.65750796088,-6.709961495234,6.));
#7104 = CARTESIAN_POINT('',(-11.69452762578,-6.753609300443,6.));
#7105 = CARTESIAN_POINT('',(-11.7322749513,-6.799266987198,6.));
#7106 = CARTESIAN_POINT('',(-11.77070502118,-6.846959529504,6.));
#7107 = CARTESIAN_POINT('',(-11.80977240905,-6.89671108678,6.));
#7108 = CARTESIAN_POINT('',(-11.8494311918,-6.948544995024,6.));
#7109 = CARTESIAN_POINT('',(-11.88963496319,-7.002483758171,6.));
#7110 = CARTESIAN_POINT('',(-11.93033684754,-7.058549039673,6.));
#7111 = CARTESIAN_POINT('',(-11.97148951351,-7.116761654298,6.));
#7112 = CARTESIAN_POINT('',(-12.01304518818,-7.177141560082,6.));
#7113 = CARTESIAN_POINT('',(-12.05495567092,-7.239707850774,6.));
#7114 = CARTESIAN_POINT('',(-12.0971723482,-7.304478747395,6.));
#7115 = CARTESIAN_POINT('',(-12.13964620593,-7.371471594346,6.));
#7116 = CARTESIAN_POINT('',(-12.18232785141,-7.440702838941,6.));
#7117 = CARTESIAN_POINT('',(-12.225167499,-7.512188076231,6.));
#7118 = CARTESIAN_POINT('',(-12.2681150967,-7.585941842199,6.));
#7119 = CARTESIAN_POINT('',(-12.29645543231,-7.636050212816,6.));
#7120 = CARTESIAN_POINT('',(-12.31063233789,-7.661483631848,6.));
#7121 = ORIENTED_EDGE('',*,*,#7122,.F.);
#7122 = EDGE_CURVE('',#7123,#7071,#7125,.T.);
#7123 = VERTEX_POINT('',#7124);
#7124 = CARTESIAN_POINT('',(-12.31063233789,-7.661483631848,0.));
#7125 = LINE('',#7126,#7127);
#7126 = CARTESIAN_POINT('',(-12.31063233789,-7.661483631848,0.));
#7127 = VECTOR('',#7128,1.);
#7128 = DIRECTION('',(0.,0.,1.));
#7129 = ORIENTED_EDGE('',*,*,#7130,.F.);
#7130 = EDGE_CURVE('',#7048,#7123,#7131,.T.);
#7131 = B_SPLINE_CURVE_WITH_KNOTS('',3,(#7132,#7133,#7134,#7135,#7136,
    #7137,#7138,#7139,#7140,#7141,#7142,#7143,#7144,#7145,#7146,#7147,
    #7148,#7149,#7150,#7151,#7152,#7153,#7154,#7155,#7156,#7157,#7158,
    #7159,#7160,#7161,#7162,#7163,#7164,#7165,#7166,#7167,#7168,#7169,
    #7170,#7171,#7172,#7173,#7174,#7175,#7176,#7177,#7178),
  .UNSPECIFIED.,.F.,.F.,(4,1,1,1,1,1,1,1,1,1,1,1,1,1,1,1,1,1,1,1,1,1,1,1
    ,1,1,1,1,1,1,1,1,1,1,1,1,1,1,1,1,1,1,1,1,4),(0.,1.004058879412E-03,
    4.016229631009E-03,9.036513432115E-03,1.606491045092E-02,
    2.510142074349E-02,3.614604433531E-02,4.91987812401E-02,
    6.425963146609E-02,8.132859501861E-02,0.100405671901,0.121490862117,
    0.144584165667,0.169685582553,0.196795112777,0.225912756339,
    0.25703851324,0.29017238348,0.32531436706,0.362464463981,
    0.401622674242,0.442788997845,0.485963434789,0.531145985075,
    0.578336648702,0.627535425671,0.678742315982,0.731957319636,
    0.787180436632,0.84441166697,0.903651010651,0.964898467674,
    1.02815403804,1.093417721749,1.160689518801,1.229969429195,
    1.301257452933,1.374553590013,1.449857840437,1.527170204204,
    1.606490681313,1.687819271766,1.771155975562,1.856500792702,
    1.943853723184),.UNSPECIFIED.);
#7132 = CARTESIAN_POINT('',(-11.07958236414,-6.178483188893,0.));
#7133 = CARTESIAN_POINT('',(-11.07987385355,-6.178647665336,0.));
#7134 = CARTESIAN_POINT('',(-11.08103754395,-6.179309526028,0.));
#7135 = CARTESIAN_POINT('',(-11.08363633779,-6.18083273389,0.));
#7136 = CARTESIAN_POINT('',(-11.08793950594,-6.183418627716,0.));
#7137 = CARTESIAN_POINT('',(-11.09391799004,-6.187114434226,0.));
#7138 = CARTESIAN_POINT('',(-11.10154558559,-6.191960290338,0.));
#7139 = CARTESIAN_POINT('',(-11.11079352138,-6.197998989037,0.));
#7140 = CARTESIAN_POINT('',(-11.12163292843,-6.205271544206,0.));
#7141 = CARTESIAN_POINT('',(-11.13403389365,-6.213818894431,0.));
#7142 = CARTESIAN_POINT('',(-11.14796581974,-6.223681259531,0.));
#7143 = CARTESIAN_POINT('',(-11.16339731468,-6.234898343102,0.));
#7144 = CARTESIAN_POINT('',(-11.18029624184,-6.247509246902,0.));
#7145 = CARTESIAN_POINT('',(-11.19862971689,-6.26155248129,0.));
#7146 = CARTESIAN_POINT('',(-11.21836412204,-6.277065945123,0.));
#7147 = CARTESIAN_POINT('',(-11.23946511493,-6.294086915629,0.));
#7148 = CARTESIAN_POINT('',(-11.26189763954,-6.312652035441,0.));
#7149 = CARTESIAN_POINT('',(-11.28562593654,-6.332797300753,0.));
#7150 = CARTESIAN_POINT('',(-11.3106135542,-6.35455804937,0.));
#7151 = CARTESIAN_POINT('',(-11.33682335928,-6.377968949016,0.));
#7152 = CARTESIAN_POINT('',(-11.36421754816,-6.4030639858,0.));
#7153 = CARTESIAN_POINT('',(-11.3927576582,-6.429876452861,0.));
#7154 = CARTESIAN_POINT('',(-11.4224045792,-6.458438939194,0.));
#7155 = CARTESIAN_POINT('',(-11.45311856509,-6.488783318656,0.));
#7156 = CARTESIAN_POINT('',(-11.48485924573,-6.52094073916,0.));
#7157 = CARTESIAN_POINT('',(-11.51758563899,-6.554941612046,0.));
#7158 = CARTESIAN_POINT('',(-11.55125616286,-6.590815601649,0.));
#7159 = CARTESIAN_POINT('',(-11.58582864785,-6.628591615053,0.));
#7160 = CARTESIAN_POINT('',(-11.62126034946,-6.66829779204,0.));
#7161 = CARTESIAN_POINT('',(-11.65750796088,-6.709961495234,0.));
#7162 = CARTESIAN_POINT('',(-11.69452762578,-6.753609300443,0.));
#7163 = CARTESIAN_POINT('',(-11.7322749513,-6.799266987198,0.));
#7164 = CARTESIAN_POINT('',(-11.77070502118,-6.846959529504,0.));
#7165 = CARTESIAN_POINT('',(-11.80977240905,-6.89671108678,0.));
#7166 = CARTESIAN_POINT('',(-11.8494311918,-6.948544995024,0.));
#7167 = CARTESIAN_POINT('',(-11.88963496319,-7.002483758171,0.));
#7168 = CARTESIAN_POINT('',(-11.93033684754,-7.058549039673,0.));
#7169 = CARTESIAN_POINT('',(-11.97148951351,-7.116761654298,0.));
#7170 = CARTESIAN_POINT('',(-12.01304518818,-7.177141560082,0.));
#7171 = CARTESIAN_POINT('',(-12.05495567092,-7.239707850774,0.));
#7172 = CARTESIAN_POINT('',(-12.0971723482,-7.304478747395,0.));
#7173 = CARTESIAN_POINT('',(-12.13964620593,-7.371471594346,0.));
#7174 = CARTESIAN_POINT('',(-12.18232785141,-7.440702838941,0.));
#7175 = CARTESIAN_POINT('',(-12.225167499,-7.512188076231,0.));
#7176 = CARTESIAN_POINT('',(-12.2681150967,-7.585941842199,0.));
#7177 = CARTESIAN_POINT('',(-12.29645543231,-7.636050212816,0.));
#7178 = CARTESIAN_POINT('',(-12.31063233789,-7.661483631848,0.));
#7179 = SURFACE_OF_LINEAR_EXTRUSION('',#7180,#7228);
#7180 = B_SPLINE_CURVE_WITH_KNOTS('',3,(#7181,#7182,#7183,#7184,#7185,
    #7186,#7187,#7188,#7189,#7190,#7191,#7192,#7193,#7194,#7195,#7196,
    #7197,#7198,#7199,#7200,#7201,#7202,#7203,#7204,#7205,#7206,#7207,
    #7208,#7209,#7210,#7211,#7212,#7213,#7214,#7215,#7216,#7217,#7218,
    #7219,#7220,#7221,#7222,#7223,#7224,#7225,#7226,#7227),
  .UNSPECIFIED.,.F.,.F.,(4,1,1,1,1,1,1,1,1,1,1,1,1,1,1,1,1,1,1,1,1,1,1,1
    ,1,1,1,1,1,1,1,1,1,1,1,1,1,1,1,1,1,1,1,1,4),(0.,1.004058879412E-03,
    4.016229631009E-03,9.036513432115E-03,1.606491045092E-02,
    2.510142074349E-02,3.614604433531E-02,4.91987812401E-02,
    6.425963146609E-02,8.132859501861E-02,0.100405671901,0.121490862117,
    0.144584165667,0.169685582553,0.196795112777,0.225912756339,
    0.25703851324,0.29017238348,0.32531436706,0.362464463981,
    0.401622674242,0.442788997845,0.485963434789,0.531145985075,
    0.578336648702,0.627535425671,0.678742315982,0.731957319636,
    0.787180436632,0.84441166697,0.903651010651,0.964898467674,
    1.02815403804,1.093417721749,1.160689518801,1.229969429195,
    1.301257452933,1.374553590013,1.449857840437,1.527170204204,
    1.606490681313,1.687819271766,1.771155975562,1.856500792702,
    1.943853723184),.UNSPECIFIED.);
#7181 = CARTESIAN_POINT('',(-11.07958236414,-6.178483188893,0.));
#7182 = CARTESIAN_POINT('',(-11.07987385355,-6.178647665336,0.));
#7183 = CARTESIAN_POINT('',(-11.08103754395,-6.179309526028,0.));
#7184 = CARTESIAN_POINT('',(-11.08363633779,-6.18083273389,0.));
#7185 = CARTESIAN_POINT('',(-11.08793950594,-6.183418627716,0.));
#7186 = CARTESIAN_POINT('',(-11.09391799004,-6.187114434226,0.));
#7187 = CARTESIAN_POINT('',(-11.10154558559,-6.191960290338,0.));
#7188 = CARTESIAN_POINT('',(-11.11079352138,-6.197998989037,0.));
#7189 = CARTESIAN_POINT('',(-11.12163292843,-6.205271544206,0.));
#7190 = CARTESIAN_POINT('',(-11.13403389365,-6.213818894431,0.));
#7191 = CARTESIAN_POINT('',(-11.14796581974,-6.223681259531,0.));
#7192 = CARTESIAN_POINT('',(-11.16339731468,-6.234898343102,0.));
#7193 = CARTESIAN_POINT('',(-11.18029624184,-6.247509246902,0.));
#7194 = CARTESIAN_POINT('',(-11.19862971689,-6.26155248129,0.));
#7195 = CARTESIAN_POINT('',(-11.21836412204,-6.277065945123,0.));
#7196 = CARTESIAN_POINT('',(-11.23946511493,-6.294086915629,0.));
#7197 = CARTESIAN_POINT('',(-11.26189763954,-6.312652035441,0.));
#7198 = CARTESIAN_POINT('',(-11.28562593654,-6.332797300753,0.));
#7199 = CARTESIAN_POINT('',(-11.3106135542,-6.35455804937,0.));
#7200 = CARTESIAN_POINT('',(-11.33682335928,-6.377968949016,0.));
#7201 = CARTESIAN_POINT('',(-11.36421754816,-6.4030639858,0.));
#7202 = CARTESIAN_POINT('',(-11.3927576582,-6.429876452861,0.));
#7203 = CARTESIAN_POINT('',(-11.4224045792,-6.458438939194,0.));
#7204 = CARTESIAN_POINT('',(-11.45311856509,-6.488783318656,0.));
#7205 = CARTESIAN_POINT('',(-11.48485924573,-6.52094073916,0.));
#7206 = CARTESIAN_POINT('',(-11.51758563899,-6.554941612046,0.));
#7207 = CARTESIAN_POINT('',(-11.55125616286,-6.590815601649,0.));
#7208 = CARTESIAN_POINT('',(-11.58582864785,-6.628591615053,0.));
#7209 = CARTESIAN_POINT('',(-11.62126034946,-6.66829779204,0.));
#7210 = CARTESIAN_POINT('',(-11.65750796088,-6.709961495234,0.));
#7211 = CARTESIAN_POINT('',(-11.69452762578,-6.753609300443,0.));
#7212 = CARTESIAN_POINT('',(-11.7322749513,-6.799266987198,0.));
#7213 = CARTESIAN_POINT('',(-11.77070502118,-6.846959529504,0.));
#7214 = CARTESIAN_POINT('',(-11.80977240905,-6.89671108678,0.));
#7215 = CARTESIAN_POINT('',(-11.8494311918,-6.948544995024,0.));
#7216 = CARTESIAN_POINT('',(-11.88963496319,-7.002483758171,0.));
#7217 = CARTESIAN_POINT('',(-11.93033684754,-7.058549039673,0.));
#7218 = CARTESIAN_POINT('',(-11.97148951351,-7.116761654298,0.));
#7219 = CARTESIAN_POINT('',(-12.01304518818,-7.177141560082,0.));
#7220 = CARTESIAN_POINT('',(-12.05495567092,-7.239707850774,0.));
#7221 = CARTESIAN_POINT('',(-12.0971723482,-7.304478747395,0.));
#7222 = CARTESIAN_POINT('',(-12.13964620593,-7.371471594346,0.));
#7223 = CARTESIAN_POINT('',(-12.18232785141,-7.440702838941,0.));
#7224 = CARTESIAN_POINT('',(-12.225167499,-7.512188076231,0.));
#7225 = CARTESIAN_POINT('',(-12.2681150967,-7.585941842199,0.));
#7226 = CARTESIAN_POINT('',(-12.29645543231,-7.636050212816,0.));
#7227 = CARTESIAN_POINT('',(-12.31063233789,-7.661483631848,0.));
#7228 = VECTOR('',#7229,1.);
#7229 = DIRECTION('',(-0.,-0.,-1.));
#7230 = ADVANCED_FACE('',(#7231),#7254,.F.);
#7231 = FACE_BOUND('',#7232,.F.);
#7232 = EDGE_LOOP('',(#7233,#7234,#7241,#7249));
#7233 = ORIENTED_EDGE('',*,*,#7122,.T.);
#7234 = ORIENTED_EDGE('',*,*,#7235,.T.);
#7235 = EDGE_CURVE('',#7071,#7236,#7238,.T.);
#7236 = VERTEX_POINT('',#7237);
#7237 = CARTESIAN_POINT('',(-11.91089004955,-8.269262254124,6.));
#7238 = B_SPLINE_CURVE_WITH_KNOTS('',1,(#7239,#7240),.UNSPECIFIED.,.F.,
  .F.,(2,2),(0.,0.72745360731),.PIECEWISE_BEZIER_KNOTS.);
#7239 = CARTESIAN_POINT('',(-12.31063233789,-7.661483631848,6.));
#7240 = CARTESIAN_POINT('',(-11.91089004955,-8.269262254124,6.));
#7241 = ORIENTED_EDGE('',*,*,#7242,.F.);
#7242 = EDGE_CURVE('',#7243,#7236,#7245,.T.);
#7243 = VERTEX_POINT('',#7244);
#7244 = CARTESIAN_POINT('',(-11.91089004955,-8.269262254124,0.));
#7245 = LINE('',#7246,#7247);
#7246 = CARTESIAN_POINT('',(-11.91089004955,-8.269262254124,0.));
#7247 = VECTOR('',#7248,1.);
#7248 = DIRECTION('',(0.,0.,1.));
#7249 = ORIENTED_EDGE('',*,*,#7250,.F.);
#7250 = EDGE_CURVE('',#7123,#7243,#7251,.T.);
#7251 = B_SPLINE_CURVE_WITH_KNOTS('',1,(#7252,#7253),.UNSPECIFIED.,.F.,
  .F.,(2,2),(0.,0.72745360731),.PIECEWISE_BEZIER_KNOTS.);
#7252 = CARTESIAN_POINT('',(-12.31063233789,-7.661483631848,0.));
#7253 = CARTESIAN_POINT('',(-11.91089004955,-8.269262254124,0.));
#7254 = SURFACE_OF_LINEAR_EXTRUSION('',#7255,#7258);
#7255 = B_SPLINE_CURVE_WITH_KNOTS('',1,(#7256,#7257),.UNSPECIFIED.,.F.,
  .F.,(2,2),(0.,0.72745360731),.PIECEWISE_BEZIER_KNOTS.);
#7256 = CARTESIAN_POINT('',(-12.31063233789,-7.661483631848,0.));
#7257 = CARTESIAN_POINT('',(-11.91089004955,-8.269262254124,0.));
#7258 = VECTOR('',#7259,1.);
#7259 = DIRECTION('',(-0.,-0.,-1.));
#7260 = ADVANCED_FACE('',(#7261),#7374,.F.);
#7261 = FACE_BOUND('',#7262,.F.);
#7262 = EDGE_LOOP('',(#7263,#7264,#7316,#7324));
#7263 = ORIENTED_EDGE('',*,*,#7242,.T.);
#7264 = ORIENTED_EDGE('',*,*,#7265,.T.);
#7265 = EDGE_CURVE('',#7236,#7266,#7268,.T.);
#7266 = VERTEX_POINT('',#7267);
#7267 = CARTESIAN_POINT('',(-10.06158117073,-7.726278808328,6.));
#7268 = B_SPLINE_CURVE_WITH_KNOTS('',3,(#7269,#7270,#7271,#7272,#7273,
    #7274,#7275,#7276,#7277,#7278,#7279,#7280,#7281,#7282,#7283,#7284,
    #7285,#7286,#7287,#7288,#7289,#7290,#7291,#7292,#7293,#7294,#7295,
    #7296,#7297,#7298,#7299,#7300,#7301,#7302,#7303,#7304,#7305,#7306,
    #7307,#7308,#7309,#7310,#7311,#7312,#7313,#7314,#7315),
  .UNSPECIFIED.,.F.,.F.,(4,1,1,1,1,1,1,1,1,1,1,1,1,1,1,1,1,1,1,1,1,1,1,1
    ,1,1,1,1,1,1,1,1,1,1,1,1,1,1,1,1,1,1,1,1,4),(0.,8.735293048255E-02,
    0.172697747622,0.256034451418,0.337363041871,0.416683518981,
    0.493995882747,0.569300133171,0.642596270251,0.713884293989,
    0.783164204383,0.850436001435,0.915699685144,0.97895525551,
    1.040202712533,1.099442056214,1.156673286553,1.211896403548,
    1.265111407202,1.316318297513,1.365517074482,1.41270773811,
    1.457890288395,1.501064725339,1.542231048942,1.581389259203,
    1.618539356124,1.653681339704,1.686815209945,1.717940966845,
    1.747058610407,1.774168140631,1.799269557517,1.822362861067,
    1.843448051283,1.862525128166,1.879594091718,1.894654941944,
    1.907707678849,1.918752302441,1.927788812733,1.934817209752,
    1.939837493553,1.942849664305,1.943853723184),.UNSPECIFIED.);
#7269 = CARTESIAN_POINT('',(-11.91089004955,-8.269262254124,6.));
#7270 = CARTESIAN_POINT('',(-11.88192148909,-8.266318453734,6.));
#7271 = CARTESIAN_POINT('',(-11.8246861426,-8.260142812811,6.));
#7272 = CARTESIAN_POINT('',(-11.7399535723,-8.249920011224,6.));
#7273 = CARTESIAN_POINT('',(-11.65734675842,-8.238897812846,6.));
#7274 = CARTESIAN_POINT('',(-11.57687217838,-8.227127933662,6.));
#7275 = CARTESIAN_POINT('',(-11.49853523163,-8.214662264524,6.));
#7276 = CARTESIAN_POINT('',(-11.42234037944,-8.201552673048,6.));
#7277 = CARTESIAN_POINT('',(-11.34829110938,-8.187851034522,6.));
#7278 = CARTESIAN_POINT('',(-11.27638994545,-8.173609203668,6.));
#7279 = CARTESIAN_POINT('',(-11.20663844677,-8.15887900171,6.));
#7280 = CARTESIAN_POINT('',(-11.13903720943,-8.143712199505,6.));
#7281 = CARTESIAN_POINT('',(-11.07358586796,-8.128160501743,6.));
#7282 = CARTESIAN_POINT('',(-11.01028309713,-8.112275530892,6.));
#7283 = CARTESIAN_POINT('',(-10.94912661405,-8.096108811267,6.));
#7284 = CARTESIAN_POINT('',(-10.89011318044,-8.079711753108,6.));
#7285 = CARTESIAN_POINT('',(-10.8332386052,-8.063135636712,6.));
#7286 = CARTESIAN_POINT('',(-10.77849774721,-8.046431596607,6.));
#7287 = CARTESIAN_POINT('',(-10.72588451842,-8.029650605779,6.));
#7288 = CARTESIAN_POINT('',(-10.67539188708,-8.012843459953,6.));
#7289 = CARTESIAN_POINT('',(-10.62701188135,-7.996060761931,6.));
#7290 = CARTESIAN_POINT('',(-10.58073559306,-7.979352905994,6.));
#7291 = CARTESIAN_POINT('',(-10.53655318175,-7.962770062365,6.));
#7292 = CARTESIAN_POINT('',(-10.49445387892,-7.946362161744,6.));
#7293 = CARTESIAN_POINT('',(-10.4544259926,-7.930178879917,6.));
#7294 = CARTESIAN_POINT('',(-10.41645691206,-7.914269622437,6.));
#7295 = CARTESIAN_POINT('',(-10.38053311284,-7.898683509384,6.));
#7296 = CARTESIAN_POINT('',(-10.34664016194,-7.883469360217,6.));
#7297 = CARTESIAN_POINT('',(-10.31476272334,-7.868675678695,6.));
#7298 = CARTESIAN_POINT('',(-10.28488456371,-7.854350637907,6.));
#7299 = CARTESIAN_POINT('',(-10.25698855829,-7.84054206538,6.));
#7300 = CARTESIAN_POINT('',(-10.23105669716,-7.827297428283,6.));
#7301 = CARTESIAN_POINT('',(-10.20707009156,-7.814663818749,6.));
#7302 = CARTESIAN_POINT('',(-10.18500898062,-7.802687939214,6.));
#7303 = CARTESIAN_POINT('',(-10.1648527381,-7.791416088115,6.));
#7304 = CARTESIAN_POINT('',(-10.14657987999,-7.780894144833,6.));
#7305 = CARTESIAN_POINT('',(-10.13016807028,-7.771167557458,6.));
#7306 = CARTESIAN_POINT('',(-10.11559413377,-7.762281321788,6.));
#7307 = CARTESIAN_POINT('',(-10.10283404772,-7.754279988264,6.));
#7308 = CARTESIAN_POINT('',(-10.09186300062,-7.747207582071,6.));
#7309 = CARTESIAN_POINT('',(-10.08265524996,-7.741107784837,6.));
#7310 = CARTESIAN_POINT('',(-10.07518457057,-7.736023349305,6.));
#7311 = CARTESIAN_POINT('',(-10.06942306492,-7.731997643082,6.));
#7312 = CARTESIAN_POINT('',(-10.06534425772,-7.729070625002,6.));
#7313 = CARTESIAN_POINT('',(-10.06291629407,-7.727287682451,6.));
#7314 = CARTESIAN_POINT('',(-10.06184764871,-7.726481312814,6.));
#7315 = CARTESIAN_POINT('',(-10.06158117073,-7.726278808328,6.));
#7316 = ORIENTED_EDGE('',*,*,#7317,.F.);
#7317 = EDGE_CURVE('',#7318,#7266,#7320,.T.);
#7318 = VERTEX_POINT('',#7319);
#7319 = CARTESIAN_POINT('',(-10.06158117073,-7.726278808328,0.));
#7320 = LINE('',#7321,#7322);
#7321 = CARTESIAN_POINT('',(-10.06158117073,-7.726278808328,0.));
#7322 = VECTOR('',#7323,1.);
#7323 = DIRECTION('',(0.,0.,1.));
#7324 = ORIENTED_EDGE('',*,*,#7325,.F.);
#7325 = EDGE_CURVE('',#7243,#7318,#7326,.T.);
#7326 = B_SPLINE_CURVE_WITH_KNOTS('',3,(#7327,#7328,#7329,#7330,#7331,
    #7332,#7333,#7334,#7335,#7336,#7337,#7338,#7339,#7340,#7341,#7342,
    #7343,#7344,#7345,#7346,#7347,#7348,#7349,#7350,#7351,#7352,#7353,
    #7354,#7355,#7356,#7357,#7358,#7359,#7360,#7361,#7362,#7363,#7364,
    #7365,#7366,#7367,#7368,#7369,#7370,#7371,#7372,#7373),
  .UNSPECIFIED.,.F.,.F.,(4,1,1,1,1,1,1,1,1,1,1,1,1,1,1,1,1,1,1,1,1,1,1,1
    ,1,1,1,1,1,1,1,1,1,1,1,1,1,1,1,1,1,1,1,1,4),(0.,8.735293048255E-02,
    0.172697747622,0.256034451418,0.337363041871,0.416683518981,
    0.493995882747,0.569300133171,0.642596270251,0.713884293989,
    0.783164204383,0.850436001435,0.915699685144,0.97895525551,
    1.040202712533,1.099442056214,1.156673286553,1.211896403548,
    1.265111407202,1.316318297513,1.365517074482,1.41270773811,
    1.457890288395,1.501064725339,1.542231048942,1.581389259203,
    1.618539356124,1.653681339704,1.686815209945,1.717940966845,
    1.747058610407,1.774168140631,1.799269557517,1.822362861067,
    1.843448051283,1.862525128166,1.879594091718,1.894654941944,
    1.907707678849,1.918752302441,1.927788812733,1.934817209752,
    1.939837493553,1.942849664305,1.943853723184),.UNSPECIFIED.);
#7327 = CARTESIAN_POINT('',(-11.91089004955,-8.269262254124,0.));
#7328 = CARTESIAN_POINT('',(-11.88192148909,-8.266318453734,0.));
#7329 = CARTESIAN_POINT('',(-11.8246861426,-8.260142812811,0.));
#7330 = CARTESIAN_POINT('',(-11.7399535723,-8.249920011224,0.));
#7331 = CARTESIAN_POINT('',(-11.65734675842,-8.238897812846,0.));
#7332 = CARTESIAN_POINT('',(-11.57687217838,-8.227127933662,0.));
#7333 = CARTESIAN_POINT('',(-11.49853523163,-8.214662264524,0.));
#7334 = CARTESIAN_POINT('',(-11.42234037944,-8.201552673048,0.));
#7335 = CARTESIAN_POINT('',(-11.34829110938,-8.187851034522,0.));
#7336 = CARTESIAN_POINT('',(-11.27638994545,-8.173609203668,0.));
#7337 = CARTESIAN_POINT('',(-11.20663844677,-8.15887900171,0.));
#7338 = CARTESIAN_POINT('',(-11.13903720943,-8.143712199505,0.));
#7339 = CARTESIAN_POINT('',(-11.07358586796,-8.128160501743,0.));
#7340 = CARTESIAN_POINT('',(-11.01028309713,-8.112275530892,0.));
#7341 = CARTESIAN_POINT('',(-10.94912661405,-8.096108811267,0.));
#7342 = CARTESIAN_POINT('',(-10.89011318044,-8.079711753108,0.));
#7343 = CARTESIAN_POINT('',(-10.8332386052,-8.063135636712,0.));
#7344 = CARTESIAN_POINT('',(-10.77849774721,-8.046431596607,0.));
#7345 = CARTESIAN_POINT('',(-10.72588451842,-8.029650605779,0.));
#7346 = CARTESIAN_POINT('',(-10.67539188708,-8.012843459953,0.));
#7347 = CARTESIAN_POINT('',(-10.62701188135,-7.996060761931,0.));
#7348 = CARTESIAN_POINT('',(-10.58073559306,-7.979352905994,0.));
#7349 = CARTESIAN_POINT('',(-10.53655318175,-7.962770062365,0.));
#7350 = CARTESIAN_POINT('',(-10.49445387892,-7.946362161744,0.));
#7351 = CARTESIAN_POINT('',(-10.4544259926,-7.930178879917,0.));
#7352 = CARTESIAN_POINT('',(-10.41645691206,-7.914269622437,0.));
#7353 = CARTESIAN_POINT('',(-10.38053311284,-7.898683509384,0.));
#7354 = CARTESIAN_POINT('',(-10.34664016194,-7.883469360217,0.));
#7355 = CARTESIAN_POINT('',(-10.31476272334,-7.868675678695,0.));
#7356 = CARTESIAN_POINT('',(-10.28488456371,-7.854350637907,0.));
#7357 = CARTESIAN_POINT('',(-10.25698855829,-7.84054206538,0.));
#7358 = CARTESIAN_POINT('',(-10.23105669716,-7.827297428283,0.));
#7359 = CARTESIAN_POINT('',(-10.20707009156,-7.814663818749,0.));
#7360 = CARTESIAN_POINT('',(-10.18500898062,-7.802687939214,0.));
#7361 = CARTESIAN_POINT('',(-10.1648527381,-7.791416088115,0.));
#7362 = CARTESIAN_POINT('',(-10.14657987999,-7.780894144833,0.));
#7363 = CARTESIAN_POINT('',(-10.13016807028,-7.771167557458,0.));
#7364 = CARTESIAN_POINT('',(-10.11559413377,-7.762281321788,0.));
#7365 = CARTESIAN_POINT('',(-10.10283404772,-7.754279988264,0.));
#7366 = CARTESIAN_POINT('',(-10.09186300062,-7.747207582071,0.));
#7367 = CARTESIAN_POINT('',(-10.08265524996,-7.741107784837,0.));
#7368 = CARTESIAN_POINT('',(-10.07518457057,-7.736023349305,0.));
#7369 = CARTESIAN_POINT('',(-10.06942306492,-7.731997643082,0.));
#7370 = CARTESIAN_POINT('',(-10.06534425772,-7.729070625002,0.));
#7371 = CARTESIAN_POINT('',(-10.06291629407,-7.727287682451,0.));
#7372 = CARTESIAN_POINT('',(-10.06184764871,-7.726481312814,0.));
#7373 = CARTESIAN_POINT('',(-10.06158117073,-7.726278808328,0.));
#7374 = SURFACE_OF_LINEAR_EXTRUSION('',#7375,#7423);
#7375 = B_SPLINE_CURVE_WITH_KNOTS('',3,(#7376,#7377,#7378,#7379,#7380,
    #7381,#7382,#7383,#7384,#7385,#7386,#7387,#7388,#7389,#7390,#7391,
    #7392,#7393,#7394,#7395,#7396,#7397,#7398,#7399,#7400,#7401,#7402,
    #7403,#7404,#7405,#7406,#7407,#7408,#7409,#7410,#7411,#7412,#7413,
    #7414,#7415,#7416,#7417,#7418,#7419,#7420,#7421,#7422),
  .UNSPECIFIED.,.F.,.F.,(4,1,1,1,1,1,1,1,1,1,1,1,1,1,1,1,1,1,1,1,1,1,1,1
    ,1,1,1,1,1,1,1,1,1,1,1,1,1,1,1,1,1,1,1,1,4),(0.,8.735293048255E-02,
    0.172697747622,0.256034451418,0.337363041871,0.416683518981,
    0.493995882747,0.569300133171,0.642596270251,0.713884293989,
    0.783164204383,0.850436001435,0.915699685144,0.97895525551,
    1.040202712533,1.099442056214,1.156673286553,1.211896403548,
    1.265111407202,1.316318297513,1.365517074482,1.41270773811,
    1.457890288395,1.501064725339,1.542231048942,1.581389259203,
    1.618539356124,1.653681339704,1.686815209945,1.717940966845,
    1.747058610407,1.774168140631,1.799269557517,1.822362861067,
    1.843448051283,1.862525128166,1.879594091718,1.894654941944,
    1.907707678849,1.918752302441,1.927788812733,1.934817209752,
    1.939837493553,1.942849664305,1.943853723184),.UNSPECIFIED.);
#7376 = CARTESIAN_POINT('',(-11.91089004955,-8.269262254124,0.));
#7377 = CARTESIAN_POINT('',(-11.88192148909,-8.266318453734,0.));
#7378 = CARTESIAN_POINT('',(-11.8246861426,-8.260142812811,0.));
#7379 = CARTESIAN_POINT('',(-11.7399535723,-8.249920011224,0.));
#7380 = CARTESIAN_POINT('',(-11.65734675842,-8.238897812846,0.));
#7381 = CARTESIAN_POINT('',(-11.57687217838,-8.227127933662,0.));
#7382 = CARTESIAN_POINT('',(-11.49853523163,-8.214662264524,0.));
#7383 = CARTESIAN_POINT('',(-11.42234037944,-8.201552673048,0.));
#7384 = CARTESIAN_POINT('',(-11.34829110938,-8.187851034522,0.));
#7385 = CARTESIAN_POINT('',(-11.27638994545,-8.173609203668,0.));
#7386 = CARTESIAN_POINT('',(-11.20663844677,-8.15887900171,0.));
#7387 = CARTESIAN_POINT('',(-11.13903720943,-8.143712199505,0.));
#7388 = CARTESIAN_POINT('',(-11.07358586796,-8.128160501743,0.));
#7389 = CARTESIAN_POINT('',(-11.01028309713,-8.112275530892,0.));
#7390 = CARTESIAN_POINT('',(-10.94912661405,-8.096108811267,0.));
#7391 = CARTESIAN_POINT('',(-10.89011318044,-8.079711753108,0.));
#7392 = CARTESIAN_POINT('',(-10.8332386052,-8.063135636712,0.));
#7393 = CARTESIAN_POINT('',(-10.77849774721,-8.046431596607,0.));
#7394 = CARTESIAN_POINT('',(-10.72588451842,-8.029650605779,0.));
#7395 = CARTESIAN_POINT('',(-10.67539188708,-8.012843459953,0.));
#7396 = CARTESIAN_POINT('',(-10.62701188135,-7.996060761931,0.));
#7397 = CARTESIAN_POINT('',(-10.58073559306,-7.979352905994,0.));
#7398 = CARTESIAN_POINT('',(-10.53655318175,-7.962770062365,0.));
#7399 = CARTESIAN_POINT('',(-10.49445387892,-7.946362161744,0.));
#7400 = CARTESIAN_POINT('',(-10.4544259926,-7.930178879917,0.));
#7401 = CARTESIAN_POINT('',(-10.41645691206,-7.914269622437,0.));
#7402 = CARTESIAN_POINT('',(-10.38053311284,-7.898683509384,0.));
#7403 = CARTESIAN_POINT('',(-10.34664016194,-7.883469360217,0.));
#7404 = CARTESIAN_POINT('',(-10.31476272334,-7.868675678695,0.));
#7405 = CARTESIAN_POINT('',(-10.28488456371,-7.854350637907,0.));
#7406 = CARTESIAN_POINT('',(-10.25698855829,-7.84054206538,0.));
#7407 = CARTESIAN_POINT('',(-10.23105669716,-7.827297428283,0.));
#7408 = CARTESIAN_POINT('',(-10.20707009156,-7.814663818749,0.));
#7409 = CARTESIAN_POINT('',(-10.18500898062,-7.802687939214,0.));
#7410 = CARTESIAN_POINT('',(-10.1648527381,-7.791416088115,0.));
#7411 = CARTESIAN_POINT('',(-10.14657987999,-7.780894144833,0.));
#7412 = CARTESIAN_POINT('',(-10.13016807028,-7.771167557458,0.));
#7413 = CARTESIAN_POINT('',(-10.11559413377,-7.762281321788,0.));
#7414 = CARTESIAN_POINT('',(-10.10283404772,-7.754279988264,0.));
#7415 = CARTESIAN_POINT('',(-10.09186300062,-7.747207582071,0.));
#7416 = CARTESIAN_POINT('',(-10.08265524996,-7.741107784837,0.));
#7417 = CARTESIAN_POINT('',(-10.07518457057,-7.736023349305,0.));
#7418 = CARTESIAN_POINT('',(-10.06942306492,-7.731997643082,0.));
#7419 = CARTESIAN_POINT('',(-10.06534425772,-7.729070625002,0.));
#7420 = CARTESIAN_POINT('',(-10.06291629407,-7.727287682451,0.));
#7421 = CARTESIAN_POINT('',(-10.06184764871,-7.726481312814,0.));
#7422 = CARTESIAN_POINT('',(-10.06158117073,-7.726278808328,0.));
#7423 = VECTOR('',#7424,1.);
#7424 = DIRECTION('',(-0.,-0.,-1.));
#7425 = ADVANCED_FACE('',(#7426),#7449,.F.);
#7426 = FACE_BOUND('',#7427,.F.);
#7427 = EDGE_LOOP('',(#7428,#7429,#7436,#7444));
#7428 = ORIENTED_EDGE('',*,*,#7317,.T.);
#7429 = ORIENTED_EDGE('',*,*,#7430,.T.);
#7430 = EDGE_CURVE('',#7266,#7431,#7433,.T.);
#7431 = VERTEX_POINT('',#7432);
#7432 = CARTESIAN_POINT('',(-9.715893349164,-7.460825452165,6.));
#7433 = B_SPLINE_CURVE_WITH_KNOTS('',1,(#7434,#7435),.UNSPECIFIED.,.F.,
  .F.,(2,2),(0.,0.43585038061),.PIECEWISE_BEZIER_KNOTS.);
#7434 = CARTESIAN_POINT('',(-10.06158117073,-7.726278808328,6.));
#7435 = CARTESIAN_POINT('',(-9.715893349164,-7.460825452165,6.));
#7436 = ORIENTED_EDGE('',*,*,#7437,.F.);
#7437 = EDGE_CURVE('',#7438,#7431,#7440,.T.);
#7438 = VERTEX_POINT('',#7439);
#7439 = CARTESIAN_POINT('',(-9.715893349164,-7.460825452165,0.));
#7440 = LINE('',#7441,#7442);
#7441 = CARTESIAN_POINT('',(-9.715893349164,-7.460825452165,0.));
#7442 = VECTOR('',#7443,1.);
#7443 = DIRECTION('',(0.,0.,1.));
#7444 = ORIENTED_EDGE('',*,*,#7445,.F.);
#7445 = EDGE_CURVE('',#7318,#7438,#7446,.T.);
#7446 = B_SPLINE_CURVE_WITH_KNOTS('',1,(#7447,#7448),.UNSPECIFIED.,.F.,
  .F.,(2,2),(0.,0.43585038061),.PIECEWISE_BEZIER_KNOTS.);
#7447 = CARTESIAN_POINT('',(-10.06158117073,-7.726278808328,0.));
#7448 = CARTESIAN_POINT('',(-9.715893349164,-7.460825452165,0.));
#7449 = SURFACE_OF_LINEAR_EXTRUSION('',#7450,#7453);
#7450 = B_SPLINE_CURVE_WITH_KNOTS('',1,(#7451,#7452),.UNSPECIFIED.,.F.,
  .F.,(2,2),(0.,0.43585038061),.PIECEWISE_BEZIER_KNOTS.);
#7451 = CARTESIAN_POINT('',(-10.06158117073,-7.726278808328,0.));
#7452 = CARTESIAN_POINT('',(-9.715893349164,-7.460825452165,0.));
#7453 = VECTOR('',#7454,1.);
#7454 = DIRECTION('',(-0.,-0.,-1.));
#7455 = ADVANCED_FACE('',(#7456),#7479,.F.);
#7456 = FACE_BOUND('',#7457,.F.);
#7457 = EDGE_LOOP('',(#7458,#7459,#7466,#7474));
#7458 = ORIENTED_EDGE('',*,*,#7437,.T.);
#7459 = ORIENTED_EDGE('',*,*,#7460,.T.);
#7460 = EDGE_CURVE('',#7431,#7461,#7463,.T.);
#7461 = VERTEX_POINT('',#7462);
#7462 = CARTESIAN_POINT('',(-9.034625923652,-8.272728354037,6.));
#7463 = B_SPLINE_CURVE_WITH_KNOTS('',1,(#7464,#7465),.UNSPECIFIED.,.F.,
  .F.,(2,2),(0.,1.059863966333),.PIECEWISE_BEZIER_KNOTS.);
#7464 = CARTESIAN_POINT('',(-9.715893349164,-7.460825452165,6.));
#7465 = CARTESIAN_POINT('',(-9.034625923652,-8.272728354037,6.));
#7466 = ORIENTED_EDGE('',*,*,#7467,.F.);
#7467 = EDGE_CURVE('',#7468,#7461,#7470,.T.);
#7468 = VERTEX_POINT('',#7469);
#7469 = CARTESIAN_POINT('',(-9.034625923652,-8.272728354037,0.));
#7470 = LINE('',#7471,#7472);
#7471 = CARTESIAN_POINT('',(-9.034625923652,-8.272728354037,0.));
#7472 = VECTOR('',#7473,1.);
#7473 = DIRECTION('',(0.,0.,1.));
#7474 = ORIENTED_EDGE('',*,*,#7475,.F.);
#7475 = EDGE_CURVE('',#7438,#7468,#7476,.T.);
#7476 = B_SPLINE_CURVE_WITH_KNOTS('',1,(#7477,#7478),.UNSPECIFIED.,.F.,
  .F.,(2,2),(0.,1.059863966333),.PIECEWISE_BEZIER_KNOTS.);
#7477 = CARTESIAN_POINT('',(-9.715893349164,-7.460825452165,0.));
#7478 = CARTESIAN_POINT('',(-9.034625923652,-8.272728354037,0.));
#7479 = SURFACE_OF_LINEAR_EXTRUSION('',#7480,#7483);
#7480 = B_SPLINE_CURVE_WITH_KNOTS('',1,(#7481,#7482),.UNSPECIFIED.,.F.,
  .F.,(2,2),(0.,1.059863966333),.PIECEWISE_BEZIER_KNOTS.);
#7481 = CARTESIAN_POINT('',(-9.715893349164,-7.460825452165,0.));
#7482 = CARTESIAN_POINT('',(-9.034625923652,-8.272728354037,0.));
#7483 = VECTOR('',#7484,1.);
#7484 = DIRECTION('',(-0.,-0.,-1.));
#7485 = ADVANCED_FACE('',(#7486),#7509,.F.);
#7486 = FACE_BOUND('',#7487,.F.);
#7487 = EDGE_LOOP('',(#7488,#7489,#7496,#7504));
#7488 = ORIENTED_EDGE('',*,*,#7467,.T.);
#7489 = ORIENTED_EDGE('',*,*,#7490,.T.);
#7490 = EDGE_CURVE('',#7461,#7491,#7493,.T.);
#7491 = VERTEX_POINT('',#7492);
#7492 = CARTESIAN_POINT('',(-9.35607450712,-8.567068909285,6.));
#7493 = B_SPLINE_CURVE_WITH_KNOTS('',1,(#7494,#7495),.UNSPECIFIED.,.F.,
  .F.,(2,2),(0.,0.43585038061),.PIECEWISE_BEZIER_KNOTS.);
#7494 = CARTESIAN_POINT('',(-9.034625923652,-8.272728354037,6.));
#7495 = CARTESIAN_POINT('',(-9.35607450712,-8.567068909285,6.));
#7496 = ORIENTED_EDGE('',*,*,#7497,.F.);
#7497 = EDGE_CURVE('',#7498,#7491,#7500,.T.);
#7498 = VERTEX_POINT('',#7499);
#7499 = CARTESIAN_POINT('',(-9.35607450712,-8.567068909285,0.));
#7500 = LINE('',#7501,#7502);
#7501 = CARTESIAN_POINT('',(-9.35607450712,-8.567068909285,0.));
#7502 = VECTOR('',#7503,1.);
#7503 = DIRECTION('',(0.,0.,1.));
#7504 = ORIENTED_EDGE('',*,*,#7505,.F.);
#7505 = EDGE_CURVE('',#7468,#7498,#7506,.T.);
#7506 = B_SPLINE_CURVE_WITH_KNOTS('',1,(#7507,#7508),.UNSPECIFIED.,.F.,
  .F.,(2,2),(0.,0.43585038061),.PIECEWISE_BEZIER_KNOTS.);
#7507 = CARTESIAN_POINT('',(-9.034625923652,-8.272728354037,0.));
#7508 = CARTESIAN_POINT('',(-9.35607450712,-8.567068909285,0.));
#7509 = SURFACE_OF_LINEAR_EXTRUSION('',#7510,#7513);
#7510 = B_SPLINE_CURVE_WITH_KNOTS('',1,(#7511,#7512),.UNSPECIFIED.,.F.,
  .F.,(2,2),(0.,0.43585038061),.PIECEWISE_BEZIER_KNOTS.);
#7511 = CARTESIAN_POINT('',(-9.034625923652,-8.272728354037,0.));
#7512 = CARTESIAN_POINT('',(-9.35607450712,-8.567068909285,0.));
#7513 = VECTOR('',#7514,1.);
#7514 = DIRECTION('',(-0.,-0.,-1.));
#7515 = ADVANCED_FACE('',(#7516),#7629,.F.);
#7516 = FACE_BOUND('',#7517,.F.);
#7517 = EDGE_LOOP('',(#7518,#7519,#7571,#7579));
#7518 = ORIENTED_EDGE('',*,*,#7497,.T.);
#7519 = ORIENTED_EDGE('',*,*,#7520,.T.);
#7520 = EDGE_CURVE('',#7491,#7521,#7523,.T.);
#7521 = VERTEX_POINT('',#7522);
#7522 = CARTESIAN_POINT('',(-10.21193793104,-10.29399454499,6.));
#7523 = B_SPLINE_CURVE_WITH_KNOTS('',3,(#7524,#7525,#7526,#7527,#7528,
    #7529,#7530,#7531,#7532,#7533,#7534,#7535,#7536,#7537,#7538,#7539,
    #7540,#7541,#7542,#7543,#7544,#7545,#7546,#7547,#7548,#7549,#7550,
    #7551,#7552,#7553,#7554,#7555,#7556,#7557,#7558,#7559,#7560,#7561,
    #7562,#7563,#7564,#7565,#7566,#7567,#7568,#7569,#7570),
  .UNSPECIFIED.,.F.,.F.,(4,1,1,1,1,1,1,1,1,1,1,1,1,1,1,1,1,1,1,1,1,1,1,1
    ,1,1,1,1,1,1,1,1,1,1,1,1,1,1,1,1,1,1,1,1,4),(0.,1.004058879412E-03,
    4.016229631009E-03,9.036513432115E-03,1.606491045092E-02,
    2.510142074349E-02,3.614604433531E-02,4.91987812401E-02,
    6.425963146609E-02,8.132859501861E-02,0.100405671901,0.121490862117,
    0.144584165667,0.169685582553,0.196795112777,0.225912756339,
    0.25703851324,0.29017238348,0.32531436706,0.362464463981,
    0.401622674242,0.442788997845,0.485963434789,0.531145985075,
    0.578336648702,0.627535425671,0.678742315982,0.731957319636,
    0.787180436632,0.84441166697,0.903651010651,0.964898467674,
    1.02815403804,1.093417721749,1.160689518801,1.229969429195,
    1.301257452933,1.374553590013,1.449857840437,1.527170204204,
    1.606490681313,1.687819271766,1.771155975562,1.856500792702,
    1.943853723184),.UNSPECIFIED.);
#7524 = CARTESIAN_POINT('',(-9.35607450712,-8.567068909285,6.));
#7525 = CARTESIAN_POINT('',(-9.356320208524,-8.56729617433,6.));
#7526 = CARTESIAN_POINT('',(-9.357299895915,-8.568208559955,6.));
#7527 = CARTESIAN_POINT('',(-9.359477363025,-8.570290032657,6.));
#7528 = CARTESIAN_POINT('',(-9.363068190561,-8.573798602249,6.));
#7529 = CARTESIAN_POINT('',(-9.368033212217,-8.578773521134,6.));
#7530 = CARTESIAN_POINT('',(-9.374337673611,-8.585247801156,6.));
#7531 = CARTESIAN_POINT('',(-9.381943710341,-8.593256446716,6.));
#7532 = CARTESIAN_POINT('',(-9.390813773129,-8.602832708514,6.));
#7533 = CARTESIAN_POINT('',(-9.400909314107,-8.614009523199,6.));
#7534 = CARTESIAN_POINT('',(-9.412191285407,-8.626818970237,6.));
#7535 = CARTESIAN_POINT('',(-9.424619984912,-8.641292443511,6.));
#7536 = CARTESIAN_POINT('',(-9.438155124745,-8.65746057957,6.));
#7537 = CARTESIAN_POINT('',(-9.452755825879,-8.67535326707,6.));
#7538 = CARTESIAN_POINT('',(-9.468380636606,-8.694999630504,6.));
#7539 = CARTESIAN_POINT('',(-9.484987543576,-8.716428022397,6.));
#7540 = CARTESIAN_POINT('',(-9.502533985304,-8.739666013196,6.));
#7541 = CARTESIAN_POINT('',(-9.520976865091,-8.76474038215,6.));
#7542 = CARTESIAN_POINT('',(-9.540272564293,-8.791677108176,6.));
#7543 = CARTESIAN_POINT('',(-9.560376955672,-8.820501361011,6.));
#7544 = CARTESIAN_POINT('',(-9.581245416887,-8.851237492553,6.));
#7545 = CARTESIAN_POINT('',(-9.602832844131,-8.883909028423,6.));
#7546 = CARTESIAN_POINT('',(-9.625093665886,-8.918538659742,6.));
#7547 = CARTESIAN_POINT('',(-9.647981856813,-8.955148235127,6.));
#7548 = CARTESIAN_POINT('',(-9.671450951772,-8.993758752904,6.));
#7549 = CARTESIAN_POINT('',(-9.695454059955,-9.034390353538,6.));
#7550 = CARTESIAN_POINT('',(-9.719943879149,-9.077062312289,6.));
#7551 = CARTESIAN_POINT('',(-9.744872710107,-9.121793032092,6.));
#7552 = CARTESIAN_POINT('',(-9.77019247104,-9.16860003666,6.));
#7553 = CARTESIAN_POINT('',(-9.795854712212,-9.217499963812,6.));
#7554 = CARTESIAN_POINT('',(-9.821810630647,-9.268508559038,6.));
#7555 = CARTESIAN_POINT('',(-9.848011084935,-9.321640669281,6.));
#7556 = CARTESIAN_POINT('',(-9.874406610141,-9.376910236965,6.));
#7557 = CARTESIAN_POINT('',(-9.900947432808,-9.434330294246,6.));
#7558 = CARTESIAN_POINT('',(-9.927583486053,-9.493912957501,6.));
#7559 = CARTESIAN_POINT('',(-9.954264424755,-9.555669422054,6.));
#7560 = CARTESIAN_POINT('',(-9.980939640827,-9.619609957136,6.));
#7561 = CARTESIAN_POINT('',(-10.00755827855,-9.685743901098,6.));
#7562 = CARTESIAN_POINT('',(-10.03406925008,-9.754079656804,6.));
#7563 = CARTESIAN_POINT('',(-10.06042125073,-9.824624687504,6.));
#7564 = CARTESIAN_POINT('',(-10.08656277529,-9.897385512015,6.));
#7565 = CARTESIAN_POINT('',(-10.11244213095,-9.97236770379,6.));
#7566 = CARTESIAN_POINT('',(-10.13800746339,-10.04957587606,6.));
#7567 = CARTESIAN_POINT('',(-10.1632067325,-10.12901372216,6.));
#7568 = CARTESIAN_POINT('',(-10.18798788319,-10.21068384346,6.));
#7569 = CARTESIAN_POINT('',(-10.20400851586,-10.26597726764,6.));
#7570 = CARTESIAN_POINT('',(-10.21193793104,-10.29399454499,6.));
#7571 = ORIENTED_EDGE('',*,*,#7572,.F.);
#7572 = EDGE_CURVE('',#7573,#7521,#7575,.T.);
#7573 = VERTEX_POINT('',#7574);
#7574 = CARTESIAN_POINT('',(-10.21193793104,-10.29399454499,0.));
#7575 = LINE('',#7576,#7577);
#7576 = CARTESIAN_POINT('',(-10.21193793104,-10.29399454499,0.));
#7577 = VECTOR('',#7578,1.);
#7578 = DIRECTION('',(0.,0.,1.));
#7579 = ORIENTED_EDGE('',*,*,#7580,.F.);
#7580 = EDGE_CURVE('',#7498,#7573,#7581,.T.);
#7581 = B_SPLINE_CURVE_WITH_KNOTS('',3,(#7582,#7583,#7584,#7585,#7586,
    #7587,#7588,#7589,#7590,#7591,#7592,#7593,#7594,#7595,#7596,#7597,
    #7598,#7599,#7600,#7601,#7602,#7603,#7604,#7605,#7606,#7607,#7608,
    #7609,#7610,#7611,#7612,#7613,#7614,#7615,#7616,#7617,#7618,#7619,
    #7620,#7621,#7622,#7623,#7624,#7625,#7626,#7627,#7628),
  .UNSPECIFIED.,.F.,.F.,(4,1,1,1,1,1,1,1,1,1,1,1,1,1,1,1,1,1,1,1,1,1,1,1
    ,1,1,1,1,1,1,1,1,1,1,1,1,1,1,1,1,1,1,1,1,4),(0.,1.004058879412E-03,
    4.016229631009E-03,9.036513432115E-03,1.606491045092E-02,
    2.510142074349E-02,3.614604433531E-02,4.91987812401E-02,
    6.425963146609E-02,8.132859501861E-02,0.100405671901,0.121490862117,
    0.144584165667,0.169685582553,0.196795112777,0.225912756339,
    0.25703851324,0.29017238348,0.32531436706,0.362464463981,
    0.401622674242,0.442788997845,0.485963434789,0.531145985075,
    0.578336648702,0.627535425671,0.678742315982,0.731957319636,
    0.787180436632,0.84441166697,0.903651010651,0.964898467674,
    1.02815403804,1.093417721749,1.160689518801,1.229969429195,
    1.301257452933,1.374553590013,1.449857840437,1.527170204204,
    1.606490681313,1.687819271766,1.771155975562,1.856500792702,
    1.943853723184),.UNSPECIFIED.);
#7582 = CARTESIAN_POINT('',(-9.35607450712,-8.567068909285,0.));
#7583 = CARTESIAN_POINT('',(-9.356320208524,-8.56729617433,0.));
#7584 = CARTESIAN_POINT('',(-9.357299895915,-8.568208559955,0.));
#7585 = CARTESIAN_POINT('',(-9.359477363025,-8.570290032657,0.));
#7586 = CARTESIAN_POINT('',(-9.363068190561,-8.573798602249,0.));
#7587 = CARTESIAN_POINT('',(-9.368033212217,-8.578773521134,0.));
#7588 = CARTESIAN_POINT('',(-9.374337673611,-8.585247801156,0.));
#7589 = CARTESIAN_POINT('',(-9.381943710341,-8.593256446716,0.));
#7590 = CARTESIAN_POINT('',(-9.390813773129,-8.602832708514,0.));
#7591 = CARTESIAN_POINT('',(-9.400909314107,-8.614009523199,0.));
#7592 = CARTESIAN_POINT('',(-9.412191285407,-8.626818970237,0.));
#7593 = CARTESIAN_POINT('',(-9.424619984912,-8.641292443511,0.));
#7594 = CARTESIAN_POINT('',(-9.438155124745,-8.65746057957,0.));
#7595 = CARTESIAN_POINT('',(-9.452755825879,-8.67535326707,0.));
#7596 = CARTESIAN_POINT('',(-9.468380636606,-8.694999630504,0.));
#7597 = CARTESIAN_POINT('',(-9.484987543576,-8.716428022397,0.));
#7598 = CARTESIAN_POINT('',(-9.502533985304,-8.739666013196,0.));
#7599 = CARTESIAN_POINT('',(-9.520976865091,-8.76474038215,0.));
#7600 = CARTESIAN_POINT('',(-9.540272564293,-8.791677108176,0.));
#7601 = CARTESIAN_POINT('',(-9.560376955672,-8.820501361011,0.));
#7602 = CARTESIAN_POINT('',(-9.581245416887,-8.851237492553,0.));
#7603 = CARTESIAN_POINT('',(-9.602832844131,-8.883909028423,0.));
#7604 = CARTESIAN_POINT('',(-9.625093665886,-8.918538659742,0.));
#7605 = CARTESIAN_POINT('',(-9.647981856813,-8.955148235127,0.));
#7606 = CARTESIAN_POINT('',(-9.671450951772,-8.993758752904,0.));
#7607 = CARTESIAN_POINT('',(-9.695454059955,-9.034390353538,0.));
#7608 = CARTESIAN_POINT('',(-9.719943879149,-9.077062312289,0.));
#7609 = CARTESIAN_POINT('',(-9.744872710107,-9.121793032092,0.));
#7610 = CARTESIAN_POINT('',(-9.77019247104,-9.16860003666,0.));
#7611 = CARTESIAN_POINT('',(-9.795854712212,-9.217499963812,0.));
#7612 = CARTESIAN_POINT('',(-9.821810630647,-9.268508559038,0.));
#7613 = CARTESIAN_POINT('',(-9.848011084935,-9.321640669281,0.));
#7614 = CARTESIAN_POINT('',(-9.874406610141,-9.376910236965,0.));
#7615 = CARTESIAN_POINT('',(-9.900947432808,-9.434330294246,0.));
#7616 = CARTESIAN_POINT('',(-9.927583486053,-9.493912957501,0.));
#7617 = CARTESIAN_POINT('',(-9.954264424755,-9.555669422054,0.));
#7618 = CARTESIAN_POINT('',(-9.980939640827,-9.619609957136,0.));
#7619 = CARTESIAN_POINT('',(-10.00755827855,-9.685743901098,0.));
#7620 = CARTESIAN_POINT('',(-10.03406925008,-9.754079656804,0.));
#7621 = CARTESIAN_POINT('',(-10.06042125073,-9.824624687504,0.));
#7622 = CARTESIAN_POINT('',(-10.08656277529,-9.897385512015,0.));
#7623 = CARTESIAN_POINT('',(-10.11244213095,-9.97236770379,0.));
#7624 = CARTESIAN_POINT('',(-10.13800746339,-10.04957587606,0.));
#7625 = CARTESIAN_POINT('',(-10.1632067325,-10.12901372216,0.));
#7626 = CARTESIAN_POINT('',(-10.18798788319,-10.21068384346,0.));
#7627 = CARTESIAN_POINT('',(-10.20400851586,-10.26597726764,0.));
#7628 = CARTESIAN_POINT('',(-10.21193793104,-10.29399454499,0.));
#7629 = SURFACE_OF_LINEAR_EXTRUSION('',#7630,#7678);
#7630 = B_SPLINE_CURVE_WITH_KNOTS('',3,(#7631,#7632,#7633,#7634,#7635,
    #7636,#7637,#7638,#7639,#7640,#7641,#7642,#7643,#7644,#7645,#7646,
    #7647,#7648,#7649,#7650,#7651,#7652,#7653,#7654,#7655,#7656,#7657,
    #7658,#7659,#7660,#7661,#7662,#7663,#7664,#7665,#7666,#7667,#7668,
    #7669,#7670,#7671,#7672,#7673,#7674,#7675,#7676,#7677),
  .UNSPECIFIED.,.F.,.F.,(4,1,1,1,1,1,1,1,1,1,1,1,1,1,1,1,1,1,1,1,1,1,1,1
    ,1,1,1,1,1,1,1,1,1,1,1,1,1,1,1,1,1,1,1,1,4),(0.,1.004058879412E-03,
    4.016229631009E-03,9.036513432115E-03,1.606491045092E-02,
    2.510142074349E-02,3.614604433531E-02,4.91987812401E-02,
    6.425963146609E-02,8.132859501861E-02,0.100405671901,0.121490862117,
    0.144584165667,0.169685582553,0.196795112777,0.225912756339,
    0.25703851324,0.29017238348,0.32531436706,0.362464463981,
    0.401622674242,0.442788997845,0.485963434789,0.531145985075,
    0.578336648702,0.627535425671,0.678742315982,0.731957319636,
    0.787180436632,0.84441166697,0.903651010651,0.964898467674,
    1.02815403804,1.093417721749,1.160689518801,1.229969429195,
    1.301257452933,1.374553590013,1.449857840437,1.527170204204,
    1.606490681313,1.687819271766,1.771155975562,1.856500792702,
    1.943853723184),.UNSPECIFIED.);
#7631 = CARTESIAN_POINT('',(-9.35607450712,-8.567068909285,0.));
#7632 = CARTESIAN_POINT('',(-9.356320208524,-8.56729617433,0.));
#7633 = CARTESIAN_POINT('',(-9.357299895915,-8.568208559955,0.));
#7634 = CARTESIAN_POINT('',(-9.359477363025,-8.570290032657,0.));
#7635 = CARTESIAN_POINT('',(-9.363068190561,-8.573798602249,0.));
#7636 = CARTESIAN_POINT('',(-9.368033212217,-8.578773521134,0.));
#7637 = CARTESIAN_POINT('',(-9.374337673611,-8.585247801156,0.));
#7638 = CARTESIAN_POINT('',(-9.381943710341,-8.593256446716,0.));
#7639 = CARTESIAN_POINT('',(-9.390813773129,-8.602832708514,0.));
#7640 = CARTESIAN_POINT('',(-9.400909314107,-8.614009523199,0.));
#7641 = CARTESIAN_POINT('',(-9.412191285407,-8.626818970237,0.));
#7642 = CARTESIAN_POINT('',(-9.424619984912,-8.641292443511,0.));
#7643 = CARTESIAN_POINT('',(-9.438155124745,-8.65746057957,0.));
#7644 = CARTESIAN_POINT('',(-9.452755825879,-8.67535326707,0.));
#7645 = CARTESIAN_POINT('',(-9.468380636606,-8.694999630504,0.));
#7646 = CARTESIAN_POINT('',(-9.484987543576,-8.716428022397,0.));
#7647 = CARTESIAN_POINT('',(-9.502533985304,-8.739666013196,0.));
#7648 = CARTESIAN_POINT('',(-9.520976865091,-8.76474038215,0.));
#7649 = CARTESIAN_POINT('',(-9.540272564293,-8.791677108176,0.));
#7650 = CARTESIAN_POINT('',(-9.560376955672,-8.820501361011,0.));
#7651 = CARTESIAN_POINT('',(-9.581245416887,-8.851237492553,0.));
#7652 = CARTESIAN_POINT('',(-9.602832844131,-8.883909028423,0.));
#7653 = CARTESIAN_POINT('',(-9.625093665886,-8.918538659742,0.));
#7654 = CARTESIAN_POINT('',(-9.647981856813,-8.955148235127,0.));
#7655 = CARTESIAN_POINT('',(-9.671450951772,-8.993758752904,0.));
#7656 = CARTESIAN_POINT('',(-9.695454059955,-9.034390353538,0.));
#7657 = CARTESIAN_POINT('',(-9.719943879149,-9.077062312289,0.));
#7658 = CARTESIAN_POINT('',(-9.744872710107,-9.121793032092,0.));
#7659 = CARTESIAN_POINT('',(-9.77019247104,-9.16860003666,0.));
#7660 = CARTESIAN_POINT('',(-9.795854712212,-9.217499963812,0.));
#7661 = CARTESIAN_POINT('',(-9.821810630647,-9.268508559038,0.));
#7662 = CARTESIAN_POINT('',(-9.848011084935,-9.321640669281,0.));
#7663 = CARTESIAN_POINT('',(-9.874406610141,-9.376910236965,0.));
#7664 = CARTESIAN_POINT('',(-9.900947432808,-9.434330294246,0.));
#7665 = CARTESIAN_POINT('',(-9.927583486053,-9.493912957501,0.));
#7666 = CARTESIAN_POINT('',(-9.954264424755,-9.555669422054,0.));
#7667 = CARTESIAN_POINT('',(-9.980939640827,-9.619609957136,0.));
#7668 = CARTESIAN_POINT('',(-10.00755827855,-9.685743901098,0.));
#7669 = CARTESIAN_POINT('',(-10.03406925008,-9.754079656804,0.));
#7670 = CARTESIAN_POINT('',(-10.06042125073,-9.824624687504,0.));
#7671 = CARTESIAN_POINT('',(-10.08656277529,-9.897385512015,0.));
#7672 = CARTESIAN_POINT('',(-10.11244213095,-9.97236770379,0.));
#7673 = CARTESIAN_POINT('',(-10.13800746339,-10.04957587606,0.));
#7674 = CARTESIAN_POINT('',(-10.1632067325,-10.12901372216,0.));
#7675 = CARTESIAN_POINT('',(-10.18798788319,-10.21068384346,0.));
#7676 = CARTESIAN_POINT('',(-10.20400851586,-10.26597726764,0.));
#7677 = CARTESIAN_POINT('',(-10.21193793104,-10.29399454499,0.));
#7678 = VECTOR('',#7679,1.);
#7679 = DIRECTION('',(-0.,-0.,-1.));
#7680 = ADVANCED_FACE('',(#7681),#7704,.F.);
#7681 = FACE_BOUND('',#7682,.F.);
#7682 = EDGE_LOOP('',(#7683,#7684,#7691,#7699));
#7683 = ORIENTED_EDGE('',*,*,#7572,.T.);
#7684 = ORIENTED_EDGE('',*,*,#7685,.T.);
#7685 = EDGE_CURVE('',#7521,#7686,#7688,.T.);
#7686 = VERTEX_POINT('',#7687);
#7687 = CARTESIAN_POINT('',(-9.682807351624,-10.79320349995,6.));
#7688 = B_SPLINE_CURVE_WITH_KNOTS('',1,(#7689,#7690),.UNSPECIFIED.,.F.,
  .F.,(2,2),(0.,0.72745360731),.PIECEWISE_BEZIER_KNOTS.);
#7689 = CARTESIAN_POINT('',(-10.21193793104,-10.29399454499,6.));
#7690 = CARTESIAN_POINT('',(-9.682807351624,-10.79320349995,6.));
#7691 = ORIENTED_EDGE('',*,*,#7692,.F.);
#7692 = EDGE_CURVE('',#7693,#7686,#7695,.T.);
#7693 = VERTEX_POINT('',#7694);
#7694 = CARTESIAN_POINT('',(-9.682807351624,-10.79320349995,0.));
#7695 = LINE('',#7696,#7697);
#7696 = CARTESIAN_POINT('',(-9.682807351624,-10.79320349995,0.));
#7697 = VECTOR('',#7698,1.);
#7698 = DIRECTION('',(0.,0.,1.));
#7699 = ORIENTED_EDGE('',*,*,#7700,.F.);
#7700 = EDGE_CURVE('',#7573,#7693,#7701,.T.);
#7701 = B_SPLINE_CURVE_WITH_KNOTS('',1,(#7702,#7703),.UNSPECIFIED.,.F.,
  .F.,(2,2),(0.,0.72745360731),.PIECEWISE_BEZIER_KNOTS.);
#7702 = CARTESIAN_POINT('',(-10.21193793104,-10.29399454499,0.));
#7703 = CARTESIAN_POINT('',(-9.682807351624,-10.79320349995,0.));
#7704 = SURFACE_OF_LINEAR_EXTRUSION('',#7705,#7708);
#7705 = B_SPLINE_CURVE_WITH_KNOTS('',1,(#7706,#7707),.UNSPECIFIED.,.F.,
  .F.,(2,2),(0.,0.72745360731),.PIECEWISE_BEZIER_KNOTS.);
#7706 = CARTESIAN_POINT('',(-10.21193793104,-10.29399454499,0.));
#7707 = CARTESIAN_POINT('',(-9.682807351624,-10.79320349995,0.));
#7708 = VECTOR('',#7709,1.);
#7709 = DIRECTION('',(-0.,-0.,-1.));
#7710 = ADVANCED_FACE('',(#7711),#7824,.F.);
#7711 = FACE_BOUND('',#7712,.F.);
#7712 = EDGE_LOOP('',(#7713,#7714,#7766,#7774));
#7713 = ORIENTED_EDGE('',*,*,#7692,.T.);
#7714 = ORIENTED_EDGE('',*,*,#7715,.T.);
#7715 = EDGE_CURVE('',#7686,#7716,#7718,.T.);
#7716 = VERTEX_POINT('',#7717);
#7717 = CARTESIAN_POINT('',(-8.008567433121,-9.838376265847,6.));
#7718 = B_SPLINE_CURVE_WITH_KNOTS('',3,(#7719,#7720,#7721,#7722,#7723,
    #7724,#7725,#7726,#7727,#7728,#7729,#7730,#7731,#7732,#7733,#7734,
    #7735,#7736,#7737,#7738,#7739,#7740,#7741,#7742,#7743,#7744,#7745,
    #7746,#7747,#7748,#7749,#7750,#7751,#7752,#7753,#7754,#7755,#7756,
    #7757,#7758,#7759,#7760,#7761,#7762,#7763,#7764,#7765),
  .UNSPECIFIED.,.F.,.F.,(4,1,1,1,1,1,1,1,1,1,1,1,1,1,1,1,1,1,1,1,1,1,1,1
    ,1,1,1,1,1,1,1,1,1,1,1,1,1,1,1,1,1,1,1,1,4),(0.,8.735293048255E-02,
    0.172697747622,0.256034451418,0.337363041871,0.416683518981,
    0.493995882747,0.569300133171,0.642596270251,0.713884293989,
    0.783164204383,0.850436001435,0.915699685144,0.97895525551,
    1.040202712533,1.099442056214,1.156673286553,1.211896403548,
    1.265111407202,1.316318297513,1.365517074482,1.41270773811,
    1.457890288395,1.501064725339,1.542231048942,1.581389259203,
    1.618539356124,1.653681339704,1.686815209945,1.717940966845,
    1.747058610407,1.774168140631,1.799269557517,1.822362861067,
    1.843448051283,1.862525128166,1.879594091718,1.894654941944,
    1.907707678849,1.918752302441,1.927788812733,1.934817209752,
    1.939837493553,1.942849664305,1.943853723184),.UNSPECIFIED.);
#7719 = CARTESIAN_POINT('',(-9.682807351624,-10.79320349995,6.));
#7720 = CARTESIAN_POINT('',(-9.655298529556,-10.78365844028,6.));
#7721 = CARTESIAN_POINT('',(-9.601030170048,-10.76444988529,6.));
#7722 = CARTESIAN_POINT('',(-9.520939117434,-10.73496196516,6.));
#7723 = CARTESIAN_POINT('',(-9.443100874787,-10.70518642926,6.));
#7724 = CARTESIAN_POINT('',(-9.367509818403,-10.67517509334,6.));
#7725 = CARTESIAN_POINT('',(-9.294159235337,-10.64497969474,6.));
#7726 = CARTESIAN_POINT('',(-9.223041505098,-10.61465173182,6.));
#7727 = CARTESIAN_POINT('',(-9.154148057993,-10.58424248584,6.));
#7728 = CARTESIAN_POINT('',(-9.087469391474,-10.55380299585,6.));
#7729 = CARTESIAN_POINT('',(-9.022995071815,-10.52338404579,6.));
#7730 = CARTESIAN_POINT('',(-8.960713739873,-10.49303614849,6.));
#7731 = CARTESIAN_POINT('',(-8.9006131161,-10.46280953065,6.));
#7732 = CARTESIAN_POINT('',(-8.84268000604,-10.43275411763,6.));
#7733 = CARTESIAN_POINT('',(-8.786900306001,-10.40291951842,6.));
#7734 = CARTESIAN_POINT('',(-8.733259008974,-10.37335501071,6.));
#7735 = CARTESIAN_POINT('',(-8.681740210784,-10.34410952599,6.));
#7736 = CARTESIAN_POINT('',(-8.632327116465,-10.31523163482,6.));
#7737 = CARTESIAN_POINT('',(-8.585002046873,-10.2867695322,6.));
#7738 = CARTESIAN_POINT('',(-8.539746445516,-10.25877102302,6.));
#7739 = CARTESIAN_POINT('',(-8.496540885623,-10.23128350765,6.));
#7740 = CARTESIAN_POINT('',(-8.455365077419,-10.20435396761,6.));
#7741 = CARTESIAN_POINT('',(-8.416197875641,-10.17802895142,6.));
#7742 = CARTESIAN_POINT('',(-8.37901728726,-10.1523545605,6.));
#7743 = CARTESIAN_POINT('',(-8.343800479428,-10.12737643528,6.));
#7744 = CARTESIAN_POINT('',(-8.310523787636,-10.10313974132,6.));
#7745 = CARTESIAN_POINT('',(-8.279162724098,-10.07968915572,6.));
#7746 = CARTESIAN_POINT('',(-8.249691986333,-10.05706885353,6.));
#7747 = CARTESIAN_POINT('',(-8.222085465969,-10.03532249435,6.));
#7748 = CARTESIAN_POINT('',(-8.196316257748,-10.01449320909,6.));
#7749 = CARTESIAN_POINT('',(-8.172356668748,-9.994623586851,6.));
#7750 = CARTESIAN_POINT('',(-8.150178227804,-9.975755661926,6.));
#7751 = CARTESIAN_POINT('',(-8.129751695123,-9.957930901034,6.));
#7752 = CARTESIAN_POINT('',(-8.111047072173,-9.941190190573,6.));
#7753 = CARTESIAN_POINT('',(-8.094033611537,-9.925573824261,6.));
#7754 = CARTESIAN_POINT('',(-8.078679827796,-9.911121490238,6.));
#7755 = CARTESIAN_POINT('',(-8.064953505954,-9.897872260497,6.));
#7756 = CARTESIAN_POINT('',(-8.052821718764,-9.885864573401,6.));
#7757 = CARTESIAN_POINT('',(-8.042250816984,-9.875136238503,6.));
#7758 = CARTESIAN_POINT('',(-8.033206504989,-9.865724372354,6.));
#7759 = CARTESIAN_POINT('',(-8.025653660493,-9.857665542508,6.));
#7760 = CARTESIAN_POINT('',(-8.019556905758,-9.850995301361,6.));
#7761 = CARTESIAN_POINT('',(-8.014879093983,-9.845749413928,6.));
#7762 = CARTESIAN_POINT('',(-8.011585248388,-9.841960656325,6.));
#7763 = CARTESIAN_POINT('',(-8.009633905661,-9.839665846271,6.));
#7764 = CARTESIAN_POINT('',(-8.008780027404,-9.83863476585,6.));
#7765 = CARTESIAN_POINT('',(-8.008567433121,-9.838376265847,6.));
#7766 = ORIENTED_EDGE('',*,*,#7767,.F.);
#7767 = EDGE_CURVE('',#7768,#7716,#7770,.T.);
#7768 = VERTEX_POINT('',#7769);
#7769 = CARTESIAN_POINT('',(-8.008567433121,-9.838376265847,0.));
#7770 = LINE('',#7771,#7772);
#7771 = CARTESIAN_POINT('',(-8.008567433121,-9.838376265847,0.));
#7772 = VECTOR('',#7773,1.);
#7773 = DIRECTION('',(0.,0.,1.));
#7774 = ORIENTED_EDGE('',*,*,#7775,.F.);
#7775 = EDGE_CURVE('',#7693,#7768,#7776,.T.);
#7776 = B_SPLINE_CURVE_WITH_KNOTS('',3,(#7777,#7778,#7779,#7780,#7781,
    #7782,#7783,#7784,#7785,#7786,#7787,#7788,#7789,#7790,#7791,#7792,
    #7793,#7794,#7795,#7796,#7797,#7798,#7799,#7800,#7801,#7802,#7803,
    #7804,#7805,#7806,#7807,#7808,#7809,#7810,#7811,#7812,#7813,#7814,
    #7815,#7816,#7817,#7818,#7819,#7820,#7821,#7822,#7823),
  .UNSPECIFIED.,.F.,.F.,(4,1,1,1,1,1,1,1,1,1,1,1,1,1,1,1,1,1,1,1,1,1,1,1
    ,1,1,1,1,1,1,1,1,1,1,1,1,1,1,1,1,1,1,1,1,4),(0.,8.735293048255E-02,
    0.172697747622,0.256034451418,0.337363041871,0.416683518981,
    0.493995882747,0.569300133171,0.642596270251,0.713884293989,
    0.783164204383,0.850436001435,0.915699685144,0.97895525551,
    1.040202712533,1.099442056214,1.156673286553,1.211896403548,
    1.265111407202,1.316318297513,1.365517074482,1.41270773811,
    1.457890288395,1.501064725339,1.542231048942,1.581389259203,
    1.618539356124,1.653681339704,1.686815209945,1.717940966845,
    1.747058610407,1.774168140631,1.799269557517,1.822362861067,
    1.843448051283,1.862525128166,1.879594091718,1.894654941944,
    1.907707678849,1.918752302441,1.927788812733,1.934817209752,
    1.939837493553,1.942849664305,1.943853723184),.UNSPECIFIED.);
#7777 = CARTESIAN_POINT('',(-9.682807351624,-10.79320349995,0.));
#7778 = CARTESIAN_POINT('',(-9.655298529556,-10.78365844028,0.));
#7779 = CARTESIAN_POINT('',(-9.601030170048,-10.76444988529,0.));
#7780 = CARTESIAN_POINT('',(-9.520939117434,-10.73496196516,0.));
#7781 = CARTESIAN_POINT('',(-9.443100874787,-10.70518642926,0.));
#7782 = CARTESIAN_POINT('',(-9.367509818403,-10.67517509334,0.));
#7783 = CARTESIAN_POINT('',(-9.294159235337,-10.64497969474,0.));
#7784 = CARTESIAN_POINT('',(-9.223041505098,-10.61465173182,0.));
#7785 = CARTESIAN_POINT('',(-9.154148057993,-10.58424248584,0.));
#7786 = CARTESIAN_POINT('',(-9.087469391474,-10.55380299585,0.));
#7787 = CARTESIAN_POINT('',(-9.022995071815,-10.52338404579,0.));
#7788 = CARTESIAN_POINT('',(-8.960713739873,-10.49303614849,0.));
#7789 = CARTESIAN_POINT('',(-8.9006131161,-10.46280953065,0.));
#7790 = CARTESIAN_POINT('',(-8.84268000604,-10.43275411763,0.));
#7791 = CARTESIAN_POINT('',(-8.786900306001,-10.40291951842,0.));
#7792 = CARTESIAN_POINT('',(-8.733259008974,-10.37335501071,0.));
#7793 = CARTESIAN_POINT('',(-8.681740210784,-10.34410952599,0.));
#7794 = CARTESIAN_POINT('',(-8.632327116465,-10.31523163482,0.));
#7795 = CARTESIAN_POINT('',(-8.585002046873,-10.2867695322,0.));
#7796 = CARTESIAN_POINT('',(-8.539746445516,-10.25877102302,0.));
#7797 = CARTESIAN_POINT('',(-8.496540885623,-10.23128350765,0.));
#7798 = CARTESIAN_POINT('',(-8.455365077419,-10.20435396761,0.));
#7799 = CARTESIAN_POINT('',(-8.416197875641,-10.17802895142,0.));
#7800 = CARTESIAN_POINT('',(-8.37901728726,-10.1523545605,0.));
#7801 = CARTESIAN_POINT('',(-8.343800479428,-10.12737643528,0.));
#7802 = CARTESIAN_POINT('',(-8.310523787636,-10.10313974132,0.));
#7803 = CARTESIAN_POINT('',(-8.279162724098,-10.07968915572,0.));
#7804 = CARTESIAN_POINT('',(-8.249691986333,-10.05706885353,0.));
#7805 = CARTESIAN_POINT('',(-8.222085465969,-10.03532249435,0.));
#7806 = CARTESIAN_POINT('',(-8.196316257748,-10.01449320909,0.));
#7807 = CARTESIAN_POINT('',(-8.172356668748,-9.994623586851,0.));
#7808 = CARTESIAN_POINT('',(-8.150178227804,-9.975755661926,0.));
#7809 = CARTESIAN_POINT('',(-8.129751695123,-9.957930901034,0.));
#7810 = CARTESIAN_POINT('',(-8.111047072173,-9.941190190573,0.));
#7811 = CARTESIAN_POINT('',(-8.094033611537,-9.925573824261,0.));
#7812 = CARTESIAN_POINT('',(-8.078679827796,-9.911121490238,0.));
#7813 = CARTESIAN_POINT('',(-8.064953505954,-9.897872260497,0.));
#7814 = CARTESIAN_POINT('',(-8.052821718764,-9.885864573401,0.));
#7815 = CARTESIAN_POINT('',(-8.042250816984,-9.875136238503,0.));
#7816 = CARTESIAN_POINT('',(-8.033206504989,-9.865724372354,0.));
#7817 = CARTESIAN_POINT('',(-8.025653660493,-9.857665542508,0.));
#7818 = CARTESIAN_POINT('',(-8.019556905758,-9.850995301361,0.));
#7819 = CARTESIAN_POINT('',(-8.014879093983,-9.845749413928,0.));
#7820 = CARTESIAN_POINT('',(-8.011585248388,-9.841960656325,0.));
#7821 = CARTESIAN_POINT('',(-8.009633905661,-9.839665846271,0.));
#7822 = CARTESIAN_POINT('',(-8.008780027404,-9.83863476585,0.));
#7823 = CARTESIAN_POINT('',(-8.008567433121,-9.838376265847,0.));
#7824 = SURFACE_OF_LINEAR_EXTRUSION('',#7825,#7873);
#7825 = B_SPLINE_CURVE_WITH_KNOTS('',3,(#7826,#7827,#7828,#7829,#7830,
    #7831,#7832,#7833,#7834,#7835,#7836,#7837,#7838,#7839,#7840,#7841,
    #7842,#7843,#7844,#7845,#7846,#7847,#7848,#7849,#7850,#7851,#7852,
    #7853,#7854,#7855,#7856,#7857,#7858,#7859,#7860,#7861,#7862,#7863,
    #7864,#7865,#7866,#7867,#7868,#7869,#7870,#7871,#7872),
  .UNSPECIFIED.,.F.,.F.,(4,1,1,1,1,1,1,1,1,1,1,1,1,1,1,1,1,1,1,1,1,1,1,1
    ,1,1,1,1,1,1,1,1,1,1,1,1,1,1,1,1,1,1,1,1,4),(0.,8.735293048255E-02,
    0.172697747622,0.256034451418,0.337363041871,0.416683518981,
    0.493995882747,0.569300133171,0.642596270251,0.713884293989,
    0.783164204383,0.850436001435,0.915699685144,0.97895525551,
    1.040202712533,1.099442056214,1.156673286553,1.211896403548,
    1.265111407202,1.316318297513,1.365517074482,1.41270773811,
    1.457890288395,1.501064725339,1.542231048942,1.581389259203,
    1.618539356124,1.653681339704,1.686815209945,1.717940966845,
    1.747058610407,1.774168140631,1.799269557517,1.822362861067,
    1.843448051283,1.862525128166,1.879594091718,1.894654941944,
    1.907707678849,1.918752302441,1.927788812733,1.934817209752,
    1.939837493553,1.942849664305,1.943853723184),.UNSPECIFIED.);
#7826 = CARTESIAN_POINT('',(-9.682807351624,-10.79320349995,0.));
#7827 = CARTESIAN_POINT('',(-9.655298529556,-10.78365844028,0.));
#7828 = CARTESIAN_POINT('',(-9.601030170048,-10.76444988529,0.));
#7829 = CARTESIAN_POINT('',(-9.520939117434,-10.73496196516,0.));
#7830 = CARTESIAN_POINT('',(-9.443100874787,-10.70518642926,0.));
#7831 = CARTESIAN_POINT('',(-9.367509818403,-10.67517509334,0.));
#7832 = CARTESIAN_POINT('',(-9.294159235337,-10.64497969474,0.));
#7833 = CARTESIAN_POINT('',(-9.223041505098,-10.61465173182,0.));
#7834 = CARTESIAN_POINT('',(-9.154148057993,-10.58424248584,0.));
#7835 = CARTESIAN_POINT('',(-9.087469391474,-10.55380299585,0.));
#7836 = CARTESIAN_POINT('',(-9.022995071815,-10.52338404579,0.));
#7837 = CARTESIAN_POINT('',(-8.960713739873,-10.49303614849,0.));
#7838 = CARTESIAN_POINT('',(-8.9006131161,-10.46280953065,0.));
#7839 = CARTESIAN_POINT('',(-8.84268000604,-10.43275411763,0.));
#7840 = CARTESIAN_POINT('',(-8.786900306001,-10.40291951842,0.));
#7841 = CARTESIAN_POINT('',(-8.733259008974,-10.37335501071,0.));
#7842 = CARTESIAN_POINT('',(-8.681740210784,-10.34410952599,0.));
#7843 = CARTESIAN_POINT('',(-8.632327116465,-10.31523163482,0.));
#7844 = CARTESIAN_POINT('',(-8.585002046873,-10.2867695322,0.));
#7845 = CARTESIAN_POINT('',(-8.539746445516,-10.25877102302,0.));
#7846 = CARTESIAN_POINT('',(-8.496540885623,-10.23128350765,0.));
#7847 = CARTESIAN_POINT('',(-8.455365077419,-10.20435396761,0.));
#7848 = CARTESIAN_POINT('',(-8.416197875641,-10.17802895142,0.));
#7849 = CARTESIAN_POINT('',(-8.37901728726,-10.1523545605,0.));
#7850 = CARTESIAN_POINT('',(-8.343800479428,-10.12737643528,0.));
#7851 = CARTESIAN_POINT('',(-8.310523787636,-10.10313974132,0.));
#7852 = CARTESIAN_POINT('',(-8.279162724098,-10.07968915572,0.));
#7853 = CARTESIAN_POINT('',(-8.249691986333,-10.05706885353,0.));
#7854 = CARTESIAN_POINT('',(-8.222085465969,-10.03532249435,0.));
#7855 = CARTESIAN_POINT('',(-8.196316257748,-10.01449320909,0.));
#7856 = CARTESIAN_POINT('',(-8.172356668748,-9.994623586851,0.));
#7857 = CARTESIAN_POINT('',(-8.150178227804,-9.975755661926,0.));
#7858 = CARTESIAN_POINT('',(-8.129751695123,-9.957930901034,0.));
#7859 = CARTESIAN_POINT('',(-8.111047072173,-9.941190190573,0.));
#7860 = CARTESIAN_POINT('',(-8.094033611537,-9.925573824261,0.));
#7861 = CARTESIAN_POINT('',(-8.078679827796,-9.911121490238,0.));
#7862 = CARTESIAN_POINT('',(-8.064953505954,-9.897872260497,0.));
#7863 = CARTESIAN_POINT('',(-8.052821718764,-9.885864573401,0.));
#7864 = CARTESIAN_POINT('',(-8.042250816984,-9.875136238503,0.));
#7865 = CARTESIAN_POINT('',(-8.033206504989,-9.865724372354,0.));
#7866 = CARTESIAN_POINT('',(-8.025653660493,-9.857665542508,0.));
#7867 = CARTESIAN_POINT('',(-8.019556905758,-9.850995301361,0.));
#7868 = CARTESIAN_POINT('',(-8.014879093983,-9.845749413928,0.));
#7869 = CARTESIAN_POINT('',(-8.011585248388,-9.841960656325,0.));
#7870 = CARTESIAN_POINT('',(-8.009633905661,-9.839665846271,0.));
#7871 = CARTESIAN_POINT('',(-8.008780027404,-9.83863476585,0.));
#7872 = CARTESIAN_POINT('',(-8.008567433121,-9.838376265847,0.));
#7873 = VECTOR('',#7874,1.);
#7874 = DIRECTION('',(-0.,-0.,-1.));
#7875 = ADVANCED_FACE('',(#7876),#7899,.F.);
#7876 = FACE_BOUND('',#7877,.F.);
#7877 = EDGE_LOOP('',(#7878,#7879,#7886,#7894));
#7878 = ORIENTED_EDGE('',*,*,#7767,.T.);
#7879 = ORIENTED_EDGE('',*,*,#7880,.T.);
#7880 = EDGE_CURVE('',#7716,#7881,#7883,.T.);
#7881 = VERTEX_POINT('',#7882);
#7882 = CARTESIAN_POINT('',(-7.733415428396,-9.500357141279,6.));
#7883 = B_SPLINE_CURVE_WITH_KNOTS('',1,(#7884,#7885),.UNSPECIFIED.,.F.,
  .F.,(2,2),(0.,0.43585038061),.PIECEWISE_BEZIER_KNOTS.);
#7884 = CARTESIAN_POINT('',(-8.008567433121,-9.838376265847,6.));
#7885 = CARTESIAN_POINT('',(-7.733415428396,-9.500357141279,6.));
#7886 = ORIENTED_EDGE('',*,*,#7887,.F.);
#7887 = EDGE_CURVE('',#7888,#7881,#7890,.T.);
#7888 = VERTEX_POINT('',#7889);
#7889 = CARTESIAN_POINT('',(-7.733415428396,-9.500357141279,0.));
#7890 = LINE('',#7891,#7892);
#7891 = CARTESIAN_POINT('',(-7.733415428396,-9.500357141279,0.));
#7892 = VECTOR('',#7893,1.);
#7893 = DIRECTION('',(0.,0.,1.));
#7894 = ORIENTED_EDGE('',*,*,#7895,.F.);
#7895 = EDGE_CURVE('',#7768,#7888,#7896,.T.);
#7896 = B_SPLINE_CURVE_WITH_KNOTS('',1,(#7897,#7898),.UNSPECIFIED.,.F.,
  .F.,(2,2),(0.,0.43585038061),.PIECEWISE_BEZIER_KNOTS.);
#7897 = CARTESIAN_POINT('',(-8.008567433121,-9.838376265847,0.));
#7898 = CARTESIAN_POINT('',(-7.733415428396,-9.500357141279,0.));
#7899 = SURFACE_OF_LINEAR_EXTRUSION('',#7900,#7903);
#7900 = B_SPLINE_CURVE_WITH_KNOTS('',1,(#7901,#7902),.UNSPECIFIED.,.F.,
  .F.,(2,2),(0.,0.43585038061),.PIECEWISE_BEZIER_KNOTS.);
#7901 = CARTESIAN_POINT('',(-8.008567433121,-9.838376265847,0.));
#7902 = CARTESIAN_POINT('',(-7.733415428396,-9.500357141279,0.));
#7903 = VECTOR('',#7904,1.);
#7904 = DIRECTION('',(-0.,-0.,-1.));
#7905 = ADVANCED_FACE('',(#7906),#7929,.F.);
#7906 = FACE_BOUND('',#7907,.F.);
#7907 = EDGE_LOOP('',(#7908,#7909,#7916,#7924));
#7908 = ORIENTED_EDGE('',*,*,#7887,.T.);
#7909 = ORIENTED_EDGE('',*,*,#7910,.T.);
#7910 = EDGE_CURVE('',#7881,#7911,#7913,.T.);
#7911 = VERTEX_POINT('',#7912);
#7912 = CARTESIAN_POINT('',(-6.883273959835,-10.13326401481,6.));
#7913 = B_SPLINE_CURVE_WITH_KNOTS('',1,(#7914,#7915),.UNSPECIFIED.,.F.,
  .F.,(2,2),(0.,1.059863966333),.PIECEWISE_BEZIER_KNOTS.);
#7914 = CARTESIAN_POINT('',(-7.733415428396,-9.500357141279,6.));
#7915 = CARTESIAN_POINT('',(-6.883273959835,-10.13326401481,6.));
#7916 = ORIENTED_EDGE('',*,*,#7917,.F.);
#7917 = EDGE_CURVE('',#7918,#7911,#7920,.T.);
#7918 = VERTEX_POINT('',#7919);
#7919 = CARTESIAN_POINT('',(-6.883273959835,-10.13326401481,0.));
#7920 = LINE('',#7921,#7922);
#7921 = CARTESIAN_POINT('',(-6.883273959835,-10.13326401481,0.));
#7922 = VECTOR('',#7923,1.);
#7923 = DIRECTION('',(0.,0.,1.));
#7924 = ORIENTED_EDGE('',*,*,#7925,.F.);
#7925 = EDGE_CURVE('',#7888,#7918,#7926,.T.);
#7926 = B_SPLINE_CURVE_WITH_KNOTS('',1,(#7927,#7928),.UNSPECIFIED.,.F.,
  .F.,(2,2),(0.,1.059863966333),.PIECEWISE_BEZIER_KNOTS.);
#7927 = CARTESIAN_POINT('',(-7.733415428396,-9.500357141279,0.));
#7928 = CARTESIAN_POINT('',(-6.883273959835,-10.13326401481,0.));
#7929 = SURFACE_OF_LINEAR_EXTRUSION('',#7930,#7933);
#7930 = B_SPLINE_CURVE_WITH_KNOTS('',1,(#7931,#7932),.UNSPECIFIED.,.F.,
  .F.,(2,2),(0.,1.059863966333),.PIECEWISE_BEZIER_KNOTS.);
#7931 = CARTESIAN_POINT('',(-7.733415428396,-9.500357141279,0.));
#7932 = CARTESIAN_POINT('',(-6.883273959835,-10.13326401481,0.));
#7933 = VECTOR('',#7934,1.);
#7934 = DIRECTION('',(-0.,-0.,-1.));
#7935 = ADVANCED_FACE('',(#7936),#7959,.F.);
#7936 = FACE_BOUND('',#7937,.F.);
#7937 = EDGE_LOOP('',(#7938,#7939,#7946,#7954));
#7938 = ORIENTED_EDGE('',*,*,#7917,.T.);
#7939 = ORIENTED_EDGE('',*,*,#7940,.T.);
#7940 = EDGE_CURVE('',#7911,#7941,#7943,.T.);
#7941 = VERTEX_POINT('',#7942);
#7942 = CARTESIAN_POINT('',(-7.128178251691,-10.49380172727,6.));
#7943 = B_SPLINE_CURVE_WITH_KNOTS('',1,(#7944,#7945),.UNSPECIFIED.,.F.,
  .F.,(2,2),(0.,0.43585038061),.PIECEWISE_BEZIER_KNOTS.);
#7944 = CARTESIAN_POINT('',(-6.883273959835,-10.13326401481,6.));
#7945 = CARTESIAN_POINT('',(-7.128178251691,-10.49380172727,6.));
#7946 = ORIENTED_EDGE('',*,*,#7947,.F.);
#7947 = EDGE_CURVE('',#7948,#7941,#7950,.T.);
#7948 = VERTEX_POINT('',#7949);
#7949 = CARTESIAN_POINT('',(-7.128178251691,-10.49380172727,0.));
#7950 = LINE('',#7951,#7952);
#7951 = CARTESIAN_POINT('',(-7.128178251691,-10.49380172727,0.));
#7952 = VECTOR('',#7953,1.);
#7953 = DIRECTION('',(0.,0.,1.));
#7954 = ORIENTED_EDGE('',*,*,#7955,.F.);
#7955 = EDGE_CURVE('',#7918,#7948,#7956,.T.);
#7956 = B_SPLINE_CURVE_WITH_KNOTS('',1,(#7957,#7958),.UNSPECIFIED.,.F.,
  .F.,(2,2),(0.,0.43585038061),.PIECEWISE_BEZIER_KNOTS.);
#7957 = CARTESIAN_POINT('',(-6.883273959835,-10.13326401481,0.));
#7958 = CARTESIAN_POINT('',(-7.128178251691,-10.49380172727,0.));
#7959 = SURFACE_OF_LINEAR_EXTRUSION('',#7960,#7963);
#7960 = B_SPLINE_CURVE_WITH_KNOTS('',1,(#7961,#7962),.UNSPECIFIED.,.F.,
  .F.,(2,2),(0.,0.43585038061),.PIECEWISE_BEZIER_KNOTS.);
#7961 = CARTESIAN_POINT('',(-6.883273959835,-10.13326401481,0.));
#7962 = CARTESIAN_POINT('',(-7.128178251691,-10.49380172727,0.));
#7963 = VECTOR('',#7964,1.);
#7964 = DIRECTION('',(-0.,-0.,-1.));
#7965 = ADVANCED_FACE('',(#7966),#8079,.F.);
#7966 = FACE_BOUND('',#7967,.F.);
#7967 = EDGE_LOOP('',(#7968,#7969,#8021,#8029));
#7968 = ORIENTED_EDGE('',*,*,#7947,.T.);
#7969 = ORIENTED_EDGE('',*,*,#7970,.T.);
#7970 = EDGE_CURVE('',#7941,#7971,#7973,.T.);
#7971 = VERTEX_POINT('',#7972);
#7972 = CARTESIAN_POINT('',(-7.562715307074,-12.37155354772,6.));
#7973 = B_SPLINE_CURVE_WITH_KNOTS('',3,(#7974,#7975,#7976,#7977,#7978,
    #7979,#7980,#7981,#7982,#7983,#7984,#7985,#7986,#7987,#7988,#7989,
    #7990,#7991,#7992,#7993,#7994,#7995,#7996,#7997,#7998,#7999,#8000,
    #8001,#8002,#8003,#8004,#8005,#8006,#8007,#8008,#8009,#8010,#8011,
    #8012,#8013,#8014,#8015,#8016,#8017,#8018,#8019,#8020),
  .UNSPECIFIED.,.F.,.F.,(4,1,1,1,1,1,1,1,1,1,1,1,1,1,1,1,1,1,1,1,1,1,1,1
    ,1,1,1,1,1,1,1,1,1,1,1,1,1,1,1,1,1,1,1,1,4),(0.,1.004058879412E-03,
    4.016229631009E-03,9.036513432115E-03,1.606491045092E-02,
    2.510142074349E-02,3.614604433531E-02,4.91987812401E-02,
    6.425963146609E-02,8.132859501861E-02,0.100405671901,0.121490862117,
    0.144584165667,0.169685582553,0.196795112777,0.225912756339,
    0.25703851324,0.29017238348,0.32531436706,0.362464463981,
    0.401622674242,0.442788997845,0.485963434789,0.531145985075,
    0.578336648702,0.627535425671,0.678742315982,0.731957319636,
    0.787180436632,0.84441166697,0.903651010651,0.964898467674,
    1.02815403804,1.093417721749,1.160689518801,1.229969429195,
    1.301257452933,1.374553590013,1.449857840437,1.527170204204,
    1.606490681313,1.687819271766,1.771155975562,1.856500792702,
    1.943853723184),.UNSPECIFIED.);
#7974 = CARTESIAN_POINT('',(-7.128178251691,-10.49380172727,6.));
#7975 = CARTESIAN_POINT('',(-7.128364919255,-10.494079529,6.));
#7976 = CARTESIAN_POINT('',(-7.129107788441,-10.49519325261,6.));
#7977 = CARTESIAN_POINT('',(-7.130746541003,-10.49772077742,6.));
#7978 = CARTESIAN_POINT('',(-7.133431445486,-10.50196287489,6.));
#7979 = CARTESIAN_POINT('',(-7.137115339091,-10.50794870698,6.));
#7980 = CARTESIAN_POINT('',(-7.141756791187,-10.5157023808,6.));
#7981 = CARTESIAN_POINT('',(-7.147310885444,-10.52524922507,6.));
#7982 = CARTESIAN_POINT('',(-7.153733416588,-10.53661293474,6.));
#7983 = CARTESIAN_POINT('',(-7.160979280102,-10.54981666891,6.));
#7984 = CARTESIAN_POINT('',(-7.169003082623,-10.56488263728,6.));
#7985 = CARTESIAN_POINT('',(-7.177758952282,-10.58183223157,6.));
#7986 = CARTESIAN_POINT('',(-7.187200621894,-10.60068597149,6.));
#7987 = CARTESIAN_POINT('',(-7.197281421532,-10.62146351269,6.));
#7988 = CARTESIAN_POINT('',(-7.207954300253,-10.64418363518,6.));
#7989 = CARTESIAN_POINT('',(-7.219171838641,-10.66886423831,6.));
#7990 = CARTESIAN_POINT('',(-7.230886264279,-10.695522334,6.));
#7991 = CARTESIAN_POINT('',(-7.243049466425,-10.72417404087,6.));
#7992 = CARTESIAN_POINT('',(-7.255613011031,-10.75483457843,6.));
#7993 = CARTESIAN_POINT('',(-7.268528155772,-10.78751826153,6.));
#7994 = CARTESIAN_POINT('',(-7.281745865176,-10.82223849502,6.));
#7995 = CARTESIAN_POINT('',(-7.295216825831,-10.85900776874,6.));
#7996 = CARTESIAN_POINT('',(-7.308891461674,-10.89783765266,6.));
#7997 = CARTESIAN_POINT('',(-7.322719949348,-10.93873879228,6.));
#7998 = CARTESIAN_POINT('',(-7.336652233638,-10.98172090433,6.));
#7999 = CARTESIAN_POINT('',(-7.350638042973,-11.0267927726,6.));
#8000 = CARTESIAN_POINT('',(-7.364626904998,-11.07396224416,6.));
#8001 = CARTESIAN_POINT('',(-7.378568162195,-11.12323622568,6.));
#8002 = CARTESIAN_POINT('',(-7.39241098758,-11.1746206801,6.));
#8003 = CARTESIAN_POINT('',(-7.40610440044,-11.22812062348,6.));
#8004 = CARTESIAN_POINT('',(-7.419597282131,-11.28374012215,6.));
#8005 = CARTESIAN_POINT('',(-7.432838391915,-11.34148229006,6.));
#8006 = CARTESIAN_POINT('',(-7.445776382846,-11.40134928642,6.));
#8007 = CARTESIAN_POINT('',(-7.458359817695,-11.46334231356,6.));
#8008 = CARTESIAN_POINT('',(-7.47053718491,-11.52746161503,6.));
#8009 = CARTESIAN_POINT('',(-7.48225691461,-11.593706474,6.));
#8010 = CARTESIAN_POINT('',(-7.493467394606,-11.66207521186,6.));
#8011 = CARTESIAN_POINT('',(-7.504116986437,-11.73256518712,6.));
#8012 = CARTESIAN_POINT('',(-7.514154041492,-11.80517279447,6.));
#8013 = CARTESIAN_POINT('',(-7.523526916876,-11.87989346432,6.));
#8014 = CARTESIAN_POINT('',(-7.532183992353,-11.95672166184,6.));
#8015 = CARTESIAN_POINT('',(-7.540073683186,-12.03565088907,6.));
#8016 = CARTESIAN_POINT('',(-7.547144468909,-12.11667367647,6.));
#8017 = CARTESIAN_POINT('',(-7.553344860411,-12.19978161653,6.));
#8018 = CARTESIAN_POINT('',(-7.558623605833,-12.28496523579,6.));
#8019 = CARTESIAN_POINT('',(-7.56146085912,-12.34246283071,6.));
#8020 = CARTESIAN_POINT('',(-7.562715307074,-12.37155354772,6.));
#8021 = ORIENTED_EDGE('',*,*,#8022,.F.);
#8022 = EDGE_CURVE('',#8023,#7971,#8025,.T.);
#8023 = VERTEX_POINT('',#8024);
#8024 = CARTESIAN_POINT('',(-7.562715307074,-12.37155354772,0.));
#8025 = LINE('',#8026,#8027);
#8026 = CARTESIAN_POINT('',(-7.562715307074,-12.37155354772,0.));
#8027 = VECTOR('',#8028,1.);
#8028 = DIRECTION('',(0.,0.,1.));
#8029 = ORIENTED_EDGE('',*,*,#8030,.F.);
#8030 = EDGE_CURVE('',#7948,#8023,#8031,.T.);
#8031 = B_SPLINE_CURVE_WITH_KNOTS('',3,(#8032,#8033,#8034,#8035,#8036,
    #8037,#8038,#8039,#8040,#8041,#8042,#8043,#8044,#8045,#8046,#8047,
    #8048,#8049,#8050,#8051,#8052,#8053,#8054,#8055,#8056,#8057,#8058,
    #8059,#8060,#8061,#8062,#8063,#8064,#8065,#8066,#8067,#8068,#8069,
    #8070,#8071,#8072,#8073,#8074,#8075,#8076,#8077,#8078),
  .UNSPECIFIED.,.F.,.F.,(4,1,1,1,1,1,1,1,1,1,1,1,1,1,1,1,1,1,1,1,1,1,1,1
    ,1,1,1,1,1,1,1,1,1,1,1,1,1,1,1,1,1,1,1,1,4),(0.,1.004058879412E-03,
    4.016229631009E-03,9.036513432115E-03,1.606491045092E-02,
    2.510142074349E-02,3.614604433531E-02,4.91987812401E-02,
    6.425963146609E-02,8.132859501861E-02,0.100405671901,0.121490862117,
    0.144584165667,0.169685582553,0.196795112777,0.225912756339,
    0.25703851324,0.29017238348,0.32531436706,0.362464463981,
    0.401622674242,0.442788997845,0.485963434789,0.531145985075,
    0.578336648702,0.627535425671,0.678742315982,0.731957319636,
    0.787180436632,0.84441166697,0.903651010651,0.964898467674,
    1.02815403804,1.093417721749,1.160689518801,1.229969429195,
    1.301257452933,1.374553590013,1.449857840437,1.527170204204,
    1.606490681313,1.687819271766,1.771155975562,1.856500792702,
    1.943853723184),.UNSPECIFIED.);
#8032 = CARTESIAN_POINT('',(-7.128178251691,-10.49380172727,0.));
#8033 = CARTESIAN_POINT('',(-7.128364919255,-10.494079529,0.));
#8034 = CARTESIAN_POINT('',(-7.129107788441,-10.49519325261,0.));
#8035 = CARTESIAN_POINT('',(-7.130746541003,-10.49772077742,0.));
#8036 = CARTESIAN_POINT('',(-7.133431445486,-10.50196287489,0.));
#8037 = CARTESIAN_POINT('',(-7.137115339091,-10.50794870698,0.));
#8038 = CARTESIAN_POINT('',(-7.141756791187,-10.5157023808,0.));
#8039 = CARTESIAN_POINT('',(-7.147310885444,-10.52524922507,0.));
#8040 = CARTESIAN_POINT('',(-7.153733416588,-10.53661293474,0.));
#8041 = CARTESIAN_POINT('',(-7.160979280102,-10.54981666891,0.));
#8042 = CARTESIAN_POINT('',(-7.169003082623,-10.56488263728,0.));
#8043 = CARTESIAN_POINT('',(-7.177758952282,-10.58183223157,0.));
#8044 = CARTESIAN_POINT('',(-7.187200621894,-10.60068597149,0.));
#8045 = CARTESIAN_POINT('',(-7.197281421532,-10.62146351269,0.));
#8046 = CARTESIAN_POINT('',(-7.207954300253,-10.64418363518,0.));
#8047 = CARTESIAN_POINT('',(-7.219171838641,-10.66886423831,0.));
#8048 = CARTESIAN_POINT('',(-7.230886264279,-10.695522334,0.));
#8049 = CARTESIAN_POINT('',(-7.243049466425,-10.72417404087,0.));
#8050 = CARTESIAN_POINT('',(-7.255613011031,-10.75483457843,0.));
#8051 = CARTESIAN_POINT('',(-7.268528155772,-10.78751826153,0.));
#8052 = CARTESIAN_POINT('',(-7.281745865176,-10.82223849502,0.));
#8053 = CARTESIAN_POINT('',(-7.295216825831,-10.85900776874,0.));
#8054 = CARTESIAN_POINT('',(-7.308891461674,-10.89783765266,0.));
#8055 = CARTESIAN_POINT('',(-7.322719949348,-10.93873879228,0.));
#8056 = CARTESIAN_POINT('',(-7.336652233638,-10.98172090433,0.));
#8057 = CARTESIAN_POINT('',(-7.350638042973,-11.0267927726,0.));
#8058 = CARTESIAN_POINT('',(-7.364626904998,-11.07396224416,0.));
#8059 = CARTESIAN_POINT('',(-7.378568162195,-11.12323622568,0.));
#8060 = CARTESIAN_POINT('',(-7.39241098758,-11.1746206801,0.));
#8061 = CARTESIAN_POINT('',(-7.40610440044,-11.22812062348,0.));
#8062 = CARTESIAN_POINT('',(-7.419597282131,-11.28374012215,0.));
#8063 = CARTESIAN_POINT('',(-7.432838391915,-11.34148229006,0.));
#8064 = CARTESIAN_POINT('',(-7.445776382846,-11.40134928642,0.));
#8065 = CARTESIAN_POINT('',(-7.458359817695,-11.46334231356,0.));
#8066 = CARTESIAN_POINT('',(-7.47053718491,-11.52746161503,0.));
#8067 = CARTESIAN_POINT('',(-7.48225691461,-11.593706474,0.));
#8068 = CARTESIAN_POINT('',(-7.493467394606,-11.66207521186,0.));
#8069 = CARTESIAN_POINT('',(-7.504116986437,-11.73256518712,0.));
#8070 = CARTESIAN_POINT('',(-7.514154041492,-11.80517279447,0.));
#8071 = CARTESIAN_POINT('',(-7.523526916876,-11.87989346432,0.));
#8072 = CARTESIAN_POINT('',(-7.532183992353,-11.95672166184,0.));
#8073 = CARTESIAN_POINT('',(-7.540073683186,-12.03565088907,0.));
#8074 = CARTESIAN_POINT('',(-7.547144468909,-12.11667367647,0.));
#8075 = CARTESIAN_POINT('',(-7.553344860411,-12.19978161653,0.));
#8076 = CARTESIAN_POINT('',(-7.558623605833,-12.28496523579,0.));
#8077 = CARTESIAN_POINT('',(-7.56146085912,-12.34246283071,0.));
#8078 = CARTESIAN_POINT('',(-7.562715307074,-12.37155354772,0.));
#8079 = SURFACE_OF_LINEAR_EXTRUSION('',#8080,#8128);
#8080 = B_SPLINE_CURVE_WITH_KNOTS('',3,(#8081,#8082,#8083,#8084,#8085,
    #8086,#8087,#8088,#8089,#8090,#8091,#8092,#8093,#8094,#8095,#8096,
    #8097,#8098,#8099,#8100,#8101,#8102,#8103,#8104,#8105,#8106,#8107,
    #8108,#8109,#8110,#8111,#8112,#8113,#8114,#8115,#8116,#8117,#8118,
    #8119,#8120,#8121,#8122,#8123,#8124,#8125,#8126,#8127),
  .UNSPECIFIED.,.F.,.F.,(4,1,1,1,1,1,1,1,1,1,1,1,1,1,1,1,1,1,1,1,1,1,1,1
    ,1,1,1,1,1,1,1,1,1,1,1,1,1,1,1,1,1,1,1,1,4),(0.,1.004058879412E-03,
    4.016229631009E-03,9.036513432115E-03,1.606491045092E-02,
    2.510142074349E-02,3.614604433531E-02,4.91987812401E-02,
    6.425963146609E-02,8.132859501861E-02,0.100405671901,0.121490862117,
    0.144584165667,0.169685582553,0.196795112777,0.225912756339,
    0.25703851324,0.29017238348,0.32531436706,0.362464463981,
    0.401622674242,0.442788997845,0.485963434789,0.531145985075,
    0.578336648702,0.627535425671,0.678742315982,0.731957319636,
    0.787180436632,0.84441166697,0.903651010651,0.964898467674,
    1.02815403804,1.093417721749,1.160689518801,1.229969429195,
    1.301257452933,1.374553590013,1.449857840437,1.527170204204,
    1.606490681313,1.687819271766,1.771155975562,1.856500792702,
    1.943853723184),.UNSPECIFIED.);
#8081 = CARTESIAN_POINT('',(-7.128178251691,-10.49380172727,0.));
#8082 = CARTESIAN_POINT('',(-7.128364919255,-10.494079529,0.));
#8083 = CARTESIAN_POINT('',(-7.129107788441,-10.49519325261,0.));
#8084 = CARTESIAN_POINT('',(-7.130746541003,-10.49772077742,0.));
#8085 = CARTESIAN_POINT('',(-7.133431445486,-10.50196287489,0.));
#8086 = CARTESIAN_POINT('',(-7.137115339091,-10.50794870698,0.));
#8087 = CARTESIAN_POINT('',(-7.141756791187,-10.5157023808,0.));
#8088 = CARTESIAN_POINT('',(-7.147310885444,-10.52524922507,0.));
#8089 = CARTESIAN_POINT('',(-7.153733416588,-10.53661293474,0.));
#8090 = CARTESIAN_POINT('',(-7.160979280102,-10.54981666891,0.));
#8091 = CARTESIAN_POINT('',(-7.169003082623,-10.56488263728,0.));
#8092 = CARTESIAN_POINT('',(-7.177758952282,-10.58183223157,0.));
#8093 = CARTESIAN_POINT('',(-7.187200621894,-10.60068597149,0.));
#8094 = CARTESIAN_POINT('',(-7.197281421532,-10.62146351269,0.));
#8095 = CARTESIAN_POINT('',(-7.207954300253,-10.64418363518,0.));
#8096 = CARTESIAN_POINT('',(-7.219171838641,-10.66886423831,0.));
#8097 = CARTESIAN_POINT('',(-7.230886264279,-10.695522334,0.));
#8098 = CARTESIAN_POINT('',(-7.243049466425,-10.72417404087,0.));
#8099 = CARTESIAN_POINT('',(-7.255613011031,-10.75483457843,0.));
#8100 = CARTESIAN_POINT('',(-7.268528155772,-10.78751826153,0.));
#8101 = CARTESIAN_POINT('',(-7.281745865176,-10.82223849502,0.));
#8102 = CARTESIAN_POINT('',(-7.295216825831,-10.85900776874,0.));
#8103 = CARTESIAN_POINT('',(-7.308891461674,-10.89783765266,0.));
#8104 = CARTESIAN_POINT('',(-7.322719949348,-10.93873879228,0.));
#8105 = CARTESIAN_POINT('',(-7.336652233638,-10.98172090433,0.));
#8106 = CARTESIAN_POINT('',(-7.350638042973,-11.0267927726,0.));
#8107 = CARTESIAN_POINT('',(-7.364626904998,-11.07396224416,0.));
#8108 = CARTESIAN_POINT('',(-7.378568162195,-11.12323622568,0.));
#8109 = CARTESIAN_POINT('',(-7.39241098758,-11.1746206801,0.));
#8110 = CARTESIAN_POINT('',(-7.40610440044,-11.22812062348,0.));
#8111 = CARTESIAN_POINT('',(-7.419597282131,-11.28374012215,0.));
#8112 = CARTESIAN_POINT('',(-7.432838391915,-11.34148229006,0.));
#8113 = CARTESIAN_POINT('',(-7.445776382846,-11.40134928642,0.));
#8114 = CARTESIAN_POINT('',(-7.458359817695,-11.46334231356,0.));
#8115 = CARTESIAN_POINT('',(-7.47053718491,-11.52746161503,0.));
#8116 = CARTESIAN_POINT('',(-7.48225691461,-11.593706474,0.));
#8117 = CARTESIAN_POINT('',(-7.493467394606,-11.66207521186,0.));
#8118 = CARTESIAN_POINT('',(-7.504116986437,-11.73256518712,0.));
#8119 = CARTESIAN_POINT('',(-7.514154041492,-11.80517279447,0.));
#8120 = CARTESIAN_POINT('',(-7.523526916876,-11.87989346432,0.));
#8121 = CARTESIAN_POINT('',(-7.532183992353,-11.95672166184,0.));
#8122 = CARTESIAN_POINT('',(-7.540073683186,-12.03565088907,0.));
#8123 = CARTESIAN_POINT('',(-7.547144468909,-12.11667367647,0.));
#8124 = CARTESIAN_POINT('',(-7.553344860411,-12.19978161653,0.));
#8125 = CARTESIAN_POINT('',(-7.558623605833,-12.28496523579,0.));
#8126 = CARTESIAN_POINT('',(-7.56146085912,-12.34246283071,0.));
#8127 = CARTESIAN_POINT('',(-7.562715307074,-12.37155354772,0.));
#8128 = VECTOR('',#8129,1.);
#8129 = DIRECTION('',(-0.,-0.,-1.));
#8130 = ADVANCED_FACE('',(#8131),#8154,.F.);
#8131 = FACE_BOUND('',#8132,.F.);
#8132 = EDGE_LOOP('',(#8133,#8134,#8141,#8149));
#8133 = ORIENTED_EDGE('',*,*,#8022,.T.);
#8134 = ORIENTED_EDGE('',*,*,#8135,.T.);
#8135 = EDGE_CURVE('',#7971,#8136,#8138,.T.);
#8136 = VERTEX_POINT('',#8137);
#8137 = CARTESIAN_POINT('',(-6.932722003069,-12.73528035137,6.));
#8138 = B_SPLINE_CURVE_WITH_KNOTS('',1,(#8139,#8140),.UNSPECIFIED.,.F.,
  .F.,(2,2),(0.,0.72745360731),.PIECEWISE_BEZIER_KNOTS.);
#8139 = CARTESIAN_POINT('',(-7.562715307074,-12.37155354772,6.));
#8140 = CARTESIAN_POINT('',(-6.932722003069,-12.73528035137,6.));
#8141 = ORIENTED_EDGE('',*,*,#8142,.F.);
#8142 = EDGE_CURVE('',#8143,#8136,#8145,.T.);
#8143 = VERTEX_POINT('',#8144);
#8144 = CARTESIAN_POINT('',(-6.932722003069,-12.73528035137,0.));
#8145 = LINE('',#8146,#8147);
#8146 = CARTESIAN_POINT('',(-6.932722003069,-12.73528035137,0.));
#8147 = VECTOR('',#8148,1.);
#8148 = DIRECTION('',(0.,0.,1.));
#8149 = ORIENTED_EDGE('',*,*,#8150,.F.);
#8150 = EDGE_CURVE('',#8023,#8143,#8151,.T.);
#8151 = B_SPLINE_CURVE_WITH_KNOTS('',1,(#8152,#8153),.UNSPECIFIED.,.F.,
  .F.,(2,2),(0.,0.72745360731),.PIECEWISE_BEZIER_KNOTS.);
#8152 = CARTESIAN_POINT('',(-7.562715307074,-12.37155354772,0.));
#8153 = CARTESIAN_POINT('',(-6.932722003069,-12.73528035137,0.));
#8154 = SURFACE_OF_LINEAR_EXTRUSION('',#8155,#8158);
#8155 = B_SPLINE_CURVE_WITH_KNOTS('',1,(#8156,#8157),.UNSPECIFIED.,.F.,
  .F.,(2,2),(0.,0.72745360731),.PIECEWISE_BEZIER_KNOTS.);
#8156 = CARTESIAN_POINT('',(-7.562715307074,-12.37155354772,0.));
#8157 = CARTESIAN_POINT('',(-6.932722003069,-12.73528035137,0.));
#8158 = VECTOR('',#8159,1.);
#8159 = DIRECTION('',(-0.,-0.,-1.));
#8160 = ADVANCED_FACE('',(#8161),#8274,.F.);
#8161 = FACE_BOUND('',#8162,.F.);
#8162 = EDGE_LOOP('',(#8163,#8164,#8216,#8224));
#8163 = ORIENTED_EDGE('',*,*,#8142,.T.);
#8164 = ORIENTED_EDGE('',*,*,#8165,.T.);
#8165 = EDGE_CURVE('',#8136,#8166,#8168,.T.);
#8166 = VERTEX_POINT('',#8167);
#8167 = CARTESIAN_POINT('',(-5.523809752251,-11.4200843123,6.));
#8168 = B_SPLINE_CURVE_WITH_KNOTS('',3,(#8169,#8170,#8171,#8172,#8173,
    #8174,#8175,#8176,#8177,#8178,#8179,#8180,#8181,#8182,#8183,#8184,
    #8185,#8186,#8187,#8188,#8189,#8190,#8191,#8192,#8193,#8194,#8195,
    #8196,#8197,#8198,#8199,#8200,#8201,#8202,#8203,#8204,#8205,#8206,
    #8207,#8208,#8209,#8210,#8211,#8212,#8213,#8214,#8215),
  .UNSPECIFIED.,.F.,.F.,(4,1,1,1,1,1,1,1,1,1,1,1,1,1,1,1,1,1,1,1,1,1,1,1
    ,1,1,1,1,1,1,1,1,1,1,1,1,1,1,1,1,1,1,1,1,4),(0.,8.735293048255E-02,
    0.172697747622,0.256034451418,0.337363041871,0.416683518981,
    0.493995882747,0.569300133171,0.642596270251,0.713884293989,
    0.783164204383,0.850436001435,0.915699685144,0.97895525551,
    1.040202712533,1.099442056214,1.156673286553,1.211896403548,
    1.265111407202,1.316318297513,1.365517074482,1.41270773811,
    1.457890288395,1.501064725339,1.542231048942,1.581389259203,
    1.618539356124,1.653681339704,1.686815209945,1.717940966845,
    1.747058610407,1.774168140631,1.799269557517,1.822362861067,
    1.843448051283,1.862525128166,1.879594091718,1.894654941944,
    1.907707678849,1.918752302441,1.927788812733,1.934817209752,
    1.939837493553,1.942849664305,1.943853723184),.UNSPECIFIED.);
#8169 = CARTESIAN_POINT('',(-6.932722003069,-12.73528035137,6.));
#8170 = CARTESIAN_POINT('',(-6.908155927106,-12.71964860907,6.));
#8171 = CARTESIAN_POINT('',(-6.859780175887,-12.68844267819,6.));
#8172 = CARTESIAN_POINT('',(-6.788648370338,-12.64127934092,6.));
#8173 = CARTESIAN_POINT('',(-6.719774978735,-12.59435567434,6.));
#8174 = CARTESIAN_POINT('',(-6.653142579423,-12.54772080058,6.));
#8175 = CARTESIAN_POINT('',(-6.588732708957,-12.50142351427,6.));
#8176 = CARTESIAN_POINT('',(-6.526526075918,-12.45551216823,6.));
#8177 = CARTESIAN_POINT('',(-6.466502515337,-12.41003468512,6.));
#8178 = CARTESIAN_POINT('',(-6.408641010391,-12.36503853678,6.));
#8179 = CARTESIAN_POINT('',(-6.352919697019,-12.32057073209,6.));
#8180 = CARTESIAN_POINT('',(-6.299315873201,-12.27667780269,6.));
#8181 = CARTESIAN_POINT('',(-6.247806007313,-12.23340578956,6.));
#8182 = CARTESIAN_POINT('',(-6.198365746977,-12.19080022947,6.));
#8183 = CARTESIAN_POINT('',(-6.150969928044,-12.14890614165,6.));
#8184 = CARTESIAN_POINT('',(-6.10559258381,-12.10776801465,6.));
#8185 = CARTESIAN_POINT('',(-6.062206954419,-12.06742979325,6.));
#8186 = CARTESIAN_POINT('',(-6.02078549647,-12.0279348656,6.));
#8187 = CARTESIAN_POINT('',(-5.981299892832,-11.9893260505,6.));
#8188 = CARTESIAN_POINT('',(-5.94372106264,-11.95164558485,6.));
#8189 = CARTESIAN_POINT('',(-5.908019171497,-11.9149351112,6.));
#8190 = CARTESIAN_POINT('',(-5.874163641857,-11.87923566554,6.));
#8191 = CARTESIAN_POINT('',(-5.842123163603,-11.84458766522,6.));
#8192 = CARTESIAN_POINT('',(-5.811865704811,-11.81103089707,6.));
#8193 = CARTESIAN_POINT('',(-5.78335852269,-11.77860450564,6.));
#8194 = CARTESIAN_POINT('',(-5.756568174713,-11.74734698165,6.));
#8195 = CARTESIAN_POINT('',(-5.731460529918,-11.71729615065,6.));
#8196 = CARTESIAN_POINT('',(-5.70800078039,-11.68848916178,6.));
#8197 = CARTESIAN_POINT('',(-5.686153452912,-11.6609624768,6.));
#8198 = CARTESIAN_POINT('',(-5.665882420792,-11.63475185922,6.));
#8199 = CARTESIAN_POINT('',(-5.64715091585,-11.60989236374,6.));
#8200 = CARTESIAN_POINT('',(-5.629921540587,-11.5864183257,6.));
#8201 = CARTESIAN_POINT('',(-5.614156280492,-11.56436335093,6.));
#8202 = CARTESIAN_POINT('',(-5.599816516595,-11.54376030557,6.));
#8203 = CARTESIAN_POINT('',(-5.586863037907,-11.5246413064,6.));
#8204 = CARTESIAN_POINT('',(-5.575256054989,-11.5070377107,6.));
#8205 = CARTESIAN_POINT('',(-5.564955210582,-11.490980108,6.));
#8206 = CARTESIAN_POINT('',(-5.555919600501,-11.476498307,6.));
#8207 = CARTESIAN_POINT('',(-5.54810776304,-11.46362133804,6.));
#8208 = CARTESIAN_POINT('',(-5.541477767352,-11.45237740807,6.));
#8209 = CARTESIAN_POINT('',(-5.53598700482,-11.44279399922,6.));
#8210 = CARTESIAN_POINT('',(-5.531592852368,-11.43489754688,6.));
#8211 = CARTESIAN_POINT('',(-5.528250916512,-11.42871428539,6.));
#8212 = CARTESIAN_POINT('',(-5.525919604585,-11.42426804117,6.));
#8213 = CARTESIAN_POINT('',(-5.524550080173,-11.42158507741,6.));
#8214 = CARTESIAN_POINT('',(-5.523957001824,-11.42038487202,6.));
#8215 = CARTESIAN_POINT('',(-5.523809752251,-11.4200843123,6.));
#8216 = ORIENTED_EDGE('',*,*,#8217,.F.);
#8217 = EDGE_CURVE('',#8218,#8166,#8220,.T.);
#8218 = VERTEX_POINT('',#8219);
#8219 = CARTESIAN_POINT('',(-5.523809752251,-11.4200843123,0.));
#8220 = LINE('',#8221,#8222);
#8221 = CARTESIAN_POINT('',(-5.523809752251,-11.4200843123,0.));
#8222 = VECTOR('',#8223,1.);
#8223 = DIRECTION('',(0.,0.,1.));
#8224 = ORIENTED_EDGE('',*,*,#8225,.F.);
#8225 = EDGE_CURVE('',#8143,#8218,#8226,.T.);
#8226 = B_SPLINE_CURVE_WITH_KNOTS('',3,(#8227,#8228,#8229,#8230,#8231,
    #8232,#8233,#8234,#8235,#8236,#8237,#8238,#8239,#8240,#8241,#8242,
    #8243,#8244,#8245,#8246,#8247,#8248,#8249,#8250,#8251,#8252,#8253,
    #8254,#8255,#8256,#8257,#8258,#8259,#8260,#8261,#8262,#8263,#8264,
    #8265,#8266,#8267,#8268,#8269,#8270,#8271,#8272,#8273),
  .UNSPECIFIED.,.F.,.F.,(4,1,1,1,1,1,1,1,1,1,1,1,1,1,1,1,1,1,1,1,1,1,1,1
    ,1,1,1,1,1,1,1,1,1,1,1,1,1,1,1,1,1,1,1,1,4),(0.,8.735293048255E-02,
    0.172697747622,0.256034451418,0.337363041871,0.416683518981,
    0.493995882747,0.569300133171,0.642596270251,0.713884293989,
    0.783164204383,0.850436001435,0.915699685144,0.97895525551,
    1.040202712533,1.099442056214,1.156673286553,1.211896403548,
    1.265111407202,1.316318297513,1.365517074482,1.41270773811,
    1.457890288395,1.501064725339,1.542231048942,1.581389259203,
    1.618539356124,1.653681339704,1.686815209945,1.717940966845,
    1.747058610407,1.774168140631,1.799269557517,1.822362861067,
    1.843448051283,1.862525128166,1.879594091718,1.894654941944,
    1.907707678849,1.918752302441,1.927788812733,1.934817209752,
    1.939837493553,1.942849664305,1.943853723184),.UNSPECIFIED.);
#8227 = CARTESIAN_POINT('',(-6.932722003069,-12.73528035137,0.));
#8228 = CARTESIAN_POINT('',(-6.908155927106,-12.71964860907,0.));
#8229 = CARTESIAN_POINT('',(-6.859780175887,-12.68844267819,0.));
#8230 = CARTESIAN_POINT('',(-6.788648370338,-12.64127934092,0.));
#8231 = CARTESIAN_POINT('',(-6.719774978735,-12.59435567434,0.));
#8232 = CARTESIAN_POINT('',(-6.653142579423,-12.54772080058,0.));
#8233 = CARTESIAN_POINT('',(-6.588732708957,-12.50142351427,0.));
#8234 = CARTESIAN_POINT('',(-6.526526075918,-12.45551216823,0.));
#8235 = CARTESIAN_POINT('',(-6.466502515337,-12.41003468512,0.));
#8236 = CARTESIAN_POINT('',(-6.408641010391,-12.36503853678,0.));
#8237 = CARTESIAN_POINT('',(-6.352919697019,-12.32057073209,0.));
#8238 = CARTESIAN_POINT('',(-6.299315873201,-12.27667780269,0.));
#8239 = CARTESIAN_POINT('',(-6.247806007313,-12.23340578956,0.));
#8240 = CARTESIAN_POINT('',(-6.198365746977,-12.19080022947,0.));
#8241 = CARTESIAN_POINT('',(-6.150969928044,-12.14890614165,0.));
#8242 = CARTESIAN_POINT('',(-6.10559258381,-12.10776801465,0.));
#8243 = CARTESIAN_POINT('',(-6.062206954419,-12.06742979325,0.));
#8244 = CARTESIAN_POINT('',(-6.02078549647,-12.0279348656,0.));
#8245 = CARTESIAN_POINT('',(-5.981299892832,-11.9893260505,0.));
#8246 = CARTESIAN_POINT('',(-5.94372106264,-11.95164558485,0.));
#8247 = CARTESIAN_POINT('',(-5.908019171497,-11.9149351112,0.));
#8248 = CARTESIAN_POINT('',(-5.874163641857,-11.87923566554,0.));
#8249 = CARTESIAN_POINT('',(-5.842123163603,-11.84458766522,0.));
#8250 = CARTESIAN_POINT('',(-5.811865704811,-11.81103089707,0.));
#8251 = CARTESIAN_POINT('',(-5.78335852269,-11.77860450564,0.));
#8252 = CARTESIAN_POINT('',(-5.756568174713,-11.74734698165,0.));
#8253 = CARTESIAN_POINT('',(-5.731460529918,-11.71729615065,0.));
#8254 = CARTESIAN_POINT('',(-5.70800078039,-11.68848916178,0.));
#8255 = CARTESIAN_POINT('',(-5.686153452912,-11.6609624768,0.));
#8256 = CARTESIAN_POINT('',(-5.665882420792,-11.63475185922,0.));
#8257 = CARTESIAN_POINT('',(-5.64715091585,-11.60989236374,0.));
#8258 = CARTESIAN_POINT('',(-5.629921540587,-11.5864183257,0.));
#8259 = CARTESIAN_POINT('',(-5.614156280492,-11.56436335093,0.));
#8260 = CARTESIAN_POINT('',(-5.599816516595,-11.54376030557,0.));
#8261 = CARTESIAN_POINT('',(-5.586863037907,-11.5246413064,0.));
#8262 = CARTESIAN_POINT('',(-5.575256054989,-11.5070377107,0.));
#8263 = CARTESIAN_POINT('',(-5.564955210582,-11.490980108,0.));
#8264 = CARTESIAN_POINT('',(-5.555919600501,-11.476498307,0.));
#8265 = CARTESIAN_POINT('',(-5.54810776304,-11.46362133804,0.));
#8266 = CARTESIAN_POINT('',(-5.541477767352,-11.45237740807,0.));
#8267 = CARTESIAN_POINT('',(-5.53598700482,-11.44279399922,0.));
#8268 = CARTESIAN_POINT('',(-5.531592852368,-11.43489754688,0.));
#8269 = CARTESIAN_POINT('',(-5.528250916512,-11.42871428539,0.));
#8270 = CARTESIAN_POINT('',(-5.525919604585,-11.42426804117,0.));
#8271 = CARTESIAN_POINT('',(-5.524550080173,-11.42158507741,0.));
#8272 = CARTESIAN_POINT('',(-5.523957001824,-11.42038487202,0.));
#8273 = CARTESIAN_POINT('',(-5.523809752251,-11.4200843123,0.));
#8274 = SURFACE_OF_LINEAR_EXTRUSION('',#8275,#8323);
#8275 = B_SPLINE_CURVE_WITH_KNOTS('',3,(#8276,#8277,#8278,#8279,#8280,
    #8281,#8282,#8283,#8284,#8285,#8286,#8287,#8288,#8289,#8290,#8291,
    #8292,#8293,#8294,#8295,#8296,#8297,#8298,#8299,#8300,#8301,#8302,
    #8303,#8304,#8305,#8306,#8307,#8308,#8309,#8310,#8311,#8312,#8313,
    #8314,#8315,#8316,#8317,#8318,#8319,#8320,#8321,#8322),
  .UNSPECIFIED.,.F.,.F.,(4,1,1,1,1,1,1,1,1,1,1,1,1,1,1,1,1,1,1,1,1,1,1,1
    ,1,1,1,1,1,1,1,1,1,1,1,1,1,1,1,1,1,1,1,1,4),(0.,8.735293048255E-02,
    0.172697747622,0.256034451418,0.337363041871,0.416683518981,
    0.493995882747,0.569300133171,0.642596270251,0.713884293989,
    0.783164204383,0.850436001435,0.915699685144,0.97895525551,
    1.040202712533,1.099442056214,1.156673286553,1.211896403548,
    1.265111407202,1.316318297513,1.365517074482,1.41270773811,
    1.457890288395,1.501064725339,1.542231048942,1.581389259203,
    1.618539356124,1.653681339704,1.686815209945,1.717940966845,
    1.747058610407,1.774168140631,1.799269557517,1.822362861067,
    1.843448051283,1.862525128166,1.879594091718,1.894654941944,
    1.907707678849,1.918752302441,1.927788812733,1.934817209752,
    1.939837493553,1.942849664305,1.943853723184),.UNSPECIFIED.);
#8276 = CARTESIAN_POINT('',(-6.932722003069,-12.73528035137,0.));
#8277 = CARTESIAN_POINT('',(-6.908155927106,-12.71964860907,0.));
#8278 = CARTESIAN_POINT('',(-6.859780175887,-12.68844267819,0.));
#8279 = CARTESIAN_POINT('',(-6.788648370338,-12.64127934092,0.));
#8280 = CARTESIAN_POINT('',(-6.719774978735,-12.59435567434,0.));
#8281 = CARTESIAN_POINT('',(-6.653142579423,-12.54772080058,0.));
#8282 = CARTESIAN_POINT('',(-6.588732708957,-12.50142351427,0.));
#8283 = CARTESIAN_POINT('',(-6.526526075918,-12.45551216823,0.));
#8284 = CARTESIAN_POINT('',(-6.466502515337,-12.41003468512,0.));
#8285 = CARTESIAN_POINT('',(-6.408641010391,-12.36503853678,0.));
#8286 = CARTESIAN_POINT('',(-6.352919697019,-12.32057073209,0.));
#8287 = CARTESIAN_POINT('',(-6.299315873201,-12.27667780269,0.));
#8288 = CARTESIAN_POINT('',(-6.247806007313,-12.23340578956,0.));
#8289 = CARTESIAN_POINT('',(-6.198365746977,-12.19080022947,0.));
#8290 = CARTESIAN_POINT('',(-6.150969928044,-12.14890614165,0.));
#8291 = CARTESIAN_POINT('',(-6.10559258381,-12.10776801465,0.));
#8292 = CARTESIAN_POINT('',(-6.062206954419,-12.06742979325,0.));
#8293 = CARTESIAN_POINT('',(-6.02078549647,-12.0279348656,0.));
#8294 = CARTESIAN_POINT('',(-5.981299892832,-11.9893260505,0.));
#8295 = CARTESIAN_POINT('',(-5.94372106264,-11.95164558485,0.));
#8296 = CARTESIAN_POINT('',(-5.908019171497,-11.9149351112,0.));
#8297 = CARTESIAN_POINT('',(-5.874163641857,-11.87923566554,0.));
#8298 = CARTESIAN_POINT('',(-5.842123163603,-11.84458766522,0.));
#8299 = CARTESIAN_POINT('',(-5.811865704811,-11.81103089707,0.));
#8300 = CARTESIAN_POINT('',(-5.78335852269,-11.77860450564,0.));
#8301 = CARTESIAN_POINT('',(-5.756568174713,-11.74734698165,0.));
#8302 = CARTESIAN_POINT('',(-5.731460529918,-11.71729615065,0.));
#8303 = CARTESIAN_POINT('',(-5.70800078039,-11.68848916178,0.));
#8304 = CARTESIAN_POINT('',(-5.686153452912,-11.6609624768,0.));
#8305 = CARTESIAN_POINT('',(-5.665882420792,-11.63475185922,0.));
#8306 = CARTESIAN_POINT('',(-5.64715091585,-11.60989236374,0.));
#8307 = CARTESIAN_POINT('',(-5.629921540587,-11.5864183257,0.));
#8308 = CARTESIAN_POINT('',(-5.614156280492,-11.56436335093,0.));
#8309 = CARTESIAN_POINT('',(-5.599816516595,-11.54376030557,0.));
#8310 = CARTESIAN_POINT('',(-5.586863037907,-11.5246413064,0.));
#8311 = CARTESIAN_POINT('',(-5.575256054989,-11.5070377107,0.));
#8312 = CARTESIAN_POINT('',(-5.564955210582,-11.490980108,0.));
#8313 = CARTESIAN_POINT('',(-5.555919600501,-11.476498307,0.));
#8314 = CARTESIAN_POINT('',(-5.54810776304,-11.46362133804,0.));
#8315 = CARTESIAN_POINT('',(-5.541477767352,-11.45237740807,0.));
#8316 = CARTESIAN_POINT('',(-5.53598700482,-11.44279399922,0.));
#8317 = CARTESIAN_POINT('',(-5.531592852368,-11.43489754688,0.));
#8318 = CARTESIAN_POINT('',(-5.528250916512,-11.42871428539,0.));
#8319 = CARTESIAN_POINT('',(-5.525919604585,-11.42426804117,0.));
#8320 = CARTESIAN_POINT('',(-5.524550080173,-11.42158507741,0.));
#8321 = CARTESIAN_POINT('',(-5.523957001824,-11.42038487202,0.));
#8322 = CARTESIAN_POINT('',(-5.523809752251,-11.4200843123,0.));
#8323 = VECTOR('',#8324,1.);
#8324 = DIRECTION('',(-0.,-0.,-1.));
#8325 = ADVANCED_FACE('',(#8326),#8349,.F.);
#8326 = FACE_BOUND('',#8327,.F.);
#8327 = EDGE_LOOP('',(#8328,#8329,#8336,#8344));
#8328 = ORIENTED_EDGE('',*,*,#8217,.T.);
#8329 = ORIENTED_EDGE('',*,*,#8330,.T.);
#8330 = EDGE_CURVE('',#8166,#8331,#8333,.T.);
#8331 = VERTEX_POINT('',#8332);
#8332 = CARTESIAN_POINT('',(-5.334027080163,-11.02772211783,6.));
#8333 = B_SPLINE_CURVE_WITH_KNOTS('',1,(#8334,#8335),.UNSPECIFIED.,.F.,
  .F.,(2,2),(0.,0.43585038061),.PIECEWISE_BEZIER_KNOTS.);
#8334 = CARTESIAN_POINT('',(-5.523809752251,-11.4200843123,6.));
#8335 = CARTESIAN_POINT('',(-5.334027080163,-11.02772211783,6.));
#8336 = ORIENTED_EDGE('',*,*,#8337,.F.);
#8337 = EDGE_CURVE('',#8338,#8331,#8340,.T.);
#8338 = VERTEX_POINT('',#8339);
#8339 = CARTESIAN_POINT('',(-5.334027080163,-11.02772211783,0.));
#8340 = LINE('',#8341,#8342);
#8341 = CARTESIAN_POINT('',(-5.334027080163,-11.02772211783,0.));
#8342 = VECTOR('',#8343,1.);
#8343 = DIRECTION('',(0.,0.,1.));
#8344 = ORIENTED_EDGE('',*,*,#8345,.F.);
#8345 = EDGE_CURVE('',#8218,#8338,#8346,.T.);
#8346 = B_SPLINE_CURVE_WITH_KNOTS('',1,(#8347,#8348),.UNSPECIFIED.,.F.,
  .F.,(2,2),(0.,0.43585038061),.PIECEWISE_BEZIER_KNOTS.);
#8347 = CARTESIAN_POINT('',(-5.523809752251,-11.4200843123,0.));
#8348 = CARTESIAN_POINT('',(-5.334027080163,-11.02772211783,0.));
#8349 = SURFACE_OF_LINEAR_EXTRUSION('',#8350,#8353);
#8350 = B_SPLINE_CURVE_WITH_KNOTS('',1,(#8351,#8352),.UNSPECIFIED.,.F.,
  .F.,(2,2),(0.,0.43585038061),.PIECEWISE_BEZIER_KNOTS.);
#8351 = CARTESIAN_POINT('',(-5.523809752251,-11.4200843123,0.));
#8352 = CARTESIAN_POINT('',(-5.334027080163,-11.02772211783,0.));
#8353 = VECTOR('',#8354,1.);
#8354 = DIRECTION('',(-0.,-0.,-1.));
#8355 = ADVANCED_FACE('',(#8356),#8379,.F.);
#8356 = FACE_BOUND('',#8357,.F.);
#8357 = EDGE_LOOP('',(#8358,#8359,#8366,#8374));
#8358 = ORIENTED_EDGE('',*,*,#8337,.T.);
#8359 = ORIENTED_EDGE('',*,*,#8360,.T.);
#8360 = EDGE_CURVE('',#8331,#8361,#8363,.T.);
#8361 = VERTEX_POINT('',#8362);
#8362 = CARTESIAN_POINT('',(-4.360842915174,-11.44751278964,6.));
#8363 = B_SPLINE_CURVE_WITH_KNOTS('',1,(#8364,#8365),.UNSPECIFIED.,.F.,
  .F.,(2,2),(0.,1.059863966333),.PIECEWISE_BEZIER_KNOTS.);
#8364 = CARTESIAN_POINT('',(-5.334027080163,-11.02772211783,6.));
#8365 = CARTESIAN_POINT('',(-4.360842915174,-11.44751278964,6.));
#8366 = ORIENTED_EDGE('',*,*,#8367,.F.);
#8367 = EDGE_CURVE('',#8368,#8361,#8370,.T.);
#8368 = VERTEX_POINT('',#8369);
#8369 = CARTESIAN_POINT('',(-4.360842915174,-11.44751278964,0.));
#8370 = LINE('',#8371,#8372);
#8371 = CARTESIAN_POINT('',(-4.360842915174,-11.44751278964,0.));
#8372 = VECTOR('',#8373,1.);
#8373 = DIRECTION('',(0.,0.,1.));
#8374 = ORIENTED_EDGE('',*,*,#8375,.F.);
#8375 = EDGE_CURVE('',#8338,#8368,#8376,.T.);
#8376 = B_SPLINE_CURVE_WITH_KNOTS('',1,(#8377,#8378),.UNSPECIFIED.,.F.,
  .F.,(2,2),(0.,1.059863966333),.PIECEWISE_BEZIER_KNOTS.);
#8377 = CARTESIAN_POINT('',(-5.334027080163,-11.02772211783,0.));
#8378 = CARTESIAN_POINT('',(-4.360842915174,-11.44751278964,0.));
#8379 = SURFACE_OF_LINEAR_EXTRUSION('',#8380,#8383);
#8380 = B_SPLINE_CURVE_WITH_KNOTS('',1,(#8381,#8382),.UNSPECIFIED.,.F.,
  .F.,(2,2),(0.,1.059863966333),.PIECEWISE_BEZIER_KNOTS.);
#8381 = CARTESIAN_POINT('',(-5.334027080163,-11.02772211783,0.));
#8382 = CARTESIAN_POINT('',(-4.360842915174,-11.44751278964,0.));
#8383 = VECTOR('',#8384,1.);
#8384 = DIRECTION('',(-0.,-0.,-1.));
#8385 = ADVANCED_FACE('',(#8386),#8409,.F.);
#8386 = FACE_BOUND('',#8387,.F.);
#8387 = EDGE_LOOP('',(#8388,#8389,#8396,#8404));
#8388 = ORIENTED_EDGE('',*,*,#8367,.T.);
#8389 = ORIENTED_EDGE('',*,*,#8390,.T.);
#8390 = EDGE_CURVE('',#8361,#8391,#8393,.T.);
#8391 = VERTEX_POINT('',#8392);
#8392 = CARTESIAN_POINT('',(-4.516000061653,-11.85481097792,6.));
#8393 = B_SPLINE_CURVE_WITH_KNOTS('',1,(#8394,#8395),.UNSPECIFIED.,.F.,
  .F.,(2,2),(0.,0.43585038061),.PIECEWISE_BEZIER_KNOTS.);
#8394 = CARTESIAN_POINT('',(-4.360842915174,-11.44751278964,6.));
#8395 = CARTESIAN_POINT('',(-4.516000061653,-11.85481097792,6.));
#8396 = ORIENTED_EDGE('',*,*,#8397,.F.);
#8397 = EDGE_CURVE('',#8398,#8391,#8400,.T.);
#8398 = VERTEX_POINT('',#8399);
#8399 = CARTESIAN_POINT('',(-4.516000061653,-11.85481097792,0.));
#8400 = LINE('',#8401,#8402);
#8401 = CARTESIAN_POINT('',(-4.516000061653,-11.85481097792,0.));
#8402 = VECTOR('',#8403,1.);
#8403 = DIRECTION('',(0.,0.,1.));
#8404 = ORIENTED_EDGE('',*,*,#8405,.F.);
#8405 = EDGE_CURVE('',#8368,#8398,#8406,.T.);
#8406 = B_SPLINE_CURVE_WITH_KNOTS('',1,(#8407,#8408),.UNSPECIFIED.,.F.,
  .F.,(2,2),(0.,0.43585038061),.PIECEWISE_BEZIER_KNOTS.);
#8407 = CARTESIAN_POINT('',(-4.360842915174,-11.44751278964,0.));
#8408 = CARTESIAN_POINT('',(-4.516000061653,-11.85481097792,0.));
#8409 = SURFACE_OF_LINEAR_EXTRUSION('',#8410,#8413);
#8410 = B_SPLINE_CURVE_WITH_KNOTS('',1,(#8411,#8412),.UNSPECIFIED.,.F.,
  .F.,(2,2),(0.,0.43585038061),.PIECEWISE_BEZIER_KNOTS.);
#8411 = CARTESIAN_POINT('',(-4.360842915174,-11.44751278964,0.));
#8412 = CARTESIAN_POINT('',(-4.516000061653,-11.85481097792,0.));
#8413 = VECTOR('',#8414,1.);
#8414 = DIRECTION('',(-0.,-0.,-1.));
#8415 = ADVANCED_FACE('',(#8416),#8529,.F.);
#8416 = FACE_BOUND('',#8417,.F.);
#8417 = EDGE_LOOP('',(#8418,#8419,#8471,#8479));
#8418 = ORIENTED_EDGE('',*,*,#8397,.T.);
#8419 = ORIENTED_EDGE('',*,*,#8420,.T.);
#8420 = EDGE_CURVE('',#8391,#8421,#8423,.T.);
#8421 = VERTEX_POINT('',#8422);
#8422 = CARTESIAN_POINT('',(-4.50578474336,-13.78215889643,6.));
#8423 = B_SPLINE_CURVE_WITH_KNOTS('',3,(#8424,#8425,#8426,#8427,#8428,
    #8429,#8430,#8431,#8432,#8433,#8434,#8435,#8436,#8437,#8438,#8439,
    #8440,#8441,#8442,#8443,#8444,#8445,#8446,#8447,#8448,#8449,#8450,
    #8451,#8452,#8453,#8454,#8455,#8456,#8457,#8458,#8459,#8460,#8461,
    #8462,#8463,#8464,#8465,#8466,#8467,#8468,#8469,#8470),
  .UNSPECIFIED.,.F.,.F.,(4,1,1,1,1,1,1,1,1,1,1,1,1,1,1,1,1,1,1,1,1,1,1,1
    ,1,1,1,1,1,1,1,1,1,1,1,1,1,1,1,1,1,1,1,1,4),(0.,1.004058879412E-03,
    4.016229631009E-03,9.036513432115E-03,1.606491045092E-02,
    2.510142074349E-02,3.614604433531E-02,4.91987812401E-02,
    6.425963146609E-02,8.132859501861E-02,0.100405671901,0.121490862117,
    0.144584165667,0.169685582553,0.196795112777,0.225912756339,
    0.25703851324,0.29017238348,0.32531436706,0.362464463981,
    0.401622674242,0.442788997845,0.485963434789,0.531145985075,
    0.578336648702,0.627535425671,0.678742315982,0.731957319636,
    0.787180436632,0.84441166697,0.903651010651,0.964898467674,
    1.02815403804,1.093417721749,1.160689518801,1.229969429195,
    1.301257452933,1.374553590013,1.449857840437,1.527170204204,
    1.606490681313,1.687819271766,1.771155975562,1.856500792702,
    1.943853723184),.UNSPECIFIED.);
#8424 = CARTESIAN_POINT('',(-4.516000061653,-11.85481097792,6.));
#8425 = CARTESIAN_POINT('',(-4.516117632081,-11.85512433997,6.));
#8426 = CARTESIAN_POINT('',(-4.51658363479,-11.85637936045,6.));
#8427 = CARTESIAN_POINT('',(-4.517595327231,-11.85921667785,6.));
#8428 = CARTESIAN_POINT('',(-4.519229564766,-11.86396361061,6.));
#8429 = CARTESIAN_POINT('',(-4.52143373066,-11.87063765816,6.));
#8430 = CARTESIAN_POINT('',(-4.524161951576,-11.87925272321,6.));
#8431 = CARTESIAN_POINT('',(-4.527364680699,-11.88982309334,6.));
#8432 = CARTESIAN_POINT('',(-4.530993439884,-11.90236163036,6.));
#8433 = CARTESIAN_POINT('',(-4.534998999556,-11.91688046729,6.));
#8434 = CARTESIAN_POINT('',(-4.539332068027,-11.93339074674,6.));
#8435 = CARTESIAN_POINT('',(-4.543943076642,-11.95190270503,6.));
#8436 = CARTESIAN_POINT('',(-4.548782273179,-11.9724256388,6.));
#8437 = CARTESIAN_POINT('',(-4.553799712802,-11.99496791108,6.));
#8438 = CARTESIAN_POINT('',(-4.558945281864,-12.01953694495,6.));
#8439 = CARTESIAN_POINT('',(-4.564168711272,-12.04613922161,6.));
#8440 = CARTESIAN_POINT('',(-4.569419593102,-12.07478027734,6.));
#8441 = CARTESIAN_POINT('',(-4.574647396231,-12.10546470121,6.));
#8442 = CARTESIAN_POINT('',(-4.579801482298,-12.13819613279,6.));
#8443 = CARTESIAN_POINT('',(-4.584831121605,-12.17297726033,6.));
#8444 = CARTESIAN_POINT('',(-4.589685509062,-12.20980981899,6.));
#8445 = CARTESIAN_POINT('',(-4.594313780154,-12.24869458951,6.));
#8446 = CARTESIAN_POINT('',(-4.598665026928,-12.28963139693,6.));
#8447 = CARTESIAN_POINT('',(-4.602688313998,-12.33261910977,6.));
#8448 = CARTESIAN_POINT('',(-4.606332694566,-12.37765563929,6.));
#8449 = CARTESIAN_POINT('',(-4.609547226453,-12.42473793912,6.));
#8450 = CARTESIAN_POINT('',(-4.612280988135,-12.47386200506,6.));
#8451 = CARTESIAN_POINT('',(-4.614483094787,-12.5250228752,6.));
#8452 = CARTESIAN_POINT('',(-4.616102714325,-12.57821463023,6.));
#8453 = CARTESIAN_POINT('',(-4.617089083442,-12.63343039404,6.));
#8454 = CARTESIAN_POINT('',(-4.617391523645,-12.69066233459,6.));
#8455 = CARTESIAN_POINT('',(-4.616959457268,-12.74990166495,6.));
#8456 = CARTESIAN_POINT('',(-4.615742423484,-12.81113864473,6.));
#8457 = CARTESIAN_POINT('',(-4.613690094285,-12.87436258158,6.));
#8458 = CARTESIAN_POINT('',(-4.610752290452,-12.93956183312,6.));
#8459 = CARTESIAN_POINT('',(-4.606878997487,-13.00672380901,6.));
#8460 = CARTESIAN_POINT('',(-4.60202038153,-13.07583497331,6.));
#8461 = CARTESIAN_POINT('',(-4.596126805211,-13.14688084705,6.));
#8462 = CARTESIAN_POINT('',(-4.589148843557,-13.21984601114,6.));
#8463 = CARTESIAN_POINT('',(-4.581037299533,-13.29471410948,6.));
#8464 = CARTESIAN_POINT('',(-4.571743220752,-13.37146785199,6.));
#8465 = CARTESIAN_POINT('',(-4.561217911483,-13.45008901961,6.));
#8466 = CARTESIAN_POINT('',(-4.549412962596,-13.53055846269,6.));
#8467 = CARTESIAN_POINT('',(-4.536280211778,-13.61285612616,6.));
#8468 = CARTESIAN_POINT('',(-4.521771973407,-13.69696097241,6.));
#8469 = CARTESIAN_POINT('',(-4.511272890245,-13.75356302786,6.));
#8470 = CARTESIAN_POINT('',(-4.50578474336,-13.78215889643,6.));
#8471 = ORIENTED_EDGE('',*,*,#8472,.F.);
#8472 = EDGE_CURVE('',#8473,#8421,#8475,.T.);
#8473 = VERTEX_POINT('',#8474);
#8474 = CARTESIAN_POINT('',(-4.50578474336,-13.78215889643,0.));
#8475 = LINE('',#8476,#8477);
#8476 = CARTESIAN_POINT('',(-4.50578474336,-13.78215889643,0.));
#8477 = VECTOR('',#8478,1.);
#8478 = DIRECTION('',(0.,0.,1.));
#8479 = ORIENTED_EDGE('',*,*,#8480,.F.);
#8480 = EDGE_CURVE('',#8398,#8473,#8481,.T.);
#8481 = B_SPLINE_CURVE_WITH_KNOTS('',3,(#8482,#8483,#8484,#8485,#8486,
    #8487,#8488,#8489,#8490,#8491,#8492,#8493,#8494,#8495,#8496,#8497,
    #8498,#8499,#8500,#8501,#8502,#8503,#8504,#8505,#8506,#8507,#8508,
    #8509,#8510,#8511,#8512,#8513,#8514,#8515,#8516,#8517,#8518,#8519,
    #8520,#8521,#8522,#8523,#8524,#8525,#8526,#8527,#8528),
  .UNSPECIFIED.,.F.,.F.,(4,1,1,1,1,1,1,1,1,1,1,1,1,1,1,1,1,1,1,1,1,1,1,1
    ,1,1,1,1,1,1,1,1,1,1,1,1,1,1,1,1,1,1,1,1,4),(0.,1.004058879412E-03,
    4.016229631009E-03,9.036513432115E-03,1.606491045092E-02,
    2.510142074349E-02,3.614604433531E-02,4.91987812401E-02,
    6.425963146609E-02,8.132859501861E-02,0.100405671901,0.121490862117,
    0.144584165667,0.169685582553,0.196795112777,0.225912756339,
    0.25703851324,0.29017238348,0.32531436706,0.362464463981,
    0.401622674242,0.442788997845,0.485963434789,0.531145985075,
    0.578336648702,0.627535425671,0.678742315982,0.731957319636,
    0.787180436632,0.84441166697,0.903651010651,0.964898467674,
    1.02815403804,1.093417721749,1.160689518801,1.229969429195,
    1.301257452933,1.374553590013,1.449857840437,1.527170204204,
    1.606490681313,1.687819271766,1.771155975562,1.856500792702,
    1.943853723184),.UNSPECIFIED.);
#8482 = CARTESIAN_POINT('',(-4.516000061653,-11.85481097792,0.));
#8483 = CARTESIAN_POINT('',(-4.516117632081,-11.85512433997,0.));
#8484 = CARTESIAN_POINT('',(-4.51658363479,-11.85637936045,0.));
#8485 = CARTESIAN_POINT('',(-4.517595327231,-11.85921667785,0.));
#8486 = CARTESIAN_POINT('',(-4.519229564766,-11.86396361061,0.));
#8487 = CARTESIAN_POINT('',(-4.52143373066,-11.87063765816,0.));
#8488 = CARTESIAN_POINT('',(-4.524161951576,-11.87925272321,0.));
#8489 = CARTESIAN_POINT('',(-4.527364680699,-11.88982309334,0.));
#8490 = CARTESIAN_POINT('',(-4.530993439884,-11.90236163036,0.));
#8491 = CARTESIAN_POINT('',(-4.534998999556,-11.91688046729,0.));
#8492 = CARTESIAN_POINT('',(-4.539332068027,-11.93339074674,0.));
#8493 = CARTESIAN_POINT('',(-4.543943076642,-11.95190270503,0.));
#8494 = CARTESIAN_POINT('',(-4.548782273179,-11.9724256388,0.));
#8495 = CARTESIAN_POINT('',(-4.553799712802,-11.99496791108,0.));
#8496 = CARTESIAN_POINT('',(-4.558945281864,-12.01953694495,0.));
#8497 = CARTESIAN_POINT('',(-4.564168711272,-12.04613922161,0.));
#8498 = CARTESIAN_POINT('',(-4.569419593102,-12.07478027734,0.));
#8499 = CARTESIAN_POINT('',(-4.574647396231,-12.10546470121,0.));
#8500 = CARTESIAN_POINT('',(-4.579801482298,-12.13819613279,0.));
#8501 = CARTESIAN_POINT('',(-4.584831121605,-12.17297726033,0.));
#8502 = CARTESIAN_POINT('',(-4.589685509062,-12.20980981899,0.));
#8503 = CARTESIAN_POINT('',(-4.594313780154,-12.24869458951,0.));
#8504 = CARTESIAN_POINT('',(-4.598665026928,-12.28963139693,0.));
#8505 = CARTESIAN_POINT('',(-4.602688313998,-12.33261910977,0.));
#8506 = CARTESIAN_POINT('',(-4.606332694566,-12.37765563929,0.));
#8507 = CARTESIAN_POINT('',(-4.609547226453,-12.42473793912,0.));
#8508 = CARTESIAN_POINT('',(-4.612280988135,-12.47386200506,0.));
#8509 = CARTESIAN_POINT('',(-4.614483094787,-12.5250228752,0.));
#8510 = CARTESIAN_POINT('',(-4.616102714325,-12.57821463023,0.));
#8511 = CARTESIAN_POINT('',(-4.617089083442,-12.63343039404,0.));
#8512 = CARTESIAN_POINT('',(-4.617391523645,-12.69066233459,0.));
#8513 = CARTESIAN_POINT('',(-4.616959457268,-12.74990166495,0.));
#8514 = CARTESIAN_POINT('',(-4.615742423484,-12.81113864473,0.));
#8515 = CARTESIAN_POINT('',(-4.613690094285,-12.87436258158,0.));
#8516 = CARTESIAN_POINT('',(-4.610752290452,-12.93956183312,0.));
#8517 = CARTESIAN_POINT('',(-4.606878997487,-13.00672380901,0.));
#8518 = CARTESIAN_POINT('',(-4.60202038153,-13.07583497331,0.));
#8519 = CARTESIAN_POINT('',(-4.596126805211,-13.14688084705,0.));
#8520 = CARTESIAN_POINT('',(-4.589148843557,-13.21984601114,0.));
#8521 = CARTESIAN_POINT('',(-4.581037299533,-13.29471410948,0.));
#8522 = CARTESIAN_POINT('',(-4.571743220752,-13.37146785199,0.));
#8523 = CARTESIAN_POINT('',(-4.561217911483,-13.45008901961,0.));
#8524 = CARTESIAN_POINT('',(-4.549412962596,-13.53055846269,0.));
#8525 = CARTESIAN_POINT('',(-4.536280211778,-13.61285612616,0.));
#8526 = CARTESIAN_POINT('',(-4.521771973407,-13.69696097241,0.));
#8527 = CARTESIAN_POINT('',(-4.511272890245,-13.75356302786,0.));
#8528 = CARTESIAN_POINT('',(-4.50578474336,-13.78215889643,0.));
#8529 = SURFACE_OF_LINEAR_EXTRUSION('',#8530,#8578);
#8530 = B_SPLINE_CURVE_WITH_KNOTS('',3,(#8531,#8532,#8533,#8534,#8535,
    #8536,#8537,#8538,#8539,#8540,#8541,#8542,#8543,#8544,#8545,#8546,
    #8547,#8548,#8549,#8550,#8551,#8552,#8553,#8554,#8555,#8556,#8557,
    #8558,#8559,#8560,#8561,#8562,#8563,#8564,#8565,#8566,#8567,#8568,
    #8569,#8570,#8571,#8572,#8573,#8574,#8575,#8576,#8577),
  .UNSPECIFIED.,.F.,.F.,(4,1,1,1,1,1,1,1,1,1,1,1,1,1,1,1,1,1,1,1,1,1,1,1
    ,1,1,1,1,1,1,1,1,1,1,1,1,1,1,1,1,1,1,1,1,4),(0.,1.004058879412E-03,
    4.016229631009E-03,9.036513432115E-03,1.606491045092E-02,
    2.510142074349E-02,3.614604433531E-02,4.91987812401E-02,
    6.425963146609E-02,8.132859501861E-02,0.100405671901,0.121490862117,
    0.144584165667,0.169685582553,0.196795112777,0.225912756339,
    0.25703851324,0.29017238348,0.32531436706,0.362464463981,
    0.401622674242,0.442788997845,0.485963434789,0.531145985075,
    0.578336648702,0.627535425671,0.678742315982,0.731957319636,
    0.787180436632,0.84441166697,0.903651010651,0.964898467674,
    1.02815403804,1.093417721749,1.160689518801,1.229969429195,
    1.301257452933,1.374553590013,1.449857840437,1.527170204204,
    1.606490681313,1.687819271766,1.771155975562,1.856500792702,
    1.943853723184),.UNSPECIFIED.);
#8531 = CARTESIAN_POINT('',(-4.516000061653,-11.85481097792,0.));
#8532 = CARTESIAN_POINT('',(-4.516117632081,-11.85512433997,0.));
#8533 = CARTESIAN_POINT('',(-4.51658363479,-11.85637936045,0.));
#8534 = CARTESIAN_POINT('',(-4.517595327231,-11.85921667785,0.));
#8535 = CARTESIAN_POINT('',(-4.519229564766,-11.86396361061,0.));
#8536 = CARTESIAN_POINT('',(-4.52143373066,-11.87063765816,0.));
#8537 = CARTESIAN_POINT('',(-4.524161951576,-11.87925272321,0.));
#8538 = CARTESIAN_POINT('',(-4.527364680699,-11.88982309334,0.));
#8539 = CARTESIAN_POINT('',(-4.530993439884,-11.90236163036,0.));
#8540 = CARTESIAN_POINT('',(-4.534998999556,-11.91688046729,0.));
#8541 = CARTESIAN_POINT('',(-4.539332068027,-11.93339074674,0.));
#8542 = CARTESIAN_POINT('',(-4.543943076642,-11.95190270503,0.));
#8543 = CARTESIAN_POINT('',(-4.548782273179,-11.9724256388,0.));
#8544 = CARTESIAN_POINT('',(-4.553799712802,-11.99496791108,0.));
#8545 = CARTESIAN_POINT('',(-4.558945281864,-12.01953694495,0.));
#8546 = CARTESIAN_POINT('',(-4.564168711272,-12.04613922161,0.));
#8547 = CARTESIAN_POINT('',(-4.569419593102,-12.07478027734,0.));
#8548 = CARTESIAN_POINT('',(-4.574647396231,-12.10546470121,0.));
#8549 = CARTESIAN_POINT('',(-4.579801482298,-12.13819613279,0.));
#8550 = CARTESIAN_POINT('',(-4.584831121605,-12.17297726033,0.));
#8551 = CARTESIAN_POINT('',(-4.589685509062,-12.20980981899,0.));
#8552 = CARTESIAN_POINT('',(-4.594313780154,-12.24869458951,0.));
#8553 = CARTESIAN_POINT('',(-4.598665026928,-12.28963139693,0.));
#8554 = CARTESIAN_POINT('',(-4.602688313998,-12.33261910977,0.));
#8555 = CARTESIAN_POINT('',(-4.606332694566,-12.37765563929,0.));
#8556 = CARTESIAN_POINT('',(-4.609547226453,-12.42473793912,0.));
#8557 = CARTESIAN_POINT('',(-4.612280988135,-12.47386200506,0.));
#8558 = CARTESIAN_POINT('',(-4.614483094787,-12.5250228752,0.));
#8559 = CARTESIAN_POINT('',(-4.616102714325,-12.57821463023,0.));
#8560 = CARTESIAN_POINT('',(-4.617089083442,-12.63343039404,0.));
#8561 = CARTESIAN_POINT('',(-4.617391523645,-12.69066233459,0.));
#8562 = CARTESIAN_POINT('',(-4.616959457268,-12.74990166495,0.));
#8563 = CARTESIAN_POINT('',(-4.615742423484,-12.81113864473,0.));
#8564 = CARTESIAN_POINT('',(-4.613690094285,-12.87436258158,0.));
#8565 = CARTESIAN_POINT('',(-4.610752290452,-12.93956183312,0.));
#8566 = CARTESIAN_POINT('',(-4.606878997487,-13.00672380901,0.));
#8567 = CARTESIAN_POINT('',(-4.60202038153,-13.07583497331,0.));
#8568 = CARTESIAN_POINT('',(-4.596126805211,-13.14688084705,0.));
#8569 = CARTESIAN_POINT('',(-4.589148843557,-13.21984601114,0.));
#8570 = CARTESIAN_POINT('',(-4.581037299533,-13.29471410948,0.));
#8571 = CARTESIAN_POINT('',(-4.571743220752,-13.37146785199,0.));
#8572 = CARTESIAN_POINT('',(-4.561217911483,-13.45008901961,0.));
#8573 = CARTESIAN_POINT('',(-4.549412962596,-13.53055846269,0.));
#8574 = CARTESIAN_POINT('',(-4.536280211778,-13.61285612616,0.));
#8575 = CARTESIAN_POINT('',(-4.521771973407,-13.69696097241,0.));
#8576 = CARTESIAN_POINT('',(-4.511272890245,-13.75356302786,0.));
#8577 = CARTESIAN_POINT('',(-4.50578474336,-13.78215889643,0.));
#8578 = VECTOR('',#8579,1.);
#8579 = DIRECTION('',(-0.,-0.,-1.));
#8580 = ADVANCED_FACE('',(#8581),#8604,.F.);
#8581 = FACE_BOUND('',#8582,.F.);
#8582 = EDGE_LOOP('',(#8583,#8584,#8591,#8599));
#8583 = ORIENTED_EDGE('',*,*,#8472,.T.);
#8584 = ORIENTED_EDGE('',*,*,#8585,.T.);
#8585 = EDGE_CURVE('',#8421,#8586,#8588,.T.);
#8586 = VERTEX_POINT('',#8587);
#8587 = CARTESIAN_POINT('',(-3.808891816861,-13.99079494265,6.));
#8588 = B_SPLINE_CURVE_WITH_KNOTS('',1,(#8589,#8590),.UNSPECIFIED.,.F.,
  .F.,(2,2),(0.,0.72745360731),.PIECEWISE_BEZIER_KNOTS.);
#8589 = CARTESIAN_POINT('',(-4.50578474336,-13.78215889643,6.));
#8590 = CARTESIAN_POINT('',(-3.808891816861,-13.99079494265,6.));
#8591 = ORIENTED_EDGE('',*,*,#8592,.F.);
#8592 = EDGE_CURVE('',#8593,#8586,#8595,.T.);
#8593 = VERTEX_POINT('',#8594);
#8594 = CARTESIAN_POINT('',(-3.808891816861,-13.99079494265,0.));
#8595 = LINE('',#8596,#8597);
#8596 = CARTESIAN_POINT('',(-3.808891816861,-13.99079494265,0.));
#8597 = VECTOR('',#8598,1.);
#8598 = DIRECTION('',(0.,0.,1.));
#8599 = ORIENTED_EDGE('',*,*,#8600,.F.);
#8600 = EDGE_CURVE('',#8473,#8593,#8601,.T.);
#8601 = B_SPLINE_CURVE_WITH_KNOTS('',1,(#8602,#8603),.UNSPECIFIED.,.F.,
  .F.,(2,2),(0.,0.72745360731),.PIECEWISE_BEZIER_KNOTS.);
#8602 = CARTESIAN_POINT('',(-4.50578474336,-13.78215889643,0.));
#8603 = CARTESIAN_POINT('',(-3.808891816861,-13.99079494265,0.));
#8604 = SURFACE_OF_LINEAR_EXTRUSION('',#8605,#8608);
#8605 = B_SPLINE_CURVE_WITH_KNOTS('',1,(#8606,#8607),.UNSPECIFIED.,.F.,
  .F.,(2,2),(0.,0.72745360731),.PIECEWISE_BEZIER_KNOTS.);
#8606 = CARTESIAN_POINT('',(-4.50578474336,-13.78215889643,0.));
#8607 = CARTESIAN_POINT('',(-3.808891816861,-13.99079494265,0.));
#8608 = VECTOR('',#8609,1.);
#8609 = DIRECTION('',(-0.,-0.,-1.));
#8610 = ADVANCED_FACE('',(#8611),#8724,.F.);
#8611 = FACE_BOUND('',#8612,.F.);
#8612 = EDGE_LOOP('',(#8613,#8614,#8666,#8674));
#8613 = ORIENTED_EDGE('',*,*,#8592,.T.);
#8614 = ORIENTED_EDGE('',*,*,#8615,.T.);
#8615 = EDGE_CURVE('',#8586,#8616,#8618,.T.);
#8616 = VERTEX_POINT('',#8617);
#8617 = CARTESIAN_POINT('',(-2.741262057852,-12.3861326575,6.));
#8618 = B_SPLINE_CURVE_WITH_KNOTS('',3,(#8619,#8620,#8621,#8622,#8623,
    #8624,#8625,#8626,#8627,#8628,#8629,#8630,#8631,#8632,#8633,#8634,
    #8635,#8636,#8637,#8638,#8639,#8640,#8641,#8642,#8643,#8644,#8645,
    #8646,#8647,#8648,#8649,#8650,#8651,#8652,#8653,#8654,#8655,#8656,
    #8657,#8658,#8659,#8660,#8661,#8662,#8663,#8664,#8665),
  .UNSPECIFIED.,.F.,.F.,(4,1,1,1,1,1,1,1,1,1,1,1,1,1,1,1,1,1,1,1,1,1,1,1
    ,1,1,1,1,1,1,1,1,1,1,1,1,1,1,1,1,1,1,1,1,4),(0.,8.735293048255E-02,
    0.172697747622,0.256034451418,0.337363041871,0.416683518981,
    0.493995882747,0.569300133171,0.642596270251,0.713884293989,
    0.783164204383,0.850436001435,0.915699685144,0.97895525551,
    1.040202712533,1.099442056214,1.156673286553,1.211896403548,
    1.265111407202,1.316318297513,1.365517074482,1.41270773811,
    1.457890288395,1.501064725339,1.542231048942,1.581389259203,
    1.618539356124,1.653681339704,1.686815209945,1.717940966845,
    1.747058610407,1.774168140631,1.799269557517,1.822362861067,
    1.843448051283,1.862525128166,1.879594091718,1.894654941944,
    1.907707678849,1.918752302441,1.927788812733,1.934817209752,
    1.939837493553,1.942849664305,1.943853723184),.UNSPECIFIED.);
#8619 = CARTESIAN_POINT('',(-3.808891816861,-13.99079494265,6.));
#8620 = CARTESIAN_POINT('',(-3.788592850516,-13.96991922899,6.));
#8621 = CARTESIAN_POINT('',(-3.748717656855,-13.92839824202,6.));
#8622 = CARTESIAN_POINT('',(-3.690379832421,-13.86610207534,6.));
#8623 = CARTESIAN_POINT('',(-3.634184274231,-13.80455994509,6.));
#8624 = CARTESIAN_POINT('',(-3.580102701885,-13.7438156316,6.));
#8625 = CARTESIAN_POINT('',(-3.528105896807,-13.68391235627,6.));
#8626 = CARTESIAN_POINT('',(-3.478163936658,-13.62489271966,6.));
#8627 = CARTESIAN_POINT('',(-3.430246148287,-13.5667987023,6.));
#8628 = CARTESIAN_POINT('',(-3.384321133623,-13.50967164963,6.));
#8629 = CARTESIAN_POINT('',(-3.340356776964,-13.45355226116,6.));
#8630 = CARTESIAN_POINT('',(-3.298320257287,-13.39848057885,6.));
#8631 = CARTESIAN_POINT('',(-3.258178059488,-13.34449597586,6.));
#8632 = CARTESIAN_POINT('',(-3.219895986107,-13.29163714546,6.));
#8633 = CARTESIAN_POINT('',(-3.183439169148,-13.23994209016,6.));
#8634 = CARTESIAN_POINT('',(-3.14877208208,-13.18944811094,6.));
#8635 = CARTESIAN_POINT('',(-3.115858551996,-13.14019179681,6.));
#8636 = CARTESIAN_POINT('',(-3.084661771937,-13.09220901446,6.));
#8637 = CARTESIAN_POINT('',(-3.055144313366,-13.04553489811,6.));
#8638 = CARTESIAN_POINT('',(-3.027268138802,-13.00020383964,6.));
#8639 = CARTESIAN_POINT('',(-3.000994614602,-12.95624947884,6.));
#8640 = CARTESIAN_POINT('',(-2.976284523892,-12.91370469391,6.));
#8641 = CARTESIAN_POINT('',(-2.953098079638,-12.87260159214,6.));
#8642 = CARTESIAN_POINT('',(-2.931394937869,-12.83297150081,6.));
#8643 = CARTESIAN_POINT('',(-2.911134211027,-12.79484495833,6.));
#8644 = CARTESIAN_POINT('',(-2.892274481458,-12.75825170552,6.));
#8645 = CARTESIAN_POINT('',(-2.874773815037,-12.72322067719,6.));
#8646 = CARTESIAN_POINT('',(-2.858589774915,-12.68977999387,6.));
#8647 = CARTESIAN_POINT('',(-2.843679435404,-12.65795695379,6.));
#8648 = CARTESIAN_POINT('',(-2.829999395972,-12.62777802508,6.));
#8649 = CARTESIAN_POINT('',(-2.817505795367,-12.59926883819,6.));
#8650 = CARTESIAN_POINT('',(-2.806154325867,-12.57245417851,6.));
#8651 = CARTESIAN_POINT('',(-2.79590024761,-12.54735797925,6.));
#8652 = CARTESIAN_POINT('',(-2.786698403148,-12.52400331451,6.));
#8653 = CARTESIAN_POINT('',(-2.778503231797,-12.50241239267,6.));
#8654 = CARTESIAN_POINT('',(-2.771268785155,-12.4826065497,6.));
#8655 = CARTESIAN_POINT('',(-2.764948739371,-12.46460624355,6.));
#8656 = CARTESIAN_POINT('',(-2.759496418478,-12.44843104629,6.));
#8657 = CARTESIAN_POINT('',(-2.754864783517,-12.43409964399,6.));
#8658 = CARTESIAN_POINT('',(-2.75100652892,-12.42162981338,6.));
#8659 = CARTESIAN_POINT('',(-2.74787385678,-12.41103846957,6.));
#8660 = CARTESIAN_POINT('',(-2.745419196507,-12.40234150584,6.));
#8661 = CARTESIAN_POINT('',(-2.743593301199,-12.39555421151,6.));
#8662 = CARTESIAN_POINT('',(-2.742350204569,-12.39069017885,6.));
#8663 = CARTESIAN_POINT('',(-2.741636329887,-12.38776370067,6.));
#8664 = CARTESIAN_POINT('',(-2.741336024453,-12.38645907368,6.));
#8665 = CARTESIAN_POINT('',(-2.741262057852,-12.3861326575,6.));
#8666 = ORIENTED_EDGE('',*,*,#8667,.F.);
#8667 = EDGE_CURVE('',#8668,#8616,#8670,.T.);
#8668 = VERTEX_POINT('',#8669);
#8669 = CARTESIAN_POINT('',(-2.741262057852,-12.3861326575,0.));
#8670 = LINE('',#8671,#8672);
#8671 = CARTESIAN_POINT('',(-2.741262057852,-12.3861326575,0.));
#8672 = VECTOR('',#8673,1.);
#8673 = DIRECTION('',(0.,0.,1.));
#8674 = ORIENTED_EDGE('',*,*,#8675,.F.);
#8675 = EDGE_CURVE('',#8593,#8668,#8676,.T.);
#8676 = B_SPLINE_CURVE_WITH_KNOTS('',3,(#8677,#8678,#8679,#8680,#8681,
    #8682,#8683,#8684,#8685,#8686,#8687,#8688,#8689,#8690,#8691,#8692,
    #8693,#8694,#8695,#8696,#8697,#8698,#8699,#8700,#8701,#8702,#8703,
    #8704,#8705,#8706,#8707,#8708,#8709,#8710,#8711,#8712,#8713,#8714,
    #8715,#8716,#8717,#8718,#8719,#8720,#8721,#8722,#8723),
  .UNSPECIFIED.,.F.,.F.,(4,1,1,1,1,1,1,1,1,1,1,1,1,1,1,1,1,1,1,1,1,1,1,1
    ,1,1,1,1,1,1,1,1,1,1,1,1,1,1,1,1,1,1,1,1,4),(0.,8.735293048255E-02,
    0.172697747622,0.256034451418,0.337363041871,0.416683518981,
    0.493995882747,0.569300133171,0.642596270251,0.713884293989,
    0.783164204383,0.850436001435,0.915699685144,0.97895525551,
    1.040202712533,1.099442056214,1.156673286553,1.211896403548,
    1.265111407202,1.316318297513,1.365517074482,1.41270773811,
    1.457890288395,1.501064725339,1.542231048942,1.581389259203,
    1.618539356124,1.653681339704,1.686815209945,1.717940966845,
    1.747058610407,1.774168140631,1.799269557517,1.822362861067,
    1.843448051283,1.862525128166,1.879594091718,1.894654941944,
    1.907707678849,1.918752302441,1.927788812733,1.934817209752,
    1.939837493553,1.942849664305,1.943853723184),.UNSPECIFIED.);
#8677 = CARTESIAN_POINT('',(-3.808891816861,-13.99079494265,0.));
#8678 = CARTESIAN_POINT('',(-3.788592850516,-13.96991922899,0.));
#8679 = CARTESIAN_POINT('',(-3.748717656855,-13.92839824202,0.));
#8680 = CARTESIAN_POINT('',(-3.690379832421,-13.86610207534,0.));
#8681 = CARTESIAN_POINT('',(-3.634184274231,-13.80455994509,0.));
#8682 = CARTESIAN_POINT('',(-3.580102701885,-13.7438156316,0.));
#8683 = CARTESIAN_POINT('',(-3.528105896807,-13.68391235627,0.));
#8684 = CARTESIAN_POINT('',(-3.478163936658,-13.62489271966,0.));
#8685 = CARTESIAN_POINT('',(-3.430246148287,-13.5667987023,0.));
#8686 = CARTESIAN_POINT('',(-3.384321133623,-13.50967164963,0.));
#8687 = CARTESIAN_POINT('',(-3.340356776964,-13.45355226116,0.));
#8688 = CARTESIAN_POINT('',(-3.298320257287,-13.39848057885,0.));
#8689 = CARTESIAN_POINT('',(-3.258178059488,-13.34449597586,0.));
#8690 = CARTESIAN_POINT('',(-3.219895986107,-13.29163714546,0.));
#8691 = CARTESIAN_POINT('',(-3.183439169148,-13.23994209016,0.));
#8692 = CARTESIAN_POINT('',(-3.14877208208,-13.18944811094,0.));
#8693 = CARTESIAN_POINT('',(-3.115858551996,-13.14019179681,0.));
#8694 = CARTESIAN_POINT('',(-3.084661771937,-13.09220901446,0.));
#8695 = CARTESIAN_POINT('',(-3.055144313366,-13.04553489811,0.));
#8696 = CARTESIAN_POINT('',(-3.027268138802,-13.00020383964,0.));
#8697 = CARTESIAN_POINT('',(-3.000994614602,-12.95624947884,0.));
#8698 = CARTESIAN_POINT('',(-2.976284523892,-12.91370469391,0.));
#8699 = CARTESIAN_POINT('',(-2.953098079638,-12.87260159214,0.));
#8700 = CARTESIAN_POINT('',(-2.931394937869,-12.83297150081,0.));
#8701 = CARTESIAN_POINT('',(-2.911134211027,-12.79484495833,0.));
#8702 = CARTESIAN_POINT('',(-2.892274481458,-12.75825170552,0.));
#8703 = CARTESIAN_POINT('',(-2.874773815037,-12.72322067719,0.));
#8704 = CARTESIAN_POINT('',(-2.858589774915,-12.68977999387,0.));
#8705 = CARTESIAN_POINT('',(-2.843679435404,-12.65795695379,0.));
#8706 = CARTESIAN_POINT('',(-2.829999395972,-12.62777802508,0.));
#8707 = CARTESIAN_POINT('',(-2.817505795367,-12.59926883819,0.));
#8708 = CARTESIAN_POINT('',(-2.806154325867,-12.57245417851,0.));
#8709 = CARTESIAN_POINT('',(-2.79590024761,-12.54735797925,0.));
#8710 = CARTESIAN_POINT('',(-2.786698403148,-12.52400331451,0.));
#8711 = CARTESIAN_POINT('',(-2.778503231797,-12.50241239267,0.));
#8712 = CARTESIAN_POINT('',(-2.771268785155,-12.4826065497,0.));
#8713 = CARTESIAN_POINT('',(-2.764948739371,-12.46460624355,0.));
#8714 = CARTESIAN_POINT('',(-2.759496418478,-12.44843104629,0.));
#8715 = CARTESIAN_POINT('',(-2.754864783517,-12.43409964399,0.));
#8716 = CARTESIAN_POINT('',(-2.75100652892,-12.42162981338,0.));
#8717 = CARTESIAN_POINT('',(-2.74787385678,-12.41103846957,0.));
#8718 = CARTESIAN_POINT('',(-2.745419196507,-12.40234150584,0.));
#8719 = CARTESIAN_POINT('',(-2.743593301199,-12.39555421151,0.));
#8720 = CARTESIAN_POINT('',(-2.742350204569,-12.39069017885,0.));
#8721 = CARTESIAN_POINT('',(-2.741636329887,-12.38776370067,0.));
#8722 = CARTESIAN_POINT('',(-2.741336024453,-12.38645907368,0.));
#8723 = CARTESIAN_POINT('',(-2.741262057852,-12.3861326575,0.));
#8724 = SURFACE_OF_LINEAR_EXTRUSION('',#8725,#8773);
#8725 = B_SPLINE_CURVE_WITH_KNOTS('',3,(#8726,#8727,#8728,#8729,#8730,
    #8731,#8732,#8733,#8734,#8735,#8736,#8737,#8738,#8739,#8740,#8741,
    #8742,#8743,#8744,#8745,#8746,#8747,#8748,#8749,#8750,#8751,#8752,
    #8753,#8754,#8755,#8756,#8757,#8758,#8759,#8760,#8761,#8762,#8763,
    #8764,#8765,#8766,#8767,#8768,#8769,#8770,#8771,#8772),
  .UNSPECIFIED.,.F.,.F.,(4,1,1,1,1,1,1,1,1,1,1,1,1,1,1,1,1,1,1,1,1,1,1,1
    ,1,1,1,1,1,1,1,1,1,1,1,1,1,1,1,1,1,1,1,1,4),(0.,8.735293048255E-02,
    0.172697747622,0.256034451418,0.337363041871,0.416683518981,
    0.493995882747,0.569300133171,0.642596270251,0.713884293989,
    0.783164204383,0.850436001435,0.915699685144,0.97895525551,
    1.040202712533,1.099442056214,1.156673286553,1.211896403548,
    1.265111407202,1.316318297513,1.365517074482,1.41270773811,
    1.457890288395,1.501064725339,1.542231048942,1.581389259203,
    1.618539356124,1.653681339704,1.686815209945,1.717940966845,
    1.747058610407,1.774168140631,1.799269557517,1.822362861067,
    1.843448051283,1.862525128166,1.879594091718,1.894654941944,
    1.907707678849,1.918752302441,1.927788812733,1.934817209752,
    1.939837493553,1.942849664305,1.943853723184),.UNSPECIFIED.);
#8726 = CARTESIAN_POINT('',(-3.808891816861,-13.99079494265,0.));
#8727 = CARTESIAN_POINT('',(-3.788592850516,-13.96991922899,0.));
#8728 = CARTESIAN_POINT('',(-3.748717656855,-13.92839824202,0.));
#8729 = CARTESIAN_POINT('',(-3.690379832421,-13.86610207534,0.));
#8730 = CARTESIAN_POINT('',(-3.634184274231,-13.80455994509,0.));
#8731 = CARTESIAN_POINT('',(-3.580102701885,-13.7438156316,0.));
#8732 = CARTESIAN_POINT('',(-3.528105896807,-13.68391235627,0.));
#8733 = CARTESIAN_POINT('',(-3.478163936658,-13.62489271966,0.));
#8734 = CARTESIAN_POINT('',(-3.430246148287,-13.5667987023,0.));
#8735 = CARTESIAN_POINT('',(-3.384321133623,-13.50967164963,0.));
#8736 = CARTESIAN_POINT('',(-3.340356776964,-13.45355226116,0.));
#8737 = CARTESIAN_POINT('',(-3.298320257287,-13.39848057885,0.));
#8738 = CARTESIAN_POINT('',(-3.258178059488,-13.34449597586,0.));
#8739 = CARTESIAN_POINT('',(-3.219895986107,-13.29163714546,0.));
#8740 = CARTESIAN_POINT('',(-3.183439169148,-13.23994209016,0.));
#8741 = CARTESIAN_POINT('',(-3.14877208208,-13.18944811094,0.));
#8742 = CARTESIAN_POINT('',(-3.115858551996,-13.14019179681,0.));
#8743 = CARTESIAN_POINT('',(-3.084661771937,-13.09220901446,0.));
#8744 = CARTESIAN_POINT('',(-3.055144313366,-13.04553489811,0.));
#8745 = CARTESIAN_POINT('',(-3.027268138802,-13.00020383964,0.));
#8746 = CARTESIAN_POINT('',(-3.000994614602,-12.95624947884,0.));
#8747 = CARTESIAN_POINT('',(-2.976284523892,-12.91370469391,0.));
#8748 = CARTESIAN_POINT('',(-2.953098079638,-12.87260159214,0.));
#8749 = CARTESIAN_POINT('',(-2.931394937869,-12.83297150081,0.));
#8750 = CARTESIAN_POINT('',(-2.911134211027,-12.79484495833,0.));
#8751 = CARTESIAN_POINT('',(-2.892274481458,-12.75825170552,0.));
#8752 = CARTESIAN_POINT('',(-2.874773815037,-12.72322067719,0.));
#8753 = CARTESIAN_POINT('',(-2.858589774915,-12.68977999387,0.));
#8754 = CARTESIAN_POINT('',(-2.843679435404,-12.65795695379,0.));
#8755 = CARTESIAN_POINT('',(-2.829999395972,-12.62777802508,0.));
#8756 = CARTESIAN_POINT('',(-2.817505795367,-12.59926883819,0.));
#8757 = CARTESIAN_POINT('',(-2.806154325867,-12.57245417851,0.));
#8758 = CARTESIAN_POINT('',(-2.79590024761,-12.54735797925,0.));
#8759 = CARTESIAN_POINT('',(-2.786698403148,-12.52400331451,0.));
#8760 = CARTESIAN_POINT('',(-2.778503231797,-12.50241239267,0.));
#8761 = CARTESIAN_POINT('',(-2.771268785155,-12.4826065497,0.));
#8762 = CARTESIAN_POINT('',(-2.764948739371,-12.46460624355,0.));
#8763 = CARTESIAN_POINT('',(-2.759496418478,-12.44843104629,0.));
#8764 = CARTESIAN_POINT('',(-2.754864783517,-12.43409964399,0.));
#8765 = CARTESIAN_POINT('',(-2.75100652892,-12.42162981338,0.));
#8766 = CARTESIAN_POINT('',(-2.74787385678,-12.41103846957,0.));
#8767 = CARTESIAN_POINT('',(-2.745419196507,-12.40234150584,0.));
#8768 = CARTESIAN_POINT('',(-2.743593301199,-12.39555421151,0.));
#8769 = CARTESIAN_POINT('',(-2.742350204569,-12.39069017885,0.));
#8770 = CARTESIAN_POINT('',(-2.741636329887,-12.38776370067,0.));
#8771 = CARTESIAN_POINT('',(-2.741336024453,-12.38645907368,0.));
#8772 = CARTESIAN_POINT('',(-2.741262057852,-12.3861326575,0.));
#8773 = VECTOR('',#8774,1.);
#8774 = DIRECTION('',(-0.,-0.,-1.));
#8775 = ADVANCED_FACE('',(#8776),#8799,.F.);
#8776 = FACE_BOUND('',#8777,.F.);
#8777 = EDGE_LOOP('',(#8778,#8779,#8786,#8794));
#8778 = ORIENTED_EDGE('',*,*,#8667,.T.);
#8779 = ORIENTED_EDGE('',*,*,#8780,.T.);
#8780 = EDGE_CURVE('',#8616,#8781,#8783,.T.);
#8781 = VERTEX_POINT('',#8782);
#8782 = CARTESIAN_POINT('',(-2.647079951378,-11.96057974059,6.));
#8783 = B_SPLINE_CURVE_WITH_KNOTS('',1,(#8784,#8785),.UNSPECIFIED.,.F.,
  .F.,(2,2),(0.,0.43585038061),.PIECEWISE_BEZIER_KNOTS.);
#8784 = CARTESIAN_POINT('',(-2.741262057852,-12.3861326575,6.));
#8785 = CARTESIAN_POINT('',(-2.647079951378,-11.96057974059,6.));
#8786 = ORIENTED_EDGE('',*,*,#8787,.F.);
#8787 = EDGE_CURVE('',#8788,#8781,#8790,.T.);
#8788 = VERTEX_POINT('',#8789);
#8789 = CARTESIAN_POINT('',(-2.647079951378,-11.96057974059,0.));
#8790 = LINE('',#8791,#8792);
#8791 = CARTESIAN_POINT('',(-2.647079951378,-11.96057974059,0.));
#8792 = VECTOR('',#8793,1.);
#8793 = DIRECTION('',(0.,0.,1.));
#8794 = ORIENTED_EDGE('',*,*,#8795,.F.);
#8795 = EDGE_CURVE('',#8668,#8788,#8796,.T.);
#8796 = B_SPLINE_CURVE_WITH_KNOTS('',1,(#8797,#8798),.UNSPECIFIED.,.F.,
  .F.,(2,2),(0.,0.43585038061),.PIECEWISE_BEZIER_KNOTS.);
#8797 = CARTESIAN_POINT('',(-2.741262057852,-12.3861326575,0.));
#8798 = CARTESIAN_POINT('',(-2.647079951378,-11.96057974059,0.));
#8799 = SURFACE_OF_LINEAR_EXTRUSION('',#8800,#8803);
#8800 = B_SPLINE_CURVE_WITH_KNOTS('',1,(#8801,#8802),.UNSPECIFIED.,.F.,
  .F.,(2,2),(0.,0.43585038061),.PIECEWISE_BEZIER_KNOTS.);
#8801 = CARTESIAN_POINT('',(-2.741262057852,-12.3861326575,0.));
#8802 = CARTESIAN_POINT('',(-2.647079951378,-11.96057974059,0.));
#8803 = VECTOR('',#8804,1.);
#8804 = DIRECTION('',(-0.,-0.,-1.));
#8805 = ADVANCED_FACE('',(#8806),#8829,.F.);
#8806 = FACE_BOUND('',#8807,.F.);
#8807 = EDGE_LOOP('',(#8808,#8809,#8816,#8824));
#8808 = ORIENTED_EDGE('',*,*,#8787,.T.);
#8809 = ORIENTED_EDGE('',*,*,#8810,.T.);
#8810 = EDGE_CURVE('',#8781,#8811,#8813,.T.);
#8811 = VERTEX_POINT('',#8812);
#8812 = CARTESIAN_POINT('',(-1.603317700195,-12.14462318691,6.));
#8813 = B_SPLINE_CURVE_WITH_KNOTS('',1,(#8814,#8815),.UNSPECIFIED.,.F.,
  .F.,(2,2),(0.,1.059863966333),.PIECEWISE_BEZIER_KNOTS.);
#8814 = CARTESIAN_POINT('',(-2.647079951378,-11.96057974059,6.));
#8815 = CARTESIAN_POINT('',(-1.603317700195,-12.14462318691,6.));
#8816 = ORIENTED_EDGE('',*,*,#8817,.F.);
#8817 = EDGE_CURVE('',#8818,#8811,#8820,.T.);
#8818 = VERTEX_POINT('',#8819);
#8819 = CARTESIAN_POINT('',(-1.603317700195,-12.14462318691,0.));
#8820 = LINE('',#8821,#8822);
#8821 = CARTESIAN_POINT('',(-1.603317700195,-12.14462318691,0.));
#8822 = VECTOR('',#8823,1.);
#8823 = DIRECTION('',(0.,0.,1.));
#8824 = ORIENTED_EDGE('',*,*,#8825,.F.);
#8825 = EDGE_CURVE('',#8788,#8818,#8826,.T.);
#8826 = B_SPLINE_CURVE_WITH_KNOTS('',1,(#8827,#8828),.UNSPECIFIED.,.F.,
  .F.,(2,2),(0.,1.059863966333),.PIECEWISE_BEZIER_KNOTS.);
#8827 = CARTESIAN_POINT('',(-2.647079951378,-11.96057974059,0.));
#8828 = CARTESIAN_POINT('',(-1.603317700195,-12.14462318691,0.));
#8829 = SURFACE_OF_LINEAR_EXTRUSION('',#8830,#8833);
#8830 = B_SPLINE_CURVE_WITH_KNOTS('',1,(#8831,#8832),.UNSPECIFIED.,.F.,
  .F.,(2,2),(0.,1.059863966333),.PIECEWISE_BEZIER_KNOTS.);
#8831 = CARTESIAN_POINT('',(-2.647079951378,-11.96057974059,0.));
#8832 = CARTESIAN_POINT('',(-1.603317700195,-12.14462318691,0.));
#8833 = VECTOR('',#8834,1.);
#8834 = DIRECTION('',(-0.,-0.,-1.));
#8835 = ADVANCED_FACE('',(#8836),#8859,.F.);
#8836 = FACE_BOUND('',#8837,.F.);
#8837 = EDGE_LOOP('',(#8838,#8839,#8846,#8854));
#8838 = ORIENTED_EDGE('',*,*,#8817,.T.);
#8839 = ORIENTED_EDGE('',*,*,#8840,.T.);
#8840 = EDGE_CURVE('',#8811,#8841,#8843,.T.);
#8841 = VERTEX_POINT('',#8842);
#8842 = CARTESIAN_POINT('',(-1.660363139368,-12.57672430025,6.));
#8843 = B_SPLINE_CURVE_WITH_KNOTS('',1,(#8844,#8845),.UNSPECIFIED.,.F.,
  .F.,(2,2),(0.,0.43585038061),.PIECEWISE_BEZIER_KNOTS.);
#8844 = CARTESIAN_POINT('',(-1.603317700195,-12.14462318691,6.));
#8845 = CARTESIAN_POINT('',(-1.660363139368,-12.57672430025,6.));
#8846 = ORIENTED_EDGE('',*,*,#8847,.F.);
#8847 = EDGE_CURVE('',#8848,#8841,#8850,.T.);
#8848 = VERTEX_POINT('',#8849);
#8849 = CARTESIAN_POINT('',(-1.660363139368,-12.57672430025,0.));
#8850 = LINE('',#8851,#8852);
#8851 = CARTESIAN_POINT('',(-1.660363139368,-12.57672430025,0.));
#8852 = VECTOR('',#8853,1.);
#8853 = DIRECTION('',(0.,0.,1.));
#8854 = ORIENTED_EDGE('',*,*,#8855,.F.);
#8855 = EDGE_CURVE('',#8818,#8848,#8856,.T.);
#8856 = B_SPLINE_CURVE_WITH_KNOTS('',1,(#8857,#8858),.UNSPECIFIED.,.F.,
  .F.,(2,2),(0.,0.43585038061),.PIECEWISE_BEZIER_KNOTS.);
#8857 = CARTESIAN_POINT('',(-1.603317700195,-12.14462318691,0.));
#8858 = CARTESIAN_POINT('',(-1.660363139368,-12.57672430025,0.));
#8859 = SURFACE_OF_LINEAR_EXTRUSION('',#8860,#8863);
#8860 = B_SPLINE_CURVE_WITH_KNOTS('',1,(#8861,#8862),.UNSPECIFIED.,.F.,
  .F.,(2,2),(0.,0.43585038061),.PIECEWISE_BEZIER_KNOTS.);
#8861 = CARTESIAN_POINT('',(-1.603317700195,-12.14462318691,0.));
#8862 = CARTESIAN_POINT('',(-1.660363139368,-12.57672430025,0.));
#8863 = VECTOR('',#8864,1.);
#8864 = DIRECTION('',(-0.,-0.,-1.));
#8865 = ADVANCED_FACE('',(#8866),#8979,.F.);
#8866 = FACE_BOUND('',#8867,.F.);
#8867 = EDGE_LOOP('',(#8868,#8869,#8921,#8929));
#8868 = ORIENTED_EDGE('',*,*,#8847,.T.);
#8869 = ORIENTED_EDGE('',*,*,#8870,.T.);
#8870 = EDGE_CURVE('',#8841,#8871,#8873,.T.);
#8871 = VERTEX_POINT('',#8872);
#8872 = CARTESIAN_POINT('',(-1.205946157852,-14.44976449165,6.));
#8873 = B_SPLINE_CURVE_WITH_KNOTS('',3,(#8874,#8875,#8876,#8877,#8878,
    #8879,#8880,#8881,#8882,#8883,#8884,#8885,#8886,#8887,#8888,#8889,
    #8890,#8891,#8892,#8893,#8894,#8895,#8896,#8897,#8898,#8899,#8900,
    #8901,#8902,#8903,#8904,#8905,#8906,#8907,#8908,#8909,#8910,#8911,
    #8912,#8913,#8914,#8915,#8916,#8917,#8918,#8919,#8920),
  .UNSPECIFIED.,.F.,.F.,(4,1,1,1,1,1,1,1,1,1,1,1,1,1,1,1,1,1,1,1,1,1,1,1
    ,1,1,1,1,1,1,1,1,1,1,1,1,1,1,1,1,1,1,1,1,4),(0.,1.004058879412E-03,
    4.016229631009E-03,9.036513432115E-03,1.606491045092E-02,
    2.510142074349E-02,3.614604433531E-02,4.91987812401E-02,
    6.425963146609E-02,8.132859501861E-02,0.100405671901,0.121490862117,
    0.144584165667,0.169685582553,0.196795112777,0.225912756339,
    0.25703851324,0.29017238348,0.32531436706,0.362464463981,
    0.401622674242,0.442788997845,0.485963434789,0.531145985075,
    0.578336648702,0.627535425671,0.678742315982,0.731957319636,
    0.787180436632,0.84441166697,0.903651010651,0.964898467674,
    1.02815403804,1.093417721749,1.160689518801,1.229969429195,
    1.301257452933,1.374553590013,1.449857840437,1.527170204204,
    1.606490681313,1.687819271766,1.771155975562,1.856500792702,
    1.943853723184),.UNSPECIFIED.);
#8874 = CARTESIAN_POINT('',(-1.660363139368,-12.57672430025,6.));
#8875 = CARTESIAN_POINT('',(-1.660405274408,-12.57705632919,6.));
#8876 = CARTESIAN_POINT('',(-1.660569288314,-12.57838498805,6.));
#8877 = CARTESIAN_POINT('',(-1.660899380031,-12.58137913752,6.));
#8878 = CARTESIAN_POINT('',(-1.66139484845,-12.58637499721,6.));
#8879 = CARTESIAN_POINT('',(-1.662000459481,-12.59337746058,6.));
#8880 = CARTESIAN_POINT('',(-1.662668370119,-12.60238947648,6.));
#8881 = CARTESIAN_POINT('',(-1.663347074154,-12.61341352108,6.));
#8882 = CARTESIAN_POINT('',(-1.663986434031,-12.62645092968,6.));
#8883 = CARTESIAN_POINT('',(-1.664535749103,-12.64150215511,6.));
#8884 = CARTESIAN_POINT('',(-1.664944486682,-12.6585666722,6.));
#8885 = CARTESIAN_POINT('',(-1.665162053583,-12.67764301002,6.));
#8886 = CARTESIAN_POINT('',(-1.665137894709,-12.69872874098,6.));
#8887 = CARTESIAN_POINT('',(-1.664821482849,-12.7218204846,6.));
#8888 = CARTESIAN_POINT('',(-1.664162343291,-12.74691390687,6.));
#8889 = CARTESIAN_POINT('',(-1.663110067288,-12.77400372144,6.));
#8890 = CARTESIAN_POINT('',(-1.66161432891,-12.8030836905,6.));
#8891 = CARTESIAN_POINT('',(-1.659624900802,-12.83414662611,6.));
#8892 = CARTESIAN_POINT('',(-1.657091670217,-12.86718439177,6.));
#8893 = CARTESIAN_POINT('',(-1.653964654934,-12.90218790416,6.));
#8894 = CARTESIAN_POINT('',(-1.65019401916,-12.93914713523,6.));
#8895 = CARTESIAN_POINT('',(-1.645730089395,-12.97805111449,6.));
#8896 = CARTESIAN_POINT('',(-1.640523370259,-13.01888793154,6.));
#8897 = CARTESIAN_POINT('',(-1.634524560278,-13.06164473886,6.));
#8898 = CARTESIAN_POINT('',(-1.627684567626,-13.1063077549,6.));
#8899 = CARTESIAN_POINT('',(-1.619954525818,-13.15286226732,6.));
#8900 = CARTESIAN_POINT('',(-1.611285809358,-13.20129263653,6.));
#8901 = CARTESIAN_POINT('',(-1.601630049325,-13.25158229954,6.));
#8902 = CARTESIAN_POINT('',(-1.590939148907,-13.3037137739,6.));
#8903 = CARTESIAN_POINT('',(-1.579165298866,-13.35766866202,6.));
#8904 = CARTESIAN_POINT('',(-1.566260992951,-13.41342765571,6.));
#8905 = CARTESIAN_POINT('',(-1.552179043225,-13.4709705409,6.));
#8906 = CARTESIAN_POINT('',(-1.536872595332,-13.53027620265,6.));
#8907 = CARTESIAN_POINT('',(-1.520295143684,-13.59132263042,6.));
#8908 = CARTESIAN_POINT('',(-1.502400546567,-13.65408692351,6.));
#8909 = CARTESIAN_POINT('',(-1.483143041164,-13.71854529682,6.));
#8910 = CARTESIAN_POINT('',(-1.462477258497,-13.78467308678,6.));
#8911 = CARTESIAN_POINT('',(-1.440358238254,-13.85244475758,6.));
#8912 = CARTESIAN_POINT('',(-1.416741443609,-13.92183390752,6.));
#8913 = CARTESIAN_POINT('',(-1.391582775615,-13.99281327579,6.));
#8914 = CARTESIAN_POINT('',(-1.364838588769,-14.06535474916,6.));
#8915 = CARTESIAN_POINT('',(-1.336465701544,-14.13942936967,6.));
#8916 = CARTESIAN_POINT('',(-1.306421425897,-14.21500733994,6.));
#8917 = CARTESIAN_POINT('',(-1.274663522756,-14.29205803847,6.));
#8918 = CARTESIAN_POINT('',(-1.241150443478,-14.37054999768,6.));
#8919 = CARTESIAN_POINT('',(-1.217881032157,-14.42320508219,6.));
#8920 = CARTESIAN_POINT('',(-1.205946157852,-14.44976449165,6.));
#8921 = ORIENTED_EDGE('',*,*,#8922,.F.);
#8922 = EDGE_CURVE('',#8923,#8871,#8925,.T.);
#8923 = VERTEX_POINT('',#8924);
#8924 = CARTESIAN_POINT('',(-1.205946157852,-14.44976449165,0.));
#8925 = LINE('',#8926,#8927);
#8926 = CARTESIAN_POINT('',(-1.205946157852,-14.44976449165,0.));
#8927 = VECTOR('',#8928,1.);
#8928 = DIRECTION('',(0.,0.,1.));
#8929 = ORIENTED_EDGE('',*,*,#8930,.F.);
#8930 = EDGE_CURVE('',#8848,#8923,#8931,.T.);
#8931 = B_SPLINE_CURVE_WITH_KNOTS('',3,(#8932,#8933,#8934,#8935,#8936,
    #8937,#8938,#8939,#8940,#8941,#8942,#8943,#8944,#8945,#8946,#8947,
    #8948,#8949,#8950,#8951,#8952,#8953,#8954,#8955,#8956,#8957,#8958,
    #8959,#8960,#8961,#8962,#8963,#8964,#8965,#8966,#8967,#8968,#8969,
    #8970,#8971,#8972,#8973,#8974,#8975,#8976,#8977,#8978),
  .UNSPECIFIED.,.F.,.F.,(4,1,1,1,1,1,1,1,1,1,1,1,1,1,1,1,1,1,1,1,1,1,1,1
    ,1,1,1,1,1,1,1,1,1,1,1,1,1,1,1,1,1,1,1,1,4),(0.,1.004058879412E-03,
    4.016229631009E-03,9.036513432115E-03,1.606491045092E-02,
    2.510142074349E-02,3.614604433531E-02,4.91987812401E-02,
    6.425963146609E-02,8.132859501861E-02,0.100405671901,0.121490862117,
    0.144584165667,0.169685582553,0.196795112777,0.225912756339,
    0.25703851324,0.29017238348,0.32531436706,0.362464463981,
    0.401622674242,0.442788997845,0.485963434789,0.531145985075,
    0.578336648702,0.627535425671,0.678742315982,0.731957319636,
    0.787180436632,0.84441166697,0.903651010651,0.964898467674,
    1.02815403804,1.093417721749,1.160689518801,1.229969429195,
    1.301257452933,1.374553590013,1.449857840437,1.527170204204,
    1.606490681313,1.687819271766,1.771155975562,1.856500792702,
    1.943853723184),.UNSPECIFIED.);
#8932 = CARTESIAN_POINT('',(-1.660363139368,-12.57672430025,0.));
#8933 = CARTESIAN_POINT('',(-1.660405274408,-12.57705632919,0.));
#8934 = CARTESIAN_POINT('',(-1.660569288314,-12.57838498805,0.));
#8935 = CARTESIAN_POINT('',(-1.660899380031,-12.58137913752,0.));
#8936 = CARTESIAN_POINT('',(-1.66139484845,-12.58637499721,0.));
#8937 = CARTESIAN_POINT('',(-1.662000459481,-12.59337746058,0.));
#8938 = CARTESIAN_POINT('',(-1.662668370119,-12.60238947648,0.));
#8939 = CARTESIAN_POINT('',(-1.663347074154,-12.61341352108,0.));
#8940 = CARTESIAN_POINT('',(-1.663986434031,-12.62645092968,0.));
#8941 = CARTESIAN_POINT('',(-1.664535749103,-12.64150215511,0.));
#8942 = CARTESIAN_POINT('',(-1.664944486682,-12.6585666722,0.));
#8943 = CARTESIAN_POINT('',(-1.665162053583,-12.67764301002,0.));
#8944 = CARTESIAN_POINT('',(-1.665137894709,-12.69872874098,0.));
#8945 = CARTESIAN_POINT('',(-1.664821482849,-12.7218204846,0.));
#8946 = CARTESIAN_POINT('',(-1.664162343291,-12.74691390687,0.));
#8947 = CARTESIAN_POINT('',(-1.663110067288,-12.77400372144,0.));
#8948 = CARTESIAN_POINT('',(-1.66161432891,-12.8030836905,0.));
#8949 = CARTESIAN_POINT('',(-1.659624900802,-12.83414662611,0.));
#8950 = CARTESIAN_POINT('',(-1.657091670217,-12.86718439177,0.));
#8951 = CARTESIAN_POINT('',(-1.653964654934,-12.90218790416,0.));
#8952 = CARTESIAN_POINT('',(-1.65019401916,-12.93914713523,0.));
#8953 = CARTESIAN_POINT('',(-1.645730089395,-12.97805111449,0.));
#8954 = CARTESIAN_POINT('',(-1.640523370259,-13.01888793154,0.));
#8955 = CARTESIAN_POINT('',(-1.634524560278,-13.06164473886,0.));
#8956 = CARTESIAN_POINT('',(-1.627684567626,-13.1063077549,0.));
#8957 = CARTESIAN_POINT('',(-1.619954525818,-13.15286226732,0.));
#8958 = CARTESIAN_POINT('',(-1.611285809358,-13.20129263653,0.));
#8959 = CARTESIAN_POINT('',(-1.601630049325,-13.25158229954,0.));
#8960 = CARTESIAN_POINT('',(-1.590939148907,-13.3037137739,0.));
#8961 = CARTESIAN_POINT('',(-1.579165298866,-13.35766866202,0.));
#8962 = CARTESIAN_POINT('',(-1.566260992951,-13.41342765571,0.));
#8963 = CARTESIAN_POINT('',(-1.552179043225,-13.4709705409,0.));
#8964 = CARTESIAN_POINT('',(-1.536872595332,-13.53027620265,0.));
#8965 = CARTESIAN_POINT('',(-1.520295143684,-13.59132263042,0.));
#8966 = CARTESIAN_POINT('',(-1.502400546567,-13.65408692351,0.));
#8967 = CARTESIAN_POINT('',(-1.483143041164,-13.71854529682,0.));
#8968 = CARTESIAN_POINT('',(-1.462477258497,-13.78467308678,0.));
#8969 = CARTESIAN_POINT('',(-1.440358238254,-13.85244475758,0.));
#8970 = CARTESIAN_POINT('',(-1.416741443609,-13.92183390752,0.));
#8971 = CARTESIAN_POINT('',(-1.391582775615,-13.99281327579,0.));
#8972 = CARTESIAN_POINT('',(-1.364838588769,-14.06535474916,0.));
#8973 = CARTESIAN_POINT('',(-1.336465701544,-14.13942936967,0.));
#8974 = CARTESIAN_POINT('',(-1.306421425897,-14.21500733994,0.));
#8975 = CARTESIAN_POINT('',(-1.274663522756,-14.29205803847,0.));
#8976 = CARTESIAN_POINT('',(-1.241150443478,-14.37054999768,0.));
#8977 = CARTESIAN_POINT('',(-1.217881032157,-14.42320508219,0.));
#8978 = CARTESIAN_POINT('',(-1.205946157852,-14.44976449165,0.));
#8979 = SURFACE_OF_LINEAR_EXTRUSION('',#8980,#9028);
#8980 = B_SPLINE_CURVE_WITH_KNOTS('',3,(#8981,#8982,#8983,#8984,#8985,
    #8986,#8987,#8988,#8989,#8990,#8991,#8992,#8993,#8994,#8995,#8996,
    #8997,#8998,#8999,#9000,#9001,#9002,#9003,#9004,#9005,#9006,#9007,
    #9008,#9009,#9010,#9011,#9012,#9013,#9014,#9015,#9016,#9017,#9018,
    #9019,#9020,#9021,#9022,#9023,#9024,#9025,#9026,#9027),
  .UNSPECIFIED.,.F.,.F.,(4,1,1,1,1,1,1,1,1,1,1,1,1,1,1,1,1,1,1,1,1,1,1,1
    ,1,1,1,1,1,1,1,1,1,1,1,1,1,1,1,1,1,1,1,1,4),(0.,1.004058879412E-03,
    4.016229631009E-03,9.036513432115E-03,1.606491045092E-02,
    2.510142074349E-02,3.614604433531E-02,4.91987812401E-02,
    6.425963146609E-02,8.132859501861E-02,0.100405671901,0.121490862117,
    0.144584165667,0.169685582553,0.196795112777,0.225912756339,
    0.25703851324,0.29017238348,0.32531436706,0.362464463981,
    0.401622674242,0.442788997845,0.485963434789,0.531145985075,
    0.578336648702,0.627535425671,0.678742315982,0.731957319636,
    0.787180436632,0.84441166697,0.903651010651,0.964898467674,
    1.02815403804,1.093417721749,1.160689518801,1.229969429195,
    1.301257452933,1.374553590013,1.449857840437,1.527170204204,
    1.606490681313,1.687819271766,1.771155975562,1.856500792702,
    1.943853723184),.UNSPECIFIED.);
#8981 = CARTESIAN_POINT('',(-1.660363139368,-12.57672430025,0.));
#8982 = CARTESIAN_POINT('',(-1.660405274408,-12.57705632919,0.));
#8983 = CARTESIAN_POINT('',(-1.660569288314,-12.57838498805,0.));
#8984 = CARTESIAN_POINT('',(-1.660899380031,-12.58137913752,0.));
#8985 = CARTESIAN_POINT('',(-1.66139484845,-12.58637499721,0.));
#8986 = CARTESIAN_POINT('',(-1.662000459481,-12.59337746058,0.));
#8987 = CARTESIAN_POINT('',(-1.662668370119,-12.60238947648,0.));
#8988 = CARTESIAN_POINT('',(-1.663347074154,-12.61341352108,0.));
#8989 = CARTESIAN_POINT('',(-1.663986434031,-12.62645092968,0.));
#8990 = CARTESIAN_POINT('',(-1.664535749103,-12.64150215511,0.));
#8991 = CARTESIAN_POINT('',(-1.664944486682,-12.6585666722,0.));
#8992 = CARTESIAN_POINT('',(-1.665162053583,-12.67764301002,0.));
#8993 = CARTESIAN_POINT('',(-1.665137894709,-12.69872874098,0.));
#8994 = CARTESIAN_POINT('',(-1.664821482849,-12.7218204846,0.));
#8995 = CARTESIAN_POINT('',(-1.664162343291,-12.74691390687,0.));
#8996 = CARTESIAN_POINT('',(-1.663110067288,-12.77400372144,0.));
#8997 = CARTESIAN_POINT('',(-1.66161432891,-12.8030836905,0.));
#8998 = CARTESIAN_POINT('',(-1.659624900802,-12.83414662611,0.));
#8999 = CARTESIAN_POINT('',(-1.657091670217,-12.86718439177,0.));
#9000 = CARTESIAN_POINT('',(-1.653964654934,-12.90218790416,0.));
#9001 = CARTESIAN_POINT('',(-1.65019401916,-12.93914713523,0.));
#9002 = CARTESIAN_POINT('',(-1.645730089395,-12.97805111449,0.));
#9003 = CARTESIAN_POINT('',(-1.640523370259,-13.01888793154,0.));
#9004 = CARTESIAN_POINT('',(-1.634524560278,-13.06164473886,0.));
#9005 = CARTESIAN_POINT('',(-1.627684567626,-13.1063077549,0.));
#9006 = CARTESIAN_POINT('',(-1.619954525818,-13.15286226732,0.));
#9007 = CARTESIAN_POINT('',(-1.611285809358,-13.20129263653,0.));
#9008 = CARTESIAN_POINT('',(-1.601630049325,-13.25158229954,0.));
#9009 = CARTESIAN_POINT('',(-1.590939148907,-13.3037137739,0.));
#9010 = CARTESIAN_POINT('',(-1.579165298866,-13.35766866202,0.));
#9011 = CARTESIAN_POINT('',(-1.566260992951,-13.41342765571,0.));
#9012 = CARTESIAN_POINT('',(-1.552179043225,-13.4709705409,0.));
#9013 = CARTESIAN_POINT('',(-1.536872595332,-13.53027620265,0.));
#9014 = CARTESIAN_POINT('',(-1.520295143684,-13.59132263042,0.));
#9015 = CARTESIAN_POINT('',(-1.502400546567,-13.65408692351,0.));
#9016 = CARTESIAN_POINT('',(-1.483143041164,-13.71854529682,0.));
#9017 = CARTESIAN_POINT('',(-1.462477258497,-13.78467308678,0.));
#9018 = CARTESIAN_POINT('',(-1.440358238254,-13.85244475758,0.));
#9019 = CARTESIAN_POINT('',(-1.416741443609,-13.92183390752,0.));
#9020 = CARTESIAN_POINT('',(-1.391582775615,-13.99281327579,0.));
#9021 = CARTESIAN_POINT('',(-1.364838588769,-14.06535474916,0.));
#9022 = CARTESIAN_POINT('',(-1.336465701544,-14.13942936967,0.));
#9023 = CARTESIAN_POINT('',(-1.306421425897,-14.21500733994,0.));
#9024 = CARTESIAN_POINT('',(-1.274663522756,-14.29205803847,0.));
#9025 = CARTESIAN_POINT('',(-1.241150443478,-14.37054999768,0.));
#9026 = CARTESIAN_POINT('',(-1.217881032157,-14.42320508219,0.));
#9027 = CARTESIAN_POINT('',(-1.205946157852,-14.44976449165,0.));
#9028 = VECTOR('',#9029,1.);
#9029 = DIRECTION('',(-0.,-0.,-1.));
#9030 = ADVANCED_FACE('',(#9031),#9054,.F.);
#9031 = FACE_BOUND('',#9032,.F.);
#9032 = EDGE_LOOP('',(#9033,#9034,#9041,#9049));
#9033 = ORIENTED_EDGE('',*,*,#8922,.T.);
#9034 = ORIENTED_EDGE('',*,*,#9035,.T.);
#9035 = EDGE_CURVE('',#8871,#9036,#9038,.T.);
#9036 = VERTEX_POINT('',#9037);
#9037 = CARTESIAN_POINT('',(-0.47972328691,-14.49206215719,6.));
#9038 = B_SPLINE_CURVE_WITH_KNOTS('',1,(#9039,#9040),.UNSPECIFIED.,.F.,
  .F.,(2,2),(0.,0.72745360731),.PIECEWISE_BEZIER_KNOTS.);
#9039 = CARTESIAN_POINT('',(-1.205946157852,-14.44976449165,6.));
#9040 = CARTESIAN_POINT('',(-0.47972328691,-14.49206215719,6.));
#9041 = ORIENTED_EDGE('',*,*,#9042,.F.);
#9042 = EDGE_CURVE('',#9043,#9036,#9045,.T.);
#9043 = VERTEX_POINT('',#9044);
#9044 = CARTESIAN_POINT('',(-0.47972328691,-14.49206215719,0.));
#9045 = LINE('',#9046,#9047);
#9046 = CARTESIAN_POINT('',(-0.47972328691,-14.49206215719,0.));
#9047 = VECTOR('',#9048,1.);
#9048 = DIRECTION('',(0.,0.,1.));
#9049 = ORIENTED_EDGE('',*,*,#9050,.F.);
#9050 = EDGE_CURVE('',#8923,#9043,#9051,.T.);
#9051 = B_SPLINE_CURVE_WITH_KNOTS('',1,(#9052,#9053),.UNSPECIFIED.,.F.,
  .F.,(2,2),(0.,0.72745360731),.PIECEWISE_BEZIER_KNOTS.);
#9052 = CARTESIAN_POINT('',(-1.205946157852,-14.44976449165,0.));
#9053 = CARTESIAN_POINT('',(-0.47972328691,-14.49206215719,0.));
#9054 = SURFACE_OF_LINEAR_EXTRUSION('',#9055,#9058);
#9055 = B_SPLINE_CURVE_WITH_KNOTS('',1,(#9056,#9057),.UNSPECIFIED.,.F.,
  .F.,(2,2),(0.,0.72745360731),.PIECEWISE_BEZIER_KNOTS.);
#9056 = CARTESIAN_POINT('',(-1.205946157852,-14.44976449165,0.));
#9057 = CARTESIAN_POINT('',(-0.47972328691,-14.49206215719,0.));
#9058 = VECTOR('',#9059,1.);
#9059 = DIRECTION('',(-0.,-0.,-1.));
#9060 = ADVANCED_FACE('',(#9061),#9174,.F.);
#9061 = FACE_BOUND('',#9062,.F.);
#9062 = EDGE_LOOP('',(#9063,#9064,#9116,#9124));
#9063 = ORIENTED_EDGE('',*,*,#9042,.T.);
#9064 = ORIENTED_EDGE('',*,*,#9065,.T.);
#9065 = EDGE_CURVE('',#9036,#9066,#9068,.T.);
#9066 = VERTEX_POINT('',#9067);
#9067 = CARTESIAN_POINT('',(0.189067783634,-12.68444138511,6.));
#9068 = B_SPLINE_CURVE_WITH_KNOTS('',3,(#9069,#9070,#9071,#9072,#9073,
    #9074,#9075,#9076,#9077,#9078,#9079,#9080,#9081,#9082,#9083,#9084,
    #9085,#9086,#9087,#9088,#9089,#9090,#9091,#9092,#9093,#9094,#9095,
    #9096,#9097,#9098,#9099,#9100,#9101,#9102,#9103,#9104,#9105,#9106,
    #9107,#9108,#9109,#9110,#9111,#9112,#9113,#9114,#9115),
  .UNSPECIFIED.,.F.,.F.,(4,1,1,1,1,1,1,1,1,1,1,1,1,1,1,1,1,1,1,1,1,1,1,1
    ,1,1,1,1,1,1,1,1,1,1,1,1,1,1,1,1,1,1,1,1,4),(0.,8.735293048255E-02,
    0.172697747622,0.256034451418,0.337363041871,0.416683518981,
    0.493995882747,0.569300133171,0.642596270251,0.713884293989,
    0.783164204383,0.850436001435,0.915699685144,0.97895525551,
    1.040202712533,1.099442056214,1.156673286553,1.211896403548,
    1.265111407202,1.316318297513,1.365517074482,1.41270773811,
    1.457890288395,1.501064725339,1.542231048942,1.581389259203,
    1.618539356124,1.653681339704,1.686815209945,1.717940966845,
    1.747058610407,1.774168140631,1.799269557517,1.822362861067,
    1.843448051283,1.862525128166,1.879594091718,1.894654941944,
    1.907707678849,1.918752302441,1.927788812733,1.934817209752,
    1.939837493553,1.942849664305,1.943853723184),.UNSPECIFIED.);
#9069 = CARTESIAN_POINT('',(-0.47972328691,-14.49206215719,6.));
#9070 = CARTESIAN_POINT('',(-0.464785752713,-14.46706788729,6.));
#9071 = CARTESIAN_POINT('',(-0.435560798623,-14.41747025139,6.));
#9072 = CARTESIAN_POINT('',(-0.393161962518,-14.34339965777,6.));
#9073 = CARTESIAN_POINT('',(-0.352673754829,-14.27055681602,6.));
#9074 = CARTESIAN_POINT('',(-0.314058561013,-14.19897780446,6.));
#9075 = CARTESIAN_POINT('',(-0.277277982545,-14.1286979412,6.));
#9076 = CARTESIAN_POINT('',(-0.242293079283,-14.0597517779,6.));
#9077 = CARTESIAN_POINT('',(-0.209064323497,-13.99217308981,6.));
#9078 = CARTESIAN_POINT('',(-0.177551628543,-13.92599486699,6.));
#9079 = CARTESIAN_POINT('',(-0.147714358445,-13.86124930551,6.));
#9080 = CARTESIAN_POINT('',(-0.119511342565,-13.79796779893,6.));
#9081 = CARTESIAN_POINT('',(-9.290088912749E-02,-13.73618093001,6.));
#9082 = CARTESIAN_POINT('',(-6.784079918669E-02,-13.67591846254,6.));
#9083 = CARTESIAN_POINT('',(-4.428838063994E-02,-13.61720933355,6.));
#9084 = CARTESIAN_POINT('',(-2.220046237484E-02,-13.56008164561,6.));
#9085 = CARTESIAN_POINT('',(-1.533408526247E-03,-13.5045626594,6.));
#9086 = CARTESIAN_POINT('',(1.775686715511E-02,-13.45067878656,6.));
#9087 = CARTESIAN_POINT('',(3.571488682714E-02,-13.39845558265,6.));
#9088 = CARTESIAN_POINT('',(5.238559397742E-02,-13.34791774045,6.));
#9089 = CARTESIAN_POINT('',(6.781433874389E-02,-13.29908908348,6.));
#9090 = CARTESIAN_POINT('',(8.204686313918E-02,-13.25199255965,6.));
#9091 = CARTESIAN_POINT('',(9.512928618154E-02,-13.20665023527,6.));
#9092 = CARTESIAN_POINT('',(0.107108088936,-13.16308328925,6.));
#9093 = CARTESIAN_POINT('',(0.118030099471,-13.12131200749,6.));
#9094 = CARTESIAN_POINT('',(0.127942477729,-13.08135577759,6.));
#9095 = CARTESIAN_POINT('',(0.136892700321,-13.04323308374,6.));
#9096 = CARTESIAN_POINT('',(0.144928545244,-13.00696150186,6.));
#9097 = CARTESIAN_POINT('',(0.152098076527,-12.97255769501,6.));
#9098 = CARTESIAN_POINT('',(0.158449628804,-12.94003740903,6.));
#9099 = CARTESIAN_POINT('',(0.164031791828,-12.90941546838,6.));
#9100 = CARTESIAN_POINT('',(0.168893394908,-12.8807057723,6.));
#9101 = CARTESIAN_POINT('',(0.173083491313,-12.85392129115,6.));
#9102 = CARTESIAN_POINT('',(0.176651342523,-12.82907406305,6.));
#9103 = CARTESIAN_POINT('',(0.179646402727,-12.80617519072,6.));
#9104 = CARTESIAN_POINT('',(0.182118302202,-12.7852348386,6.));
#9105 = CARTESIAN_POINT('',(0.184116834059,-12.76626223018,6.));
#9106 = CARTESIAN_POINT('',(0.185691929734,-12.74926564571,6.));
#9107 = CARTESIAN_POINT('',(0.186893669556,-12.73425241969,6.));
#9108 = CARTESIAN_POINT('',(0.187772183558,-12.72122894024,6.));
#9109 = CARTESIAN_POINT('',(0.18837788214,-12.71020064356,6.));
#9110 = CARTESIAN_POINT('',(0.188760718863,-12.70117202399,6.));
#9111 = CARTESIAN_POINT('',(0.188972139135,-12.69414660162,6.));
#9112 = CARTESIAN_POINT('',(0.189060004807,-12.68912700178,6.));
#9113 = CARTESIAN_POINT('',(0.18907974459,-12.68611477636,6.));
#9114 = CARTESIAN_POINT('',(0.189071087565,-12.68477606057,6.));
#9115 = CARTESIAN_POINT('',(0.189067783634,-12.68444138511,6.));
#9116 = ORIENTED_EDGE('',*,*,#9117,.F.);
#9117 = EDGE_CURVE('',#9118,#9066,#9120,.T.);
#9118 = VERTEX_POINT('',#9119);
#9119 = CARTESIAN_POINT('',(0.189067783634,-12.68444138511,0.));
#9120 = LINE('',#9121,#9122);
#9121 = CARTESIAN_POINT('',(0.189067783634,-12.68444138511,0.));
#9122 = VECTOR('',#9123,1.);
#9123 = DIRECTION('',(0.,0.,1.));
#9124 = ORIENTED_EDGE('',*,*,#9125,.F.);
#9125 = EDGE_CURVE('',#9043,#9118,#9126,.T.);
#9126 = B_SPLINE_CURVE_WITH_KNOTS('',3,(#9127,#9128,#9129,#9130,#9131,
    #9132,#9133,#9134,#9135,#9136,#9137,#9138,#9139,#9140,#9141,#9142,
    #9143,#9144,#9145,#9146,#9147,#9148,#9149,#9150,#9151,#9152,#9153,
    #9154,#9155,#9156,#9157,#9158,#9159,#9160,#9161,#9162,#9163,#9164,
    #9165,#9166,#9167,#9168,#9169,#9170,#9171,#9172,#9173),
  .UNSPECIFIED.,.F.,.F.,(4,1,1,1,1,1,1,1,1,1,1,1,1,1,1,1,1,1,1,1,1,1,1,1
    ,1,1,1,1,1,1,1,1,1,1,1,1,1,1,1,1,1,1,1,1,4),(0.,8.735293048255E-02,
    0.172697747622,0.256034451418,0.337363041871,0.416683518981,
    0.493995882747,0.569300133171,0.642596270251,0.713884293989,
    0.783164204383,0.850436001435,0.915699685144,0.97895525551,
    1.040202712533,1.099442056214,1.156673286553,1.211896403548,
    1.265111407202,1.316318297513,1.365517074482,1.41270773811,
    1.457890288395,1.501064725339,1.542231048942,1.581389259203,
    1.618539356124,1.653681339704,1.686815209945,1.717940966845,
    1.747058610407,1.774168140631,1.799269557517,1.822362861067,
    1.843448051283,1.862525128166,1.879594091718,1.894654941944,
    1.907707678849,1.918752302441,1.927788812733,1.934817209752,
    1.939837493553,1.942849664305,1.943853723184),.UNSPECIFIED.);
#9127 = CARTESIAN_POINT('',(-0.47972328691,-14.49206215719,0.));
#9128 = CARTESIAN_POINT('',(-0.464785752713,-14.46706788729,0.));
#9129 = CARTESIAN_POINT('',(-0.435560798623,-14.41747025139,0.));
#9130 = CARTESIAN_POINT('',(-0.393161962518,-14.34339965777,0.));
#9131 = CARTESIAN_POINT('',(-0.352673754829,-14.27055681602,0.));
#9132 = CARTESIAN_POINT('',(-0.314058561013,-14.19897780446,0.));
#9133 = CARTESIAN_POINT('',(-0.277277982545,-14.1286979412,0.));
#9134 = CARTESIAN_POINT('',(-0.242293079283,-14.0597517779,0.));
#9135 = CARTESIAN_POINT('',(-0.209064323497,-13.99217308981,0.));
#9136 = CARTESIAN_POINT('',(-0.177551628543,-13.92599486699,0.));
#9137 = CARTESIAN_POINT('',(-0.147714358445,-13.86124930551,0.));
#9138 = CARTESIAN_POINT('',(-0.119511342565,-13.79796779893,0.));
#9139 = CARTESIAN_POINT('',(-9.290088912749E-02,-13.73618093001,0.));
#9140 = CARTESIAN_POINT('',(-6.784079918669E-02,-13.67591846254,0.));
#9141 = CARTESIAN_POINT('',(-4.428838063994E-02,-13.61720933355,0.));
#9142 = CARTESIAN_POINT('',(-2.220046237484E-02,-13.56008164561,0.));
#9143 = CARTESIAN_POINT('',(-1.533408526247E-03,-13.5045626594,0.));
#9144 = CARTESIAN_POINT('',(1.775686715511E-02,-13.45067878656,0.));
#9145 = CARTESIAN_POINT('',(3.571488682714E-02,-13.39845558265,0.));
#9146 = CARTESIAN_POINT('',(5.238559397742E-02,-13.34791774045,0.));
#9147 = CARTESIAN_POINT('',(6.781433874389E-02,-13.29908908348,0.));
#9148 = CARTESIAN_POINT('',(8.204686313918E-02,-13.25199255965,0.));
#9149 = CARTESIAN_POINT('',(9.512928618154E-02,-13.20665023527,0.));
#9150 = CARTESIAN_POINT('',(0.107108088936,-13.16308328925,0.));
#9151 = CARTESIAN_POINT('',(0.118030099471,-13.12131200749,0.));
#9152 = CARTESIAN_POINT('',(0.127942477729,-13.08135577759,0.));
#9153 = CARTESIAN_POINT('',(0.136892700321,-13.04323308374,0.));
#9154 = CARTESIAN_POINT('',(0.144928545244,-13.00696150186,0.));
#9155 = CARTESIAN_POINT('',(0.152098076527,-12.97255769501,0.));
#9156 = CARTESIAN_POINT('',(0.158449628804,-12.94003740903,0.));
#9157 = CARTESIAN_POINT('',(0.164031791828,-12.90941546838,0.));
#9158 = CARTESIAN_POINT('',(0.168893394908,-12.8807057723,0.));
#9159 = CARTESIAN_POINT('',(0.173083491313,-12.85392129115,0.));
#9160 = CARTESIAN_POINT('',(0.176651342523,-12.82907406305,0.));
#9161 = CARTESIAN_POINT('',(0.179646402727,-12.80617519072,0.));
#9162 = CARTESIAN_POINT('',(0.182118302202,-12.7852348386,0.));
#9163 = CARTESIAN_POINT('',(0.184116834059,-12.76626223018,0.));
#9164 = CARTESIAN_POINT('',(0.185691929734,-12.74926564571,0.));
#9165 = CARTESIAN_POINT('',(0.186893669556,-12.73425241969,0.));
#9166 = CARTESIAN_POINT('',(0.187772183558,-12.72122894024,0.));
#9167 = CARTESIAN_POINT('',(0.18837788214,-12.71020064356,0.));
#9168 = CARTESIAN_POINT('',(0.188760718863,-12.70117202399,0.));
#9169 = CARTESIAN_POINT('',(0.188972139135,-12.69414660162,0.));
#9170 = CARTESIAN_POINT('',(0.189060004807,-12.68912700178,0.));
#9171 = CARTESIAN_POINT('',(0.18907974459,-12.68611477636,0.));
#9172 = CARTESIAN_POINT('',(0.189071087565,-12.68477606057,0.));
#9173 = CARTESIAN_POINT('',(0.189067783634,-12.68444138511,0.));
#9174 = SURFACE_OF_LINEAR_EXTRUSION('',#9175,#9223);
#9175 = B_SPLINE_CURVE_WITH_KNOTS('',3,(#9176,#9177,#9178,#9179,#9180,
    #9181,#9182,#9183,#9184,#9185,#9186,#9187,#9188,#9189,#9190,#9191,
    #9192,#9193,#9194,#9195,#9196,#9197,#9198,#9199,#9200,#9201,#9202,
    #9203,#9204,#9205,#9206,#9207,#9208,#9209,#9210,#9211,#9212,#9213,
    #9214,#9215,#9216,#9217,#9218,#9219,#9220,#9221,#9222),
  .UNSPECIFIED.,.F.,.F.,(4,1,1,1,1,1,1,1,1,1,1,1,1,1,1,1,1,1,1,1,1,1,1,1
    ,1,1,1,1,1,1,1,1,1,1,1,1,1,1,1,1,1,1,1,1,4),(0.,8.735293048255E-02,
    0.172697747622,0.256034451418,0.337363041871,0.416683518981,
    0.493995882747,0.569300133171,0.642596270251,0.713884293989,
    0.783164204383,0.850436001435,0.915699685144,0.97895525551,
    1.040202712533,1.099442056214,1.156673286553,1.211896403548,
    1.265111407202,1.316318297513,1.365517074482,1.41270773811,
    1.457890288395,1.501064725339,1.542231048942,1.581389259203,
    1.618539356124,1.653681339704,1.686815209945,1.717940966845,
    1.747058610407,1.774168140631,1.799269557517,1.822362861067,
    1.843448051283,1.862525128166,1.879594091718,1.894654941944,
    1.907707678849,1.918752302441,1.927788812733,1.934817209752,
    1.939837493553,1.942849664305,1.943853723184),.UNSPECIFIED.);
#9176 = CARTESIAN_POINT('',(-0.47972328691,-14.49206215719,0.));
#9177 = CARTESIAN_POINT('',(-0.464785752713,-14.46706788729,0.));
#9178 = CARTESIAN_POINT('',(-0.435560798623,-14.41747025139,0.));
#9179 = CARTESIAN_POINT('',(-0.393161962518,-14.34339965777,0.));
#9180 = CARTESIAN_POINT('',(-0.352673754829,-14.27055681602,0.));
#9181 = CARTESIAN_POINT('',(-0.314058561013,-14.19897780446,0.));
#9182 = CARTESIAN_POINT('',(-0.277277982545,-14.1286979412,0.));
#9183 = CARTESIAN_POINT('',(-0.242293079283,-14.0597517779,0.));
#9184 = CARTESIAN_POINT('',(-0.209064323497,-13.99217308981,0.));
#9185 = CARTESIAN_POINT('',(-0.177551628543,-13.92599486699,0.));
#9186 = CARTESIAN_POINT('',(-0.147714358445,-13.86124930551,0.));
#9187 = CARTESIAN_POINT('',(-0.119511342565,-13.79796779893,0.));
#9188 = CARTESIAN_POINT('',(-9.290088912749E-02,-13.73618093001,0.));
#9189 = CARTESIAN_POINT('',(-6.784079918669E-02,-13.67591846254,0.));
#9190 = CARTESIAN_POINT('',(-4.428838063994E-02,-13.61720933355,0.));
#9191 = CARTESIAN_POINT('',(-2.220046237484E-02,-13.56008164561,0.));
#9192 = CARTESIAN_POINT('',(-1.533408526247E-03,-13.5045626594,0.));
#9193 = CARTESIAN_POINT('',(1.775686715511E-02,-13.45067878656,0.));
#9194 = CARTESIAN_POINT('',(3.571488682714E-02,-13.39845558265,0.));
#9195 = CARTESIAN_POINT('',(5.238559397742E-02,-13.34791774045,0.));
#9196 = CARTESIAN_POINT('',(6.781433874389E-02,-13.29908908348,0.));
#9197 = CARTESIAN_POINT('',(8.204686313918E-02,-13.25199255965,0.));
#9198 = CARTESIAN_POINT('',(9.512928618154E-02,-13.20665023527,0.));
#9199 = CARTESIAN_POINT('',(0.107108088936,-13.16308328925,0.));
#9200 = CARTESIAN_POINT('',(0.118030099471,-13.12131200749,0.));
#9201 = CARTESIAN_POINT('',(0.127942477729,-13.08135577759,0.));
#9202 = CARTESIAN_POINT('',(0.136892700321,-13.04323308374,0.));
#9203 = CARTESIAN_POINT('',(0.144928545244,-13.00696150186,0.));
#9204 = CARTESIAN_POINT('',(0.152098076527,-12.97255769501,0.));
#9205 = CARTESIAN_POINT('',(0.158449628804,-12.94003740903,0.));
#9206 = CARTESIAN_POINT('',(0.164031791828,-12.90941546838,0.));
#9207 = CARTESIAN_POINT('',(0.168893394908,-12.8807057723,0.));
#9208 = CARTESIAN_POINT('',(0.173083491313,-12.85392129115,0.));
#9209 = CARTESIAN_POINT('',(0.176651342523,-12.82907406305,0.));
#9210 = CARTESIAN_POINT('',(0.179646402727,-12.80617519072,0.));
#9211 = CARTESIAN_POINT('',(0.182118302202,-12.7852348386,0.));
#9212 = CARTESIAN_POINT('',(0.184116834059,-12.76626223018,0.));
#9213 = CARTESIAN_POINT('',(0.185691929734,-12.74926564571,0.));
#9214 = CARTESIAN_POINT('',(0.186893669556,-12.73425241969,0.));
#9215 = CARTESIAN_POINT('',(0.187772183558,-12.72122894024,0.));
#9216 = CARTESIAN_POINT('',(0.18837788214,-12.71020064356,0.));
#9217 = CARTESIAN_POINT('',(0.188760718863,-12.70117202399,0.));
#9218 = CARTESIAN_POINT('',(0.188972139135,-12.69414660162,0.));
#9219 = CARTESIAN_POINT('',(0.189060004807,-12.68912700178,0.));
#9220 = CARTESIAN_POINT('',(0.18907974459,-12.68611477636,0.));
#9221 = CARTESIAN_POINT('',(0.189071087565,-12.68477606057,0.));
#9222 = CARTESIAN_POINT('',(0.189067783634,-12.68444138511,0.));
#9223 = VECTOR('',#9224,1.);
#9224 = DIRECTION('',(-0.,-0.,-1.));
#9225 = ADVANCED_FACE('',(#9226),#9249,.F.);
#9226 = FACE_BOUND('',#9227,.F.);
#9227 = EDGE_LOOP('',(#9228,#9229,#9236,#9244));
#9228 = ORIENTED_EDGE('',*,*,#9117,.T.);
#9229 = ORIENTED_EDGE('',*,*,#9230,.T.);
#9230 = EDGE_CURVE('',#9066,#9231,#9233,.T.);
#9231 = VERTEX_POINT('',#9232);
#9232 = CARTESIAN_POINT('',(0.182571942758,-12.24863941365,6.));
#9233 = B_SPLINE_CURVE_WITH_KNOTS('',1,(#9234,#9235),.UNSPECIFIED.,.F.,
  .F.,(2,2),(0.,0.43585038061),.PIECEWISE_BEZIER_KNOTS.);
#9234 = CARTESIAN_POINT('',(0.189067783634,-12.68444138511,6.));
#9235 = CARTESIAN_POINT('',(0.182571942758,-12.24863941365,6.));
#9236 = ORIENTED_EDGE('',*,*,#9237,.F.);
#9237 = EDGE_CURVE('',#9238,#9231,#9240,.T.);
#9238 = VERTEX_POINT('',#9239);
#9239 = CARTESIAN_POINT('',(0.182571942758,-12.24863941365,0.));
#9240 = LINE('',#9241,#9242);
#9241 = CARTESIAN_POINT('',(0.182571942758,-12.24863941365,0.));
#9242 = VECTOR('',#9243,1.);
#9243 = DIRECTION('',(0.,0.,1.));
#9244 = ORIENTED_EDGE('',*,*,#9245,.F.);
#9245 = EDGE_CURVE('',#9118,#9238,#9246,.T.);
#9246 = B_SPLINE_CURVE_WITH_KNOTS('',1,(#9247,#9248),.UNSPECIFIED.,.F.,
  .F.,(2,2),(0.,0.43585038061),.PIECEWISE_BEZIER_KNOTS.);
#9247 = CARTESIAN_POINT('',(0.189067783634,-12.68444138511,0.));
#9248 = CARTESIAN_POINT('',(0.182571942758,-12.24863941365,0.));
#9249 = SURFACE_OF_LINEAR_EXTRUSION('',#9250,#9253);
#9250 = B_SPLINE_CURVE_WITH_KNOTS('',1,(#9251,#9252),.UNSPECIFIED.,.F.,
  .F.,(2,2),(0.,0.43585038061),.PIECEWISE_BEZIER_KNOTS.);
#9251 = CARTESIAN_POINT('',(0.189067783634,-12.68444138511,0.));
#9252 = CARTESIAN_POINT('',(0.182571942758,-12.24863941365,0.));
#9253 = VECTOR('',#9254,1.);
#9254 = DIRECTION('',(-0.,-0.,-1.));
#9255 = ADVANCED_FACE('',(#9256),#9279,.F.);
#9256 = FACE_BOUND('',#9257,.F.);
#9257 = EDGE_LOOP('',(#9258,#9259,#9266,#9274));
#9258 = ORIENTED_EDGE('',*,*,#9237,.T.);
#9259 = ORIENTED_EDGE('',*,*,#9260,.T.);
#9260 = EDGE_CURVE('',#9231,#9261,#9263,.T.);
#9261 = VERTEX_POINT('',#9262);
#9262 = CARTESIAN_POINT('',(1.240642787006,-12.18701380466,6.));
#9263 = B_SPLINE_CURVE_WITH_KNOTS('',1,(#9264,#9265),.UNSPECIFIED.,.F.,
  .F.,(2,2),(0.,1.059863966333),.PIECEWISE_BEZIER_KNOTS.);
#9264 = CARTESIAN_POINT('',(0.182571942758,-12.24863941365,6.));
#9265 = CARTESIAN_POINT('',(1.240642787006,-12.18701380466,6.));
#9266 = ORIENTED_EDGE('',*,*,#9267,.F.);
#9267 = EDGE_CURVE('',#9268,#9261,#9270,.T.);
#9268 = VERTEX_POINT('',#9269);
#9269 = CARTESIAN_POINT('',(1.240642787006,-12.18701380466,0.));
#9270 = LINE('',#9271,#9272);
#9271 = CARTESIAN_POINT('',(1.240642787006,-12.18701380466,0.));
#9272 = VECTOR('',#9273,1.);
#9273 = DIRECTION('',(0.,0.,1.));
#9274 = ORIENTED_EDGE('',*,*,#9275,.F.);
#9275 = EDGE_CURVE('',#9238,#9268,#9276,.T.);
#9276 = B_SPLINE_CURVE_WITH_KNOTS('',1,(#9277,#9278),.UNSPECIFIED.,.F.,
  .F.,(2,2),(0.,1.059863966333),.PIECEWISE_BEZIER_KNOTS.);
#9277 = CARTESIAN_POINT('',(0.182571942758,-12.24863941365,0.));
#9278 = CARTESIAN_POINT('',(1.240642787006,-12.18701380466,0.));
#9279 = SURFACE_OF_LINEAR_EXTRUSION('',#9280,#9283);
#9280 = B_SPLINE_CURVE_WITH_KNOTS('',1,(#9281,#9282),.UNSPECIFIED.,.F.,
  .F.,(2,2),(0.,1.059863966333),.PIECEWISE_BEZIER_KNOTS.);
#9281 = CARTESIAN_POINT('',(0.182571942758,-12.24863941365,0.));
#9282 = CARTESIAN_POINT('',(1.240642787006,-12.18701380466,0.));
#9283 = VECTOR('',#9284,1.);
#9284 = DIRECTION('',(-0.,-0.,-1.));
#9285 = ADVANCED_FACE('',(#9286),#9309,.F.);
#9286 = FACE_BOUND('',#9287,.F.);
#9287 = EDGE_LOOP('',(#9288,#9289,#9296,#9304));
#9288 = ORIENTED_EDGE('',*,*,#9267,.T.);
#9289 = ORIENTED_EDGE('',*,*,#9290,.T.);
#9290 = EDGE_CURVE('',#9261,#9291,#9293,.T.);
#9291 = VERTEX_POINT('',#9292);
#9292 = CARTESIAN_POINT('',(1.28478438953,-12.62062316019,6.));
#9293 = B_SPLINE_CURVE_WITH_KNOTS('',1,(#9294,#9295),.UNSPECIFIED.,.F.,
  .F.,(2,2),(0.,0.43585038061),.PIECEWISE_BEZIER_KNOTS.);
#9294 = CARTESIAN_POINT('',(1.240642787006,-12.18701380466,6.));
#9295 = CARTESIAN_POINT('',(1.28478438953,-12.62062316019,6.));
#9296 = ORIENTED_EDGE('',*,*,#9297,.F.);
#9297 = EDGE_CURVE('',#9298,#9291,#9300,.T.);
#9298 = VERTEX_POINT('',#9299);
#9299 = CARTESIAN_POINT('',(1.28478438953,-12.62062316019,0.));
#9300 = LINE('',#9301,#9302);
#9301 = CARTESIAN_POINT('',(1.28478438953,-12.62062316019,0.));
#9302 = VECTOR('',#9303,1.);
#9303 = DIRECTION('',(0.,0.,1.));
#9304 = ORIENTED_EDGE('',*,*,#9305,.F.);
#9305 = EDGE_CURVE('',#9268,#9298,#9306,.T.);
#9306 = B_SPLINE_CURVE_WITH_KNOTS('',1,(#9307,#9308),.UNSPECIFIED.,.F.,
  .F.,(2,2),(0.,0.43585038061),.PIECEWISE_BEZIER_KNOTS.);
#9307 = CARTESIAN_POINT('',(1.240642787006,-12.18701380466,0.));
#9308 = CARTESIAN_POINT('',(1.28478438953,-12.62062316019,0.));
#9309 = SURFACE_OF_LINEAR_EXTRUSION('',#9310,#9313);
#9310 = B_SPLINE_CURVE_WITH_KNOTS('',1,(#9311,#9312),.UNSPECIFIED.,.F.,
  .F.,(2,2),(0.,0.43585038061),.PIECEWISE_BEZIER_KNOTS.);
#9311 = CARTESIAN_POINT('',(1.240642787006,-12.18701380466,0.));
#9312 = CARTESIAN_POINT('',(1.28478438953,-12.62062316019,0.));
#9313 = VECTOR('',#9314,1.);
#9314 = DIRECTION('',(-0.,-0.,-1.));
#9315 = ADVANCED_FACE('',(#9316),#9429,.F.);
#9316 = FACE_BOUND('',#9317,.F.);
#9317 = EDGE_LOOP('',(#9318,#9319,#9371,#9379));
#9318 = ORIENTED_EDGE('',*,*,#9297,.T.);
#9319 = ORIENTED_EDGE('',*,*,#9320,.T.);
#9320 = EDGE_CURVE('',#9291,#9321,#9323,.T.);
#9321 = VERTEX_POINT('',#9322);
#9322 = CARTESIAN_POINT('',(2.158905297174,-14.33837954295,6.));
#9323 = B_SPLINE_CURVE_WITH_KNOTS('',3,(#9324,#9325,#9326,#9327,#9328,
    #9329,#9330,#9331,#9332,#9333,#9334,#9335,#9336,#9337,#9338,#9339,
    #9340,#9341,#9342,#9343,#9344,#9345,#9346,#9347,#9348,#9349,#9350,
    #9351,#9352,#9353,#9354,#9355,#9356,#9357,#9358,#9359,#9360,#9361,
    #9362,#9363,#9364,#9365,#9366,#9367,#9368,#9369,#9370),
  .UNSPECIFIED.,.F.,.F.,(4,1,1,1,1,1,1,1,1,1,1,1,1,1,1,1,1,1,1,1,1,1,1,1
    ,1,1,1,1,1,1,1,1,1,1,1,1,1,1,1,1,1,1,1,1,4),(0.,1.004058879412E-03,
    4.016229631009E-03,9.036513432115E-03,1.606491045092E-02,
    2.510142074349E-02,3.614604433531E-02,4.91987812401E-02,
    6.425963146609E-02,8.132859501861E-02,0.100405671901,0.121490862117,
    0.144584165667,0.169685582553,0.196795112777,0.225912756339,
    0.25703851324,0.29017238348,0.32531436706,0.362464463981,
    0.401622674242,0.442788997845,0.485963434789,0.531145985075,
    0.578336648702,0.627535425671,0.678742315982,0.731957319636,
    0.787180436632,0.84441166697,0.903651010651,0.964898467674,
    1.02815403804,1.093417721749,1.160689518801,1.229969429195,
    1.301257452933,1.374553590013,1.449857840437,1.527170204204,
    1.606490681313,1.687819271766,1.771155975562,1.856500792702,
    1.943853723184),.UNSPECIFIED.);
#9324 = CARTESIAN_POINT('',(1.28478438953,-12.62062316019,6.));
#9325 = CARTESIAN_POINT('',(1.284819961389,-12.62095595626,6.));
#9326 = CARTESIAN_POINT('',(1.284966778317,-12.62228662515,6.));
#9327 = CARTESIAN_POINT('',(1.285336082653,-12.62527619133,6.));
#9328 = CARTESIAN_POINT('',(1.286006094182,-12.63025164985,6.));
#9329 = CARTESIAN_POINT('',(1.287031686662,-12.63720502443,6.));
#9330 = CARTESIAN_POINT('',(1.288460093536,-12.64612815107,6.));
#9331 = CARTESIAN_POINT('',(1.290342003701,-12.65701156104,6.));
#9332 = CARTESIAN_POINT('',(1.292726511186,-12.66984499114,6.));
#9333 = CARTESIAN_POINT('',(1.295663054433,-12.68461718962,6.));
#9334 = CARTESIAN_POINT('',(1.299200682895,-12.70131599181,6.));
#9335 = CARTESIAN_POINT('',(1.303388286795,-12.71992829886,6.));
#9336 = CARTESIAN_POINT('',(1.30827449867,-12.74044008979,6.));
#9337 = CARTESIAN_POINT('',(1.313907704168,-12.76283642287,6.));
#9338 = CARTESIAN_POINT('',(1.320336017962,-12.78710144066,6.));
#9339 = CARTESIAN_POINT('',(1.327607270905,-12.81321837422,6.));
#9340 = CARTESIAN_POINT('',(1.335768993845,-12.84116954794,6.));
#9341 = CARTESIAN_POINT('',(1.344868402606,-12.87093638441,6.));
#9342 = CARTESIAN_POINT('',(1.354952382727,-12.90249940964,6.));
#9343 = CARTESIAN_POINT('',(1.366067474398,-12.93583825847,6.));
#9344 = CARTESIAN_POINT('',(1.378259857453,-12.97093168024,6.));
#9345 = CARTESIAN_POINT('',(1.391575336465,-13.00775754465,6.));
#9346 = CARTESIAN_POINT('',(1.406059325933,-13.04629284794,6.));
#9347 = CARTESIAN_POINT('',(1.421756835566,-13.0865137192,6.));
#9348 = CARTESIAN_POINT('',(1.438712455666,-13.128395427,6.));
#9349 = CARTESIAN_POINT('',(1.456970342614,-13.17191238619,6.));
#9350 = CARTESIAN_POINT('',(1.476574204467,-13.21703816494,6.));
#9351 = CARTESIAN_POINT('',(1.497567286662,-13.26374549207,6.));
#9352 = CARTESIAN_POINT('',(1.519992357828,-13.31200626448,6.));
#9353 = CARTESIAN_POINT('',(1.543891695723,-13.36179155493,6.));
#9354 = CARTESIAN_POINT('',(1.569307073284,-13.41307161999,6.));
#9355 = CARTESIAN_POINT('',(1.596279744805,-13.46581590816,6.));
#9356 = CARTESIAN_POINT('',(1.624850432239,-13.51999306831,6.));
#9357 = CARTESIAN_POINT('',(1.655059311628,-13.57557095827,6.));
#9358 = CARTESIAN_POINT('',(1.686945999666,-13.63251665362,6.));
#9359 = CARTESIAN_POINT('',(1.720549540406,-13.69079645676,6.));
#9360 = CARTESIAN_POINT('',(1.75590839209,-13.75037590612,6.));
#9361 = CARTESIAN_POINT('',(1.793060414151,-13.81121978565,6.));
#9362 = CARTESIAN_POINT('',(1.832042854274,-13.87329213441,6.));
#9363 = CARTESIAN_POINT('',(1.872892335934,-13.9365562565,6.));
#9364 = CARTESIAN_POINT('',(1.91564484481,-14.00097473113,6.));
#9365 = CARTESIAN_POINT('',(1.960335720295,-14.06650942256,6.));
#9366 = CARTESIAN_POINT('',(2.006999628026,-14.13312149207,6.));
#9367 = CARTESIAN_POINT('',(2.055670606712,-14.20077140257,6.));
#9368 = CARTESIAN_POINT('',(2.10638182812,-14.2694189529,6.));
#9369 = CARTESIAN_POINT('',(2.141167107611,-14.31528841724,6.));
#9370 = CARTESIAN_POINT('',(2.158905297174,-14.33837954295,6.));
#9371 = ORIENTED_EDGE('',*,*,#9372,.F.);
#9372 = EDGE_CURVE('',#9373,#9321,#9375,.T.);
#9373 = VERTEX_POINT('',#9374);
#9374 = CARTESIAN_POINT('',(2.158905297174,-14.33837954295,0.));
#9375 = LINE('',#9376,#9377);
#9376 = CARTESIAN_POINT('',(2.158905297174,-14.33837954295,0.));
#9377 = VECTOR('',#9378,1.);
#9378 = DIRECTION('',(0.,0.,1.));
#9379 = ORIENTED_EDGE('',*,*,#9380,.F.);
#9380 = EDGE_CURVE('',#9298,#9373,#9381,.T.);
#9381 = B_SPLINE_CURVE_WITH_KNOTS('',3,(#9382,#9383,#9384,#9385,#9386,
    #9387,#9388,#9389,#9390,#9391,#9392,#9393,#9394,#9395,#9396,#9397,
    #9398,#9399,#9400,#9401,#9402,#9403,#9404,#9405,#9406,#9407,#9408,
    #9409,#9410,#9411,#9412,#9413,#9414,#9415,#9416,#9417,#9418,#9419,
    #9420,#9421,#9422,#9423,#9424,#9425,#9426,#9427,#9428),
  .UNSPECIFIED.,.F.,.F.,(4,1,1,1,1,1,1,1,1,1,1,1,1,1,1,1,1,1,1,1,1,1,1,1
    ,1,1,1,1,1,1,1,1,1,1,1,1,1,1,1,1,1,1,1,1,4),(0.,1.004058879412E-03,
    4.016229631009E-03,9.036513432115E-03,1.606491045092E-02,
    2.510142074349E-02,3.614604433531E-02,4.91987812401E-02,
    6.425963146609E-02,8.132859501861E-02,0.100405671901,0.121490862117,
    0.144584165667,0.169685582553,0.196795112777,0.225912756339,
    0.25703851324,0.29017238348,0.32531436706,0.362464463981,
    0.401622674242,0.442788997845,0.485963434789,0.531145985075,
    0.578336648702,0.627535425671,0.678742315982,0.731957319636,
    0.787180436632,0.84441166697,0.903651010651,0.964898467674,
    1.02815403804,1.093417721749,1.160689518801,1.229969429195,
    1.301257452933,1.374553590013,1.449857840437,1.527170204204,
    1.606490681313,1.687819271766,1.771155975562,1.856500792702,
    1.943853723184),.UNSPECIFIED.);
#9382 = CARTESIAN_POINT('',(1.28478438953,-12.62062316019,0.));
#9383 = CARTESIAN_POINT('',(1.284819961389,-12.62095595626,0.));
#9384 = CARTESIAN_POINT('',(1.284966778317,-12.62228662515,0.));
#9385 = CARTESIAN_POINT('',(1.285336082653,-12.62527619133,0.));
#9386 = CARTESIAN_POINT('',(1.286006094182,-12.63025164985,0.));
#9387 = CARTESIAN_POINT('',(1.287031686662,-12.63720502443,0.));
#9388 = CARTESIAN_POINT('',(1.288460093536,-12.64612815107,0.));
#9389 = CARTESIAN_POINT('',(1.290342003701,-12.65701156104,0.));
#9390 = CARTESIAN_POINT('',(1.292726511186,-12.66984499114,0.));
#9391 = CARTESIAN_POINT('',(1.295663054433,-12.68461718962,0.));
#9392 = CARTESIAN_POINT('',(1.299200682895,-12.70131599181,0.));
#9393 = CARTESIAN_POINT('',(1.303388286795,-12.71992829886,0.));
#9394 = CARTESIAN_POINT('',(1.30827449867,-12.74044008979,0.));
#9395 = CARTESIAN_POINT('',(1.313907704168,-12.76283642287,0.));
#9396 = CARTESIAN_POINT('',(1.320336017962,-12.78710144066,0.));
#9397 = CARTESIAN_POINT('',(1.327607270905,-12.81321837422,0.));
#9398 = CARTESIAN_POINT('',(1.335768993845,-12.84116954794,0.));
#9399 = CARTESIAN_POINT('',(1.344868402606,-12.87093638441,0.));
#9400 = CARTESIAN_POINT('',(1.354952382727,-12.90249940964,0.));
#9401 = CARTESIAN_POINT('',(1.366067474398,-12.93583825847,0.));
#9402 = CARTESIAN_POINT('',(1.378259857453,-12.97093168024,0.));
#9403 = CARTESIAN_POINT('',(1.391575336465,-13.00775754465,0.));
#9404 = CARTESIAN_POINT('',(1.406059325933,-13.04629284794,0.));
#9405 = CARTESIAN_POINT('',(1.421756835566,-13.0865137192,0.));
#9406 = CARTESIAN_POINT('',(1.438712455666,-13.128395427,0.));
#9407 = CARTESIAN_POINT('',(1.456970342614,-13.17191238619,0.));
#9408 = CARTESIAN_POINT('',(1.476574204467,-13.21703816494,0.));
#9409 = CARTESIAN_POINT('',(1.497567286662,-13.26374549207,0.));
#9410 = CARTESIAN_POINT('',(1.519992357828,-13.31200626448,0.));
#9411 = CARTESIAN_POINT('',(1.543891695723,-13.36179155493,0.));
#9412 = CARTESIAN_POINT('',(1.569307073284,-13.41307161999,0.));
#9413 = CARTESIAN_POINT('',(1.596279744805,-13.46581590816,0.));
#9414 = CARTESIAN_POINT('',(1.624850432239,-13.51999306831,0.));
#9415 = CARTESIAN_POINT('',(1.655059311628,-13.57557095827,0.));
#9416 = CARTESIAN_POINT('',(1.686945999666,-13.63251665362,0.));
#9417 = CARTESIAN_POINT('',(1.720549540406,-13.69079645676,0.));
#9418 = CARTESIAN_POINT('',(1.75590839209,-13.75037590612,0.));
#9419 = CARTESIAN_POINT('',(1.793060414151,-13.81121978565,0.));
#9420 = CARTESIAN_POINT('',(1.832042854274,-13.87329213441,0.));
#9421 = CARTESIAN_POINT('',(1.872892335934,-13.9365562565,0.));
#9422 = CARTESIAN_POINT('',(1.91564484481,-14.00097473113,0.));
#9423 = CARTESIAN_POINT('',(1.960335720295,-14.06650942256,0.));
#9424 = CARTESIAN_POINT('',(2.006999628026,-14.13312149207,0.));
#9425 = CARTESIAN_POINT('',(2.055670606712,-14.20077140257,0.));
#9426 = CARTESIAN_POINT('',(2.10638182812,-14.2694189529,0.));
#9427 = CARTESIAN_POINT('',(2.141167107611,-14.31528841724,0.));
#9428 = CARTESIAN_POINT('',(2.158905297174,-14.33837954295,0.));
#9429 = SURFACE_OF_LINEAR_EXTRUSION('',#9430,#9478);
#9430 = B_SPLINE_CURVE_WITH_KNOTS('',3,(#9431,#9432,#9433,#9434,#9435,
    #9436,#9437,#9438,#9439,#9440,#9441,#9442,#9443,#9444,#9445,#9446,
    #9447,#9448,#9449,#9450,#9451,#9452,#9453,#9454,#9455,#9456,#9457,
    #9458,#9459,#9460,#9461,#9462,#9463,#9464,#9465,#9466,#9467,#9468,
    #9469,#9470,#9471,#9472,#9473,#9474,#9475,#9476,#9477),
  .UNSPECIFIED.,.F.,.F.,(4,1,1,1,1,1,1,1,1,1,1,1,1,1,1,1,1,1,1,1,1,1,1,1
    ,1,1,1,1,1,1,1,1,1,1,1,1,1,1,1,1,1,1,1,1,4),(0.,1.004058879412E-03,
    4.016229631009E-03,9.036513432115E-03,1.606491045092E-02,
    2.510142074349E-02,3.614604433531E-02,4.91987812401E-02,
    6.425963146609E-02,8.132859501861E-02,0.100405671901,0.121490862117,
    0.144584165667,0.169685582553,0.196795112777,0.225912756339,
    0.25703851324,0.29017238348,0.32531436706,0.362464463981,
    0.401622674242,0.442788997845,0.485963434789,0.531145985075,
    0.578336648702,0.627535425671,0.678742315982,0.731957319636,
    0.787180436632,0.84441166697,0.903651010651,0.964898467674,
    1.02815403804,1.093417721749,1.160689518801,1.229969429195,
    1.301257452933,1.374553590013,1.449857840437,1.527170204204,
    1.606490681313,1.687819271766,1.771155975562,1.856500792702,
    1.943853723184),.UNSPECIFIED.);
#9431 = CARTESIAN_POINT('',(1.28478438953,-12.62062316019,0.));
#9432 = CARTESIAN_POINT('',(1.284819961389,-12.62095595626,0.));
#9433 = CARTESIAN_POINT('',(1.284966778317,-12.62228662515,0.));
#9434 = CARTESIAN_POINT('',(1.285336082653,-12.62527619133,0.));
#9435 = CARTESIAN_POINT('',(1.286006094182,-12.63025164985,0.));
#9436 = CARTESIAN_POINT('',(1.287031686662,-12.63720502443,0.));
#9437 = CARTESIAN_POINT('',(1.288460093536,-12.64612815107,0.));
#9438 = CARTESIAN_POINT('',(1.290342003701,-12.65701156104,0.));
#9439 = CARTESIAN_POINT('',(1.292726511186,-12.66984499114,0.));
#9440 = CARTESIAN_POINT('',(1.295663054433,-12.68461718962,0.));
#9441 = CARTESIAN_POINT('',(1.299200682895,-12.70131599181,0.));
#9442 = CARTESIAN_POINT('',(1.303388286795,-12.71992829886,0.));
#9443 = CARTESIAN_POINT('',(1.30827449867,-12.74044008979,0.));
#9444 = CARTESIAN_POINT('',(1.313907704168,-12.76283642287,0.));
#9445 = CARTESIAN_POINT('',(1.320336017962,-12.78710144066,0.));
#9446 = CARTESIAN_POINT('',(1.327607270905,-12.81321837422,0.));
#9447 = CARTESIAN_POINT('',(1.335768993845,-12.84116954794,0.));
#9448 = CARTESIAN_POINT('',(1.344868402606,-12.87093638441,0.));
#9449 = CARTESIAN_POINT('',(1.354952382727,-12.90249940964,0.));
#9450 = CARTESIAN_POINT('',(1.366067474398,-12.93583825847,0.));
#9451 = CARTESIAN_POINT('',(1.378259857453,-12.97093168024,0.));
#9452 = CARTESIAN_POINT('',(1.391575336465,-13.00775754465,0.));
#9453 = CARTESIAN_POINT('',(1.406059325933,-13.04629284794,0.));
#9454 = CARTESIAN_POINT('',(1.421756835566,-13.0865137192,0.));
#9455 = CARTESIAN_POINT('',(1.438712455666,-13.128395427,0.));
#9456 = CARTESIAN_POINT('',(1.456970342614,-13.17191238619,0.));
#9457 = CARTESIAN_POINT('',(1.476574204467,-13.21703816494,0.));
#9458 = CARTESIAN_POINT('',(1.497567286662,-13.26374549207,0.));
#9459 = CARTESIAN_POINT('',(1.519992357828,-13.31200626448,0.));
#9460 = CARTESIAN_POINT('',(1.543891695723,-13.36179155493,0.));
#9461 = CARTESIAN_POINT('',(1.569307073284,-13.41307161999,0.));
#9462 = CARTESIAN_POINT('',(1.596279744805,-13.46581590816,0.));
#9463 = CARTESIAN_POINT('',(1.624850432239,-13.51999306831,0.));
#9464 = CARTESIAN_POINT('',(1.655059311628,-13.57557095827,0.));
#9465 = CARTESIAN_POINT('',(1.686945999666,-13.63251665362,0.));
#9466 = CARTESIAN_POINT('',(1.720549540406,-13.69079645676,0.));
#9467 = CARTESIAN_POINT('',(1.75590839209,-13.75037590612,0.));
#9468 = CARTESIAN_POINT('',(1.793060414151,-13.81121978565,0.));
#9469 = CARTESIAN_POINT('',(1.832042854274,-13.87329213441,0.));
#9470 = CARTESIAN_POINT('',(1.872892335934,-13.9365562565,0.));
#9471 = CARTESIAN_POINT('',(1.91564484481,-14.00097473113,0.));
#9472 = CARTESIAN_POINT('',(1.960335720295,-14.06650942256,0.));
#9473 = CARTESIAN_POINT('',(2.006999628026,-14.13312149207,0.));
#9474 = CARTESIAN_POINT('',(2.055670606712,-14.20077140257,0.));
#9475 = CARTESIAN_POINT('',(2.10638182812,-14.2694189529,0.));
#9476 = CARTESIAN_POINT('',(2.141167107611,-14.31528841724,0.));
#9477 = CARTESIAN_POINT('',(2.158905297174,-14.33837954295,0.));
#9478 = VECTOR('',#9479,1.);
#9479 = DIRECTION('',(-0.,-0.,-1.));
#9480 = ADVANCED_FACE('',(#9481),#9504,.F.);
#9481 = FACE_BOUND('',#9482,.F.);
#9482 = EDGE_LOOP('',(#9483,#9484,#9491,#9499));
#9483 = ORIENTED_EDGE('',*,*,#9372,.T.);
#9484 = ORIENTED_EDGE('',*,*,#9485,.T.);
#9485 = EDGE_CURVE('',#9321,#9486,#9488,.T.);
#9486 = VERTEX_POINT('',#9487);
#9487 = CARTESIAN_POINT('',(2.87530724961,-14.2120585497,6.));
#9488 = B_SPLINE_CURVE_WITH_KNOTS('',1,(#9489,#9490),.UNSPECIFIED.,.F.,
  .F.,(2,2),(0.,0.72745360731),.PIECEWISE_BEZIER_KNOTS.);
#9489 = CARTESIAN_POINT('',(2.158905297174,-14.33837954295,6.));
#9490 = CARTESIAN_POINT('',(2.87530724961,-14.2120585497,6.));
#9491 = ORIENTED_EDGE('',*,*,#9492,.F.);
#9492 = EDGE_CURVE('',#9493,#9486,#9495,.T.);
#9493 = VERTEX_POINT('',#9494);
#9494 = CARTESIAN_POINT('',(2.87530724961,-14.2120585497,0.));
#9495 = LINE('',#9496,#9497);
#9496 = CARTESIAN_POINT('',(2.87530724961,-14.2120585497,0.));
#9497 = VECTOR('',#9498,1.);
#9498 = DIRECTION('',(0.,0.,1.));
#9499 = ORIENTED_EDGE('',*,*,#9500,.F.);
#9500 = EDGE_CURVE('',#9373,#9493,#9501,.T.);
#9501 = B_SPLINE_CURVE_WITH_KNOTS('',1,(#9502,#9503),.UNSPECIFIED.,.F.,
  .F.,(2,2),(0.,0.72745360731),.PIECEWISE_BEZIER_KNOTS.);
#9502 = CARTESIAN_POINT('',(2.158905297174,-14.33837954295,0.));
#9503 = CARTESIAN_POINT('',(2.87530724961,-14.2120585497,0.));
#9504 = SURFACE_OF_LINEAR_EXTRUSION('',#9505,#9508);
#9505 = B_SPLINE_CURVE_WITH_KNOTS('',1,(#9506,#9507),.UNSPECIFIED.,.F.,
  .F.,(2,2),(0.,0.72745360731),.PIECEWISE_BEZIER_KNOTS.);
#9506 = CARTESIAN_POINT('',(2.158905297174,-14.33837954295,0.));
#9507 = CARTESIAN_POINT('',(2.87530724961,-14.2120585497,0.));
#9508 = VECTOR('',#9509,1.);
#9509 = DIRECTION('',(-0.,-0.,-1.));
#9510 = ADVANCED_FACE('',(#9511),#9624,.F.);
#9511 = FACE_BOUND('',#9512,.F.);
#9512 = EDGE_LOOP('',(#9513,#9514,#9566,#9574));
#9513 = ORIENTED_EDGE('',*,*,#9492,.T.);
#9514 = ORIENTED_EDGE('',*,*,#9515,.T.);
#9515 = EDGE_CURVE('',#9486,#9516,#9518,.T.);
#9516 = VERTEX_POINT('',#9517);
#9517 = CARTESIAN_POINT('',(3.109204931967,-12.2989285944,6.));
#9518 = B_SPLINE_CURVE_WITH_KNOTS('',3,(#9519,#9520,#9521,#9522,#9523,
    #9524,#9525,#9526,#9527,#9528,#9529,#9530,#9531,#9532,#9533,#9534,
    #9535,#9536,#9537,#9538,#9539,#9540,#9541,#9542,#9543,#9544,#9545,
    #9546,#9547,#9548,#9549,#9550,#9551,#9552,#9553,#9554,#9555,#9556,
    #9557,#9558,#9559,#9560,#9561,#9562,#9563,#9564,#9565),
  .UNSPECIFIED.,.F.,.F.,(4,1,1,1,1,1,1,1,1,1,1,1,1,1,1,1,1,1,1,1,1,1,1,1
    ,1,1,1,1,1,1,1,1,1,1,1,1,1,1,1,1,1,1,1,1,4),(0.,8.735293048255E-02,
    0.172697747622,0.256034451418,0.337363041871,0.416683518981,
    0.493995882747,0.569300133171,0.642596270251,0.713884293989,
    0.783164204383,0.850436001435,0.915699685144,0.97895525551,
    1.040202712533,1.099442056214,1.156673286553,1.211896403548,
    1.265111407202,1.316318297513,1.365517074482,1.41270773811,
    1.457890288395,1.501064725339,1.542231048942,1.581389259203,
    1.618539356124,1.653681339704,1.686815209945,1.717940966845,
    1.747058610407,1.774168140631,1.799269557517,1.822362861067,
    1.843448051283,1.862525128166,1.879594091718,1.894654941944,
    1.907707678849,1.918752302441,1.927788812733,1.934817209752,
    1.939837493553,1.942849664305,1.943853723184),.UNSPECIFIED.);
#9519 = CARTESIAN_POINT('',(2.87530724961,-14.2120585497,6.));
#9520 = CARTESIAN_POINT('',(2.884078065323,-14.18429317113,6.));
#9521 = CARTESIAN_POINT('',(2.901077255004,-14.12929270769,6.));
#9522 = CARTESIAN_POINT('',(2.92525137055,-14.047440852,6.));
#9523 = CARTESIAN_POINT('',(2.947849497982,-13.9672242752,6.));
#9524 = CARTESIAN_POINT('',(2.968916558174,-13.88866940862,6.));
#9525 = CARTESIAN_POINT('',(2.988498059528,-13.81180176304,6.));
#9526 = CARTESIAN_POINT('',(3.006639860711,-13.73664597857,6.));
#9527 = CARTESIAN_POINT('',(3.023388213087,-13.66322580431,6.));
#9528 = CARTESIAN_POINT('',(3.03878973079,-13.59156409646,6.));
#9529 = CARTESIAN_POINT('',(3.052891379373,-13.52168281195,6.));
#9530 = CARTESIAN_POINT('',(3.065740459569,-13.45360300351,6.));
#9531 = CARTESIAN_POINT('',(3.077384592212,-13.38734481474,6.));
#9532 = CARTESIAN_POINT('',(3.087871702777,-13.32292747542,6.));
#9533 = CARTESIAN_POINT('',(3.097250005932,-13.26036929709,6.));
#9534 = CARTESIAN_POINT('',(3.105567990003,-13.19968766886,6.));
#9535 = CARTESIAN_POINT('',(3.112874401394,-13.1408990535,6.));
#9536 = CARTESIAN_POINT('',(3.119218228943,-13.0840189837,6.));
#9537 = CARTESIAN_POINT('',(3.124648688227,-13.02906205866,6.));
#9538 = CARTESIAN_POINT('',(3.129215205826,-12.9760419409,6.));
#9539 = CARTESIAN_POINT('',(3.132967403535,-12.92497135329,6.));
#9540 = CARTESIAN_POINT('',(3.135955082541,-12.87586207634,6.));
#9541 = CARTESIAN_POINT('',(3.13822820756,-12.82872494581,6.));
#9542 = CARTESIAN_POINT('',(3.139836890943,-12.78356985042,6.));
#9543 = CARTESIAN_POINT('',(3.140831376756,-12.74040573,6.));
#9544 = CARTESIAN_POINT('',(3.141262024825,-12.69924057371,6.));
#9545 = CARTESIAN_POINT('',(3.141179294771,-12.66008141862,6.));
#9546 = CARTESIAN_POINT('',(3.140633730015,-12.62293434855,6.));
#9547 = CARTESIAN_POINT('',(3.139675941782,-12.58780449308,6.));
#9548 = CARTESIAN_POINT('',(3.138356593077,-12.55469602685,6.));
#9549 = CARTESIAN_POINT('',(3.136726382667,-12.52361216919,6.));
#9550 = CARTESIAN_POINT('',(3.134836029046,-12.49455518385,6.));
#9551 = CARTESIAN_POINT('',(3.132736254418,-12.46752637913,6.));
#9552 = CARTESIAN_POINT('',(3.130477768594,-12.44252610817,6.));
#9553 = CARTESIAN_POINT('',(3.128111253181,-12.41955376949,6.));
#9554 = CARTESIAN_POINT('',(3.125687344748,-12.39860780802,6.));
#9555 = CARTESIAN_POINT('',(3.123256621308,-12.37968571555,6.));
#9556 = CARTESIAN_POINT('',(3.120869577949,-12.36278403415,6.));
#9557 = CARTESIAN_POINT('',(3.118576636528,-12.34789835131,6.));
#9558 = CARTESIAN_POINT('',(3.116428049017,-12.33502332216,6.));
#9559 = CARTESIAN_POINT('',(3.114474120673,-12.32415261094,6.));
#9560 = CARTESIAN_POINT('',(3.112764495019,-12.31527907075,6.));
#9561 = CARTESIAN_POINT('',(3.111350042535,-12.30839426269,6.));
#9562 = CARTESIAN_POINT('',(3.110277940387,-12.30348970359,6.));
#9563 = CARTESIAN_POINT('',(3.109602481094,-12.30055412079,6.));
#9564 = CARTESIAN_POINT('',(3.109285328313,-12.2992534867,6.));
#9565 = CARTESIAN_POINT('',(3.109204931967,-12.2989285944,6.));
#9566 = ORIENTED_EDGE('',*,*,#9567,.F.);
#9567 = EDGE_CURVE('',#9568,#9516,#9570,.T.);
#9568 = VERTEX_POINT('',#9569);
#9569 = CARTESIAN_POINT('',(3.109204931967,-12.2989285944,0.));
#9570 = LINE('',#9571,#9572);
#9571 = CARTESIAN_POINT('',(3.109204931967,-12.2989285944,0.));
#9572 = VECTOR('',#9573,1.);
#9573 = DIRECTION('',(0.,0.,1.));
#9574 = ORIENTED_EDGE('',*,*,#9575,.F.);
#9575 = EDGE_CURVE('',#9493,#9568,#9576,.T.);
#9576 = B_SPLINE_CURVE_WITH_KNOTS('',3,(#9577,#9578,#9579,#9580,#9581,
    #9582,#9583,#9584,#9585,#9586,#9587,#9588,#9589,#9590,#9591,#9592,
    #9593,#9594,#9595,#9596,#9597,#9598,#9599,#9600,#9601,#9602,#9603,
    #9604,#9605,#9606,#9607,#9608,#9609,#9610,#9611,#9612,#9613,#9614,
    #9615,#9616,#9617,#9618,#9619,#9620,#9621,#9622,#9623),
  .UNSPECIFIED.,.F.,.F.,(4,1,1,1,1,1,1,1,1,1,1,1,1,1,1,1,1,1,1,1,1,1,1,1
    ,1,1,1,1,1,1,1,1,1,1,1,1,1,1,1,1,1,1,1,1,4),(0.,8.735293048255E-02,
    0.172697747622,0.256034451418,0.337363041871,0.416683518981,
    0.493995882747,0.569300133171,0.642596270251,0.713884293989,
    0.783164204383,0.850436001435,0.915699685144,0.97895525551,
    1.040202712533,1.099442056214,1.156673286553,1.211896403548,
    1.265111407202,1.316318297513,1.365517074482,1.41270773811,
    1.457890288395,1.501064725339,1.542231048942,1.581389259203,
    1.618539356124,1.653681339704,1.686815209945,1.717940966845,
    1.747058610407,1.774168140631,1.799269557517,1.822362861067,
    1.843448051283,1.862525128166,1.879594091718,1.894654941944,
    1.907707678849,1.918752302441,1.927788812733,1.934817209752,
    1.939837493553,1.942849664305,1.943853723184),.UNSPECIFIED.);
#9577 = CARTESIAN_POINT('',(2.87530724961,-14.2120585497,0.));
#9578 = CARTESIAN_POINT('',(2.884078065323,-14.18429317113,0.));
#9579 = CARTESIAN_POINT('',(2.901077255004,-14.12929270769,0.));
#9580 = CARTESIAN_POINT('',(2.92525137055,-14.047440852,0.));
#9581 = CARTESIAN_POINT('',(2.947849497982,-13.9672242752,0.));
#9582 = CARTESIAN_POINT('',(2.968916558174,-13.88866940862,0.));
#9583 = CARTESIAN_POINT('',(2.988498059528,-13.81180176304,0.));
#9584 = CARTESIAN_POINT('',(3.006639860711,-13.73664597857,0.));
#9585 = CARTESIAN_POINT('',(3.023388213087,-13.66322580431,0.));
#9586 = CARTESIAN_POINT('',(3.03878973079,-13.59156409646,0.));
#9587 = CARTESIAN_POINT('',(3.052891379373,-13.52168281195,0.));
#9588 = CARTESIAN_POINT('',(3.065740459569,-13.45360300351,0.));
#9589 = CARTESIAN_POINT('',(3.077384592212,-13.38734481474,0.));
#9590 = CARTESIAN_POINT('',(3.087871702777,-13.32292747542,0.));
#9591 = CARTESIAN_POINT('',(3.097250005932,-13.26036929709,0.));
#9592 = CARTESIAN_POINT('',(3.105567990003,-13.19968766886,0.));
#9593 = CARTESIAN_POINT('',(3.112874401394,-13.1408990535,0.));
#9594 = CARTESIAN_POINT('',(3.119218228943,-13.0840189837,0.));
#9595 = CARTESIAN_POINT('',(3.124648688227,-13.02906205866,0.));
#9596 = CARTESIAN_POINT('',(3.129215205826,-12.9760419409,0.));
#9597 = CARTESIAN_POINT('',(3.132967403535,-12.92497135329,0.));
#9598 = CARTESIAN_POINT('',(3.135955082541,-12.87586207634,0.));
#9599 = CARTESIAN_POINT('',(3.13822820756,-12.82872494581,0.));
#9600 = CARTESIAN_POINT('',(3.139836890943,-12.78356985042,0.));
#9601 = CARTESIAN_POINT('',(3.140831376756,-12.74040573,0.));
#9602 = CARTESIAN_POINT('',(3.141262024825,-12.69924057371,0.));
#9603 = CARTESIAN_POINT('',(3.141179294771,-12.66008141862,0.));
#9604 = CARTESIAN_POINT('',(3.140633730015,-12.62293434855,0.));
#9605 = CARTESIAN_POINT('',(3.139675941782,-12.58780449308,0.));
#9606 = CARTESIAN_POINT('',(3.138356593077,-12.55469602685,0.));
#9607 = CARTESIAN_POINT('',(3.136726382667,-12.52361216919,0.));
#9608 = CARTESIAN_POINT('',(3.134836029046,-12.49455518385,0.));
#9609 = CARTESIAN_POINT('',(3.132736254418,-12.46752637913,0.));
#9610 = CARTESIAN_POINT('',(3.130477768594,-12.44252610817,0.));
#9611 = CARTESIAN_POINT('',(3.128111253181,-12.41955376949,0.));
#9612 = CARTESIAN_POINT('',(3.125687344748,-12.39860780802,0.));
#9613 = CARTESIAN_POINT('',(3.123256621308,-12.37968571555,0.));
#9614 = CARTESIAN_POINT('',(3.120869577949,-12.36278403415,0.));
#9615 = CARTESIAN_POINT('',(3.118576636528,-12.34789835131,0.));
#9616 = CARTESIAN_POINT('',(3.116428049017,-12.33502332216,0.));
#9617 = CARTESIAN_POINT('',(3.114474120673,-12.32415261094,0.));
#9618 = CARTESIAN_POINT('',(3.112764495019,-12.31527907075,0.));
#9619 = CARTESIAN_POINT('',(3.111350042535,-12.30839426269,0.));
#9620 = CARTESIAN_POINT('',(3.110277940387,-12.30348970359,0.));
#9621 = CARTESIAN_POINT('',(3.109602481094,-12.30055412079,0.));
#9622 = CARTESIAN_POINT('',(3.109285328313,-12.2992534867,0.));
#9623 = CARTESIAN_POINT('',(3.109204931967,-12.2989285944,0.));
#9624 = SURFACE_OF_LINEAR_EXTRUSION('',#9625,#9673);
#9625 = B_SPLINE_CURVE_WITH_KNOTS('',3,(#9626,#9627,#9628,#9629,#9630,
    #9631,#9632,#9633,#9634,#9635,#9636,#9637,#9638,#9639,#9640,#9641,
    #9642,#9643,#9644,#9645,#9646,#9647,#9648,#9649,#9650,#9651,#9652,
    #9653,#9654,#9655,#9656,#9657,#9658,#9659,#9660,#9661,#9662,#9663,
    #9664,#9665,#9666,#9667,#9668,#9669,#9670,#9671,#9672),
  .UNSPECIFIED.,.F.,.F.,(4,1,1,1,1,1,1,1,1,1,1,1,1,1,1,1,1,1,1,1,1,1,1,1
    ,1,1,1,1,1,1,1,1,1,1,1,1,1,1,1,1,1,1,1,1,4),(0.,8.735293048255E-02,
    0.172697747622,0.256034451418,0.337363041871,0.416683518981,
    0.493995882747,0.569300133171,0.642596270251,0.713884293989,
    0.783164204383,0.850436001435,0.915699685144,0.97895525551,
    1.040202712533,1.099442056214,1.156673286553,1.211896403548,
    1.265111407202,1.316318297513,1.365517074482,1.41270773811,
    1.457890288395,1.501064725339,1.542231048942,1.581389259203,
    1.618539356124,1.653681339704,1.686815209945,1.717940966845,
    1.747058610407,1.774168140631,1.799269557517,1.822362861067,
    1.843448051283,1.862525128166,1.879594091718,1.894654941944,
    1.907707678849,1.918752302441,1.927788812733,1.934817209752,
    1.939837493553,1.942849664305,1.943853723184),.UNSPECIFIED.);
#9626 = CARTESIAN_POINT('',(2.87530724961,-14.2120585497,0.));
#9627 = CARTESIAN_POINT('',(2.884078065323,-14.18429317113,0.));
#9628 = CARTESIAN_POINT('',(2.901077255004,-14.12929270769,0.));
#9629 = CARTESIAN_POINT('',(2.92525137055,-14.047440852,0.));
#9630 = CARTESIAN_POINT('',(2.947849497982,-13.9672242752,0.));
#9631 = CARTESIAN_POINT('',(2.968916558174,-13.88866940862,0.));
#9632 = CARTESIAN_POINT('',(2.988498059528,-13.81180176304,0.));
#9633 = CARTESIAN_POINT('',(3.006639860711,-13.73664597857,0.));
#9634 = CARTESIAN_POINT('',(3.023388213087,-13.66322580431,0.));
#9635 = CARTESIAN_POINT('',(3.03878973079,-13.59156409646,0.));
#9636 = CARTESIAN_POINT('',(3.052891379373,-13.52168281195,0.));
#9637 = CARTESIAN_POINT('',(3.065740459569,-13.45360300351,0.));
#9638 = CARTESIAN_POINT('',(3.077384592212,-13.38734481474,0.));
#9639 = CARTESIAN_POINT('',(3.087871702777,-13.32292747542,0.));
#9640 = CARTESIAN_POINT('',(3.097250005932,-13.26036929709,0.));
#9641 = CARTESIAN_POINT('',(3.105567990003,-13.19968766886,0.));
#9642 = CARTESIAN_POINT('',(3.112874401394,-13.1408990535,0.));
#9643 = CARTESIAN_POINT('',(3.119218228943,-13.0840189837,0.));
#9644 = CARTESIAN_POINT('',(3.124648688227,-13.02906205866,0.));
#9645 = CARTESIAN_POINT('',(3.129215205826,-12.9760419409,0.));
#9646 = CARTESIAN_POINT('',(3.132967403535,-12.92497135329,0.));
#9647 = CARTESIAN_POINT('',(3.135955082541,-12.87586207634,0.));
#9648 = CARTESIAN_POINT('',(3.13822820756,-12.82872494581,0.));
#9649 = CARTESIAN_POINT('',(3.139836890943,-12.78356985042,0.));
#9650 = CARTESIAN_POINT('',(3.140831376756,-12.74040573,0.));
#9651 = CARTESIAN_POINT('',(3.141262024825,-12.69924057371,0.));
#9652 = CARTESIAN_POINT('',(3.141179294771,-12.66008141862,0.));
#9653 = CARTESIAN_POINT('',(3.140633730015,-12.62293434855,0.));
#9654 = CARTESIAN_POINT('',(3.139675941782,-12.58780449308,0.));
#9655 = CARTESIAN_POINT('',(3.138356593077,-12.55469602685,0.));
#9656 = CARTESIAN_POINT('',(3.136726382667,-12.52361216919,0.));
#9657 = CARTESIAN_POINT('',(3.134836029046,-12.49455518385,0.));
#9658 = CARTESIAN_POINT('',(3.132736254418,-12.46752637913,0.));
#9659 = CARTESIAN_POINT('',(3.130477768594,-12.44252610817,0.));
#9660 = CARTESIAN_POINT('',(3.128111253181,-12.41955376949,0.));
#9661 = CARTESIAN_POINT('',(3.125687344748,-12.39860780802,0.));
#9662 = CARTESIAN_POINT('',(3.123256621308,-12.37968571555,0.));
#9663 = CARTESIAN_POINT('',(3.120869577949,-12.36278403415,0.));
#9664 = CARTESIAN_POINT('',(3.118576636528,-12.34789835131,0.));
#9665 = CARTESIAN_POINT('',(3.116428049017,-12.33502332216,0.));
#9666 = CARTESIAN_POINT('',(3.114474120673,-12.32415261094,0.));
#9667 = CARTESIAN_POINT('',(3.112764495019,-12.31527907075,0.));
#9668 = CARTESIAN_POINT('',(3.111350042535,-12.30839426269,0.));
#9669 = CARTESIAN_POINT('',(3.110277940387,-12.30348970359,0.));
#9670 = CARTESIAN_POINT('',(3.109602481094,-12.30055412079,0.));
#9671 = CARTESIAN_POINT('',(3.109285328313,-12.2992534867,0.));
#9672 = CARTESIAN_POINT('',(3.109204931967,-12.2989285944,0.));
#9673 = VECTOR('',#9674,1.);
#9674 = DIRECTION('',(-0.,-0.,-1.));
#9675 = ADVANCED_FACE('',(#9676),#9699,.F.);
#9676 = FACE_BOUND('',#9677,.F.);
#9677 = EDGE_LOOP('',(#9678,#9679,#9686,#9694));
#9678 = ORIENTED_EDGE('',*,*,#9567,.T.);
#9679 = ORIENTED_EDGE('',*,*,#9680,.T.);
#9680 = EDGE_CURVE('',#9516,#9681,#9683,.T.);
#9681 = VERTEX_POINT('',#9682);
#9682 = CARTESIAN_POINT('',(3.002381336202,-11.87637176548,6.));
#9683 = B_SPLINE_CURVE_WITH_KNOTS('',1,(#9684,#9685),.UNSPECIFIED.,.F.,
  .F.,(2,2),(0.,0.43585038061),.PIECEWISE_BEZIER_KNOTS.);
#9684 = CARTESIAN_POINT('',(3.109204931967,-12.2989285944,6.));
#9685 = CARTESIAN_POINT('',(3.002381336202,-11.87637176548,6.));
#9686 = ORIENTED_EDGE('',*,*,#9687,.F.);
#9687 = EDGE_CURVE('',#9688,#9681,#9690,.T.);
#9688 = VERTEX_POINT('',#9689);
#9689 = CARTESIAN_POINT('',(3.002381336202,-11.87637176548,0.));
#9690 = LINE('',#9691,#9692);
#9691 = CARTESIAN_POINT('',(3.002381336202,-11.87637176548,0.));
#9692 = VECTOR('',#9693,1.);
#9693 = DIRECTION('',(0.,0.,1.));
#9694 = ORIENTED_EDGE('',*,*,#9695,.F.);
#9695 = EDGE_CURVE('',#9568,#9688,#9696,.T.);
#9696 = B_SPLINE_CURVE_WITH_KNOTS('',1,(#9697,#9698),.UNSPECIFIED.,.F.,
  .F.,(2,2),(0.,0.43585038061),.PIECEWISE_BEZIER_KNOTS.);
#9697 = CARTESIAN_POINT('',(3.109204931967,-12.2989285944,0.));
#9698 = CARTESIAN_POINT('',(3.002381336202,-11.87637176548,0.));
#9699 = SURFACE_OF_LINEAR_EXTRUSION('',#9700,#9703);
#9700 = B_SPLINE_CURVE_WITH_KNOTS('',1,(#9701,#9702),.UNSPECIFIED.,.F.,
  .F.,(2,2),(0.,0.43585038061),.PIECEWISE_BEZIER_KNOTS.);
#9701 = CARTESIAN_POINT('',(3.109204931967,-12.2989285944,0.));
#9702 = CARTESIAN_POINT('',(3.002381336202,-11.87637176548,0.));
#9703 = VECTOR('',#9704,1.);
#9704 = DIRECTION('',(-0.,-0.,-1.));
#9705 = ADVANCED_FACE('',(#9706),#9729,.F.);
#9706 = FACE_BOUND('',#9707,.F.);
#9707 = EDGE_LOOP('',(#9708,#9709,#9716,#9724));
#9708 = ORIENTED_EDGE('',*,*,#9687,.T.);
#9709 = ORIENTED_EDGE('',*,*,#9710,.T.);
#9710 = EDGE_CURVE('',#9681,#9711,#9713,.T.);
#9711 = VERTEX_POINT('',#9712);
#9712 = CARTESIAN_POINT('',(4.01771990043,-11.5723993537,6.));
#9713 = B_SPLINE_CURVE_WITH_KNOTS('',1,(#9714,#9715),.UNSPECIFIED.,.F.,
  .F.,(2,2),(0.,1.059863966333),.PIECEWISE_BEZIER_KNOTS.);
#9714 = CARTESIAN_POINT('',(3.002381336202,-11.87637176548,6.));
#9715 = CARTESIAN_POINT('',(4.01771990043,-11.5723993537,6.));
#9716 = ORIENTED_EDGE('',*,*,#9717,.F.);
#9717 = EDGE_CURVE('',#9718,#9711,#9720,.T.);
#9718 = VERTEX_POINT('',#9719);
#9719 = CARTESIAN_POINT('',(4.01771990043,-11.5723993537,0.));
#9720 = LINE('',#9721,#9722);
#9721 = CARTESIAN_POINT('',(4.01771990043,-11.5723993537,0.));
#9722 = VECTOR('',#9723,1.);
#9723 = DIRECTION('',(0.,0.,1.));
#9724 = ORIENTED_EDGE('',*,*,#9725,.F.);
#9725 = EDGE_CURVE('',#9688,#9718,#9726,.T.);
#9726 = B_SPLINE_CURVE_WITH_KNOTS('',1,(#9727,#9728),.UNSPECIFIED.,.F.,
  .F.,(2,2),(0.,1.059863966333),.PIECEWISE_BEZIER_KNOTS.);
#9727 = CARTESIAN_POINT('',(3.002381336202,-11.87637176548,0.));
#9728 = CARTESIAN_POINT('',(4.01771990043,-11.5723993537,0.));
#9729 = SURFACE_OF_LINEAR_EXTRUSION('',#9730,#9733);
#9730 = B_SPLINE_CURVE_WITH_KNOTS('',1,(#9731,#9732),.UNSPECIFIED.,.F.,
  .F.,(2,2),(0.,1.059863966333),.PIECEWISE_BEZIER_KNOTS.);
#9731 = CARTESIAN_POINT('',(3.002381336202,-11.87637176548,0.));
#9732 = CARTESIAN_POINT('',(4.01771990043,-11.5723993537,0.));
#9733 = VECTOR('',#9734,1.);
#9734 = DIRECTION('',(-0.,-0.,-1.));
#9735 = ADVANCED_FACE('',(#9736),#9759,.F.);
#9736 = FACE_BOUND('',#9737,.F.);
#9737 = EDGE_LOOP('',(#9738,#9739,#9746,#9754));
#9738 = ORIENTED_EDGE('',*,*,#9717,.T.);
#9739 = ORIENTED_EDGE('',*,*,#9740,.T.);
#9740 = EDGE_CURVE('',#9711,#9741,#9743,.T.);
#9741 = VERTEX_POINT('',#9742);
#9742 = CARTESIAN_POINT('',(4.160668859433,-11.98414095884,6.));
#9743 = B_SPLINE_CURVE_WITH_KNOTS('',1,(#9744,#9745),.UNSPECIFIED.,.F.,
  .F.,(2,2),(0.,0.43585038061),.PIECEWISE_BEZIER_KNOTS.);
#9744 = CARTESIAN_POINT('',(4.01771990043,-11.5723993537,6.));
#9745 = CARTESIAN_POINT('',(4.160668859433,-11.98414095884,6.));
#9746 = ORIENTED_EDGE('',*,*,#9747,.F.);
#9747 = EDGE_CURVE('',#9748,#9741,#9750,.T.);
#9748 = VERTEX_POINT('',#9749);
#9749 = CARTESIAN_POINT('',(4.160668859433,-11.98414095884,0.));
#9750 = LINE('',#9751,#9752);
#9751 = CARTESIAN_POINT('',(4.160668859433,-11.98414095884,0.));
#9752 = VECTOR('',#9753,1.);
#9753 = DIRECTION('',(0.,0.,1.));
#9754 = ORIENTED_EDGE('',*,*,#9755,.F.);
#9755 = EDGE_CURVE('',#9718,#9748,#9756,.T.);
#9756 = B_SPLINE_CURVE_WITH_KNOTS('',1,(#9757,#9758),.UNSPECIFIED.,.F.,
  .F.,(2,2),(0.,0.43585038061),.PIECEWISE_BEZIER_KNOTS.);
#9757 = CARTESIAN_POINT('',(4.01771990043,-11.5723993537,0.));
#9758 = CARTESIAN_POINT('',(4.160668859433,-11.98414095884,0.));
#9759 = SURFACE_OF_LINEAR_EXTRUSION('',#9760,#9763);
#9760 = B_SPLINE_CURVE_WITH_KNOTS('',1,(#9761,#9762),.UNSPECIFIED.,.F.,
  .F.,(2,2),(0.,0.43585038061),.PIECEWISE_BEZIER_KNOTS.);
#9761 = CARTESIAN_POINT('',(4.01771990043,-11.5723993537,0.));
#9762 = CARTESIAN_POINT('',(4.160668859433,-11.98414095884,0.));
#9763 = VECTOR('',#9764,1.);
#9764 = DIRECTION('',(-0.,-0.,-1.));
#9765 = ADVANCED_FACE('',(#9766),#9879,.F.);
#9766 = FACE_BOUND('',#9767,.F.);
#9767 = EDGE_LOOP('',(#9768,#9769,#9821,#9829));
#9768 = ORIENTED_EDGE('',*,*,#9747,.T.);
#9769 = ORIENTED_EDGE('',*,*,#9770,.T.);
#9770 = EDGE_CURVE('',#9741,#9771,#9773,.T.);
#9771 = VERTEX_POINT('',#9772);
#9772 = CARTESIAN_POINT('',(5.407369608817,-13.45400884174,6.));
#9773 = B_SPLINE_CURVE_WITH_KNOTS('',3,(#9774,#9775,#9776,#9777,#9778,
    #9779,#9780,#9781,#9782,#9783,#9784,#9785,#9786,#9787,#9788,#9789,
    #9790,#9791,#9792,#9793,#9794,#9795,#9796,#9797,#9798,#9799,#9800,
    #9801,#9802,#9803,#9804,#9805,#9806,#9807,#9808,#9809,#9810,#9811,
    #9812,#9813,#9814,#9815,#9816,#9817,#9818,#9819,#9820),
  .UNSPECIFIED.,.F.,.F.,(4,1,1,1,1,1,1,1,1,1,1,1,1,1,1,1,1,1,1,1,1,1,1,1
    ,1,1,1,1,1,1,1,1,1,1,1,1,1,1,1,1,1,1,1,1,4),(0.,1.004058879412E-03,
    4.016229631009E-03,9.036513432115E-03,1.606491045092E-02,
    2.510142074349E-02,3.614604433531E-02,4.91987812401E-02,
    6.425963146609E-02,8.132859501861E-02,0.100405671901,0.121490862117,
    0.144584165667,0.169685582553,0.196795112777,0.225912756339,
    0.25703851324,0.29017238348,0.32531436706,0.362464463981,
    0.401622674242,0.442788997845,0.485963434789,0.531145985075,
    0.578336648702,0.627535425671,0.678742315982,0.731957319636,
    0.787180436632,0.84441166697,0.903651010651,0.964898467674,
    1.02815403804,1.093417721749,1.160689518801,1.229969429195,
    1.301257452933,1.374553590013,1.449857840437,1.527170204204,
    1.606490681313,1.687819271766,1.771155975562,1.856500792702,
    1.943853723184),.UNSPECIFIED.);
#9774 = CARTESIAN_POINT('',(4.160668859433,-11.98414095884,6.));
#9775 = CARTESIAN_POINT('',(4.160780220504,-11.98445658091,6.));
#9776 = CARTESIAN_POINT('',(4.161229953328,-11.98571752314,6.));
#9777 = CARTESIAN_POINT('',(4.162278744425,-11.98854133773,6.));
#9778 = CARTESIAN_POINT('',(4.164078115407,-11.99322816683,6.));
#9779 = CARTESIAN_POINT('',(4.166679621442,-11.9997575944,6.));
#9780 = CARTESIAN_POINT('',(4.170127340044,-12.00811078371,6.));
#9781 = CARTESIAN_POINT('',(4.174468410143,-12.0182668316,6.));
#9782 = CARTESIAN_POINT('',(4.179748235576,-12.03020442966,6.));
#9783 = CARTESIAN_POINT('',(4.186012327335,-12.04390122814,6.));
#9784 = CARTESIAN_POINT('',(4.193305607372,-12.05933407869,6.));
#9785 = CARTESIAN_POINT('',(4.201672627263,-12.07647896067,6.));
#9786 = CARTESIAN_POINT('',(4.211157475192,-12.09531101562,6.));
#9787 = CARTESIAN_POINT('',(4.221803786761,-12.11580454605,6.));
#9788 = CARTESIAN_POINT('',(4.23365472273,-12.13793302596,6.));
#9789 = CARTESIAN_POINT('',(4.246752957484,-12.16166910787,6.));
#9790 = CARTESIAN_POINT('',(4.261140664392,-12.18698463125,6.));
#9791 = CARTESIAN_POINT('',(4.276859502324,-12.21385063071,6.));
#9792 = CARTESIAN_POINT('',(4.293950602003,-12.24223734466,6.));
#9793 = CARTESIAN_POINT('',(4.312454552591,-12.27211422396,6.));
#9794 = CARTESIAN_POINT('',(4.3324113884,-12.30344994096,6.));
#9795 = CARTESIAN_POINT('',(4.35386057574,-12.33621239865,6.));
#9796 = CARTESIAN_POINT('',(4.37684099992,-12.37036874,6.));
#9797 = CARTESIAN_POINT('',(4.401390952398,-12.40588535763,6.));
#9798 = CARTESIAN_POINT('',(4.427548118075,-12.44272790348,6.));
#9799 = CARTESIAN_POINT('',(4.455349562752,-12.4808612989,6.));
#9800 = CARTESIAN_POINT('',(4.484831720733,-12.52024974478,6.));
#9801 = CARTESIAN_POINT('',(4.516030382595,-12.56085673192,6.));
#9802 = CARTESIAN_POINT('',(4.548980683117,-12.60264505165,6.));
#9803 = CARTESIAN_POINT('',(4.583717089374,-12.64557680654,6.));
#9804 = CARTESIAN_POINT('',(4.620273388998,-12.68961342138,6.));
#9805 = CARTESIAN_POINT('',(4.658682678612,-12.73471565431,6.));
#9806 = CARTESIAN_POINT('',(4.698977352432,-12.78084360814,6.));
#9807 = CARTESIAN_POINT('',(4.741189091053,-12.82795674186,6.));
#9808 = CARTESIAN_POINT('',(4.785348850407,-12.87601388229,6.));
#9809 = CARTESIAN_POINT('',(4.831486850904,-12.92497323599,6.));
#9810 = CARTESIAN_POINT('',(4.879632566759,-12.97479240121,6.));
#9811 = CARTESIAN_POINT('',(4.929814715512,-13.02542838017,6.));
#9812 = CARTESIAN_POINT('',(4.982061247677,-13.07683759137,6.));
#9813 = CARTESIAN_POINT('',(5.036399336873,-13.12897588207,6.));
#9814 = CARTESIAN_POINT('',(5.092855368959,-13.18179854133,6.));
#9815 = CARTESIAN_POINT('',(5.15145493604,-13.2352603115,6.));
#9816 = CARTESIAN_POINT('',(5.21222281251,-13.28931540634,6.));
#9817 = CARTESIAN_POINT('',(5.275183001682,-13.34391750462,6.));
#9818 = CARTESIAN_POINT('',(5.340358510146,-13.39901983886,6.));
#9819 = CARTESIAN_POINT('',(5.384784374387,-13.43563084834,6.));
#9820 = CARTESIAN_POINT('',(5.407369608817,-13.45400884174,6.));
#9821 = ORIENTED_EDGE('',*,*,#9822,.F.);
#9822 = EDGE_CURVE('',#9823,#9771,#9825,.T.);
#9823 = VERTEX_POINT('',#9824);
#9824 = CARTESIAN_POINT('',(5.407369608817,-13.45400884174,0.));
#9825 = LINE('',#9826,#9827);
#9826 = CARTESIAN_POINT('',(5.407369608817,-13.45400884174,0.));
#9827 = VECTOR('',#9828,1.);
#9828 = DIRECTION('',(0.,0.,1.));
#9829 = ORIENTED_EDGE('',*,*,#9830,.F.);
#9830 = EDGE_CURVE('',#9748,#9823,#9831,.T.);
#9831 = B_SPLINE_CURVE_WITH_KNOTS('',3,(#9832,#9833,#9834,#9835,#9836,
    #9837,#9838,#9839,#9840,#9841,#9842,#9843,#9844,#9845,#9846,#9847,
    #9848,#9849,#9850,#9851,#9852,#9853,#9854,#9855,#9856,#9857,#9858,
    #9859,#9860,#9861,#9862,#9863,#9864,#9865,#9866,#9867,#9868,#9869,
    #9870,#9871,#9872,#9873,#9874,#9875,#9876,#9877,#9878),
  .UNSPECIFIED.,.F.,.F.,(4,1,1,1,1,1,1,1,1,1,1,1,1,1,1,1,1,1,1,1,1,1,1,1
    ,1,1,1,1,1,1,1,1,1,1,1,1,1,1,1,1,1,1,1,1,4),(0.,1.004058879412E-03,
    4.016229631009E-03,9.036513432115E-03,1.606491045092E-02,
    2.510142074349E-02,3.614604433531E-02,4.91987812401E-02,
    6.425963146609E-02,8.132859501861E-02,0.100405671901,0.121490862117,
    0.144584165667,0.169685582553,0.196795112777,0.225912756339,
    0.25703851324,0.29017238348,0.32531436706,0.362464463981,
    0.401622674242,0.442788997845,0.485963434789,0.531145985075,
    0.578336648702,0.627535425671,0.678742315982,0.731957319636,
    0.787180436632,0.84441166697,0.903651010651,0.964898467674,
    1.02815403804,1.093417721749,1.160689518801,1.229969429195,
    1.301257452933,1.374553590013,1.449857840437,1.527170204204,
    1.606490681313,1.687819271766,1.771155975562,1.856500792702,
    1.943853723184),.UNSPECIFIED.);
#9832 = CARTESIAN_POINT('',(4.160668859433,-11.98414095884,0.));
#9833 = CARTESIAN_POINT('',(4.160780220504,-11.98445658091,0.));
#9834 = CARTESIAN_POINT('',(4.161229953328,-11.98571752314,0.));
#9835 = CARTESIAN_POINT('',(4.162278744425,-11.98854133773,0.));
#9836 = CARTESIAN_POINT('',(4.164078115407,-11.99322816683,0.));
#9837 = CARTESIAN_POINT('',(4.166679621442,-11.9997575944,0.));
#9838 = CARTESIAN_POINT('',(4.170127340044,-12.00811078371,0.));
#9839 = CARTESIAN_POINT('',(4.174468410143,-12.0182668316,0.));
#9840 = CARTESIAN_POINT('',(4.179748235576,-12.03020442966,0.));
#9841 = CARTESIAN_POINT('',(4.186012327335,-12.04390122814,0.));
#9842 = CARTESIAN_POINT('',(4.193305607372,-12.05933407869,0.));
#9843 = CARTESIAN_POINT('',(4.201672627263,-12.07647896067,0.));
#9844 = CARTESIAN_POINT('',(4.211157475192,-12.09531101562,0.));
#9845 = CARTESIAN_POINT('',(4.221803786761,-12.11580454605,0.));
#9846 = CARTESIAN_POINT('',(4.23365472273,-12.13793302596,0.));
#9847 = CARTESIAN_POINT('',(4.246752957484,-12.16166910787,0.));
#9848 = CARTESIAN_POINT('',(4.261140664392,-12.18698463125,0.));
#9849 = CARTESIAN_POINT('',(4.276859502324,-12.21385063071,0.));
#9850 = CARTESIAN_POINT('',(4.293950602003,-12.24223734466,0.));
#9851 = CARTESIAN_POINT('',(4.312454552591,-12.27211422396,0.));
#9852 = CARTESIAN_POINT('',(4.3324113884,-12.30344994096,0.));
#9853 = CARTESIAN_POINT('',(4.35386057574,-12.33621239865,0.));
#9854 = CARTESIAN_POINT('',(4.37684099992,-12.37036874,0.));
#9855 = CARTESIAN_POINT('',(4.401390952398,-12.40588535763,0.));
#9856 = CARTESIAN_POINT('',(4.427548118075,-12.44272790348,0.));
#9857 = CARTESIAN_POINT('',(4.455349562752,-12.4808612989,0.));
#9858 = CARTESIAN_POINT('',(4.484831720733,-12.52024974478,0.));
#9859 = CARTESIAN_POINT('',(4.516030382595,-12.56085673192,0.));
#9860 = CARTESIAN_POINT('',(4.548980683117,-12.60264505165,0.));
#9861 = CARTESIAN_POINT('',(4.583717089374,-12.64557680654,0.));
#9862 = CARTESIAN_POINT('',(4.620273388998,-12.68961342138,0.));
#9863 = CARTESIAN_POINT('',(4.658682678612,-12.73471565431,0.));
#9864 = CARTESIAN_POINT('',(4.698977352432,-12.78084360814,0.));
#9865 = CARTESIAN_POINT('',(4.741189091053,-12.82795674186,0.));
#9866 = CARTESIAN_POINT('',(4.785348850407,-12.87601388229,0.));
#9867 = CARTESIAN_POINT('',(4.831486850904,-12.92497323599,0.));
#9868 = CARTESIAN_POINT('',(4.879632566759,-12.97479240121,0.));
#9869 = CARTESIAN_POINT('',(4.929814715512,-13.02542838017,0.));
#9870 = CARTESIAN_POINT('',(4.982061247677,-13.07683759137,0.));
#9871 = CARTESIAN_POINT('',(5.036399336873,-13.12897588207,0.));
#9872 = CARTESIAN_POINT('',(5.092855368959,-13.18179854133,0.));
#9873 = CARTESIAN_POINT('',(5.15145493604,-13.2352603115,0.));
#9874 = CARTESIAN_POINT('',(5.21222281251,-13.28931540634,0.));
#9875 = CARTESIAN_POINT('',(5.275183001682,-13.34391750462,0.));
#9876 = CARTESIAN_POINT('',(5.340358510146,-13.39901983886,0.));
#9877 = CARTESIAN_POINT('',(5.384784374387,-13.43563084834,0.));
#9878 = CARTESIAN_POINT('',(5.407369608817,-13.45400884174,0.));
#9879 = SURFACE_OF_LINEAR_EXTRUSION('',#9880,#9928);
#9880 = B_SPLINE_CURVE_WITH_KNOTS('',3,(#9881,#9882,#9883,#9884,#9885,
    #9886,#9887,#9888,#9889,#9890,#9891,#9892,#9893,#9894,#9895,#9896,
    #9897,#9898,#9899,#9900,#9901,#9902,#9903,#9904,#9905,#9906,#9907,
    #9908,#9909,#9910,#9911,#9912,#9913,#9914,#9915,#9916,#9917,#9918,
    #9919,#9920,#9921,#9922,#9923,#9924,#9925,#9926,#9927),
  .UNSPECIFIED.,.F.,.F.,(4,1,1,1,1,1,1,1,1,1,1,1,1,1,1,1,1,1,1,1,1,1,1,1
    ,1,1,1,1,1,1,1,1,1,1,1,1,1,1,1,1,1,1,1,1,4),(0.,1.004058879412E-03,
    4.016229631009E-03,9.036513432115E-03,1.606491045092E-02,
    2.510142074349E-02,3.614604433531E-02,4.91987812401E-02,
    6.425963146609E-02,8.132859501861E-02,0.100405671901,0.121490862117,
    0.144584165667,0.169685582553,0.196795112777,0.225912756339,
    0.25703851324,0.29017238348,0.32531436706,0.362464463981,
    0.401622674242,0.442788997845,0.485963434789,0.531145985075,
    0.578336648702,0.627535425671,0.678742315982,0.731957319636,
    0.787180436632,0.84441166697,0.903651010651,0.964898467674,
    1.02815403804,1.093417721749,1.160689518801,1.229969429195,
    1.301257452933,1.374553590013,1.449857840437,1.527170204204,
    1.606490681313,1.687819271766,1.771155975562,1.856500792702,
    1.943853723184),.UNSPECIFIED.);
#9881 = CARTESIAN_POINT('',(4.160668859433,-11.98414095884,0.));
#9882 = CARTESIAN_POINT('',(4.160780220504,-11.98445658091,0.));
#9883 = CARTESIAN_POINT('',(4.161229953328,-11.98571752314,0.));
#9884 = CARTESIAN_POINT('',(4.162278744425,-11.98854133773,0.));
#9885 = CARTESIAN_POINT('',(4.164078115407,-11.99322816683,0.));
#9886 = CARTESIAN_POINT('',(4.166679621442,-11.9997575944,0.));
#9887 = CARTESIAN_POINT('',(4.170127340044,-12.00811078371,0.));
#9888 = CARTESIAN_POINT('',(4.174468410143,-12.0182668316,0.));
#9889 = CARTESIAN_POINT('',(4.179748235576,-12.03020442966,0.));
#9890 = CARTESIAN_POINT('',(4.186012327335,-12.04390122814,0.));
#9891 = CARTESIAN_POINT('',(4.193305607372,-12.05933407869,0.));
#9892 = CARTESIAN_POINT('',(4.201672627263,-12.07647896067,0.));
#9893 = CARTESIAN_POINT('',(4.211157475192,-12.09531101562,0.));
#9894 = CARTESIAN_POINT('',(4.221803786761,-12.11580454605,0.));
#9895 = CARTESIAN_POINT('',(4.23365472273,-12.13793302596,0.));
#9896 = CARTESIAN_POINT('',(4.246752957484,-12.16166910787,0.));
#9897 = CARTESIAN_POINT('',(4.261140664392,-12.18698463125,0.));
#9898 = CARTESIAN_POINT('',(4.276859502324,-12.21385063071,0.));
#9899 = CARTESIAN_POINT('',(4.293950602003,-12.24223734466,0.));
#9900 = CARTESIAN_POINT('',(4.312454552591,-12.27211422396,0.));
#9901 = CARTESIAN_POINT('',(4.3324113884,-12.30344994096,0.));
#9902 = CARTESIAN_POINT('',(4.35386057574,-12.33621239865,0.));
#9903 = CARTESIAN_POINT('',(4.37684099992,-12.37036874,0.));
#9904 = CARTESIAN_POINT('',(4.401390952398,-12.40588535763,0.));
#9905 = CARTESIAN_POINT('',(4.427548118075,-12.44272790348,0.));
#9906 = CARTESIAN_POINT('',(4.455349562752,-12.4808612989,0.));
#9907 = CARTESIAN_POINT('',(4.484831720733,-12.52024974478,0.));
#9908 = CARTESIAN_POINT('',(4.516030382595,-12.56085673192,0.));
#9909 = CARTESIAN_POINT('',(4.548980683117,-12.60264505165,0.));
#9910 = CARTESIAN_POINT('',(4.583717089374,-12.64557680654,0.));
#9911 = CARTESIAN_POINT('',(4.620273388998,-12.68961342138,0.));
#9912 = CARTESIAN_POINT('',(4.658682678612,-12.73471565431,0.));
#9913 = CARTESIAN_POINT('',(4.698977352432,-12.78084360814,0.));
#9914 = CARTESIAN_POINT('',(4.741189091053,-12.82795674186,0.));
#9915 = CARTESIAN_POINT('',(4.785348850407,-12.87601388229,0.));
#9916 = CARTESIAN_POINT('',(4.831486850904,-12.92497323599,0.));
#9917 = CARTESIAN_POINT('',(4.879632566759,-12.97479240121,0.));
#9918 = CARTESIAN_POINT('',(4.929814715512,-13.02542838017,0.));
#9919 = CARTESIAN_POINT('',(4.982061247677,-13.07683759137,0.));
#9920 = CARTESIAN_POINT('',(5.036399336873,-13.12897588207,0.));
#9921 = CARTESIAN_POINT('',(5.092855368959,-13.18179854133,0.));
#9922 = CARTESIAN_POINT('',(5.15145493604,-13.2352603115,0.));
#9923 = CARTESIAN_POINT('',(5.21222281251,-13.28931540634,0.));
#9924 = CARTESIAN_POINT('',(5.275183001682,-13.34391750462,0.));
#9925 = CARTESIAN_POINT('',(5.340358510146,-13.39901983886,0.));
#9926 = CARTESIAN_POINT('',(5.384784374387,-13.43563084834,0.));
#9927 = CARTESIAN_POINT('',(5.407369608817,-13.45400884174,0.));
#9928 = VECTOR('',#9929,1.);
#9929 = DIRECTION('',(-0.,-0.,-1.));
#9930 = ADVANCED_FACE('',(#9931),#9954,.F.);
#9931 = FACE_BOUND('',#9932,.F.);
#9932 = EDGE_LOOP('',(#9933,#9934,#9941,#9949));
#9933 = ORIENTED_EDGE('',*,*,#9822,.T.);
#9934 = ORIENTED_EDGE('',*,*,#9935,.T.);
#9935 = EDGE_CURVE('',#9771,#9936,#9938,.T.);
#9936 = VERTEX_POINT('',#9937);
#9937 = CARTESIAN_POINT('',(6.075329228057,-13.16587918715,6.));
#9938 = B_SPLINE_CURVE_WITH_KNOTS('',1,(#9939,#9940),.UNSPECIFIED.,.F.,
  .F.,(2,2),(0.,0.72745360731),.PIECEWISE_BEZIER_KNOTS.);
#9939 = CARTESIAN_POINT('',(5.407369608817,-13.45400884174,6.));
#9940 = CARTESIAN_POINT('',(6.075329228057,-13.16587918715,6.));
#9941 = ORIENTED_EDGE('',*,*,#9942,.F.);
#9942 = EDGE_CURVE('',#9943,#9936,#9945,.T.);
#9943 = VERTEX_POINT('',#9944);
#9944 = CARTESIAN_POINT('',(6.075329228057,-13.16587918715,0.));
#9945 = LINE('',#9946,#9947);
#9946 = CARTESIAN_POINT('',(6.075329228057,-13.16587918715,0.));
#9947 = VECTOR('',#9948,1.);
#9948 = DIRECTION('',(0.,0.,1.));
#9949 = ORIENTED_EDGE('',*,*,#9950,.F.);
#9950 = EDGE_CURVE('',#9823,#9943,#9951,.T.);
#9951 = B_SPLINE_CURVE_WITH_KNOTS('',1,(#9952,#9953),.UNSPECIFIED.,.F.,
  .F.,(2,2),(0.,0.72745360731),.PIECEWISE_BEZIER_KNOTS.);
#9952 = CARTESIAN_POINT('',(5.407369608817,-13.45400884174,0.));
#9953 = CARTESIAN_POINT('',(6.075329228057,-13.16587918715,0.));
#9954 = SURFACE_OF_LINEAR_EXTRUSION('',#9955,#9958);
#9955 = B_SPLINE_CURVE_WITH_KNOTS('',1,(#9956,#9957),.UNSPECIFIED.,.F.,
  .F.,(2,2),(0.,0.72745360731),.PIECEWISE_BEZIER_KNOTS.);
#9956 = CARTESIAN_POINT('',(5.407369608817,-13.45400884174,0.));
#9957 = CARTESIAN_POINT('',(6.075329228057,-13.16587918715,0.));
#9958 = VECTOR('',#9959,1.);
#9959 = DIRECTION('',(-0.,-0.,-1.));
#9960 = ADVANCED_FACE('',(#9961),#10074,.F.);
#9961 = FACE_BOUND('',#9962,.F.);
#9962 = EDGE_LOOP('',(#9963,#9964,#10016,#10024));
#9963 = ORIENTED_EDGE('',*,*,#9942,.T.);
#9964 = ORIENTED_EDGE('',*,*,#9965,.T.);
#9965 = EDGE_CURVE('',#9936,#9966,#9968,.T.);
#9966 = VERTEX_POINT('',#9967);
#9967 = CARTESIAN_POINT('',(5.86172403763,-11.25037737971,6.));
#9968 = B_SPLINE_CURVE_WITH_KNOTS('',3,(#9969,#9970,#9971,#9972,#9973,
    #9974,#9975,#9976,#9977,#9978,#9979,#9980,#9981,#9982,#9983,#9984,
    #9985,#9986,#9987,#9988,#9989,#9990,#9991,#9992,#9993,#9994,#9995,
    #9996,#9997,#9998,#9999,#10000,#10001,#10002,#10003,#10004,#10005,
    #10006,#10007,#10008,#10009,#10010,#10011,#10012,#10013,#10014,
    #10015),.UNSPECIFIED.,.F.,.F.,(4,1,1,1,1,1,1,1,1,1,1,1,1,1,1,1,1,1,1
    ,1,1,1,1,1,1,1,1,1,1,1,1,1,1,1,1,1,1,1,1,1,1,1,1,1,4),(0.,
    8.735293048255E-02,0.172697747622,0.256034451418,0.337363041871,
    0.416683518981,0.493995882747,0.569300133171,0.642596270251,
    0.713884293989,0.783164204383,0.850436001435,0.915699685144,
    0.97895525551,1.040202712533,1.099442056214,1.156673286553,
    1.211896403548,1.265111407202,1.316318297513,1.365517074482,
    1.41270773811,1.457890288395,1.501064725339,1.542231048942,
    1.581389259203,1.618539356124,1.653681339704,1.686815209945,
    1.717940966845,1.747058610407,1.774168140631,1.799269557517,
    1.822362861067,1.843448051283,1.862525128166,1.879594091718,
    1.894654941944,1.907707678849,1.918752302441,1.927788812733,
    1.934817209752,1.939837493553,1.942849664305,1.943853723184),
  .UNSPECIFIED.);
#9969 = CARTESIAN_POINT('',(6.075329228057,-13.16587918715,6.));
#9970 = CARTESIAN_POINT('',(6.077460488342,-13.13683953865,6.));
#9971 = CARTESIAN_POINT('',(6.081317482897,-13.07940133689,6.));
#9972 = CARTESIAN_POINT('',(6.085963645058,-12.99418087385,6.));
#9973 = CARTESIAN_POINT('',(6.089453421334,-12.91091505843,6.));
#9974 = CARTESIAN_POINT('',(6.091836617234,-12.82961925001,6.));
#9975 = CARTESIAN_POINT('',(6.093163397667,-12.75030777678,6.));
#9976 = CARTESIAN_POINT('',(6.093484067575,-12.67299403893,6.));
#9977 = CARTESIAN_POINT('',(6.092849108528,-12.59769047911,6.));
#9978 = CARTESIAN_POINT('',(6.091309149174,-12.52440858745,6.));
#9979 = CARTESIAN_POINT('',(6.088914952718,-12.45315889804,6.));
#9980 = CARTESIAN_POINT('',(6.085717399991,-12.38395098783,6.));
#9981 = CARTESIAN_POINT('',(6.081767473634,-12.31679347532,6.));
#9982 = CARTESIAN_POINT('',(6.077116241979,-12.25169401958,6.));
#9983 = CARTESIAN_POINT('',(6.07181484299,-12.1886593195,6.));
#9984 = CARTESIAN_POINT('',(6.065914468194,-12.12769511328,6.));
#9985 = CARTESIAN_POINT('',(6.059466346599,-12.06880617823,6.));
#9986 = CARTESIAN_POINT('',(6.052521728629,-12.01199633075,6.));
#9987 = CARTESIAN_POINT('',(6.04513187006,-11.95726842665,6.));
#9988 = CARTESIAN_POINT('',(6.037348015962,-11.90462436159,6.));
#9989 = CARTESIAN_POINT('',(6.029221384664,-11.85406507193,6.));
#9990 = CARTESIAN_POINT('',(6.020803151731,-11.80559053571,6.));
#9991 = CARTESIAN_POINT('',(6.012144433968,-11.75919977392,6.));
#9992 = CARTESIAN_POINT('',(6.003296273443,-11.71489085206,6.));
#9993 = CARTESIAN_POINT('',(5.994309621546,-11.67266088188,6.));
#9994 = CARTESIAN_POINT('',(5.985235323078,-11.63250602342,6.));
#9995 = CARTESIAN_POINT('',(5.976124100375,-11.59442148729,6.));
#9996 = CARTESIAN_POINT('',(5.967026537479,-11.5584015372,6.));
#9997 = CARTESIAN_POINT('',(5.957993064342,-11.52443949269,6.));
#9998 = CARTESIAN_POINT('',(5.949073941084,-11.4925277322,6.));
#9999 = CARTESIAN_POINT('',(5.940319242306,-11.46265769634,6.));
#10000 = CARTESIAN_POINT('',(5.931778841436,-11.43481989135,6.));
#10001 = CARTESIAN_POINT('',(5.923502395169,-11.40900389291,6.));
#10002 = CARTESIAN_POINT('',(5.915539327865,-11.38519835016,6.));
#10003 = CARTESIAN_POINT('',(5.907938816295,-11.36339098986,6.));
#10004 = CARTESIAN_POINT('',(5.900749773485,-11.34356862125,6.));
#10005 = CARTESIAN_POINT('',(5.894020835677,-11.32571713963,6.));
#10006 = CARTESIAN_POINT('',(5.887800339411,-11.30982153533,6.));
#10007 = CARTESIAN_POINT('',(5.882136329811,-11.29586588667,6.));
#10008 = CARTESIAN_POINT('',(5.877076471696,-11.28383340398,6.));
#10009 = CARTESIAN_POINT('',(5.87266825321,-11.27370632107,6.));
#10010 = CARTESIAN_POINT('',(5.868958331541,-11.26546623512,6.));
#10011 = CARTESIAN_POINT('',(5.865994259799,-11.25909320314,6.));
#10012 = CARTESIAN_POINT('',(5.863819987136,-11.25456809083,6.));
#10013 = CARTESIAN_POINT('',(5.862485742952,-11.25186740868,6.));
#10014 = CARTESIAN_POINT('',(5.861877192203,-11.25067497382,6.));
#10015 = CARTESIAN_POINT('',(5.86172403763,-11.25037737971,6.));
#10016 = ORIENTED_EDGE('',*,*,#10017,.F.);
#10017 = EDGE_CURVE('',#10018,#9966,#10020,.T.);
#10018 = VERTEX_POINT('',#10019);
#10019 = CARTESIAN_POINT('',(5.86172403763,-11.25037737971,0.));
#10020 = LINE('',#10021,#10022);
#10021 = CARTESIAN_POINT('',(5.86172403763,-11.25037737971,0.));
#10022 = VECTOR('',#10023,1.);
#10023 = DIRECTION('',(0.,0.,1.));
#10024 = ORIENTED_EDGE('',*,*,#10025,.F.);
#10025 = EDGE_CURVE('',#9943,#10018,#10026,.T.);
#10026 = B_SPLINE_CURVE_WITH_KNOTS('',3,(#10027,#10028,#10029,#10030,
    #10031,#10032,#10033,#10034,#10035,#10036,#10037,#10038,#10039,
    #10040,#10041,#10042,#10043,#10044,#10045,#10046,#10047,#10048,
    #10049,#10050,#10051,#10052,#10053,#10054,#10055,#10056,#10057,
    #10058,#10059,#10060,#10061,#10062,#10063,#10064,#10065,#10066,
    #10067,#10068,#10069,#10070,#10071,#10072,#10073),.UNSPECIFIED.,.F.,
  .F.,(4,1,1,1,1,1,1,1,1,1,1,1,1,1,1,1,1,1,1,1,1,1,1,1,1,1,1,1,1,1,1,1,1
    ,1,1,1,1,1,1,1,1,1,1,1,4),(0.,8.735293048255E-02,0.172697747622,
    0.256034451418,0.337363041871,0.416683518981,0.493995882747,
    0.569300133171,0.642596270251,0.713884293989,0.783164204383,
    0.850436001435,0.915699685144,0.97895525551,1.040202712533,
    1.099442056214,1.156673286553,1.211896403548,1.265111407202,
    1.316318297513,1.365517074482,1.41270773811,1.457890288395,
    1.501064725339,1.542231048942,1.581389259203,1.618539356124,
    1.653681339704,1.686815209945,1.717940966845,1.747058610407,
    1.774168140631,1.799269557517,1.822362861067,1.843448051283,
    1.862525128166,1.879594091718,1.894654941944,1.907707678849,
    1.918752302441,1.927788812733,1.934817209752,1.939837493553,
    1.942849664305,1.943853723184),.UNSPECIFIED.);
#10027 = CARTESIAN_POINT('',(6.075329228057,-13.16587918715,0.));
#10028 = CARTESIAN_POINT('',(6.077460488342,-13.13683953865,0.));
#10029 = CARTESIAN_POINT('',(6.081317482897,-13.07940133689,0.));
#10030 = CARTESIAN_POINT('',(6.085963645058,-12.99418087385,0.));
#10031 = CARTESIAN_POINT('',(6.089453421334,-12.91091505843,0.));
#10032 = CARTESIAN_POINT('',(6.091836617234,-12.82961925001,0.));
#10033 = CARTESIAN_POINT('',(6.093163397667,-12.75030777678,0.));
#10034 = CARTESIAN_POINT('',(6.093484067575,-12.67299403893,0.));
#10035 = CARTESIAN_POINT('',(6.092849108528,-12.59769047911,0.));
#10036 = CARTESIAN_POINT('',(6.091309149174,-12.52440858745,0.));
#10037 = CARTESIAN_POINT('',(6.088914952718,-12.45315889804,0.));
#10038 = CARTESIAN_POINT('',(6.085717399991,-12.38395098783,0.));
#10039 = CARTESIAN_POINT('',(6.081767473634,-12.31679347532,0.));
#10040 = CARTESIAN_POINT('',(6.077116241979,-12.25169401958,0.));
#10041 = CARTESIAN_POINT('',(6.07181484299,-12.1886593195,0.));
#10042 = CARTESIAN_POINT('',(6.065914468194,-12.12769511328,0.));
#10043 = CARTESIAN_POINT('',(6.059466346599,-12.06880617823,0.));
#10044 = CARTESIAN_POINT('',(6.052521728629,-12.01199633075,0.));
#10045 = CARTESIAN_POINT('',(6.04513187006,-11.95726842665,0.));
#10046 = CARTESIAN_POINT('',(6.037348015962,-11.90462436159,0.));
#10047 = CARTESIAN_POINT('',(6.029221384664,-11.85406507193,0.));
#10048 = CARTESIAN_POINT('',(6.020803151731,-11.80559053571,0.));
#10049 = CARTESIAN_POINT('',(6.012144433968,-11.75919977392,0.));
#10050 = CARTESIAN_POINT('',(6.003296273443,-11.71489085206,0.));
#10051 = CARTESIAN_POINT('',(5.994309621546,-11.67266088188,0.));
#10052 = CARTESIAN_POINT('',(5.985235323078,-11.63250602342,0.));
#10053 = CARTESIAN_POINT('',(5.976124100375,-11.59442148729,0.));
#10054 = CARTESIAN_POINT('',(5.967026537479,-11.5584015372,0.));
#10055 = CARTESIAN_POINT('',(5.957993064342,-11.52443949269,0.));
#10056 = CARTESIAN_POINT('',(5.949073941084,-11.4925277322,0.));
#10057 = CARTESIAN_POINT('',(5.940319242306,-11.46265769634,0.));
#10058 = CARTESIAN_POINT('',(5.931778841436,-11.43481989135,0.));
#10059 = CARTESIAN_POINT('',(5.923502395169,-11.40900389291,0.));
#10060 = CARTESIAN_POINT('',(5.915539327865,-11.38519835016,0.));
#10061 = CARTESIAN_POINT('',(5.907938816295,-11.36339098986,0.));
#10062 = CARTESIAN_POINT('',(5.900749773485,-11.34356862125,0.));
#10063 = CARTESIAN_POINT('',(5.894020835677,-11.32571713963,0.));
#10064 = CARTESIAN_POINT('',(5.887800339411,-11.30982153533,0.));
#10065 = CARTESIAN_POINT('',(5.882136329811,-11.29586588667,0.));
#10066 = CARTESIAN_POINT('',(5.877076471696,-11.28383340398,0.));
#10067 = CARTESIAN_POINT('',(5.87266825321,-11.27370632107,0.));
#10068 = CARTESIAN_POINT('',(5.868958331541,-11.26546623512,0.));
#10069 = CARTESIAN_POINT('',(5.865994259799,-11.25909320314,0.));
#10070 = CARTESIAN_POINT('',(5.863819987136,-11.25456809083,0.));
#10071 = CARTESIAN_POINT('',(5.862485742952,-11.25186740868,0.));
#10072 = CARTESIAN_POINT('',(5.861877192203,-11.25067497382,0.));
#10073 = CARTESIAN_POINT('',(5.86172403763,-11.25037737971,0.));
#10074 = SURFACE_OF_LINEAR_EXTRUSION('',#10075,#10123);
#10075 = B_SPLINE_CURVE_WITH_KNOTS('',3,(#10076,#10077,#10078,#10079,
    #10080,#10081,#10082,#10083,#10084,#10085,#10086,#10087,#10088,
    #10089,#10090,#10091,#10092,#10093,#10094,#10095,#10096,#10097,
    #10098,#10099,#10100,#10101,#10102,#10103,#10104,#10105,#10106,
    #10107,#10108,#10109,#10110,#10111,#10112,#10113,#10114,#10115,
    #10116,#10117,#10118,#10119,#10120,#10121,#10122),.UNSPECIFIED.,.F.,
  .F.,(4,1,1,1,1,1,1,1,1,1,1,1,1,1,1,1,1,1,1,1,1,1,1,1,1,1,1,1,1,1,1,1,1
    ,1,1,1,1,1,1,1,1,1,1,1,4),(0.,8.735293048255E-02,0.172697747622,
    0.256034451418,0.337363041871,0.416683518981,0.493995882747,
    0.569300133171,0.642596270251,0.713884293989,0.783164204383,
    0.850436001435,0.915699685144,0.97895525551,1.040202712533,
    1.099442056214,1.156673286553,1.211896403548,1.265111407202,
    1.316318297513,1.365517074482,1.41270773811,1.457890288395,
    1.501064725339,1.542231048942,1.581389259203,1.618539356124,
    1.653681339704,1.686815209945,1.717940966845,1.747058610407,
    1.774168140631,1.799269557517,1.822362861067,1.843448051283,
    1.862525128166,1.879594091718,1.894654941944,1.907707678849,
    1.918752302441,1.927788812733,1.934817209752,1.939837493553,
    1.942849664305,1.943853723184),.UNSPECIFIED.);
#10076 = CARTESIAN_POINT('',(6.075329228057,-13.16587918715,0.));
#10077 = CARTESIAN_POINT('',(6.077460488342,-13.13683953865,0.));
#10078 = CARTESIAN_POINT('',(6.081317482897,-13.07940133689,0.));
#10079 = CARTESIAN_POINT('',(6.085963645058,-12.99418087385,0.));
#10080 = CARTESIAN_POINT('',(6.089453421334,-12.91091505843,0.));
#10081 = CARTESIAN_POINT('',(6.091836617234,-12.82961925001,0.));
#10082 = CARTESIAN_POINT('',(6.093163397667,-12.75030777678,0.));
#10083 = CARTESIAN_POINT('',(6.093484067575,-12.67299403893,0.));
#10084 = CARTESIAN_POINT('',(6.092849108528,-12.59769047911,0.));
#10085 = CARTESIAN_POINT('',(6.091309149174,-12.52440858745,0.));
#10086 = CARTESIAN_POINT('',(6.088914952718,-12.45315889804,0.));
#10087 = CARTESIAN_POINT('',(6.085717399991,-12.38395098783,0.));
#10088 = CARTESIAN_POINT('',(6.081767473634,-12.31679347532,0.));
#10089 = CARTESIAN_POINT('',(6.077116241979,-12.25169401958,0.));
#10090 = CARTESIAN_POINT('',(6.07181484299,-12.1886593195,0.));
#10091 = CARTESIAN_POINT('',(6.065914468194,-12.12769511328,0.));
#10092 = CARTESIAN_POINT('',(6.059466346599,-12.06880617823,0.));
#10093 = CARTESIAN_POINT('',(6.052521728629,-12.01199633075,0.));
#10094 = CARTESIAN_POINT('',(6.04513187006,-11.95726842665,0.));
#10095 = CARTESIAN_POINT('',(6.037348015962,-11.90462436159,0.));
#10096 = CARTESIAN_POINT('',(6.029221384664,-11.85406507193,0.));
#10097 = CARTESIAN_POINT('',(6.020803151731,-11.80559053571,0.));
#10098 = CARTESIAN_POINT('',(6.012144433968,-11.75919977392,0.));
#10099 = CARTESIAN_POINT('',(6.003296273443,-11.71489085206,0.));
#10100 = CARTESIAN_POINT('',(5.994309621546,-11.67266088188,0.));
#10101 = CARTESIAN_POINT('',(5.985235323078,-11.63250602342,0.));
#10102 = CARTESIAN_POINT('',(5.976124100375,-11.59442148729,0.));
#10103 = CARTESIAN_POINT('',(5.967026537479,-11.5584015372,0.));
#10104 = CARTESIAN_POINT('',(5.957993064342,-11.52443949269,0.));
#10105 = CARTESIAN_POINT('',(5.949073941084,-11.4925277322,0.));
#10106 = CARTESIAN_POINT('',(5.940319242306,-11.46265769634,0.));
#10107 = CARTESIAN_POINT('',(5.931778841436,-11.43481989135,0.));
#10108 = CARTESIAN_POINT('',(5.923502395169,-11.40900389291,0.));
#10109 = CARTESIAN_POINT('',(5.915539327865,-11.38519835016,0.));
#10110 = CARTESIAN_POINT('',(5.907938816295,-11.36339098986,0.));
#10111 = CARTESIAN_POINT('',(5.900749773485,-11.34356862125,0.));
#10112 = CARTESIAN_POINT('',(5.894020835677,-11.32571713963,0.));
#10113 = CARTESIAN_POINT('',(5.887800339411,-11.30982153533,0.));
#10114 = CARTESIAN_POINT('',(5.882136329811,-11.29586588667,0.));
#10115 = CARTESIAN_POINT('',(5.877076471696,-11.28383340398,0.));
#10116 = CARTESIAN_POINT('',(5.87266825321,-11.27370632107,0.));
#10117 = CARTESIAN_POINT('',(5.868958331541,-11.26546623512,0.));
#10118 = CARTESIAN_POINT('',(5.865994259799,-11.25909320314,0.));
#10119 = CARTESIAN_POINT('',(5.863819987136,-11.25456809083,0.));
#10120 = CARTESIAN_POINT('',(5.862485742952,-11.25186740868,0.));
#10121 = CARTESIAN_POINT('',(5.861877192203,-11.25067497382,0.));
#10122 = CARTESIAN_POINT('',(5.86172403763,-11.25037737971,0.));
#10123 = VECTOR('',#10124,1.);
#10124 = DIRECTION('',(-0.,-0.,-1.));
#10125 = ADVANCED_FACE('',(#10126),#10149,.F.);
#10126 = FACE_BOUND('',#10127,.F.);
#10127 = EDGE_LOOP('',(#10128,#10129,#10136,#10144));
#10128 = ORIENTED_EDGE('',*,*,#10017,.T.);
#10129 = ORIENTED_EDGE('',*,*,#10130,.T.);
#10130 = EDGE_CURVE('',#9966,#10131,#10133,.T.);
#10131 = VERTEX_POINT('',#10132);
#10132 = CARTESIAN_POINT('',(5.660331574675,-10.86384584135,6.));
#10133 = B_SPLINE_CURVE_WITH_KNOTS('',1,(#10134,#10135),.UNSPECIFIED.,
  .F.,.F.,(2,2),(0.,0.43585038061),.PIECEWISE_BEZIER_KNOTS.);
#10134 = CARTESIAN_POINT('',(5.86172403763,-11.25037737971,6.));
#10135 = CARTESIAN_POINT('',(5.660331574675,-10.86384584135,6.));
#10136 = ORIENTED_EDGE('',*,*,#10137,.F.);
#10137 = EDGE_CURVE('',#10138,#10131,#10140,.T.);
#10138 = VERTEX_POINT('',#10139);
#10139 = CARTESIAN_POINT('',(5.660331574675,-10.86384584135,0.));
#10140 = LINE('',#10141,#10142);
#10141 = CARTESIAN_POINT('',(5.660331574675,-10.86384584135,0.));
#10142 = VECTOR('',#10143,1.);
#10143 = DIRECTION('',(0.,0.,1.));
#10144 = ORIENTED_EDGE('',*,*,#10145,.F.);
#10145 = EDGE_CURVE('',#10018,#10138,#10146,.T.);
#10146 = B_SPLINE_CURVE_WITH_KNOTS('',1,(#10147,#10148),.UNSPECIFIED.,
  .F.,.F.,(2,2),(0.,0.43585038061),.PIECEWISE_BEZIER_KNOTS.);
#10147 = CARTESIAN_POINT('',(5.86172403763,-11.25037737971,0.));
#10148 = CARTESIAN_POINT('',(5.660331574675,-10.86384584135,0.));
#10149 = SURFACE_OF_LINEAR_EXTRUSION('',#10150,#10153);
#10150 = B_SPLINE_CURVE_WITH_KNOTS('',1,(#10151,#10152),.UNSPECIFIED.,
  .F.,.F.,(2,2),(0.,0.43585038061),.PIECEWISE_BEZIER_KNOTS.);
#10151 = CARTESIAN_POINT('',(5.86172403763,-11.25037737971,0.));
#10152 = CARTESIAN_POINT('',(5.660331574675,-10.86384584135,0.));
#10153 = VECTOR('',#10154,1.);
#10154 = DIRECTION('',(-0.,-0.,-1.));
#10155 = ADVANCED_FACE('',(#10156),#10179,.F.);
#10156 = FACE_BOUND('',#10157,.F.);
#10157 = EDGE_LOOP('',(#10158,#10159,#10166,#10174));
#10158 = ORIENTED_EDGE('',*,*,#10137,.T.);
#10159 = ORIENTED_EDGE('',*,*,#10160,.T.);
#10160 = EDGE_CURVE('',#10131,#10161,#10163,.T.);
#10161 = VERTEX_POINT('',#10162);
#10162 = CARTESIAN_POINT('',(6.578200694075,-10.33391385818,6.));
#10163 = B_SPLINE_CURVE_WITH_KNOTS('',1,(#10164,#10165),.UNSPECIFIED.,
  .F.,.F.,(2,2),(0.,1.059863966333),.PIECEWISE_BEZIER_KNOTS.);
#10164 = CARTESIAN_POINT('',(5.660331574675,-10.86384584135,6.));
#10165 = CARTESIAN_POINT('',(6.578200694075,-10.33391385818,6.));
#10166 = ORIENTED_EDGE('',*,*,#10167,.F.);
#10167 = EDGE_CURVE('',#10168,#10161,#10170,.T.);
#10168 = VERTEX_POINT('',#10169);
#10169 = CARTESIAN_POINT('',(6.578200694075,-10.33391385818,0.));
#10170 = LINE('',#10171,#10172);
#10171 = CARTESIAN_POINT('',(6.578200694075,-10.33391385818,0.));
#10172 = VECTOR('',#10173,1.);
#10173 = DIRECTION('',(0.,0.,1.));
#10174 = ORIENTED_EDGE('',*,*,#10175,.F.);
#10175 = EDGE_CURVE('',#10138,#10168,#10176,.T.);
#10176 = B_SPLINE_CURVE_WITH_KNOTS('',1,(#10177,#10178),.UNSPECIFIED.,
  .F.,.F.,(2,2),(0.,1.059863966333),.PIECEWISE_BEZIER_KNOTS.);
#10177 = CARTESIAN_POINT('',(5.660331574675,-10.86384584135,0.));
#10178 = CARTESIAN_POINT('',(6.578200694075,-10.33391385818,0.));
#10179 = SURFACE_OF_LINEAR_EXTRUSION('',#10180,#10183);
#10180 = B_SPLINE_CURVE_WITH_KNOTS('',1,(#10181,#10182),.UNSPECIFIED.,
  .F.,.F.,(2,2),(0.,1.059863966333),.PIECEWISE_BEZIER_KNOTS.);
#10181 = CARTESIAN_POINT('',(5.660331574675,-10.86384584135,0.));
#10182 = CARTESIAN_POINT('',(6.578200694075,-10.33391385818,0.));
#10183 = VECTOR('',#10184,1.);
#10184 = DIRECTION('',(-0.,-0.,-1.));
#10185 = ADVANCED_FACE('',(#10186),#10209,.F.);
#10186 = FACE_BOUND('',#10187,.F.);
#10187 = EDGE_LOOP('',(#10188,#10189,#10196,#10204));
#10188 = ORIENTED_EDGE('',*,*,#10167,.T.);
#10189 = ORIENTED_EDGE('',*,*,#10190,.T.);
#10190 = EDGE_CURVE('',#10161,#10191,#10193,.T.);
#10191 = VERTEX_POINT('',#10192);
#10192 = CARTESIAN_POINT('',(6.812250594176,-10.70159061641,6.));
#10193 = B_SPLINE_CURVE_WITH_KNOTS('',1,(#10194,#10195),.UNSPECIFIED.,
  .F.,.F.,(2,2),(0.,0.43585038061),.PIECEWISE_BEZIER_KNOTS.);
#10194 = CARTESIAN_POINT('',(6.578200694075,-10.33391385818,6.));
#10195 = CARTESIAN_POINT('',(6.812250594176,-10.70159061641,6.));
#10196 = ORIENTED_EDGE('',*,*,#10197,.F.);
#10197 = EDGE_CURVE('',#10198,#10191,#10200,.T.);
#10198 = VERTEX_POINT('',#10199);
#10199 = CARTESIAN_POINT('',(6.812250594176,-10.70159061641,0.));
#10200 = LINE('',#10201,#10202);
#10201 = CARTESIAN_POINT('',(6.812250594176,-10.70159061641,0.));
#10202 = VECTOR('',#10203,1.);
#10203 = DIRECTION('',(0.,0.,1.));
#10204 = ORIENTED_EDGE('',*,*,#10205,.F.);
#10205 = EDGE_CURVE('',#10168,#10198,#10206,.T.);
#10206 = B_SPLINE_CURVE_WITH_KNOTS('',1,(#10207,#10208),.UNSPECIFIED.,
  .F.,.F.,(2,2),(0.,0.43585038061),.PIECEWISE_BEZIER_KNOTS.);
#10207 = CARTESIAN_POINT('',(6.578200694075,-10.33391385818,0.));
#10208 = CARTESIAN_POINT('',(6.812250594176,-10.70159061641,0.));
#10209 = SURFACE_OF_LINEAR_EXTRUSION('',#10210,#10213);
#10210 = B_SPLINE_CURVE_WITH_KNOTS('',1,(#10211,#10212),.UNSPECIFIED.,
  .F.,.F.,(2,2),(0.,0.43585038061),.PIECEWISE_BEZIER_KNOTS.);
#10211 = CARTESIAN_POINT('',(6.578200694075,-10.33391385818,0.));
#10212 = CARTESIAN_POINT('',(6.812250594176,-10.70159061641,0.));
#10213 = VECTOR('',#10214,1.);
#10214 = DIRECTION('',(-0.,-0.,-1.));
#10215 = ADVANCED_FACE('',(#10216),#10329,.F.);
#10216 = FACE_BOUND('',#10217,.F.);
#10217 = EDGE_LOOP('',(#10218,#10219,#10271,#10279));
#10218 = ORIENTED_EDGE('',*,*,#10197,.T.);
#10219 = ORIENTED_EDGE('',*,*,#10220,.T.);
#10220 = EDGE_CURVE('',#10191,#10221,#10223,.T.);
#10221 = VERTEX_POINT('',#10222);
#10222 = CARTESIAN_POINT('',(8.364321225203,-11.84432904142,6.));
#10223 = B_SPLINE_CURVE_WITH_KNOTS('',3,(#10224,#10225,#10226,#10227,
    #10228,#10229,#10230,#10231,#10232,#10233,#10234,#10235,#10236,
    #10237,#10238,#10239,#10240,#10241,#10242,#10243,#10244,#10245,
    #10246,#10247,#10248,#10249,#10250,#10251,#10252,#10253,#10254,
    #10255,#10256,#10257,#10258,#10259,#10260,#10261,#10262,#10263,
    #10264,#10265,#10266,#10267,#10268,#10269,#10270),.UNSPECIFIED.,.F.,
  .F.,(4,1,1,1,1,1,1,1,1,1,1,1,1,1,1,1,1,1,1,1,1,1,1,1,1,1,1,1,1,1,1,1,1
    ,1,1,1,1,1,1,1,1,1,1,1,4),(0.,1.004058879412E-03,4.016229631009E-03,
    9.036513432115E-03,1.606491045092E-02,2.510142074349E-02,
    3.614604433531E-02,4.91987812401E-02,6.425963146609E-02,
    8.132859501861E-02,0.100405671901,0.121490862117,0.144584165667,
    0.169685582553,0.196795112777,0.225912756339,0.25703851324,
    0.29017238348,0.32531436706,0.362464463981,0.401622674242,
    0.442788997845,0.485963434789,0.531145985075,0.578336648702,
    0.627535425671,0.678742315982,0.731957319636,0.787180436632,
    0.84441166697,0.903651010651,0.964898467674,1.02815403804,
    1.093417721749,1.160689518801,1.229969429195,1.301257452933,
    1.374553590013,1.449857840437,1.527170204204,1.606490681313,
    1.687819271766,1.771155975562,1.856500792702,1.943853723184),
  .UNSPECIFIED.);
#10224 = CARTESIAN_POINT('',(6.812250594176,-10.70159061641,6.));
#10225 = CARTESIAN_POINT('',(6.812431740954,-10.70187204922,6.));
#10226 = CARTESIAN_POINT('',(6.813160144461,-10.70299528706,6.));
#10227 = CARTESIAN_POINT('',(6.81483188172,-10.70550111749,6.));
#10228 = CARTESIAN_POINT('',(6.817663607598,-10.70964664901,6.));
#10229 = CARTESIAN_POINT('',(6.821700779324,-10.71540012642,6.));
#10230 = CARTESIAN_POINT('',(6.826981942252,-10.72273305581,6.));
#10231 = CARTESIAN_POINT('',(6.833548144074,-10.73161422646,6.));
#10232 = CARTESIAN_POINT('',(6.841438650698,-10.74201243347,6.));
#10233 = CARTESIAN_POINT('',(6.850692592161,-10.753895434,6.));
#10234 = CARTESIAN_POINT('',(6.861348341159,-10.76723034394,6.));
#10235 = CARTESIAN_POINT('',(6.873443708832,-10.78198351583,6.));
#10236 = CARTESIAN_POINT('',(6.887015862208,-10.79812059384,6.));
#10237 = CARTESIAN_POINT('',(6.902101334436,-10.8156065101,6.));
#10238 = CARTESIAN_POINT('',(6.918736005555,-10.83440550005,6.));
#10239 = CARTESIAN_POINT('',(6.936955092894,-10.85448111199,6.));
#10240 = CARTESIAN_POINT('',(6.956793138767,-10.87579621859,6.));
#10241 = CARTESIAN_POINT('',(6.978283999248,-10.89831302807,6.));
#10242 = CARTESIAN_POINT('',(7.001460832876,-10.92199309563,6.));
#10243 = CARTESIAN_POINT('',(7.026356089617,-10.94679733511,6.));
#10244 = CARTESIAN_POINT('',(7.053001499996,-10.97268603074,6.));
#10245 = CARTESIAN_POINT('',(7.081428064422,-10.99961884912,6.));
#10246 = CARTESIAN_POINT('',(7.111666042698,-11.02755485134,6.));
#10247 = CARTESIAN_POINT('',(7.143744943728,-11.05645250527,6.));
#10248 = CARTESIAN_POINT('',(7.177693515411,-11.086269698,6.));
#10249 = CARTESIAN_POINT('',(7.213539734738,-11.11696374844,6.));
#10250 = CARTESIAN_POINT('',(7.251310798078,-11.14849142012,6.));
#10251 = CARTESIAN_POINT('',(7.291033111671,-11.1808089341,6.));
#10252 = CARTESIAN_POINT('',(7.332732282319,-11.21387198202,6.));
#10253 = CARTESIAN_POINT('',(7.376433108286,-11.24763573932,6.));
#10254 = CARTESIAN_POINT('',(7.422159570399,-11.28205487864,6.));
#10255 = CARTESIAN_POINT('',(7.469934823359,-11.31708358328,6.));
#10256 = CARTESIAN_POINT('',(7.51978118727,-11.35267556085,6.));
#10257 = CARTESIAN_POINT('',(7.571720139369,-11.38878405709,6.));
#10258 = CARTESIAN_POINT('',(7.625772305981,-11.42536186974,6.));
#10259 = CARTESIAN_POINT('',(7.681957454687,-11.46236136256,6.));
#10260 = CARTESIAN_POINT('',(7.740294486708,-11.49973447955,6.));
#10261 = CARTESIAN_POINT('',(7.800801429525,-11.53743275921,6.));
#10262 = CARTESIAN_POINT('',(7.863495429658,-11.57540734896,6.));
#10263 = CARTESIAN_POINT('',(7.928392745937,-11.61360901954,6.));
#10264 = CARTESIAN_POINT('',(7.995508741931,-11.65198818018,6.));
#10265 = CARTESIAN_POINT('',(8.064857882778,-11.69049489123,6.));
#10266 = CARTESIAN_POINT('',(8.136453716038,-11.72907888725,6.));
#10267 = CARTESIAN_POINT('',(8.210308915602,-11.76768956005,6.));
#10268 = CARTESIAN_POINT('',(8.286435082591,-11.80627609711,6.));
#10269 = CARTESIAN_POINT('',(8.338106521741,-11.83165494272,6.));
#10270 = CARTESIAN_POINT('',(8.364321225203,-11.84432904142,6.));
#10271 = ORIENTED_EDGE('',*,*,#10272,.F.);
#10272 = EDGE_CURVE('',#10273,#10221,#10275,.T.);
#10273 = VERTEX_POINT('',#10274);
#10274 = CARTESIAN_POINT('',(8.364321225203,-11.84432904142,0.));
#10275 = LINE('',#10276,#10277);
#10276 = CARTESIAN_POINT('',(8.364321225203,-11.84432904142,0.));
#10277 = VECTOR('',#10278,1.);
#10278 = DIRECTION('',(0.,0.,1.));
#10279 = ORIENTED_EDGE('',*,*,#10280,.F.);
#10280 = EDGE_CURVE('',#10198,#10273,#10281,.T.);
#10281 = B_SPLINE_CURVE_WITH_KNOTS('',3,(#10282,#10283,#10284,#10285,
    #10286,#10287,#10288,#10289,#10290,#10291,#10292,#10293,#10294,
    #10295,#10296,#10297,#10298,#10299,#10300,#10301,#10302,#10303,
    #10304,#10305,#10306,#10307,#10308,#10309,#10310,#10311,#10312,
    #10313,#10314,#10315,#10316,#10317,#10318,#10319,#10320,#10321,
    #10322,#10323,#10324,#10325,#10326,#10327,#10328),.UNSPECIFIED.,.F.,
  .F.,(4,1,1,1,1,1,1,1,1,1,1,1,1,1,1,1,1,1,1,1,1,1,1,1,1,1,1,1,1,1,1,1,1
    ,1,1,1,1,1,1,1,1,1,1,1,4),(0.,1.004058879412E-03,4.016229631009E-03,
    9.036513432115E-03,1.606491045092E-02,2.510142074349E-02,
    3.614604433531E-02,4.91987812401E-02,6.425963146609E-02,
    8.132859501861E-02,0.100405671901,0.121490862117,0.144584165667,
    0.169685582553,0.196795112777,0.225912756339,0.25703851324,
    0.29017238348,0.32531436706,0.362464463981,0.401622674242,
    0.442788997845,0.485963434789,0.531145985075,0.578336648702,
    0.627535425671,0.678742315982,0.731957319636,0.787180436632,
    0.84441166697,0.903651010651,0.964898467674,1.02815403804,
    1.093417721749,1.160689518801,1.229969429195,1.301257452933,
    1.374553590013,1.449857840437,1.527170204204,1.606490681313,
    1.687819271766,1.771155975562,1.856500792702,1.943853723184),
  .UNSPECIFIED.);
#10282 = CARTESIAN_POINT('',(6.812250594176,-10.70159061641,0.));
#10283 = CARTESIAN_POINT('',(6.812431740954,-10.70187204922,0.));
#10284 = CARTESIAN_POINT('',(6.813160144461,-10.70299528706,0.));
#10285 = CARTESIAN_POINT('',(6.81483188172,-10.70550111749,0.));
#10286 = CARTESIAN_POINT('',(6.817663607598,-10.70964664901,0.));
#10287 = CARTESIAN_POINT('',(6.821700779324,-10.71540012642,0.));
#10288 = CARTESIAN_POINT('',(6.826981942252,-10.72273305581,0.));
#10289 = CARTESIAN_POINT('',(6.833548144074,-10.73161422646,0.));
#10290 = CARTESIAN_POINT('',(6.841438650698,-10.74201243347,0.));
#10291 = CARTESIAN_POINT('',(6.850692592161,-10.753895434,0.));
#10292 = CARTESIAN_POINT('',(6.861348341159,-10.76723034394,0.));
#10293 = CARTESIAN_POINT('',(6.873443708832,-10.78198351583,0.));
#10294 = CARTESIAN_POINT('',(6.887015862208,-10.79812059384,0.));
#10295 = CARTESIAN_POINT('',(6.902101334436,-10.8156065101,0.));
#10296 = CARTESIAN_POINT('',(6.918736005555,-10.83440550005,0.));
#10297 = CARTESIAN_POINT('',(6.936955092894,-10.85448111199,0.));
#10298 = CARTESIAN_POINT('',(6.956793138767,-10.87579621859,0.));
#10299 = CARTESIAN_POINT('',(6.978283999248,-10.89831302807,0.));
#10300 = CARTESIAN_POINT('',(7.001460832876,-10.92199309563,0.));
#10301 = CARTESIAN_POINT('',(7.026356089617,-10.94679733511,0.));
#10302 = CARTESIAN_POINT('',(7.053001499996,-10.97268603074,0.));
#10303 = CARTESIAN_POINT('',(7.081428064422,-10.99961884912,0.));
#10304 = CARTESIAN_POINT('',(7.111666042698,-11.02755485134,0.));
#10305 = CARTESIAN_POINT('',(7.143744943728,-11.05645250527,0.));
#10306 = CARTESIAN_POINT('',(7.177693515411,-11.086269698,0.));
#10307 = CARTESIAN_POINT('',(7.213539734738,-11.11696374844,0.));
#10308 = CARTESIAN_POINT('',(7.251310798078,-11.14849142012,0.));
#10309 = CARTESIAN_POINT('',(7.291033111671,-11.1808089341,0.));
#10310 = CARTESIAN_POINT('',(7.332732282319,-11.21387198202,0.));
#10311 = CARTESIAN_POINT('',(7.376433108286,-11.24763573932,0.));
#10312 = CARTESIAN_POINT('',(7.422159570399,-11.28205487864,0.));
#10313 = CARTESIAN_POINT('',(7.469934823359,-11.31708358328,0.));
#10314 = CARTESIAN_POINT('',(7.51978118727,-11.35267556085,0.));
#10315 = CARTESIAN_POINT('',(7.571720139369,-11.38878405709,0.));
#10316 = CARTESIAN_POINT('',(7.625772305981,-11.42536186974,0.));
#10317 = CARTESIAN_POINT('',(7.681957454687,-11.46236136256,0.));
#10318 = CARTESIAN_POINT('',(7.740294486708,-11.49973447955,0.));
#10319 = CARTESIAN_POINT('',(7.800801429525,-11.53743275921,0.));
#10320 = CARTESIAN_POINT('',(7.863495429658,-11.57540734896,0.));
#10321 = CARTESIAN_POINT('',(7.928392745937,-11.61360901954,0.));
#10322 = CARTESIAN_POINT('',(7.995508741931,-11.65198818018,0.));
#10323 = CARTESIAN_POINT('',(8.064857882778,-11.69049489123,0.));
#10324 = CARTESIAN_POINT('',(8.136453716038,-11.72907888725,0.));
#10325 = CARTESIAN_POINT('',(8.210308915602,-11.76768956005,0.));
#10326 = CARTESIAN_POINT('',(8.286435082591,-11.80627609711,0.));
#10327 = CARTESIAN_POINT('',(8.338106521741,-11.83165494272,0.));
#10328 = CARTESIAN_POINT('',(8.364321225203,-11.84432904142,0.));
#10329 = SURFACE_OF_LINEAR_EXTRUSION('',#10330,#10378);
#10330 = B_SPLINE_CURVE_WITH_KNOTS('',3,(#10331,#10332,#10333,#10334,
    #10335,#10336,#10337,#10338,#10339,#10340,#10341,#10342,#10343,
    #10344,#10345,#10346,#10347,#10348,#10349,#10350,#10351,#10352,
    #10353,#10354,#10355,#10356,#10357,#10358,#10359,#10360,#10361,
    #10362,#10363,#10364,#10365,#10366,#10367,#10368,#10369,#10370,
    #10371,#10372,#10373,#10374,#10375,#10376,#10377),.UNSPECIFIED.,.F.,
  .F.,(4,1,1,1,1,1,1,1,1,1,1,1,1,1,1,1,1,1,1,1,1,1,1,1,1,1,1,1,1,1,1,1,1
    ,1,1,1,1,1,1,1,1,1,1,1,4),(0.,1.004058879412E-03,4.016229631009E-03,
    9.036513432115E-03,1.606491045092E-02,2.510142074349E-02,
    3.614604433531E-02,4.91987812401E-02,6.425963146609E-02,
    8.132859501861E-02,0.100405671901,0.121490862117,0.144584165667,
    0.169685582553,0.196795112777,0.225912756339,0.25703851324,
    0.29017238348,0.32531436706,0.362464463981,0.401622674242,
    0.442788997845,0.485963434789,0.531145985075,0.578336648702,
    0.627535425671,0.678742315982,0.731957319636,0.787180436632,
    0.84441166697,0.903651010651,0.964898467674,1.02815403804,
    1.093417721749,1.160689518801,1.229969429195,1.301257452933,
    1.374553590013,1.449857840437,1.527170204204,1.606490681313,
    1.687819271766,1.771155975562,1.856500792702,1.943853723184),
  .UNSPECIFIED.);
#10331 = CARTESIAN_POINT('',(6.812250594176,-10.70159061641,0.));
#10332 = CARTESIAN_POINT('',(6.812431740954,-10.70187204922,0.));
#10333 = CARTESIAN_POINT('',(6.813160144461,-10.70299528706,0.));
#10334 = CARTESIAN_POINT('',(6.81483188172,-10.70550111749,0.));
#10335 = CARTESIAN_POINT('',(6.817663607598,-10.70964664901,0.));
#10336 = CARTESIAN_POINT('',(6.821700779324,-10.71540012642,0.));
#10337 = CARTESIAN_POINT('',(6.826981942252,-10.72273305581,0.));
#10338 = CARTESIAN_POINT('',(6.833548144074,-10.73161422646,0.));
#10339 = CARTESIAN_POINT('',(6.841438650698,-10.74201243347,0.));
#10340 = CARTESIAN_POINT('',(6.850692592161,-10.753895434,0.));
#10341 = CARTESIAN_POINT('',(6.861348341159,-10.76723034394,0.));
#10342 = CARTESIAN_POINT('',(6.873443708832,-10.78198351583,0.));
#10343 = CARTESIAN_POINT('',(6.887015862208,-10.79812059384,0.));
#10344 = CARTESIAN_POINT('',(6.902101334436,-10.8156065101,0.));
#10345 = CARTESIAN_POINT('',(6.918736005555,-10.83440550005,0.));
#10346 = CARTESIAN_POINT('',(6.936955092894,-10.85448111199,0.));
#10347 = CARTESIAN_POINT('',(6.956793138767,-10.87579621859,0.));
#10348 = CARTESIAN_POINT('',(6.978283999248,-10.89831302807,0.));
#10349 = CARTESIAN_POINT('',(7.001460832876,-10.92199309563,0.));
#10350 = CARTESIAN_POINT('',(7.026356089617,-10.94679733511,0.));
#10351 = CARTESIAN_POINT('',(7.053001499996,-10.97268603074,0.));
#10352 = CARTESIAN_POINT('',(7.081428064422,-10.99961884912,0.));
#10353 = CARTESIAN_POINT('',(7.111666042698,-11.02755485134,0.));
#10354 = CARTESIAN_POINT('',(7.143744943728,-11.05645250527,0.));
#10355 = CARTESIAN_POINT('',(7.177693515411,-11.086269698,0.));
#10356 = CARTESIAN_POINT('',(7.213539734738,-11.11696374844,0.));
#10357 = CARTESIAN_POINT('',(7.251310798078,-11.14849142012,0.));
#10358 = CARTESIAN_POINT('',(7.291033111671,-11.1808089341,0.));
#10359 = CARTESIAN_POINT('',(7.332732282319,-11.21387198202,0.));
#10360 = CARTESIAN_POINT('',(7.376433108286,-11.24763573932,0.));
#10361 = CARTESIAN_POINT('',(7.422159570399,-11.28205487864,0.));
#10362 = CARTESIAN_POINT('',(7.469934823359,-11.31708358328,0.));
#10363 = CARTESIAN_POINT('',(7.51978118727,-11.35267556085,0.));
#10364 = CARTESIAN_POINT('',(7.571720139369,-11.38878405709,0.));
#10365 = CARTESIAN_POINT('',(7.625772305981,-11.42536186974,0.));
#10366 = CARTESIAN_POINT('',(7.681957454687,-11.46236136256,0.));
#10367 = CARTESIAN_POINT('',(7.740294486708,-11.49973447955,0.));
#10368 = CARTESIAN_POINT('',(7.800801429525,-11.53743275921,0.));
#10369 = CARTESIAN_POINT('',(7.863495429658,-11.57540734896,0.));
#10370 = CARTESIAN_POINT('',(7.928392745937,-11.61360901954,0.));
#10371 = CARTESIAN_POINT('',(7.995508741931,-11.65198818018,0.));
#10372 = CARTESIAN_POINT('',(8.064857882778,-11.69049489123,0.));
#10373 = CARTESIAN_POINT('',(8.136453716038,-11.72907888725,0.));
#10374 = CARTESIAN_POINT('',(8.210308915602,-11.76768956005,0.));
#10375 = CARTESIAN_POINT('',(8.286435082591,-11.80627609711,0.));
#10376 = CARTESIAN_POINT('',(8.338106521741,-11.83165494272,0.));
#10377 = CARTESIAN_POINT('',(8.364321225203,-11.84432904142,0.));
#10378 = VECTOR('',#10379,1.);
#10379 = DIRECTION('',(-0.,-0.,-1.));
#10380 = ADVANCED_FACE('',(#10381),#10404,.F.);
#10381 = FACE_BOUND('',#10382,.F.);
#10382 = EDGE_LOOP('',(#10383,#10384,#10391,#10399));
#10383 = ORIENTED_EDGE('',*,*,#10272,.T.);
#10384 = ORIENTED_EDGE('',*,*,#10385,.T.);
#10385 = EDGE_CURVE('',#10221,#10386,#10388,.T.);
#10386 = VERTEX_POINT('',#10387);
#10387 = CARTESIAN_POINT('',(8.94782863528,-11.40992386975,6.));
#10388 = B_SPLINE_CURVE_WITH_KNOTS('',1,(#10389,#10390),.UNSPECIFIED.,
  .F.,.F.,(2,2),(0.,0.72745360731),.PIECEWISE_BEZIER_KNOTS.);
#10389 = CARTESIAN_POINT('',(8.364321225203,-11.84432904142,6.));
#10390 = CARTESIAN_POINT('',(8.94782863528,-11.40992386975,6.));
#10391 = ORIENTED_EDGE('',*,*,#10392,.F.);
#10392 = EDGE_CURVE('',#10393,#10386,#10395,.T.);
#10393 = VERTEX_POINT('',#10394);
#10394 = CARTESIAN_POINT('',(8.94782863528,-11.40992386975,0.));
#10395 = LINE('',#10396,#10397);
#10396 = CARTESIAN_POINT('',(8.94782863528,-11.40992386975,0.));
#10397 = VECTOR('',#10398,1.);
#10398 = DIRECTION('',(0.,0.,1.));
#10399 = ORIENTED_EDGE('',*,*,#10400,.F.);
#10400 = EDGE_CURVE('',#10273,#10393,#10401,.T.);
#10401 = B_SPLINE_CURVE_WITH_KNOTS('',1,(#10402,#10403),.UNSPECIFIED.,
  .F.,.F.,(2,2),(0.,0.72745360731),.PIECEWISE_BEZIER_KNOTS.);
#10402 = CARTESIAN_POINT('',(8.364321225203,-11.84432904142,0.));
#10403 = CARTESIAN_POINT('',(8.94782863528,-11.40992386975,0.));
#10404 = SURFACE_OF_LINEAR_EXTRUSION('',#10405,#10408);
#10405 = B_SPLINE_CURVE_WITH_KNOTS('',1,(#10406,#10407),.UNSPECIFIED.,
  .F.,.F.,(2,2),(0.,0.72745360731),.PIECEWISE_BEZIER_KNOTS.);
#10406 = CARTESIAN_POINT('',(8.364321225203,-11.84432904142,0.));
#10407 = CARTESIAN_POINT('',(8.94782863528,-11.40992386975,0.));
#10408 = VECTOR('',#10409,1.);
#10409 = DIRECTION('',(-0.,-0.,-1.));
#10410 = ADVANCED_FACE('',(#10411),#10524,.F.);
#10411 = FACE_BOUND('',#10412,.F.);
#10412 = EDGE_LOOP('',(#10413,#10414,#10466,#10474));
#10413 = ORIENTED_EDGE('',*,*,#10392,.T.);
#10414 = ORIENTED_EDGE('',*,*,#10415,.T.);
#10415 = EDGE_CURVE('',#10386,#10416,#10418,.T.);
#10416 = VERTEX_POINT('',#10417);
#10417 = CARTESIAN_POINT('',(8.298236083173,-9.595315408424,6.));
#10418 = B_SPLINE_CURVE_WITH_KNOTS('',3,(#10419,#10420,#10421,#10422,
    #10423,#10424,#10425,#10426,#10427,#10428,#10429,#10430,#10431,
    #10432,#10433,#10434,#10435,#10436,#10437,#10438,#10439,#10440,
    #10441,#10442,#10443,#10444,#10445,#10446,#10447,#10448,#10449,
    #10450,#10451,#10452,#10453,#10454,#10455,#10456,#10457,#10458,
    #10459,#10460,#10461,#10462,#10463,#10464,#10465),.UNSPECIFIED.,.F.,
  .F.,(4,1,1,1,1,1,1,1,1,1,1,1,1,1,1,1,1,1,1,1,1,1,1,1,1,1,1,1,1,1,1,1,1
    ,1,1,1,1,1,1,1,1,1,1,1,4),(0.,8.735293048255E-02,0.172697747622,
    0.256034451418,0.337363041871,0.416683518981,0.493995882747,
    0.569300133171,0.642596270251,0.713884293989,0.783164204383,
    0.850436001435,0.915699685144,0.97895525551,1.040202712533,
    1.099442056214,1.156673286553,1.211896403548,1.265111407202,
    1.316318297513,1.365517074482,1.41270773811,1.457890288395,
    1.501064725339,1.542231048942,1.581389259203,1.618539356124,
    1.653681339704,1.686815209945,1.717940966845,1.747058610407,
    1.774168140631,1.799269557517,1.822362861067,1.843448051283,
    1.862525128166,1.879594091718,1.894654941944,1.907707678849,
    1.918752302441,1.927788812733,1.934817209752,1.939837493553,
    1.942849664305,1.943853723184),.UNSPECIFIED.);
#10419 = CARTESIAN_POINT('',(8.94782863528,-11.40992386975,6.));
#10420 = CARTESIAN_POINT('',(8.943205443343,-11.38117548629,6.));
#10421 = CARTESIAN_POINT('',(8.933712311197,-11.32439605453,6.));
#10422 = CARTESIAN_POINT('',(8.918580044169,-11.24040124138,6.));
#10423 = CARTESIAN_POINT('',(8.902773334546,-11.15857506899,6.));
#10424 = CARTESIAN_POINT('',(8.886344187447,-11.07892099681,6.));
#10425 = CARTESIAN_POINT('',(8.869344719882,-11.00144139798,6.));
#10426 = CARTESIAN_POINT('',(8.851826971116,-10.92613771037,6.));
#10427 = CARTESIAN_POINT('',(8.833842931454,-10.85301039938,6.));
#10428 = CARTESIAN_POINT('',(8.81544451465,-10.78205896967,6.));
#10429 = CARTESIAN_POINT('',(8.796683544904,-10.71328196455,6.));
#10430 = CARTESIAN_POINT('',(8.77761174015,-10.64667696892,6.));
#10431 = CARTESIAN_POINT('',(8.758280696346,-10.58224061157,6.));
#10432 = CARTESIAN_POINT('',(8.738741871572,-10.51996856792,6.));
#10433 = CARTESIAN_POINT('',(8.719046570233,-10.45985556308,6.));
#10434 = CARTESIAN_POINT('',(8.6992459273,-10.401895375,6.));
#10435 = CARTESIAN_POINT('',(8.679390892623,-10.34608083799,6.));
#10436 = CARTESIAN_POINT('',(8.659532215288,-10.29240384643,6.));
#10437 = CARTESIAN_POINT('',(8.639720428054,-10.24085535873,6.));
#10438 = CARTESIAN_POINT('',(8.620005831848,-10.19142540155,6.));
#10439 = CARTESIAN_POINT('',(8.60043848034,-10.14410307424,6.));
#10440 = CARTESIAN_POINT('',(8.581068164585,-10.09887655353,6.));
#10441 = CARTESIAN_POINT('',(8.561944397756,-10.05573309847,6.));
#10442 = CARTESIAN_POINT('',(8.543116399946,-10.01465905557,6.));
#10443 = CARTESIAN_POINT('',(8.524633083069,-9.975639864261,6.));
#10444 = CARTESIAN_POINT('',(8.506543035843,-9.938660062452,6.));
#10445 = CARTESIAN_POINT('',(8.488894508867,-9.903703292483,6.));
#10446 = CARTESIAN_POINT('',(8.4717353998,-9.870752307191,6.));
#10447 = CARTESIAN_POINT('',(8.455113238633,-9.83978897626,6.));
#10448 = CARTESIAN_POINT('',(8.439075173067,-9.810794292788,6.));
#10449 = CARTESIAN_POINT('',(8.423667953997,-9.783748380088,6.));
#10450 = CARTESIAN_POINT('',(8.408937921101,-9.758630498717,6.));
#10451 = CARTESIAN_POINT('',(8.394930988555,-9.735419053719,6.));
#10452 = CARTESIAN_POINT('',(8.381692630792,-9.714091602157,6.));
#10453 = CARTESIAN_POINT('',(8.369267868609,-9.694624860665,6.));
#10454 = CARTESIAN_POINT('',(8.357701254581,-9.676994713932,6.));
#10455 = CARTESIAN_POINT('',(8.347036861185,-9.661176221162,6.));
#10456 = CARTESIAN_POINT('',(8.337318260574,-9.647143630097,6.));
#10457 = CARTESIAN_POINT('',(8.328588531019,-9.634870368263,6.));
#10458 = CARTESIAN_POINT('',(8.320890180562,-9.624329106284,6.));
#10459 = CARTESIAN_POINT('',(8.314265320132,-9.615491605351,6.));
#10460 = CARTESIAN_POINT('',(8.308755105286,-9.6083291988,6.));
#10461 = CARTESIAN_POINT('',(8.30440120816,-9.602811514703,6.));
#10462 = CARTESIAN_POINT('',(8.301241980585,-9.598909799171,6.));
#10463 = CARTESIAN_POINT('',(8.29932088096,-9.596589612141,6.));
#10464 = CARTESIAN_POINT('',(8.298453739371,-9.595569660977,6.));
#10465 = CARTESIAN_POINT('',(8.298236083173,-9.595315408424,6.));
#10466 = ORIENTED_EDGE('',*,*,#10467,.F.);
#10467 = EDGE_CURVE('',#10468,#10416,#10470,.T.);
#10468 = VERTEX_POINT('',#10469);
#10469 = CARTESIAN_POINT('',(8.298236083173,-9.595315408424,0.));
#10470 = LINE('',#10471,#10472);
#10471 = CARTESIAN_POINT('',(8.298236083173,-9.595315408424,0.));
#10472 = VECTOR('',#10473,1.);
#10473 = DIRECTION('',(0.,0.,1.));
#10474 = ORIENTED_EDGE('',*,*,#10475,.F.);
#10475 = EDGE_CURVE('',#10393,#10468,#10476,.T.);
#10476 = B_SPLINE_CURVE_WITH_KNOTS('',3,(#10477,#10478,#10479,#10480,
    #10481,#10482,#10483,#10484,#10485,#10486,#10487,#10488,#10489,
    #10490,#10491,#10492,#10493,#10494,#10495,#10496,#10497,#10498,
    #10499,#10500,#10501,#10502,#10503,#10504,#10505,#10506,#10507,
    #10508,#10509,#10510,#10511,#10512,#10513,#10514,#10515,#10516,
    #10517,#10518,#10519,#10520,#10521,#10522,#10523),.UNSPECIFIED.,.F.,
  .F.,(4,1,1,1,1,1,1,1,1,1,1,1,1,1,1,1,1,1,1,1,1,1,1,1,1,1,1,1,1,1,1,1,1
    ,1,1,1,1,1,1,1,1,1,1,1,4),(0.,8.735293048255E-02,0.172697747622,
    0.256034451418,0.337363041871,0.416683518981,0.493995882747,
    0.569300133171,0.642596270251,0.713884293989,0.783164204383,
    0.850436001435,0.915699685144,0.97895525551,1.040202712533,
    1.099442056214,1.156673286553,1.211896403548,1.265111407202,
    1.316318297513,1.365517074482,1.41270773811,1.457890288395,
    1.501064725339,1.542231048942,1.581389259203,1.618539356124,
    1.653681339704,1.686815209945,1.717940966845,1.747058610407,
    1.774168140631,1.799269557517,1.822362861067,1.843448051283,
    1.862525128166,1.879594091718,1.894654941944,1.907707678849,
    1.918752302441,1.927788812733,1.934817209752,1.939837493553,
    1.942849664305,1.943853723184),.UNSPECIFIED.);
#10477 = CARTESIAN_POINT('',(8.94782863528,-11.40992386975,0.));
#10478 = CARTESIAN_POINT('',(8.943205443343,-11.38117548629,0.));
#10479 = CARTESIAN_POINT('',(8.933712311197,-11.32439605453,0.));
#10480 = CARTESIAN_POINT('',(8.918580044169,-11.24040124138,0.));
#10481 = CARTESIAN_POINT('',(8.902773334546,-11.15857506899,0.));
#10482 = CARTESIAN_POINT('',(8.886344187447,-11.07892099681,0.));
#10483 = CARTESIAN_POINT('',(8.869344719882,-11.00144139798,0.));
#10484 = CARTESIAN_POINT('',(8.851826971116,-10.92613771037,0.));
#10485 = CARTESIAN_POINT('',(8.833842931454,-10.85301039938,0.));
#10486 = CARTESIAN_POINT('',(8.81544451465,-10.78205896967,0.));
#10487 = CARTESIAN_POINT('',(8.796683544904,-10.71328196455,0.));
#10488 = CARTESIAN_POINT('',(8.77761174015,-10.64667696892,0.));
#10489 = CARTESIAN_POINT('',(8.758280696346,-10.58224061157,0.));
#10490 = CARTESIAN_POINT('',(8.738741871572,-10.51996856792,0.));
#10491 = CARTESIAN_POINT('',(8.719046570233,-10.45985556308,0.));
#10492 = CARTESIAN_POINT('',(8.6992459273,-10.401895375,0.));
#10493 = CARTESIAN_POINT('',(8.679390892623,-10.34608083799,0.));
#10494 = CARTESIAN_POINT('',(8.659532215288,-10.29240384643,0.));
#10495 = CARTESIAN_POINT('',(8.639720428054,-10.24085535873,0.));
#10496 = CARTESIAN_POINT('',(8.620005831848,-10.19142540155,0.));
#10497 = CARTESIAN_POINT('',(8.60043848034,-10.14410307424,0.));
#10498 = CARTESIAN_POINT('',(8.581068164585,-10.09887655353,0.));
#10499 = CARTESIAN_POINT('',(8.561944397756,-10.05573309847,0.));
#10500 = CARTESIAN_POINT('',(8.543116399946,-10.01465905557,0.));
#10501 = CARTESIAN_POINT('',(8.524633083069,-9.975639864261,0.));
#10502 = CARTESIAN_POINT('',(8.506543035843,-9.938660062452,0.));
#10503 = CARTESIAN_POINT('',(8.488894508867,-9.903703292483,0.));
#10504 = CARTESIAN_POINT('',(8.4717353998,-9.870752307191,0.));
#10505 = CARTESIAN_POINT('',(8.455113238633,-9.83978897626,0.));
#10506 = CARTESIAN_POINT('',(8.439075173067,-9.810794292788,0.));
#10507 = CARTESIAN_POINT('',(8.423667953997,-9.783748380088,0.));
#10508 = CARTESIAN_POINT('',(8.408937921101,-9.758630498717,0.));
#10509 = CARTESIAN_POINT('',(8.394930988555,-9.735419053719,0.));
#10510 = CARTESIAN_POINT('',(8.381692630792,-9.714091602157,0.));
#10511 = CARTESIAN_POINT('',(8.369267868609,-9.694624860665,0.));
#10512 = CARTESIAN_POINT('',(8.357701254581,-9.676994713932,0.));
#10513 = CARTESIAN_POINT('',(8.347036861185,-9.661176221162,0.));
#10514 = CARTESIAN_POINT('',(8.337318260574,-9.647143630097,0.));
#10515 = CARTESIAN_POINT('',(8.328588531019,-9.634870368263,0.));
#10516 = CARTESIAN_POINT('',(8.320890180562,-9.624329106284,0.));
#10517 = CARTESIAN_POINT('',(8.314265320132,-9.615491605351,0.));
#10518 = CARTESIAN_POINT('',(8.308755105286,-9.6083291988,0.));
#10519 = CARTESIAN_POINT('',(8.30440120816,-9.602811514703,0.));
#10520 = CARTESIAN_POINT('',(8.301241980585,-9.598909799171,0.));
#10521 = CARTESIAN_POINT('',(8.29932088096,-9.596589612141,0.));
#10522 = CARTESIAN_POINT('',(8.298453739371,-9.595569660977,0.));
#10523 = CARTESIAN_POINT('',(8.298236083173,-9.595315408424,0.));
#10524 = SURFACE_OF_LINEAR_EXTRUSION('',#10525,#10573);
#10525 = B_SPLINE_CURVE_WITH_KNOTS('',3,(#10526,#10527,#10528,#10529,
    #10530,#10531,#10532,#10533,#10534,#10535,#10536,#10537,#10538,
    #10539,#10540,#10541,#10542,#10543,#10544,#10545,#10546,#10547,
    #10548,#10549,#10550,#10551,#10552,#10553,#10554,#10555,#10556,
    #10557,#10558,#10559,#10560,#10561,#10562,#10563,#10564,#10565,
    #10566,#10567,#10568,#10569,#10570,#10571,#10572),.UNSPECIFIED.,.F.,
  .F.,(4,1,1,1,1,1,1,1,1,1,1,1,1,1,1,1,1,1,1,1,1,1,1,1,1,1,1,1,1,1,1,1,1
    ,1,1,1,1,1,1,1,1,1,1,1,4),(0.,8.735293048255E-02,0.172697747622,
    0.256034451418,0.337363041871,0.416683518981,0.493995882747,
    0.569300133171,0.642596270251,0.713884293989,0.783164204383,
    0.850436001435,0.915699685144,0.97895525551,1.040202712533,
    1.099442056214,1.156673286553,1.211896403548,1.265111407202,
    1.316318297513,1.365517074482,1.41270773811,1.457890288395,
    1.501064725339,1.542231048942,1.581389259203,1.618539356124,
    1.653681339704,1.686815209945,1.717940966845,1.747058610407,
    1.774168140631,1.799269557517,1.822362861067,1.843448051283,
    1.862525128166,1.879594091718,1.894654941944,1.907707678849,
    1.918752302441,1.927788812733,1.934817209752,1.939837493553,
    1.942849664305,1.943853723184),.UNSPECIFIED.);
#10526 = CARTESIAN_POINT('',(8.94782863528,-11.40992386975,0.));
#10527 = CARTESIAN_POINT('',(8.943205443343,-11.38117548629,0.));
#10528 = CARTESIAN_POINT('',(8.933712311197,-11.32439605453,0.));
#10529 = CARTESIAN_POINT('',(8.918580044169,-11.24040124138,0.));
#10530 = CARTESIAN_POINT('',(8.902773334546,-11.15857506899,0.));
#10531 = CARTESIAN_POINT('',(8.886344187447,-11.07892099681,0.));
#10532 = CARTESIAN_POINT('',(8.869344719882,-11.00144139798,0.));
#10533 = CARTESIAN_POINT('',(8.851826971116,-10.92613771037,0.));
#10534 = CARTESIAN_POINT('',(8.833842931454,-10.85301039938,0.));
#10535 = CARTESIAN_POINT('',(8.81544451465,-10.78205896967,0.));
#10536 = CARTESIAN_POINT('',(8.796683544904,-10.71328196455,0.));
#10537 = CARTESIAN_POINT('',(8.77761174015,-10.64667696892,0.));
#10538 = CARTESIAN_POINT('',(8.758280696346,-10.58224061157,0.));
#10539 = CARTESIAN_POINT('',(8.738741871572,-10.51996856792,0.));
#10540 = CARTESIAN_POINT('',(8.719046570233,-10.45985556308,0.));
#10541 = CARTESIAN_POINT('',(8.6992459273,-10.401895375,0.));
#10542 = CARTESIAN_POINT('',(8.679390892623,-10.34608083799,0.));
#10543 = CARTESIAN_POINT('',(8.659532215288,-10.29240384643,0.));
#10544 = CARTESIAN_POINT('',(8.639720428054,-10.24085535873,0.));
#10545 = CARTESIAN_POINT('',(8.620005831848,-10.19142540155,0.));
#10546 = CARTESIAN_POINT('',(8.60043848034,-10.14410307424,0.));
#10547 = CARTESIAN_POINT('',(8.581068164585,-10.09887655353,0.));
#10548 = CARTESIAN_POINT('',(8.561944397756,-10.05573309847,0.));
#10549 = CARTESIAN_POINT('',(8.543116399946,-10.01465905557,0.));
#10550 = CARTESIAN_POINT('',(8.524633083069,-9.975639864261,0.));
#10551 = CARTESIAN_POINT('',(8.506543035843,-9.938660062452,0.));
#10552 = CARTESIAN_POINT('',(8.488894508867,-9.903703292483,0.));
#10553 = CARTESIAN_POINT('',(8.4717353998,-9.870752307191,0.));
#10554 = CARTESIAN_POINT('',(8.455113238633,-9.83978897626,0.));
#10555 = CARTESIAN_POINT('',(8.439075173067,-9.810794292788,0.));
#10556 = CARTESIAN_POINT('',(8.423667953997,-9.783748380088,0.));
#10557 = CARTESIAN_POINT('',(8.408937921101,-9.758630498717,0.));
#10558 = CARTESIAN_POINT('',(8.394930988555,-9.735419053719,0.));
#10559 = CARTESIAN_POINT('',(8.381692630792,-9.714091602157,0.));
#10560 = CARTESIAN_POINT('',(8.369267868609,-9.694624860665,0.));
#10561 = CARTESIAN_POINT('',(8.357701254581,-9.676994713932,0.));
#10562 = CARTESIAN_POINT('',(8.347036861185,-9.661176221162,0.));
#10563 = CARTESIAN_POINT('',(8.337318260574,-9.647143630097,0.));
#10564 = CARTESIAN_POINT('',(8.328588531019,-9.634870368263,0.));
#10565 = CARTESIAN_POINT('',(8.320890180562,-9.624329106284,0.));
#10566 = CARTESIAN_POINT('',(8.314265320132,-9.615491605351,0.));
#10567 = CARTESIAN_POINT('',(8.308755105286,-9.6083291988,0.));
#10568 = CARTESIAN_POINT('',(8.30440120816,-9.602811514703,0.));
#10569 = CARTESIAN_POINT('',(8.301241980585,-9.598909799171,0.));
#10570 = CARTESIAN_POINT('',(8.29932088096,-9.596589612141,0.));
#10571 = CARTESIAN_POINT('',(8.298453739371,-9.595569660977,0.));
#10572 = CARTESIAN_POINT('',(8.298236083173,-9.595315408424,0.));
#10573 = VECTOR('',#10574,1.);
#10574 = DIRECTION('',(-0.,-0.,-1.));
#10575 = ADVANCED_FACE('',(#10576),#10599,.F.);
#10576 = FACE_BOUND('',#10577,.F.);
#10577 = EDGE_LOOP('',(#10578,#10579,#10586,#10594));
#10578 = ORIENTED_EDGE('',*,*,#10467,.T.);
#10579 = ORIENTED_EDGE('',*,*,#10580,.T.);
#10580 = EDGE_CURVE('',#10416,#10581,#10583,.T.);
#10581 = VERTEX_POINT('',#10582);
#10582 = CARTESIAN_POINT('',(8.013131872834,-9.265647175917,6.));
#10583 = B_SPLINE_CURVE_WITH_KNOTS('',1,(#10584,#10585),.UNSPECIFIED.,
  .F.,.F.,(2,2),(0.,0.43585038061),.PIECEWISE_BEZIER_KNOTS.);
#10584 = CARTESIAN_POINT('',(8.298236083173,-9.595315408424,6.));
#10585 = CARTESIAN_POINT('',(8.013131872834,-9.265647175917,6.));
#10586 = ORIENTED_EDGE('',*,*,#10587,.F.);
#10587 = EDGE_CURVE('',#10588,#10581,#10590,.T.);
#10588 = VERTEX_POINT('',#10589);
#10589 = CARTESIAN_POINT('',(8.013131872834,-9.265647175917,0.));
#10590 = LINE('',#10591,#10592);
#10591 = CARTESIAN_POINT('',(8.013131872834,-9.265647175917,0.));
#10592 = VECTOR('',#10593,1.);
#10593 = DIRECTION('',(0.,0.,1.));
#10594 = ORIENTED_EDGE('',*,*,#10595,.F.);
#10595 = EDGE_CURVE('',#10468,#10588,#10596,.T.);
#10596 = B_SPLINE_CURVE_WITH_KNOTS('',1,(#10597,#10598),.UNSPECIFIED.,
  .F.,.F.,(2,2),(0.,0.43585038061),.PIECEWISE_BEZIER_KNOTS.);
#10597 = CARTESIAN_POINT('',(8.298236083173,-9.595315408424,0.));
#10598 = CARTESIAN_POINT('',(8.013131872834,-9.265647175917,0.));
#10599 = SURFACE_OF_LINEAR_EXTRUSION('',#10600,#10603);
#10600 = B_SPLINE_CURVE_WITH_KNOTS('',1,(#10601,#10602),.UNSPECIFIED.,
  .F.,.F.,(2,2),(0.,0.43585038061),.PIECEWISE_BEZIER_KNOTS.);
#10601 = CARTESIAN_POINT('',(8.298236083173,-9.595315408424,0.));
#10602 = CARTESIAN_POINT('',(8.013131872834,-9.265647175917,0.));
#10603 = VECTOR('',#10604,1.);
#10604 = DIRECTION('',(-0.,-0.,-1.));
#10605 = ADVANCED_FACE('',(#10606),#10629,.F.);
#10606 = FACE_BOUND('',#10607,.F.);
#10607 = EDGE_LOOP('',(#10608,#10609,#10616,#10624));
#10608 = ORIENTED_EDGE('',*,*,#10587,.T.);
#10609 = ORIENTED_EDGE('',*,*,#10610,.T.);
#10610 = EDGE_CURVE('',#10581,#10611,#10613,.T.);
#10611 = VERTEX_POINT('',#10612);
#10612 = CARTESIAN_POINT('',(8.784048985598,-8.538324391742,6.));
#10613 = B_SPLINE_CURVE_WITH_KNOTS('',1,(#10614,#10615),.UNSPECIFIED.,
  .F.,.F.,(2,2),(0.,1.059863966333),.PIECEWISE_BEZIER_KNOTS.);
#10614 = CARTESIAN_POINT('',(8.013131872834,-9.265647175917,6.));
#10615 = CARTESIAN_POINT('',(8.784048985598,-8.538324391742,6.));
#10616 = ORIENTED_EDGE('',*,*,#10617,.F.);
#10617 = EDGE_CURVE('',#10618,#10611,#10620,.T.);
#10618 = VERTEX_POINT('',#10619);
#10619 = CARTESIAN_POINT('',(8.784048985598,-8.538324391742,0.));
#10620 = LINE('',#10621,#10622);
#10621 = CARTESIAN_POINT('',(8.784048985598,-8.538324391742,0.));
#10622 = VECTOR('',#10623,1.);
#10623 = DIRECTION('',(0.,0.,1.));
#10624 = ORIENTED_EDGE('',*,*,#10625,.F.);
#10625 = EDGE_CURVE('',#10588,#10618,#10626,.T.);
#10626 = B_SPLINE_CURVE_WITH_KNOTS('',1,(#10627,#10628),.UNSPECIFIED.,
  .F.,.F.,(2,2),(0.,1.059863966333),.PIECEWISE_BEZIER_KNOTS.);
#10627 = CARTESIAN_POINT('',(8.013131872834,-9.265647175917,0.));
#10628 = CARTESIAN_POINT('',(8.784048985598,-8.538324391742,0.));
#10629 = SURFACE_OF_LINEAR_EXTRUSION('',#10630,#10633);
#10630 = B_SPLINE_CURVE_WITH_KNOTS('',1,(#10631,#10632),.UNSPECIFIED.,
  .F.,.F.,(2,2),(0.,1.059863966333),.PIECEWISE_BEZIER_KNOTS.);
#10631 = CARTESIAN_POINT('',(8.013131872834,-9.265647175917,0.));
#10632 = CARTESIAN_POINT('',(8.784048985598,-8.538324391742,0.));
#10633 = VECTOR('',#10634,1.);
#10634 = DIRECTION('',(-0.,-0.,-1.));
#10635 = ADVANCED_FACE('',(#10636),#10659,.F.);
#10636 = FACE_BOUND('',#10637,.F.);
#10637 = EDGE_LOOP('',(#10638,#10639,#10646,#10654));
#10638 = ORIENTED_EDGE('',*,*,#10617,.T.);
#10639 = ORIENTED_EDGE('',*,*,#10640,.T.);
#10640 = EDGE_CURVE('',#10611,#10641,#10643,.T.);
#10641 = VERTEX_POINT('',#10642);
#10642 = CARTESIAN_POINT('',(9.096582136101,-8.842114753857,6.));
#10643 = B_SPLINE_CURVE_WITH_KNOTS('',1,(#10644,#10645),.UNSPECIFIED.,
  .F.,.F.,(2,2),(0.,0.43585038061),.PIECEWISE_BEZIER_KNOTS.);
#10644 = CARTESIAN_POINT('',(8.784048985598,-8.538324391742,6.));
#10645 = CARTESIAN_POINT('',(9.096582136101,-8.842114753857,6.));
#10646 = ORIENTED_EDGE('',*,*,#10647,.F.);
#10647 = EDGE_CURVE('',#10648,#10641,#10650,.T.);
#10648 = VERTEX_POINT('',#10649);
#10649 = CARTESIAN_POINT('',(9.096582136101,-8.842114753857,0.));
#10650 = LINE('',#10651,#10652);
#10651 = CARTESIAN_POINT('',(9.096582136101,-8.842114753857,0.));
#10652 = VECTOR('',#10653,1.);
#10653 = DIRECTION('',(0.,0.,1.));
#10654 = ORIENTED_EDGE('',*,*,#10655,.F.);
#10655 = EDGE_CURVE('',#10618,#10648,#10656,.T.);
#10656 = B_SPLINE_CURVE_WITH_KNOTS('',1,(#10657,#10658),.UNSPECIFIED.,
  .F.,.F.,(2,2),(0.,0.43585038061),.PIECEWISE_BEZIER_KNOTS.);
#10657 = CARTESIAN_POINT('',(8.784048985598,-8.538324391742,0.));
#10658 = CARTESIAN_POINT('',(9.096582136101,-8.842114753857,0.));
#10659 = SURFACE_OF_LINEAR_EXTRUSION('',#10660,#10663);
#10660 = B_SPLINE_CURVE_WITH_KNOTS('',1,(#10661,#10662),.UNSPECIFIED.,
  .F.,.F.,(2,2),(0.,0.43585038061),.PIECEWISE_BEZIER_KNOTS.);
#10661 = CARTESIAN_POINT('',(8.784048985598,-8.538324391742,0.));
#10662 = CARTESIAN_POINT('',(9.096582136101,-8.842114753857,0.));
#10663 = VECTOR('',#10664,1.);
#10664 = DIRECTION('',(-0.,-0.,-1.));
#10665 = ADVANCED_FACE('',(#10666),#10779,.F.);
#10666 = FACE_BOUND('',#10667,.F.);
#10667 = EDGE_LOOP('',(#10668,#10669,#10721,#10729));
#10668 = ORIENTED_EDGE('',*,*,#10647,.T.);
#10669 = ORIENTED_EDGE('',*,*,#10670,.T.);
#10670 = EDGE_CURVE('',#10641,#10671,#10673,.T.);
#10671 = VERTEX_POINT('',#10672);
#10672 = CARTESIAN_POINT('',(10.870350119315,-9.596118396702,6.));
#10673 = B_SPLINE_CURVE_WITH_KNOTS('',3,(#10674,#10675,#10676,#10677,
    #10678,#10679,#10680,#10681,#10682,#10683,#10684,#10685,#10686,
    #10687,#10688,#10689,#10690,#10691,#10692,#10693,#10694,#10695,
    #10696,#10697,#10698,#10699,#10700,#10701,#10702,#10703,#10704,
    #10705,#10706,#10707,#10708,#10709,#10710,#10711,#10712,#10713,
    #10714,#10715,#10716,#10717,#10718,#10719,#10720),.UNSPECIFIED.,.F.,
  .F.,(4,1,1,1,1,1,1,1,1,1,1,1,1,1,1,1,1,1,1,1,1,1,1,1,1,1,1,1,1,1,1,1,1
    ,1,1,1,1,1,1,1,1,1,1,1,4),(0.,1.004058879412E-03,4.016229631009E-03,
    9.036513432115E-03,1.606491045092E-02,2.510142074349E-02,
    3.614604433531E-02,4.91987812401E-02,6.425963146609E-02,
    8.132859501861E-02,0.100405671901,0.121490862117,0.144584165667,
    0.169685582553,0.196795112777,0.225912756339,0.25703851324,
    0.29017238348,0.32531436706,0.362464463981,0.401622674242,
    0.442788997845,0.485963434789,0.531145985075,0.578336648702,
    0.627535425671,0.678742315982,0.731957319636,0.787180436632,
    0.84441166697,0.903651010651,0.964898467674,1.02815403804,
    1.093417721749,1.160689518801,1.229969429195,1.301257452933,
    1.374553590013,1.449857840437,1.527170204204,1.606490681313,
    1.687819271766,1.771155975562,1.856500792702,1.943853723184),
  .UNSPECIFIED.);
#10674 = CARTESIAN_POINT('',(9.096582136101,-8.842114753857,6.));
#10675 = CARTESIAN_POINT('',(9.096823302916,-8.842346825286,6.));
#10676 = CARTESIAN_POINT('',(9.097791108685,-8.843271804695,6.));
#10677 = CARTESIAN_POINT('',(9.099995668317,-8.845324561001,6.));
#10678 = CARTESIAN_POINT('',(9.103707090017,-8.848705308246,6.));
#10679 = CARTESIAN_POINT('',(9.108962282462,-8.853372664064,6.));
#10680 = CARTESIAN_POINT('',(9.115792180855,-8.859290013403,6.));
#10681 = CARTESIAN_POINT('',(9.12422952876,-8.866417520597,6.));
#10682 = CARTESIAN_POINT('',(9.134305337321,-8.874715766539,6.));
#10683 = CARTESIAN_POINT('',(9.146050246108,-8.884144353482,6.));
#10684 = CARTESIAN_POINT('',(9.15949400988,-8.894662434365,6.));
#10685 = CARTESIAN_POINT('',(9.174665660934,-8.906228548851,6.));
#10686 = CARTESIAN_POINT('',(9.191593441455,-8.918800695864,6.));
#10687 = CARTESIAN_POINT('',(9.21030481263,-8.93233632767,6.));
#10688 = CARTESIAN_POINT('',(9.230826439472,-8.946792369249,6.));
#10689 = CARTESIAN_POINT('',(9.253184183683,-8.96212522978,6.));
#10690 = CARTESIAN_POINT('',(9.277403094331,-8.978290816707,6.));
#10691 = CARTESIAN_POINT('',(9.303507399511,-8.995244549167,6.));
#10692 = CARTESIAN_POINT('',(9.331520497989,-9.012941371775,6.));
#10693 = CARTESIAN_POINT('',(9.361464951148,-9.031335768455,6.));
#10694 = CARTESIAN_POINT('',(9.393362475126,-9.050381776427,6.));
#10695 = CARTESIAN_POINT('',(9.427233933192,-9.070033000298,6.));
#10696 = CARTESIAN_POINT('',(9.463099328328,-9.090242626277,6.));
#10697 = CARTESIAN_POINT('',(9.500977796052,-9.11096343651,6.));
#10698 = CARTESIAN_POINT('',(9.540887597455,-9.132147823525,6.));
#10699 = CARTESIAN_POINT('',(9.58284611247,-9.153747804781,6.));
#10700 = CARTESIAN_POINT('',(9.626869833368,-9.175715037335,6.));
#10701 = CARTESIAN_POINT('',(9.672974358483,-9.198000832607,6.));
#10702 = CARTESIAN_POINT('',(9.721174386175,-9.22055617124,6.));
#10703 = CARTESIAN_POINT('',(9.771483709012,-9.243331718063,6.));
#10704 = CARTESIAN_POINT('',(9.823915208204,-9.26627783715,6.));
#10705 = CARTESIAN_POINT('',(9.878480848258,-9.289344606956,6.));
#10706 = CARTESIAN_POINT('',(9.935191671879,-9.312481835554,6.));
#10707 = CARTESIAN_POINT('',(9.994057795104,-9.335639075943,6.));
#10708 = CARTESIAN_POINT('',(10.055088402682,-9.358765641441,6.));
#10709 = CARTESIAN_POINT('',(10.118291743687,-9.381810621152,6.));
#10710 = CARTESIAN_POINT('',(10.183675127378,-9.404722895507,6.));
#10711 = CARTESIAN_POINT('',(10.25124491931,-9.427451151857,6.));
#10712 = CARTESIAN_POINT('',(10.321006537637,-9.449943900193,6.));
#10713 = CARTESIAN_POINT('',(10.39296444988,-9.472149488692,6.));
#10714 = CARTESIAN_POINT('',(10.467122169065,-9.494016120233,6.));
#10715 = CARTESIAN_POINT('',(10.543482253545,-9.515491865407,6.));
#10716 = CARTESIAN_POINT('',(10.622046293692,-9.536524689389,6.));
#10717 = CARTESIAN_POINT('',(10.702814950721,-9.557062425354,6.));
#10718 = CARTESIAN_POINT('',(10.785787794869,-9.577052955022,6.));
#10719 = CARTESIAN_POINT('',(10.841919188269,-9.589831456635,6.));
#10720 = CARTESIAN_POINT('',(10.870350119315,-9.596118396702,6.));
#10721 = ORIENTED_EDGE('',*,*,#10722,.F.);
#10722 = EDGE_CURVE('',#10723,#10671,#10725,.T.);
#10723 = VERTEX_POINT('',#10724);
#10724 = CARTESIAN_POINT('',(10.870350119315,-9.596118396702,0.));
#10725 = LINE('',#10726,#10727);
#10726 = CARTESIAN_POINT('',(10.870350119315,-9.596118396702,0.));
#10727 = VECTOR('',#10728,1.);
#10728 = DIRECTION('',(0.,0.,1.));
#10729 = ORIENTED_EDGE('',*,*,#10730,.F.);
#10730 = EDGE_CURVE('',#10648,#10723,#10731,.T.);
#10731 = B_SPLINE_CURVE_WITH_KNOTS('',3,(#10732,#10733,#10734,#10735,
    #10736,#10737,#10738,#10739,#10740,#10741,#10742,#10743,#10744,
    #10745,#10746,#10747,#10748,#10749,#10750,#10751,#10752,#10753,
    #10754,#10755,#10756,#10757,#10758,#10759,#10760,#10761,#10762,
    #10763,#10764,#10765,#10766,#10767,#10768,#10769,#10770,#10771,
    #10772,#10773,#10774,#10775,#10776,#10777,#10778),.UNSPECIFIED.,.F.,
  .F.,(4,1,1,1,1,1,1,1,1,1,1,1,1,1,1,1,1,1,1,1,1,1,1,1,1,1,1,1,1,1,1,1,1
    ,1,1,1,1,1,1,1,1,1,1,1,4),(0.,1.004058879412E-03,4.016229631009E-03,
    9.036513432115E-03,1.606491045092E-02,2.510142074349E-02,
    3.614604433531E-02,4.91987812401E-02,6.425963146609E-02,
    8.132859501861E-02,0.100405671901,0.121490862117,0.144584165667,
    0.169685582553,0.196795112777,0.225912756339,0.25703851324,
    0.29017238348,0.32531436706,0.362464463981,0.401622674242,
    0.442788997845,0.485963434789,0.531145985075,0.578336648702,
    0.627535425671,0.678742315982,0.731957319636,0.787180436632,
    0.84441166697,0.903651010651,0.964898467674,1.02815403804,
    1.093417721749,1.160689518801,1.229969429195,1.301257452933,
    1.374553590013,1.449857840437,1.527170204204,1.606490681313,
    1.687819271766,1.771155975562,1.856500792702,1.943853723184),
  .UNSPECIFIED.);
#10732 = CARTESIAN_POINT('',(9.096582136101,-8.842114753857,0.));
#10733 = CARTESIAN_POINT('',(9.096823302916,-8.842346825286,0.));
#10734 = CARTESIAN_POINT('',(9.097791108685,-8.843271804695,0.));
#10735 = CARTESIAN_POINT('',(9.099995668317,-8.845324561001,0.));
#10736 = CARTESIAN_POINT('',(9.103707090017,-8.848705308246,0.));
#10737 = CARTESIAN_POINT('',(9.108962282462,-8.853372664064,0.));
#10738 = CARTESIAN_POINT('',(9.115792180855,-8.859290013403,0.));
#10739 = CARTESIAN_POINT('',(9.12422952876,-8.866417520597,0.));
#10740 = CARTESIAN_POINT('',(9.134305337321,-8.874715766539,0.));
#10741 = CARTESIAN_POINT('',(9.146050246108,-8.884144353482,0.));
#10742 = CARTESIAN_POINT('',(9.15949400988,-8.894662434365,0.));
#10743 = CARTESIAN_POINT('',(9.174665660934,-8.906228548851,0.));
#10744 = CARTESIAN_POINT('',(9.191593441455,-8.918800695864,0.));
#10745 = CARTESIAN_POINT('',(9.21030481263,-8.93233632767,0.));
#10746 = CARTESIAN_POINT('',(9.230826439472,-8.946792369249,0.));
#10747 = CARTESIAN_POINT('',(9.253184183683,-8.96212522978,0.));
#10748 = CARTESIAN_POINT('',(9.277403094331,-8.978290816707,0.));
#10749 = CARTESIAN_POINT('',(9.303507399511,-8.995244549167,0.));
#10750 = CARTESIAN_POINT('',(9.331520497989,-9.012941371775,0.));
#10751 = CARTESIAN_POINT('',(9.361464951148,-9.031335768455,0.));
#10752 = CARTESIAN_POINT('',(9.393362475126,-9.050381776427,0.));
#10753 = CARTESIAN_POINT('',(9.427233933192,-9.070033000298,0.));
#10754 = CARTESIAN_POINT('',(9.463099328328,-9.090242626277,0.));
#10755 = CARTESIAN_POINT('',(9.500977796052,-9.11096343651,0.));
#10756 = CARTESIAN_POINT('',(9.540887597455,-9.132147823525,0.));
#10757 = CARTESIAN_POINT('',(9.58284611247,-9.153747804781,0.));
#10758 = CARTESIAN_POINT('',(9.626869833368,-9.175715037335,0.));
#10759 = CARTESIAN_POINT('',(9.672974358483,-9.198000832607,0.));
#10760 = CARTESIAN_POINT('',(9.721174386175,-9.22055617124,0.));
#10761 = CARTESIAN_POINT('',(9.771483709012,-9.243331718063,0.));
#10762 = CARTESIAN_POINT('',(9.823915208204,-9.26627783715,0.));
#10763 = CARTESIAN_POINT('',(9.878480848258,-9.289344606956,0.));
#10764 = CARTESIAN_POINT('',(9.935191671879,-9.312481835554,0.));
#10765 = CARTESIAN_POINT('',(9.994057795104,-9.335639075943,0.));
#10766 = CARTESIAN_POINT('',(10.055088402682,-9.358765641441,0.));
#10767 = CARTESIAN_POINT('',(10.118291743687,-9.381810621152,0.));
#10768 = CARTESIAN_POINT('',(10.183675127378,-9.404722895507,0.));
#10769 = CARTESIAN_POINT('',(10.25124491931,-9.427451151857,0.));
#10770 = CARTESIAN_POINT('',(10.321006537637,-9.449943900193,0.));
#10771 = CARTESIAN_POINT('',(10.39296444988,-9.472149488692,0.));
#10772 = CARTESIAN_POINT('',(10.467122169065,-9.494016120233,0.));
#10773 = CARTESIAN_POINT('',(10.543482253545,-9.515491865407,0.));
#10774 = CARTESIAN_POINT('',(10.622046293692,-9.536524689389,0.));
#10775 = CARTESIAN_POINT('',(10.702814950721,-9.557062425354,0.));
#10776 = CARTESIAN_POINT('',(10.785787794869,-9.577052955022,0.));
#10777 = CARTESIAN_POINT('',(10.841919188269,-9.589831456635,0.));
#10778 = CARTESIAN_POINT('',(10.870350119315,-9.596118396702,0.));
#10779 = SURFACE_OF_LINEAR_EXTRUSION('',#10780,#10828);
#10780 = B_SPLINE_CURVE_WITH_KNOTS('',3,(#10781,#10782,#10783,#10784,
    #10785,#10786,#10787,#10788,#10789,#10790,#10791,#10792,#10793,
    #10794,#10795,#10796,#10797,#10798,#10799,#10800,#10801,#10802,
    #10803,#10804,#10805,#10806,#10807,#10808,#10809,#10810,#10811,
    #10812,#10813,#10814,#10815,#10816,#10817,#10818,#10819,#10820,
    #10821,#10822,#10823,#10824,#10825,#10826,#10827),.UNSPECIFIED.,.F.,
  .F.,(4,1,1,1,1,1,1,1,1,1,1,1,1,1,1,1,1,1,1,1,1,1,1,1,1,1,1,1,1,1,1,1,1
    ,1,1,1,1,1,1,1,1,1,1,1,4),(0.,1.004058879412E-03,4.016229631009E-03,
    9.036513432115E-03,1.606491045092E-02,2.510142074349E-02,
    3.614604433531E-02,4.91987812401E-02,6.425963146609E-02,
    8.132859501861E-02,0.100405671901,0.121490862117,0.144584165667,
    0.169685582553,0.196795112777,0.225912756339,0.25703851324,
    0.29017238348,0.32531436706,0.362464463981,0.401622674242,
    0.442788997845,0.485963434789,0.531145985075,0.578336648702,
    0.627535425671,0.678742315982,0.731957319636,0.787180436632,
    0.84441166697,0.903651010651,0.964898467674,1.02815403804,
    1.093417721749,1.160689518801,1.229969429195,1.301257452933,
    1.374553590013,1.449857840437,1.527170204204,1.606490681313,
    1.687819271766,1.771155975562,1.856500792702,1.943853723184),
  .UNSPECIFIED.);
#10781 = CARTESIAN_POINT('',(9.096582136101,-8.842114753857,0.));
#10782 = CARTESIAN_POINT('',(9.096823302916,-8.842346825286,0.));
#10783 = CARTESIAN_POINT('',(9.097791108685,-8.843271804695,0.));
#10784 = CARTESIAN_POINT('',(9.099995668317,-8.845324561001,0.));
#10785 = CARTESIAN_POINT('',(9.103707090017,-8.848705308246,0.));
#10786 = CARTESIAN_POINT('',(9.108962282462,-8.853372664064,0.));
#10787 = CARTESIAN_POINT('',(9.115792180855,-8.859290013403,0.));
#10788 = CARTESIAN_POINT('',(9.12422952876,-8.866417520597,0.));
#10789 = CARTESIAN_POINT('',(9.134305337321,-8.874715766539,0.));
#10790 = CARTESIAN_POINT('',(9.146050246108,-8.884144353482,0.));
#10791 = CARTESIAN_POINT('',(9.15949400988,-8.894662434365,0.));
#10792 = CARTESIAN_POINT('',(9.174665660934,-8.906228548851,0.));
#10793 = CARTESIAN_POINT('',(9.191593441455,-8.918800695864,0.));
#10794 = CARTESIAN_POINT('',(9.21030481263,-8.93233632767,0.));
#10795 = CARTESIAN_POINT('',(9.230826439472,-8.946792369249,0.));
#10796 = CARTESIAN_POINT('',(9.253184183683,-8.96212522978,0.));
#10797 = CARTESIAN_POINT('',(9.277403094331,-8.978290816707,0.));
#10798 = CARTESIAN_POINT('',(9.303507399511,-8.995244549167,0.));
#10799 = CARTESIAN_POINT('',(9.331520497989,-9.012941371775,0.));
#10800 = CARTESIAN_POINT('',(9.361464951148,-9.031335768455,0.));
#10801 = CARTESIAN_POINT('',(9.393362475126,-9.050381776427,0.));
#10802 = CARTESIAN_POINT('',(9.427233933192,-9.070033000298,0.));
#10803 = CARTESIAN_POINT('',(9.463099328328,-9.090242626277,0.));
#10804 = CARTESIAN_POINT('',(9.500977796052,-9.11096343651,0.));
#10805 = CARTESIAN_POINT('',(9.540887597455,-9.132147823525,0.));
#10806 = CARTESIAN_POINT('',(9.58284611247,-9.153747804781,0.));
#10807 = CARTESIAN_POINT('',(9.626869833368,-9.175715037335,0.));
#10808 = CARTESIAN_POINT('',(9.672974358483,-9.198000832607,0.));
#10809 = CARTESIAN_POINT('',(9.721174386175,-9.22055617124,0.));
#10810 = CARTESIAN_POINT('',(9.771483709012,-9.243331718063,0.));
#10811 = CARTESIAN_POINT('',(9.823915208204,-9.26627783715,0.));
#10812 = CARTESIAN_POINT('',(9.878480848258,-9.289344606956,0.));
#10813 = CARTESIAN_POINT('',(9.935191671879,-9.312481835554,0.));
#10814 = CARTESIAN_POINT('',(9.994057795104,-9.335639075943,0.));
#10815 = CARTESIAN_POINT('',(10.055088402682,-9.358765641441,0.));
#10816 = CARTESIAN_POINT('',(10.118291743687,-9.381810621152,0.));
#10817 = CARTESIAN_POINT('',(10.183675127378,-9.404722895507,0.));
#10818 = CARTESIAN_POINT('',(10.25124491931,-9.427451151857,0.));
#10819 = CARTESIAN_POINT('',(10.321006537637,-9.449943900193,0.));
#10820 = CARTESIAN_POINT('',(10.39296444988,-9.472149488692,0.));
#10821 = CARTESIAN_POINT('',(10.467122169065,-9.494016120233,0.));
#10822 = CARTESIAN_POINT('',(10.543482253545,-9.515491865407,0.));
#10823 = CARTESIAN_POINT('',(10.622046293692,-9.536524689389,0.));
#10824 = CARTESIAN_POINT('',(10.702814950721,-9.557062425354,0.));
#10825 = CARTESIAN_POINT('',(10.785787794869,-9.577052955022,0.));
#10826 = CARTESIAN_POINT('',(10.841919188269,-9.589831456635,0.));
#10827 = CARTESIAN_POINT('',(10.870350119315,-9.596118396702,0.));
#10828 = VECTOR('',#10829,1.);
#10829 = DIRECTION('',(-0.,-0.,-1.));
#10830 = ADVANCED_FACE('',(#10831),#10854,.F.);
#10831 = FACE_BOUND('',#10832,.F.);
#10832 = EDGE_LOOP('',(#10833,#10834,#10841,#10849));
#10833 = ORIENTED_EDGE('',*,*,#10722,.T.);
#10834 = ORIENTED_EDGE('',*,*,#10835,.T.);
#10835 = EDGE_CURVE('',#10671,#10836,#10838,.T.);
#10836 = VERTEX_POINT('',#10837);
#10837 = CARTESIAN_POINT('',(11.337948284715,-9.038856603195,6.));
#10838 = B_SPLINE_CURVE_WITH_KNOTS('',1,(#10839,#10840),.UNSPECIFIED.,
  .F.,.F.,(2,2),(0.,0.72745360731),.PIECEWISE_BEZIER_KNOTS.);
#10839 = CARTESIAN_POINT('',(10.870350119315,-9.596118396702,6.));
#10840 = CARTESIAN_POINT('',(11.337948284715,-9.038856603195,6.));
#10841 = ORIENTED_EDGE('',*,*,#10842,.F.);
#10842 = EDGE_CURVE('',#10843,#10836,#10845,.T.);
#10843 = VERTEX_POINT('',#10844);
#10844 = CARTESIAN_POINT('',(11.337948284715,-9.038856603195,0.));
#10845 = LINE('',#10846,#10847);
#10846 = CARTESIAN_POINT('',(11.337948284715,-9.038856603195,0.));
#10847 = VECTOR('',#10848,1.);
#10848 = DIRECTION('',(0.,0.,1.));
#10849 = ORIENTED_EDGE('',*,*,#10850,.F.);
#10850 = EDGE_CURVE('',#10723,#10843,#10851,.T.);
#10851 = B_SPLINE_CURVE_WITH_KNOTS('',1,(#10852,#10853),.UNSPECIFIED.,
  .F.,.F.,(2,2),(0.,0.72745360731),.PIECEWISE_BEZIER_KNOTS.);
#10852 = CARTESIAN_POINT('',(10.870350119315,-9.596118396702,0.));
#10853 = CARTESIAN_POINT('',(11.337948284715,-9.038856603195,0.));
#10854 = SURFACE_OF_LINEAR_EXTRUSION('',#10855,#10858);
#10855 = B_SPLINE_CURVE_WITH_KNOTS('',1,(#10856,#10857),.UNSPECIFIED.,
  .F.,.F.,(2,2),(0.,0.72745360731),.PIECEWISE_BEZIER_KNOTS.);
#10856 = CARTESIAN_POINT('',(10.870350119315,-9.596118396702,0.));
#10857 = CARTESIAN_POINT('',(11.337948284715,-9.038856603195,0.));
#10858 = VECTOR('',#10859,1.);
#10859 = DIRECTION('',(-0.,-0.,-1.));
#10860 = ADVANCED_FACE('',(#10861),#10974,.F.);
#10861 = FACE_BOUND('',#10862,.F.);
#10862 = EDGE_LOOP('',(#10863,#10864,#10916,#10924));
#10863 = ORIENTED_EDGE('',*,*,#10842,.T.);
#10864 = ORIENTED_EDGE('',*,*,#10865,.T.);
#10865 = EDGE_CURVE('',#10836,#10866,#10868,.T.);
#10866 = VERTEX_POINT('',#10867);
#10867 = CARTESIAN_POINT('',(10.287388073554,-7.422967499816,6.));
#10868 = B_SPLINE_CURVE_WITH_KNOTS('',3,(#10869,#10870,#10871,#10872,
    #10873,#10874,#10875,#10876,#10877,#10878,#10879,#10880,#10881,
    #10882,#10883,#10884,#10885,#10886,#10887,#10888,#10889,#10890,
    #10891,#10892,#10893,#10894,#10895,#10896,#10897,#10898,#10899,
    #10900,#10901,#10902,#10903,#10904,#10905,#10906,#10907,#10908,
    #10909,#10910,#10911,#10912,#10913,#10914,#10915),.UNSPECIFIED.,.F.,
  .F.,(4,1,1,1,1,1,1,1,1,1,1,1,1,1,1,1,1,1,1,1,1,1,1,1,1,1,1,1,1,1,1,1,1
    ,1,1,1,1,1,1,1,1,1,1,1,4),(0.,8.735293048255E-02,0.172697747622,
    0.256034451418,0.337363041871,0.416683518981,0.493995882747,
    0.569300133171,0.642596270251,0.713884293989,0.783164204383,
    0.850436001435,0.915699685144,0.97895525551,1.040202712533,
    1.099442056214,1.156673286553,1.211896403548,1.265111407202,
    1.316318297513,1.365517074482,1.41270773811,1.457890288395,
    1.501064725339,1.542231048942,1.581389259203,1.618539356124,
    1.653681339704,1.686815209945,1.717940966845,1.747058610407,
    1.774168140631,1.799269557517,1.822362861067,1.843448051283,
    1.862525128166,1.879594091718,1.894654941944,1.907707678849,
    1.918752302441,1.927788812733,1.934817209752,1.939837493553,
    1.942849664305,1.943853723184),.UNSPECIFIED.);
#10869 = CARTESIAN_POINT('',(11.337948284715,-9.038856603195,6.));
#10870 = CARTESIAN_POINT('',(11.32681987803,-9.011949317561,6.));
#10871 = CARTESIAN_POINT('',(11.304488396396,-8.958889649672,6.));
#10872 = CARTESIAN_POINT('',(11.27039348461,-8.880648668513,6.));
#10873 = CARTESIAN_POINT('',(11.236142432896,-8.804673409294,6.));
#10874 = CARTESIAN_POINT('',(11.201786642369,-8.730955245006,6.));
#10875 = CARTESIAN_POINT('',(11.167377372503,-8.659484465802,6.));
#10876 = CARTESIAN_POINT('',(11.132965591434,-8.590250469722,6.));
#10877 = CARTESIAN_POINT('',(11.09860199539,-8.523241719831,6.));
#10878 = CARTESIAN_POINT('',(11.064336984548,-8.458445762,6.));
#10879 = CARTESIAN_POINT('',(11.030220650248,-8.395849227332,6.));
#10880 = CARTESIAN_POINT('',(10.996302759397,-8.335437838843,6.));
#10881 = CARTESIAN_POINT('',(10.962632739721,-8.277196417336,6.));
#10882 = CARTESIAN_POINT('',(10.92925966493,-8.221108887777,6.));
#10883 = CARTESIAN_POINT('',(10.896232240033,-8.167158285828,6.));
#10884 = CARTESIAN_POINT('',(10.863598786751,-8.115326764629,6.));
#10885 = CARTESIAN_POINT('',(10.83140722905,-8.065595601798,6.));
#10886 = CARTESIAN_POINT('',(10.799705078785,-8.017945206655,6.));
#10887 = CARTESIAN_POINT('',(10.768539421463,-7.972355127677,6.));
#10888 = CARTESIAN_POINT('',(10.737956902134,-7.928804060162,6.));
#10889 = CARTESIAN_POINT('',(10.7080037114,-7.887269854115,6.));
#10890 = CARTESIAN_POINT('',(10.678725571559,-7.84772952236,6.));
#10891 = CARTESIAN_POINT('',(10.650167722884,-7.810159248852,6.));
#10892 = CARTESIAN_POINT('',(10.622374910025,-7.774534397209,6.));
#10893 = CARTESIAN_POINT('',(10.595391368565,-7.740829519459,6.));
#10894 = CARTESIAN_POINT('',(10.569260811709,-7.709018364987,6.));
#10895 = CARTESIAN_POINT('',(10.544026417117,-7.679073889692,6.));
#10896 = CARTESIAN_POINT('',(10.519730813891,-7.650968265352,6.));
#10897 = CARTESIAN_POINT('',(10.496416069706,-7.624672889184,6.));
#10898 = CARTESIAN_POINT('',(10.474123678097,-7.600158393613,6.));
#10899 = CARTESIAN_POINT('',(10.452894545904,-7.577394656232,6.));
#10900 = CARTESIAN_POINT('',(10.432768980867,-7.556350809966,6.));
#10901 = CARTESIAN_POINT('',(10.413786679401,-7.536995253418,6.));
#10902 = CARTESIAN_POINT('',(10.395986714472,-7.519295661476,6.));
#10903 = CARTESIAN_POINT('',(10.379407523822,-7.50321899587,6.));
#10904 = CARTESIAN_POINT('',(10.364086897732,-7.48873151679,6.));
#10905 = CARTESIAN_POINT('',(10.350061968956,-7.475798791908,6.));
#10906 = CARTESIAN_POINT('',(10.337369196275,-7.464385714694,6.));
#10907 = CARTESIAN_POINT('',(10.326044368746,-7.454456494403,6.));
#10908 = CARTESIAN_POINT('',(10.316122546011,-7.4459747353,6.));
#10909 = CARTESIAN_POINT('',(10.307638191579,-7.438903248304,6.));
#10910 = CARTESIAN_POINT('',(10.300624740663,-7.433204648343,6.));
#10911 = CARTESIAN_POINT('',(10.295115737876,-7.428839771912,6.));
#10912 = CARTESIAN_POINT('',(10.291141870164,-7.425771795646,6.));
#10913 = CARTESIAN_POINT('',(10.288737482076,-7.42395718562,6.));
#10914 = CARTESIAN_POINT('',(10.287658497474,-7.423164703984,6.));
#10915 = CARTESIAN_POINT('',(10.287388073554,-7.422967499816,6.));
#10916 = ORIENTED_EDGE('',*,*,#10917,.F.);
#10917 = EDGE_CURVE('',#10918,#10866,#10920,.T.);
#10918 = VERTEX_POINT('',#10919);
#10919 = CARTESIAN_POINT('',(10.287388073554,-7.422967499816,0.));
#10920 = LINE('',#10921,#10922);
#10921 = CARTESIAN_POINT('',(10.287388073554,-7.422967499816,0.));
#10922 = VECTOR('',#10923,1.);
#10923 = DIRECTION('',(0.,0.,1.));
#10924 = ORIENTED_EDGE('',*,*,#10925,.F.);
#10925 = EDGE_CURVE('',#10843,#10918,#10926,.T.);
#10926 = B_SPLINE_CURVE_WITH_KNOTS('',3,(#10927,#10928,#10929,#10930,
    #10931,#10932,#10933,#10934,#10935,#10936,#10937,#10938,#10939,
    #10940,#10941,#10942,#10943,#10944,#10945,#10946,#10947,#10948,
    #10949,#10950,#10951,#10952,#10953,#10954,#10955,#10956,#10957,
    #10958,#10959,#10960,#10961,#10962,#10963,#10964,#10965,#10966,
    #10967,#10968,#10969,#10970,#10971,#10972,#10973),.UNSPECIFIED.,.F.,
  .F.,(4,1,1,1,1,1,1,1,1,1,1,1,1,1,1,1,1,1,1,1,1,1,1,1,1,1,1,1,1,1,1,1,1
    ,1,1,1,1,1,1,1,1,1,1,1,4),(0.,8.735293048255E-02,0.172697747622,
    0.256034451418,0.337363041871,0.416683518981,0.493995882747,
    0.569300133171,0.642596270251,0.713884293989,0.783164204383,
    0.850436001435,0.915699685144,0.97895525551,1.040202712533,
    1.099442056214,1.156673286553,1.211896403548,1.265111407202,
    1.316318297513,1.365517074482,1.41270773811,1.457890288395,
    1.501064725339,1.542231048942,1.581389259203,1.618539356124,
    1.653681339704,1.686815209945,1.717940966845,1.747058610407,
    1.774168140631,1.799269557517,1.822362861067,1.843448051283,
    1.862525128166,1.879594091718,1.894654941944,1.907707678849,
    1.918752302441,1.927788812733,1.934817209752,1.939837493553,
    1.942849664305,1.943853723184),.UNSPECIFIED.);
#10927 = CARTESIAN_POINT('',(11.337948284715,-9.038856603195,0.));
#10928 = CARTESIAN_POINT('',(11.32681987803,-9.011949317561,0.));
#10929 = CARTESIAN_POINT('',(11.304488396396,-8.958889649672,0.));
#10930 = CARTESIAN_POINT('',(11.27039348461,-8.880648668513,0.));
#10931 = CARTESIAN_POINT('',(11.236142432896,-8.804673409294,0.));
#10932 = CARTESIAN_POINT('',(11.201786642369,-8.730955245006,0.));
#10933 = CARTESIAN_POINT('',(11.167377372503,-8.659484465802,0.));
#10934 = CARTESIAN_POINT('',(11.132965591434,-8.590250469722,0.));
#10935 = CARTESIAN_POINT('',(11.09860199539,-8.523241719831,0.));
#10936 = CARTESIAN_POINT('',(11.064336984548,-8.458445762,0.));
#10937 = CARTESIAN_POINT('',(11.030220650248,-8.395849227332,0.));
#10938 = CARTESIAN_POINT('',(10.996302759397,-8.335437838843,0.));
#10939 = CARTESIAN_POINT('',(10.962632739721,-8.277196417336,0.));
#10940 = CARTESIAN_POINT('',(10.92925966493,-8.221108887777,0.));
#10941 = CARTESIAN_POINT('',(10.896232240033,-8.167158285828,0.));
#10942 = CARTESIAN_POINT('',(10.863598786751,-8.115326764629,0.));
#10943 = CARTESIAN_POINT('',(10.83140722905,-8.065595601798,0.));
#10944 = CARTESIAN_POINT('',(10.799705078785,-8.017945206655,0.));
#10945 = CARTESIAN_POINT('',(10.768539421463,-7.972355127677,0.));
#10946 = CARTESIAN_POINT('',(10.737956902134,-7.928804060162,0.));
#10947 = CARTESIAN_POINT('',(10.7080037114,-7.887269854115,0.));
#10948 = CARTESIAN_POINT('',(10.678725571559,-7.84772952236,0.));
#10949 = CARTESIAN_POINT('',(10.650167722884,-7.810159248852,0.));
#10950 = CARTESIAN_POINT('',(10.622374910025,-7.774534397209,0.));
#10951 = CARTESIAN_POINT('',(10.595391368565,-7.740829519459,0.));
#10952 = CARTESIAN_POINT('',(10.569260811709,-7.709018364987,0.));
#10953 = CARTESIAN_POINT('',(10.544026417117,-7.679073889692,0.));
#10954 = CARTESIAN_POINT('',(10.519730813891,-7.650968265352,0.));
#10955 = CARTESIAN_POINT('',(10.496416069706,-7.624672889184,0.));
#10956 = CARTESIAN_POINT('',(10.474123678097,-7.600158393613,0.));
#10957 = CARTESIAN_POINT('',(10.452894545904,-7.577394656232,0.));
#10958 = CARTESIAN_POINT('',(10.432768980867,-7.556350809966,0.));
#10959 = CARTESIAN_POINT('',(10.413786679401,-7.536995253418,0.));
#10960 = CARTESIAN_POINT('',(10.395986714472,-7.519295661476,0.));
#10961 = CARTESIAN_POINT('',(10.379407523822,-7.50321899587,0.));
#10962 = CARTESIAN_POINT('',(10.364086897732,-7.48873151679,0.));
#10963 = CARTESIAN_POINT('',(10.350061968956,-7.475798791908,0.));
#10964 = CARTESIAN_POINT('',(10.337369196275,-7.464385714694,0.));
#10965 = CARTESIAN_POINT('',(10.326044368746,-7.454456494403,0.));
#10966 = CARTESIAN_POINT('',(10.316122546011,-7.4459747353,0.));
#10967 = CARTESIAN_POINT('',(10.307638191579,-7.438903248304,0.));
#10968 = CARTESIAN_POINT('',(10.300624740663,-7.433204648343,0.));
#10969 = CARTESIAN_POINT('',(10.295115737876,-7.428839771912,0.));
#10970 = CARTESIAN_POINT('',(10.291141870164,-7.425771795646,0.));
#10971 = CARTESIAN_POINT('',(10.288737482076,-7.42395718562,0.));
#10972 = CARTESIAN_POINT('',(10.287658497474,-7.423164703984,0.));
#10973 = CARTESIAN_POINT('',(10.287388073554,-7.422967499816,0.));
#10974 = SURFACE_OF_LINEAR_EXTRUSION('',#10975,#11023);
#10975 = B_SPLINE_CURVE_WITH_KNOTS('',3,(#10976,#10977,#10978,#10979,
    #10980,#10981,#10982,#10983,#10984,#10985,#10986,#10987,#10988,
    #10989,#10990,#10991,#10992,#10993,#10994,#10995,#10996,#10997,
    #10998,#10999,#11000,#11001,#11002,#11003,#11004,#11005,#11006,
    #11007,#11008,#11009,#11010,#11011,#11012,#11013,#11014,#11015,
    #11016,#11017,#11018,#11019,#11020,#11021,#11022),.UNSPECIFIED.,.F.,
  .F.,(4,1,1,1,1,1,1,1,1,1,1,1,1,1,1,1,1,1,1,1,1,1,1,1,1,1,1,1,1,1,1,1,1
    ,1,1,1,1,1,1,1,1,1,1,1,4),(0.,8.735293048255E-02,0.172697747622,
    0.256034451418,0.337363041871,0.416683518981,0.493995882747,
    0.569300133171,0.642596270251,0.713884293989,0.783164204383,
    0.850436001435,0.915699685144,0.97895525551,1.040202712533,
    1.099442056214,1.156673286553,1.211896403548,1.265111407202,
    1.316318297513,1.365517074482,1.41270773811,1.457890288395,
    1.501064725339,1.542231048942,1.581389259203,1.618539356124,
    1.653681339704,1.686815209945,1.717940966845,1.747058610407,
    1.774168140631,1.799269557517,1.822362861067,1.843448051283,
    1.862525128166,1.879594091718,1.894654941944,1.907707678849,
    1.918752302441,1.927788812733,1.934817209752,1.939837493553,
    1.942849664305,1.943853723184),.UNSPECIFIED.);
#10976 = CARTESIAN_POINT('',(11.337948284715,-9.038856603195,0.));
#10977 = CARTESIAN_POINT('',(11.32681987803,-9.011949317561,0.));
#10978 = CARTESIAN_POINT('',(11.304488396396,-8.958889649672,0.));
#10979 = CARTESIAN_POINT('',(11.27039348461,-8.880648668513,0.));
#10980 = CARTESIAN_POINT('',(11.236142432896,-8.804673409294,0.));
#10981 = CARTESIAN_POINT('',(11.201786642369,-8.730955245006,0.));
#10982 = CARTESIAN_POINT('',(11.167377372503,-8.659484465802,0.));
#10983 = CARTESIAN_POINT('',(11.132965591434,-8.590250469722,0.));
#10984 = CARTESIAN_POINT('',(11.09860199539,-8.523241719831,0.));
#10985 = CARTESIAN_POINT('',(11.064336984548,-8.458445762,0.));
#10986 = CARTESIAN_POINT('',(11.030220650248,-8.395849227332,0.));
#10987 = CARTESIAN_POINT('',(10.996302759397,-8.335437838843,0.));
#10988 = CARTESIAN_POINT('',(10.962632739721,-8.277196417336,0.));
#10989 = CARTESIAN_POINT('',(10.92925966493,-8.221108887777,0.));
#10990 = CARTESIAN_POINT('',(10.896232240033,-8.167158285828,0.));
#10991 = CARTESIAN_POINT('',(10.863598786751,-8.115326764629,0.));
#10992 = CARTESIAN_POINT('',(10.83140722905,-8.065595601798,0.));
#10993 = CARTESIAN_POINT('',(10.799705078785,-8.017945206655,0.));
#10994 = CARTESIAN_POINT('',(10.768539421463,-7.972355127677,0.));
#10995 = CARTESIAN_POINT('',(10.737956902134,-7.928804060162,0.));
#10996 = CARTESIAN_POINT('',(10.7080037114,-7.887269854115,0.));
#10997 = CARTESIAN_POINT('',(10.678725571559,-7.84772952236,0.));
#10998 = CARTESIAN_POINT('',(10.650167722884,-7.810159248852,0.));
#10999 = CARTESIAN_POINT('',(10.622374910025,-7.774534397209,0.));
#11000 = CARTESIAN_POINT('',(10.595391368565,-7.740829519459,0.));
#11001 = CARTESIAN_POINT('',(10.569260811709,-7.709018364987,0.));
#11002 = CARTESIAN_POINT('',(10.544026417117,-7.679073889692,0.));
#11003 = CARTESIAN_POINT('',(10.519730813891,-7.650968265352,0.));
#11004 = CARTESIAN_POINT('',(10.496416069706,-7.624672889184,0.));
#11005 = CARTESIAN_POINT('',(10.474123678097,-7.600158393613,0.));
#11006 = CARTESIAN_POINT('',(10.452894545904,-7.577394656232,0.));
#11007 = CARTESIAN_POINT('',(10.432768980867,-7.556350809966,0.));
#11008 = CARTESIAN_POINT('',(10.413786679401,-7.536995253418,0.));
#11009 = CARTESIAN_POINT('',(10.395986714472,-7.519295661476,0.));
#11010 = CARTESIAN_POINT('',(10.379407523822,-7.50321899587,0.));
#11011 = CARTESIAN_POINT('',(10.364086897732,-7.48873151679,0.));
#11012 = CARTESIAN_POINT('',(10.350061968956,-7.475798791908,0.));
#11013 = CARTESIAN_POINT('',(10.337369196275,-7.464385714694,0.));
#11014 = CARTESIAN_POINT('',(10.326044368746,-7.454456494403,0.));
#11015 = CARTESIAN_POINT('',(10.316122546011,-7.4459747353,0.));
#11016 = CARTESIAN_POINT('',(10.307638191579,-7.438903248304,0.));
#11017 = CARTESIAN_POINT('',(10.300624740663,-7.433204648343,0.));
#11018 = CARTESIAN_POINT('',(10.295115737876,-7.428839771912,0.));
#11019 = CARTESIAN_POINT('',(10.291141870164,-7.425771795646,0.));
#11020 = CARTESIAN_POINT('',(10.288737482076,-7.42395718562,0.));
#11021 = CARTESIAN_POINT('',(10.287658497474,-7.423164703984,0.));
#11022 = CARTESIAN_POINT('',(10.287388073554,-7.422967499816,0.));
#11023 = VECTOR('',#11024,1.);
#11024 = DIRECTION('',(-0.,-0.,-1.));
#11025 = ADVANCED_FACE('',(#11026),#11049,.F.);
#11026 = FACE_BOUND('',#11027,.F.);
#11027 = EDGE_LOOP('',(#11028,#11029,#11036,#11044));
#11028 = ORIENTED_EDGE('',*,*,#10917,.T.);
#11029 = ORIENTED_EDGE('',*,*,#11030,.T.);
#11030 = EDGE_CURVE('',#10866,#11031,#11033,.T.);
#11031 = VERTEX_POINT('',#11032);
#11032 = CARTESIAN_POINT('',(9.933942157607,-7.167935072901,6.));
#11033 = B_SPLINE_CURVE_WITH_KNOTS('',1,(#11034,#11035),.UNSPECIFIED.,
  .F.,.F.,(2,2),(0.,0.43585038061),.PIECEWISE_BEZIER_KNOTS.);
#11034 = CARTESIAN_POINT('',(10.287388073554,-7.422967499816,6.));
#11035 = CARTESIAN_POINT('',(9.933942157607,-7.167935072901,6.));
#11036 = ORIENTED_EDGE('',*,*,#11037,.F.);
#11037 = EDGE_CURVE('',#11038,#11031,#11040,.T.);
#11038 = VERTEX_POINT('',#11039);
#11039 = CARTESIAN_POINT('',(9.933942157607,-7.167935072901,0.));
#11040 = LINE('',#11041,#11042);
#11041 = CARTESIAN_POINT('',(9.933942157607,-7.167935072901,0.));
#11042 = VECTOR('',#11043,1.);
#11043 = DIRECTION('',(0.,0.,1.));
#11044 = ORIENTED_EDGE('',*,*,#11045,.F.);
#11045 = EDGE_CURVE('',#10918,#11038,#11046,.T.);
#11046 = B_SPLINE_CURVE_WITH_KNOTS('',1,(#11047,#11048),.UNSPECIFIED.,
  .F.,.F.,(2,2),(0.,0.43585038061),.PIECEWISE_BEZIER_KNOTS.);
#11047 = CARTESIAN_POINT('',(10.287388073554,-7.422967499816,0.));
#11048 = CARTESIAN_POINT('',(9.933942157607,-7.167935072901,0.));
#11049 = SURFACE_OF_LINEAR_EXTRUSION('',#11050,#11053);
#11050 = B_SPLINE_CURVE_WITH_KNOTS('',1,(#11051,#11052),.UNSPECIFIED.,
  .F.,.F.,(2,2),(0.,0.43585038061),.PIECEWISE_BEZIER_KNOTS.);
#11051 = CARTESIAN_POINT('',(10.287388073554,-7.422967499816,0.));
#11052 = CARTESIAN_POINT('',(9.933942157607,-7.167935072901,0.));
#11053 = VECTOR('',#11054,1.);
#11054 = DIRECTION('',(-0.,-0.,-1.));
#11055 = ADVANCED_FACE('',(#11056),#11079,.F.);
#11056 = FACE_BOUND('',#11057,.F.);
#11057 = EDGE_LOOP('',(#11058,#11059,#11066,#11074));
#11058 = ORIENTED_EDGE('',*,*,#11037,.T.);
#11059 = ORIENTED_EDGE('',*,*,#11060,.T.);
#11060 = EDGE_CURVE('',#11031,#11061,#11063,.T.);
#11061 = VERTEX_POINT('',#11062);
#11062 = CARTESIAN_POINT('',(10.516346922641,-6.282431647273,6.));
#11063 = B_SPLINE_CURVE_WITH_KNOTS('',1,(#11064,#11065),.UNSPECIFIED.,
  .F.,.F.,(2,2),(0.,1.059863966333),.PIECEWISE_BEZIER_KNOTS.);
#11064 = CARTESIAN_POINT('',(9.933942157607,-7.167935072901,6.));
#11065 = CARTESIAN_POINT('',(10.516346922641,-6.282431647273,6.));
#11066 = ORIENTED_EDGE('',*,*,#11067,.F.);
#11067 = EDGE_CURVE('',#11068,#11061,#11070,.T.);
#11068 = VERTEX_POINT('',#11069);
#11069 = CARTESIAN_POINT('',(10.516346922641,-6.282431647273,0.));
#11070 = LINE('',#11071,#11072);
#11071 = CARTESIAN_POINT('',(10.516346922641,-6.282431647273,0.));
#11072 = VECTOR('',#11073,1.);
#11073 = DIRECTION('',(0.,0.,1.));
#11074 = ORIENTED_EDGE('',*,*,#11075,.F.);
#11075 = EDGE_CURVE('',#11038,#11068,#11076,.T.);
#11076 = B_SPLINE_CURVE_WITH_KNOTS('',1,(#11077,#11078),.UNSPECIFIED.,
  .F.,.F.,(2,2),(0.,1.059863966333),.PIECEWISE_BEZIER_KNOTS.);
#11077 = CARTESIAN_POINT('',(9.933942157607,-7.167935072901,0.));
#11078 = CARTESIAN_POINT('',(10.516346922641,-6.282431647273,0.));
#11079 = SURFACE_OF_LINEAR_EXTRUSION('',#11080,#11083);
#11080 = B_SPLINE_CURVE_WITH_KNOTS('',1,(#11081,#11082),.UNSPECIFIED.,
  .F.,.F.,(2,2),(0.,1.059863966333),.PIECEWISE_BEZIER_KNOTS.);
#11081 = CARTESIAN_POINT('',(9.933942157607,-7.167935072901,0.));
#11082 = CARTESIAN_POINT('',(10.516346922641,-6.282431647273,0.));
#11083 = VECTOR('',#11084,1.);
#11084 = DIRECTION('',(-0.,-0.,-1.));
#11085 = ADVANCED_FACE('',(#11086),#11109,.F.);
#11086 = FACE_BOUND('',#11087,.F.);
#11087 = EDGE_LOOP('',(#11088,#11089,#11096,#11104));
#11088 = ORIENTED_EDGE('',*,*,#11067,.T.);
#11089 = ORIENTED_EDGE('',*,*,#11090,.T.);
#11090 = EDGE_CURVE('',#11061,#11091,#11093,.T.);
#11091 = VERTEX_POINT('',#11092);
#11092 = CARTESIAN_POINT('',(10.890514580507,-6.505958196222,6.));
#11093 = B_SPLINE_CURVE_WITH_KNOTS('',1,(#11094,#11095),.UNSPECIFIED.,
  .F.,.F.,(2,2),(0.,0.43585038061),.PIECEWISE_BEZIER_KNOTS.);
#11094 = CARTESIAN_POINT('',(10.516346922641,-6.282431647273,6.));
#11095 = CARTESIAN_POINT('',(10.890514580507,-6.505958196222,6.));
#11096 = ORIENTED_EDGE('',*,*,#11097,.F.);
#11097 = EDGE_CURVE('',#11098,#11091,#11100,.T.);
#11098 = VERTEX_POINT('',#11099);
#11099 = CARTESIAN_POINT('',(10.890514580507,-6.505958196222,0.));
#11100 = LINE('',#11101,#11102);
#11101 = CARTESIAN_POINT('',(10.890514580507,-6.505958196222,0.));
#11102 = VECTOR('',#11103,1.);
#11103 = DIRECTION('',(0.,0.,1.));
#11104 = ORIENTED_EDGE('',*,*,#11105,.F.);
#11105 = EDGE_CURVE('',#11068,#11098,#11106,.T.);
#11106 = B_SPLINE_CURVE_WITH_KNOTS('',1,(#11107,#11108),.UNSPECIFIED.,
  .F.,.F.,(2,2),(0.,0.43585038061),.PIECEWISE_BEZIER_KNOTS.);
#11107 = CARTESIAN_POINT('',(10.516346922641,-6.282431647273,0.));
#11108 = CARTESIAN_POINT('',(10.890514580507,-6.505958196222,0.));
#11109 = SURFACE_OF_LINEAR_EXTRUSION('',#11110,#11113);
#11110 = B_SPLINE_CURVE_WITH_KNOTS('',1,(#11111,#11112),.UNSPECIFIED.,
  .F.,.F.,(2,2),(0.,0.43585038061),.PIECEWISE_BEZIER_KNOTS.);
#11111 = CARTESIAN_POINT('',(10.516346922641,-6.282431647273,0.));
#11112 = CARTESIAN_POINT('',(10.890514580507,-6.505958196222,0.));
#11113 = VECTOR('',#11114,1.);
#11114 = DIRECTION('',(-0.,-0.,-1.));
#11115 = ADVANCED_FACE('',(#11116),#11229,.F.);
#11116 = FACE_BOUND('',#11117,.F.);
#11117 = EDGE_LOOP('',(#11118,#11119,#11171,#11179));
#11118 = ORIENTED_EDGE('',*,*,#11097,.T.);
#11119 = ORIENTED_EDGE('',*,*,#11120,.T.);
#11120 = EDGE_CURVE('',#11091,#11121,#11123,.T.);
#11121 = VERTEX_POINT('',#11122);
#11122 = CARTESIAN_POINT('',(12.790355624809,-6.830578525346,6.));
#11123 = B_SPLINE_CURVE_WITH_KNOTS('',3,(#11124,#11125,#11126,#11127,
    #11128,#11129,#11130,#11131,#11132,#11133,#11134,#11135,#11136,
    #11137,#11138,#11139,#11140,#11141,#11142,#11143,#11144,#11145,
    #11146,#11147,#11148,#11149,#11150,#11151,#11152,#11153,#11154,
    #11155,#11156,#11157,#11158,#11159,#11160,#11161,#11162,#11163,
    #11164,#11165,#11166,#11167,#11168,#11169,#11170),.UNSPECIFIED.,.F.,
  .F.,(4,1,1,1,1,1,1,1,1,1,1,1,1,1,1,1,1,1,1,1,1,1,1,1,1,1,1,1,1,1,1,1,1
    ,1,1,1,1,1,1,1,1,1,1,1,4),(0.,1.004058879412E-03,4.016229631009E-03,
    9.036513432115E-03,1.606491045092E-02,2.510142074349E-02,
    3.614604433531E-02,4.91987812401E-02,6.425963146609E-02,
    8.132859501861E-02,0.100405671901,0.121490862117,0.144584165667,
    0.169685582553,0.196795112777,0.225912756339,0.25703851324,
    0.29017238348,0.32531436706,0.362464463981,0.401622674242,
    0.442788997845,0.485963434789,0.531145985075,0.578336648702,
    0.627535425671,0.678742315982,0.731957319636,0.787180436632,
    0.84441166697,0.903651010651,0.964898467674,1.02815403804,
    1.093417721749,1.160689518801,1.229969429195,1.301257452933,
    1.374553590013,1.449857840437,1.527170204204,1.606490681313,
    1.687819271766,1.771155975562,1.856500792702,1.943853723184),
  .UNSPECIFIED.);
#11124 = CARTESIAN_POINT('',(10.890514580507,-6.505958196222,6.));
#11125 = CARTESIAN_POINT('',(10.890802765994,-6.506128395241,6.));
#11126 = CARTESIAN_POINT('',(10.891957799364,-6.50680525034,6.));
#11127 = CARTESIAN_POINT('',(10.894576332989,-6.508294267895,6.));
#11128 = CARTESIAN_POINT('',(10.898967366807,-6.510727973913,6.));
#11129 = CARTESIAN_POINT('',(10.905157271185,-6.514057589769,6.));
#11130 = CARTESIAN_POINT('',(10.913167703454,-6.518240353226,6.));
#11131 = CARTESIAN_POINT('',(10.923021337831,-6.523229951207,6.));
#11132 = CARTESIAN_POINT('',(10.934739258882,-6.528980875491,6.));
#11133 = CARTESIAN_POINT('',(10.94834196392,-6.535446751286,6.));
#11134 = CARTESIAN_POINT('',(10.963848985681,-6.54258097065,6.));
#11135 = CARTESIAN_POINT('',(10.981279012481,-6.550336495504,6.));
#11136 = CARTESIAN_POINT('',(11.000649839118,-6.558665943823,6.));
#11137 = CARTESIAN_POINT('',(11.021978374376,-6.567521581765,6.));
#11138 = CARTESIAN_POINT('',(11.045280630727,-6.576855346029,6.));
#11139 = CARTESIAN_POINT('',(11.070571720031,-6.586618856672,6.));
#11140 = CARTESIAN_POINT('',(11.097865847714,-6.596763432943,6.));
#11141 = CARTESIAN_POINT('',(11.127176307743,-6.607240108281,6.));
#11142 = CARTESIAN_POINT('',(11.158515477681,-6.617999645647,6.));
#11143 = CARTESIAN_POINT('',(11.191894814037,-6.628992552846,6.));
#11144 = CARTESIAN_POINT('',(11.227324847841,-6.640169097941,6.));
#11145 = CARTESIAN_POINT('',(11.264815180475,-6.651479324734,6.));
#11146 = CARTESIAN_POINT('',(11.304374479736,-6.6628730683,6.));
#11147 = CARTESIAN_POINT('',(11.346010476155,-6.674299970596,6.));
#11148 = CARTESIAN_POINT('',(11.389729959553,-6.685709496115,6.));
#11149 = CARTESIAN_POINT('',(11.435538775851,-6.697050947605,6.));
#11150 = CARTESIAN_POINT('',(11.483441824118,-6.708273481835,6.));
#11151 = CARTESIAN_POINT('',(11.533443053874,-6.719326125406,6.));
#11152 = CARTESIAN_POINT('',(11.585545462639,-6.730157790611,6.));
#11153 = CARTESIAN_POINT('',(11.639751093731,-6.74071729133,6.));
#11154 = CARTESIAN_POINT('',(11.69606103431,-6.750953358966,6.));
#11155 = CARTESIAN_POINT('',(11.754475413679,-6.760814658414,6.));
#11156 = CARTESIAN_POINT('',(11.814993401829,-6.770249804051,6.));
#11157 = CARTESIAN_POINT('',(11.87761320824,-6.779207375763,6.));
#11158 = CARTESIAN_POINT('',(11.942332080932,-6.787635934986,6.));
#11159 = CARTESIAN_POINT('',(12.009146305763,-6.795484040767,6.));
#11160 = CARTESIAN_POINT('',(12.078051205985,-6.802700265839,6.));
#11161 = CARTESIAN_POINT('',(12.14904114206,-6.809233212695,6.));
#11162 = CARTESIAN_POINT('',(12.222109511679,-6.815031529735,6.));
#11163 = CARTESIAN_POINT('',(12.297248750212,-6.820043927133,6.));
#11164 = CARTESIAN_POINT('',(12.374450330751,-6.824219193808,6.));
#11165 = CARTESIAN_POINT('',(12.453704766945,-6.827506210119,6.));
#11166 = CARTESIAN_POINT('',(12.535001606238,-6.829853977081,6.));
#11167 = CARTESIAN_POINT('',(12.618329461527,-6.831211581546,6.));
#11168 = CARTESIAN_POINT('',(12.703675895329,-6.831528409199,6.));
#11169 = CARTESIAN_POINT('',(12.761241185031,-6.831017674482,6.));
#11170 = CARTESIAN_POINT('',(12.790355624809,-6.830578525346,6.));
#11171 = ORIENTED_EDGE('',*,*,#11172,.F.);
#11172 = EDGE_CURVE('',#11173,#11121,#11175,.T.);
#11173 = VERTEX_POINT('',#11174);
#11174 = CARTESIAN_POINT('',(12.790355624809,-6.830578525346,0.));
#11175 = LINE('',#11176,#11177);
#11176 = CARTESIAN_POINT('',(12.790355624809,-6.830578525346,0.));
#11177 = VECTOR('',#11178,1.);
#11178 = DIRECTION('',(0.,0.,1.));
#11179 = ORIENTED_EDGE('',*,*,#11180,.F.);
#11180 = EDGE_CURVE('',#11098,#11173,#11181,.T.);
#11181 = B_SPLINE_CURVE_WITH_KNOTS('',3,(#11182,#11183,#11184,#11185,
    #11186,#11187,#11188,#11189,#11190,#11191,#11192,#11193,#11194,
    #11195,#11196,#11197,#11198,#11199,#11200,#11201,#11202,#11203,
    #11204,#11205,#11206,#11207,#11208,#11209,#11210,#11211,#11212,
    #11213,#11214,#11215,#11216,#11217,#11218,#11219,#11220,#11221,
    #11222,#11223,#11224,#11225,#11226,#11227,#11228),.UNSPECIFIED.,.F.,
  .F.,(4,1,1,1,1,1,1,1,1,1,1,1,1,1,1,1,1,1,1,1,1,1,1,1,1,1,1,1,1,1,1,1,1
    ,1,1,1,1,1,1,1,1,1,1,1,4),(0.,1.004058879412E-03,4.016229631009E-03,
    9.036513432115E-03,1.606491045092E-02,2.510142074349E-02,
    3.614604433531E-02,4.91987812401E-02,6.425963146609E-02,
    8.132859501861E-02,0.100405671901,0.121490862117,0.144584165667,
    0.169685582553,0.196795112777,0.225912756339,0.25703851324,
    0.29017238348,0.32531436706,0.362464463981,0.401622674242,
    0.442788997845,0.485963434789,0.531145985075,0.578336648702,
    0.627535425671,0.678742315982,0.731957319636,0.787180436632,
    0.84441166697,0.903651010651,0.964898467674,1.02815403804,
    1.093417721749,1.160689518801,1.229969429195,1.301257452933,
    1.374553590013,1.449857840437,1.527170204204,1.606490681313,
    1.687819271766,1.771155975562,1.856500792702,1.943853723184),
  .UNSPECIFIED.);
#11182 = CARTESIAN_POINT('',(10.890514580507,-6.505958196222,0.));
#11183 = CARTESIAN_POINT('',(10.890802765994,-6.506128395241,0.));
#11184 = CARTESIAN_POINT('',(10.891957799364,-6.50680525034,0.));
#11185 = CARTESIAN_POINT('',(10.894576332989,-6.508294267895,0.));
#11186 = CARTESIAN_POINT('',(10.898967366807,-6.510727973913,0.));
#11187 = CARTESIAN_POINT('',(10.905157271185,-6.514057589769,0.));
#11188 = CARTESIAN_POINT('',(10.913167703454,-6.518240353226,0.));
#11189 = CARTESIAN_POINT('',(10.923021337831,-6.523229951207,0.));
#11190 = CARTESIAN_POINT('',(10.934739258882,-6.528980875491,0.));
#11191 = CARTESIAN_POINT('',(10.94834196392,-6.535446751286,0.));
#11192 = CARTESIAN_POINT('',(10.963848985681,-6.54258097065,0.));
#11193 = CARTESIAN_POINT('',(10.981279012481,-6.550336495504,0.));
#11194 = CARTESIAN_POINT('',(11.000649839118,-6.558665943823,0.));
#11195 = CARTESIAN_POINT('',(11.021978374376,-6.567521581765,0.));
#11196 = CARTESIAN_POINT('',(11.045280630727,-6.576855346029,0.));
#11197 = CARTESIAN_POINT('',(11.070571720031,-6.586618856672,0.));
#11198 = CARTESIAN_POINT('',(11.097865847714,-6.596763432943,0.));
#11199 = CARTESIAN_POINT('',(11.127176307743,-6.607240108281,0.));
#11200 = CARTESIAN_POINT('',(11.158515477681,-6.617999645647,0.));
#11201 = CARTESIAN_POINT('',(11.191894814037,-6.628992552846,0.));
#11202 = CARTESIAN_POINT('',(11.227324847841,-6.640169097941,0.));
#11203 = CARTESIAN_POINT('',(11.264815180475,-6.651479324734,0.));
#11204 = CARTESIAN_POINT('',(11.304374479736,-6.6628730683,0.));
#11205 = CARTESIAN_POINT('',(11.346010476155,-6.674299970596,0.));
#11206 = CARTESIAN_POINT('',(11.389729959553,-6.685709496115,0.));
#11207 = CARTESIAN_POINT('',(11.435538775851,-6.697050947605,0.));
#11208 = CARTESIAN_POINT('',(11.483441824118,-6.708273481835,0.));
#11209 = CARTESIAN_POINT('',(11.533443053874,-6.719326125406,0.));
#11210 = CARTESIAN_POINT('',(11.585545462639,-6.730157790611,0.));
#11211 = CARTESIAN_POINT('',(11.639751093731,-6.74071729133,0.));
#11212 = CARTESIAN_POINT('',(11.69606103431,-6.750953358966,0.));
#11213 = CARTESIAN_POINT('',(11.754475413679,-6.760814658414,0.));
#11214 = CARTESIAN_POINT('',(11.814993401829,-6.770249804051,0.));
#11215 = CARTESIAN_POINT('',(11.87761320824,-6.779207375763,0.));
#11216 = CARTESIAN_POINT('',(11.942332080932,-6.787635934986,0.));
#11217 = CARTESIAN_POINT('',(12.009146305763,-6.795484040767,0.));
#11218 = CARTESIAN_POINT('',(12.078051205985,-6.802700265839,0.));
#11219 = CARTESIAN_POINT('',(12.14904114206,-6.809233212695,0.));
#11220 = CARTESIAN_POINT('',(12.222109511679,-6.815031529735,0.));
#11221 = CARTESIAN_POINT('',(12.297248750212,-6.820043927133,0.));
#11222 = CARTESIAN_POINT('',(12.374450330751,-6.824219193808,0.));
#11223 = CARTESIAN_POINT('',(12.453704766945,-6.827506210119,0.));
#11224 = CARTESIAN_POINT('',(12.535001606238,-6.829853977081,0.));
#11225 = CARTESIAN_POINT('',(12.618329461527,-6.831211581546,0.));
#11226 = CARTESIAN_POINT('',(12.703675895329,-6.831528409199,0.));
#11227 = CARTESIAN_POINT('',(12.761241185031,-6.831017674482,0.));
#11228 = CARTESIAN_POINT('',(12.790355624809,-6.830578525346,0.));
#11229 = SURFACE_OF_LINEAR_EXTRUSION('',#11230,#11278);
#11230 = B_SPLINE_CURVE_WITH_KNOTS('',3,(#11231,#11232,#11233,#11234,
    #11235,#11236,#11237,#11238,#11239,#11240,#11241,#11242,#11243,
    #11244,#11245,#11246,#11247,#11248,#11249,#11250,#11251,#11252,
    #11253,#11254,#11255,#11256,#11257,#11258,#11259,#11260,#11261,
    #11262,#11263,#11264,#11265,#11266,#11267,#11268,#11269,#11270,
    #11271,#11272,#11273,#11274,#11275,#11276,#11277),.UNSPECIFIED.,.F.,
  .F.,(4,1,1,1,1,1,1,1,1,1,1,1,1,1,1,1,1,1,1,1,1,1,1,1,1,1,1,1,1,1,1,1,1
    ,1,1,1,1,1,1,1,1,1,1,1,4),(0.,1.004058879412E-03,4.016229631009E-03,
    9.036513432115E-03,1.606491045092E-02,2.510142074349E-02,
    3.614604433531E-02,4.91987812401E-02,6.425963146609E-02,
    8.132859501861E-02,0.100405671901,0.121490862117,0.144584165667,
    0.169685582553,0.196795112777,0.225912756339,0.25703851324,
    0.29017238348,0.32531436706,0.362464463981,0.401622674242,
    0.442788997845,0.485963434789,0.531145985075,0.578336648702,
    0.627535425671,0.678742315982,0.731957319636,0.787180436632,
    0.84441166697,0.903651010651,0.964898467674,1.02815403804,
    1.093417721749,1.160689518801,1.229969429195,1.301257452933,
    1.374553590013,1.449857840437,1.527170204204,1.606490681313,
    1.687819271766,1.771155975562,1.856500792702,1.943853723184),
  .UNSPECIFIED.);
#11231 = CARTESIAN_POINT('',(10.890514580507,-6.505958196222,0.));
#11232 = CARTESIAN_POINT('',(10.890802765994,-6.506128395241,0.));
#11233 = CARTESIAN_POINT('',(10.891957799364,-6.50680525034,0.));
#11234 = CARTESIAN_POINT('',(10.894576332989,-6.508294267895,0.));
#11235 = CARTESIAN_POINT('',(10.898967366807,-6.510727973913,0.));
#11236 = CARTESIAN_POINT('',(10.905157271185,-6.514057589769,0.));
#11237 = CARTESIAN_POINT('',(10.913167703454,-6.518240353226,0.));
#11238 = CARTESIAN_POINT('',(10.923021337831,-6.523229951207,0.));
#11239 = CARTESIAN_POINT('',(10.934739258882,-6.528980875491,0.));
#11240 = CARTESIAN_POINT('',(10.94834196392,-6.535446751286,0.));
#11241 = CARTESIAN_POINT('',(10.963848985681,-6.54258097065,0.));
#11242 = CARTESIAN_POINT('',(10.981279012481,-6.550336495504,0.));
#11243 = CARTESIAN_POINT('',(11.000649839118,-6.558665943823,0.));
#11244 = CARTESIAN_POINT('',(11.021978374376,-6.567521581765,0.));
#11245 = CARTESIAN_POINT('',(11.045280630727,-6.576855346029,0.));
#11246 = CARTESIAN_POINT('',(11.070571720031,-6.586618856672,0.));
#11247 = CARTESIAN_POINT('',(11.097865847714,-6.596763432943,0.));
#11248 = CARTESIAN_POINT('',(11.127176307743,-6.607240108281,0.));
#11249 = CARTESIAN_POINT('',(11.158515477681,-6.617999645647,0.));
#11250 = CARTESIAN_POINT('',(11.191894814037,-6.628992552846,0.));
#11251 = CARTESIAN_POINT('',(11.227324847841,-6.640169097941,0.));
#11252 = CARTESIAN_POINT('',(11.264815180475,-6.651479324734,0.));
#11253 = CARTESIAN_POINT('',(11.304374479736,-6.6628730683,0.));
#11254 = CARTESIAN_POINT('',(11.346010476155,-6.674299970596,0.));
#11255 = CARTESIAN_POINT('',(11.389729959553,-6.685709496115,0.));
#11256 = CARTESIAN_POINT('',(11.435538775851,-6.697050947605,0.));
#11257 = CARTESIAN_POINT('',(11.483441824118,-6.708273481835,0.));
#11258 = CARTESIAN_POINT('',(11.533443053874,-6.719326125406,0.));
#11259 = CARTESIAN_POINT('',(11.585545462639,-6.730157790611,0.));
#11260 = CARTESIAN_POINT('',(11.639751093731,-6.74071729133,0.));
#11261 = CARTESIAN_POINT('',(11.69606103431,-6.750953358966,0.));
#11262 = CARTESIAN_POINT('',(11.754475413679,-6.760814658414,0.));
#11263 = CARTESIAN_POINT('',(11.814993401829,-6.770249804051,0.));
#11264 = CARTESIAN_POINT('',(11.87761320824,-6.779207375763,0.));
#11265 = CARTESIAN_POINT('',(11.942332080932,-6.787635934986,0.));
#11266 = CARTESIAN_POINT('',(12.009146305763,-6.795484040767,0.));
#11267 = CARTESIAN_POINT('',(12.078051205985,-6.802700265839,0.));
#11268 = CARTESIAN_POINT('',(12.14904114206,-6.809233212695,0.));
#11269 = CARTESIAN_POINT('',(12.222109511679,-6.815031529735,0.));
#11270 = CARTESIAN_POINT('',(12.297248750212,-6.820043927133,0.));
#11271 = CARTESIAN_POINT('',(12.374450330751,-6.824219193808,0.));
#11272 = CARTESIAN_POINT('',(12.453704766945,-6.827506210119,0.));
#11273 = CARTESIAN_POINT('',(12.535001606238,-6.829853977081,0.));
#11274 = CARTESIAN_POINT('',(12.618329461527,-6.831211581546,0.));
#11275 = CARTESIAN_POINT('',(12.703675895329,-6.831528409199,0.));
#11276 = CARTESIAN_POINT('',(12.761241185031,-6.831017674482,0.));
#11277 = CARTESIAN_POINT('',(12.790355624809,-6.830578525346,0.));
#11278 = VECTOR('',#11279,1.);
#11279 = DIRECTION('',(-0.,-0.,-1.));
#11280 = ADVANCED_FACE('',(#11281),#11304,.F.);
#11281 = FACE_BOUND('',#11282,.F.);
#11282 = EDGE_LOOP('',(#11283,#11284,#11291,#11299));
#11283 = ORIENTED_EDGE('',*,*,#11172,.T.);
#11284 = ORIENTED_EDGE('',*,*,#11285,.T.);
#11285 = EDGE_CURVE('',#11121,#11286,#11288,.T.);
#11286 = VERTEX_POINT('',#11287);
#11287 = CARTESIAN_POINT('',(13.116836207403,-6.180502237533,6.));
#11288 = B_SPLINE_CURVE_WITH_KNOTS('',1,(#11289,#11290),.UNSPECIFIED.,
  .F.,.F.,(2,2),(0.,0.72745360731),.PIECEWISE_BEZIER_KNOTS.);
#11289 = CARTESIAN_POINT('',(12.790355624809,-6.830578525346,6.));
#11290 = CARTESIAN_POINT('',(13.116836207403,-6.180502237533,6.));
#11291 = ORIENTED_EDGE('',*,*,#11292,.F.);
#11292 = EDGE_CURVE('',#11293,#11286,#11295,.T.);
#11293 = VERTEX_POINT('',#11294);
#11294 = CARTESIAN_POINT('',(13.116836207403,-6.180502237533,0.));
#11295 = LINE('',#11296,#11297);
#11296 = CARTESIAN_POINT('',(13.116836207403,-6.180502237533,0.));
#11297 = VECTOR('',#11298,1.);
#11298 = DIRECTION('',(0.,0.,1.));
#11299 = ORIENTED_EDGE('',*,*,#11300,.F.);
#11300 = EDGE_CURVE('',#11173,#11293,#11301,.T.);
#11301 = B_SPLINE_CURVE_WITH_KNOTS('',1,(#11302,#11303),.UNSPECIFIED.,
  .F.,.F.,(2,2),(0.,0.72745360731),.PIECEWISE_BEZIER_KNOTS.);
#11302 = CARTESIAN_POINT('',(12.790355624809,-6.830578525346,0.));
#11303 = CARTESIAN_POINT('',(13.116836207403,-6.180502237533,0.));
#11304 = SURFACE_OF_LINEAR_EXTRUSION('',#11305,#11308);
#11305 = B_SPLINE_CURVE_WITH_KNOTS('',1,(#11306,#11307),.UNSPECIFIED.,
  .F.,.F.,(2,2),(0.,0.72745360731),.PIECEWISE_BEZIER_KNOTS.);
#11306 = CARTESIAN_POINT('',(12.790355624809,-6.830578525346,0.));
#11307 = CARTESIAN_POINT('',(13.116836207403,-6.180502237533,0.));
#11308 = VECTOR('',#11309,1.);
#11309 = DIRECTION('',(-0.,-0.,-1.));
#11310 = ADVANCED_FACE('',(#11311),#11424,.F.);
#11311 = FACE_BOUND('',#11312,.F.);
#11312 = EDGE_LOOP('',(#11313,#11314,#11366,#11374));
#11313 = ORIENTED_EDGE('',*,*,#11292,.T.);
#11314 = ORIENTED_EDGE('',*,*,#11315,.T.);
#11315 = EDGE_CURVE('',#11286,#11316,#11318,.T.);
#11316 = VERTEX_POINT('',#11317);
#11317 = CARTESIAN_POINT('',(11.721944310098,-4.850445491928,6.));
#11318 = B_SPLINE_CURVE_WITH_KNOTS('',3,(#11319,#11320,#11321,#11322,
    #11323,#11324,#11325,#11326,#11327,#11328,#11329,#11330,#11331,
    #11332,#11333,#11334,#11335,#11336,#11337,#11338,#11339,#11340,
    #11341,#11342,#11343,#11344,#11345,#11346,#11347,#11348,#11349,
    #11350,#11351,#11352,#11353,#11354,#11355,#11356,#11357,#11358,
    #11359,#11360,#11361,#11362,#11363,#11364,#11365),.UNSPECIFIED.,.F.,
  .F.,(4,1,1,1,1,1,1,1,1,1,1,1,1,1,1,1,1,1,1,1,1,1,1,1,1,1,1,1,1,1,1,1,1
    ,1,1,1,1,1,1,1,1,1,1,1,4),(0.,8.735293048255E-02,0.172697747622,
    0.256034451418,0.337363041871,0.416683518981,0.493995882747,
    0.569300133171,0.642596270251,0.713884293989,0.783164204383,
    0.850436001435,0.915699685144,0.97895525551,1.040202712533,
    1.099442056214,1.156673286553,1.211896403548,1.265111407202,
    1.316318297513,1.365517074482,1.41270773811,1.457890288395,
    1.501064725339,1.542231048942,1.581389259203,1.618539356124,
    1.653681339704,1.686815209945,1.717940966845,1.747058610407,
    1.774168140631,1.799269557517,1.822362861067,1.843448051283,
    1.862525128166,1.879594091718,1.894654941944,1.907707678849,
    1.918752302441,1.927788812733,1.934817209752,1.939837493553,
    1.942849664305,1.943853723184),.UNSPECIFIED.);
#11319 = CARTESIAN_POINT('',(13.116836207403,-6.180502237533,6.));
#11320 = CARTESIAN_POINT('',(13.099802521255,-6.156886628464,6.));
#11321 = CARTESIAN_POINT('',(13.065836586087,-6.110407184871,6.));
#11322 = CARTESIAN_POINT('',(13.014617095063,-6.042138027255,6.));
#11323 = CARTESIAN_POINT('',(12.963768184321,-5.976109527096,6.));
#11324 = CARTESIAN_POINT('',(12.913337879927,-5.912301436014,6.));
#11325 = CARTESIAN_POINT('',(12.863373820405,-5.850692484645,6.));
#11326 = CARTESIAN_POINT('',(12.813923155057,-5.791260602745,6.));
#11327 = CARTESIAN_POINT('',(12.765032552988,-5.733982873003,6.));
#11328 = CARTESIAN_POINT('',(12.716748183712,-5.678835553912,6.));
#11329 = CARTESIAN_POINT('',(12.669115705271,-5.625794085079,6.));
#11330 = CARTESIAN_POINT('',(12.622180250598,-5.574833097317,6.));
#11331 = CARTESIAN_POINT('',(12.575986414526,-5.52592642177,6.));
#11332 = CARTESIAN_POINT('',(12.530578240818,-5.479047099531,6.));
#11333 = CARTESIAN_POINT('',(12.485999209388,-5.434167391392,6.));
#11334 = CARTESIAN_POINT('',(12.442292223669,-5.391258787799,6.));
#11335 = CARTESIAN_POINT('',(12.399499598153,-5.350292019007,6.));
#11336 = CARTESIAN_POINT('',(12.357663046084,-5.311237065421,6.));
#11337 = CARTESIAN_POINT('',(12.316823667329,-5.274063168122,6.));
#11338 = CARTESIAN_POINT('',(12.277021936409,-5.238738839592,6.));
#11339 = CARTESIAN_POINT('',(12.238297690715,-5.205231874608,6.));
#11340 = CARTESIAN_POINT('',(12.200690118886,-5.173509361326,6.));
#11341 = CARTESIAN_POINT('',(12.164237749378,-5.143537692541,6.));
#11342 = CARTESIAN_POINT('',(12.128978439205,-5.115282577122,6.));
#11343 = CARTESIAN_POINT('',(12.094949362867,-5.088709051624,6.));
#11344 = CARTESIAN_POINT('',(12.062187001464,-5.06378149206,6.));
#11345 = CARTESIAN_POINT('',(12.030727132,-5.040463625853,6.));
#11346 = CARTESIAN_POINT('',(12.000604816874,-5.018718543948,6.));
#11347 = CARTESIAN_POINT('',(11.971854393564,-4.99850871308,6.));
#11348 = CARTESIAN_POINT('',(11.944509464514,-4.979795988212,6.));
#11349 = CARTESIAN_POINT('',(11.918602887209,-4.962541625123,6.));
#11350 = CARTESIAN_POINT('',(11.894166764453,-4.946706293162,6.));
#11351 = CARTESIAN_POINT('',(11.871232434852,-4.932250088127,6.));
#11352 = CARTESIAN_POINT('',(11.849830463474,-4.919132545387,6.));
#11353 = CARTESIAN_POINT('',(11.829990632816,-4.907312652871,6.));
#11354 = CARTESIAN_POINT('',(11.811741933582,-4.896748865191,6.));
#11355 = CARTESIAN_POINT('',(11.795112556967,-4.887399114744,6.));
#11356 = CARTESIAN_POINT('',(11.780129882877,-4.879220833327,6.));
#11357 = CARTESIAN_POINT('',(11.766820481756,-4.872170941416,6.));
#11358 = CARTESIAN_POINT('',(11.755210074777,-4.866205939016,6.));
#11359 = CARTESIAN_POINT('',(11.745323620085,-4.861281691653,6.));
#11360 = CARTESIAN_POINT('',(11.737185030054,-4.857354111281,6.));
#11361 = CARTESIAN_POINT('',(11.730817913372,-4.854377354134,6.));
#11362 = CARTESIAN_POINT('',(11.72624363776,-4.852308512528,6.));
#11363 = CARTESIAN_POINT('',(11.723485582392,-4.851097305602,6.));
#11364 = CARTESIAN_POINT('',(11.722252923118,-4.850575016385,6.));
#11365 = CARTESIAN_POINT('',(11.721944310098,-4.850445491928,6.));
#11366 = ORIENTED_EDGE('',*,*,#11367,.F.);
#11367 = EDGE_CURVE('',#11368,#11316,#11370,.T.);
#11368 = VERTEX_POINT('',#11369);
#11369 = CARTESIAN_POINT('',(11.721944310098,-4.850445491928,0.));
#11370 = LINE('',#11371,#11372);
#11371 = CARTESIAN_POINT('',(11.721944310098,-4.850445491928,0.));
#11372 = VECTOR('',#11373,1.);
#11373 = DIRECTION('',(0.,0.,1.));
#11374 = ORIENTED_EDGE('',*,*,#11375,.F.);
#11375 = EDGE_CURVE('',#11293,#11368,#11376,.T.);
#11376 = B_SPLINE_CURVE_WITH_KNOTS('',3,(#11377,#11378,#11379,#11380,
    #11381,#11382,#11383,#11384,#11385,#11386,#11387,#11388,#11389,
    #11390,#11391,#11392,#11393,#11394,#11395,#11396,#11397,#11398,
    #11399,#11400,#11401,#11402,#11403,#11404,#11405,#11406,#11407,
    #11408,#11409,#11410,#11411,#11412,#11413,#11414,#11415,#11416,
    #11417,#11418,#11419,#11420,#11421,#11422,#11423),.UNSPECIFIED.,.F.,
  .F.,(4,1,1,1,1,1,1,1,1,1,1,1,1,1,1,1,1,1,1,1,1,1,1,1,1,1,1,1,1,1,1,1,1
    ,1,1,1,1,1,1,1,1,1,1,1,4),(0.,8.735293048255E-02,0.172697747622,
    0.256034451418,0.337363041871,0.416683518981,0.493995882747,
    0.569300133171,0.642596270251,0.713884293989,0.783164204383,
    0.850436001435,0.915699685144,0.97895525551,1.040202712533,
    1.099442056214,1.156673286553,1.211896403548,1.265111407202,
    1.316318297513,1.365517074482,1.41270773811,1.457890288395,
    1.501064725339,1.542231048942,1.581389259203,1.618539356124,
    1.653681339704,1.686815209945,1.717940966845,1.747058610407,
    1.774168140631,1.799269557517,1.822362861067,1.843448051283,
    1.862525128166,1.879594091718,1.894654941944,1.907707678849,
    1.918752302441,1.927788812733,1.934817209752,1.939837493553,
    1.942849664305,1.943853723184),.UNSPECIFIED.);
#11377 = CARTESIAN_POINT('',(13.116836207403,-6.180502237533,0.));
#11378 = CARTESIAN_POINT('',(13.099802521255,-6.156886628464,0.));
#11379 = CARTESIAN_POINT('',(13.065836586087,-6.110407184871,0.));
#11380 = CARTESIAN_POINT('',(13.014617095063,-6.042138027255,0.));
#11381 = CARTESIAN_POINT('',(12.963768184321,-5.976109527096,0.));
#11382 = CARTESIAN_POINT('',(12.913337879927,-5.912301436014,0.));
#11383 = CARTESIAN_POINT('',(12.863373820405,-5.850692484645,0.));
#11384 = CARTESIAN_POINT('',(12.813923155057,-5.791260602745,0.));
#11385 = CARTESIAN_POINT('',(12.765032552988,-5.733982873003,0.));
#11386 = CARTESIAN_POINT('',(12.716748183712,-5.678835553912,0.));
#11387 = CARTESIAN_POINT('',(12.669115705271,-5.625794085079,0.));
#11388 = CARTESIAN_POINT('',(12.622180250598,-5.574833097317,0.));
#11389 = CARTESIAN_POINT('',(12.575986414526,-5.52592642177,0.));
#11390 = CARTESIAN_POINT('',(12.530578240818,-5.479047099531,0.));
#11391 = CARTESIAN_POINT('',(12.485999209388,-5.434167391392,0.));
#11392 = CARTESIAN_POINT('',(12.442292223669,-5.391258787799,0.));
#11393 = CARTESIAN_POINT('',(12.399499598153,-5.350292019007,0.));
#11394 = CARTESIAN_POINT('',(12.357663046084,-5.311237065421,0.));
#11395 = CARTESIAN_POINT('',(12.316823667329,-5.274063168122,0.));
#11396 = CARTESIAN_POINT('',(12.277021936409,-5.238738839592,0.));
#11397 = CARTESIAN_POINT('',(12.238297690715,-5.205231874608,0.));
#11398 = CARTESIAN_POINT('',(12.200690118886,-5.173509361326,0.));
#11399 = CARTESIAN_POINT('',(12.164237749378,-5.143537692541,0.));
#11400 = CARTESIAN_POINT('',(12.128978439205,-5.115282577122,0.));
#11401 = CARTESIAN_POINT('',(12.094949362867,-5.088709051624,0.));
#11402 = CARTESIAN_POINT('',(12.062187001464,-5.06378149206,0.));
#11403 = CARTESIAN_POINT('',(12.030727132,-5.040463625853,0.));
#11404 = CARTESIAN_POINT('',(12.000604816874,-5.018718543948,0.));
#11405 = CARTESIAN_POINT('',(11.971854393564,-4.99850871308,0.));
#11406 = CARTESIAN_POINT('',(11.944509464514,-4.979795988212,0.));
#11407 = CARTESIAN_POINT('',(11.918602887209,-4.962541625123,0.));
#11408 = CARTESIAN_POINT('',(11.894166764453,-4.946706293162,0.));
#11409 = CARTESIAN_POINT('',(11.871232434852,-4.932250088127,0.));
#11410 = CARTESIAN_POINT('',(11.849830463474,-4.919132545387,0.));
#11411 = CARTESIAN_POINT('',(11.829990632816,-4.907312652871,0.));
#11412 = CARTESIAN_POINT('',(11.811741933582,-4.896748865191,0.));
#11413 = CARTESIAN_POINT('',(11.795112556967,-4.887399114744,0.));
#11414 = CARTESIAN_POINT('',(11.780129882877,-4.879220833327,0.));
#11415 = CARTESIAN_POINT('',(11.766820481756,-4.872170941416,0.));
#11416 = CARTESIAN_POINT('',(11.755210074777,-4.866205939016,0.));
#11417 = CARTESIAN_POINT('',(11.745323620085,-4.861281691653,0.));
#11418 = CARTESIAN_POINT('',(11.737185030054,-4.857354111281,0.));
#11419 = CARTESIAN_POINT('',(11.730817913372,-4.854377354134,0.));
#11420 = CARTESIAN_POINT('',(11.72624363776,-4.852308512528,0.));
#11421 = CARTESIAN_POINT('',(11.723485582392,-4.851097305602,0.));
#11422 = CARTESIAN_POINT('',(11.722252923118,-4.850575016385,0.));
#11423 = CARTESIAN_POINT('',(11.721944310098,-4.850445491928,0.));
#11424 = SURFACE_OF_LINEAR_EXTRUSION('',#11425,#11473);
#11425 = B_SPLINE_CURVE_WITH_KNOTS('',3,(#11426,#11427,#11428,#11429,
    #11430,#11431,#11432,#11433,#11434,#11435,#11436,#11437,#11438,
    #11439,#11440,#11441,#11442,#11443,#11444,#11445,#11446,#11447,
    #11448,#11449,#11450,#11451,#11452,#11453,#11454,#11455,#11456,
    #11457,#11458,#11459,#11460,#11461,#11462,#11463,#11464,#11465,
    #11466,#11467,#11468,#11469,#11470,#11471,#11472),.UNSPECIFIED.,.F.,
  .F.,(4,1,1,1,1,1,1,1,1,1,1,1,1,1,1,1,1,1,1,1,1,1,1,1,1,1,1,1,1,1,1,1,1
    ,1,1,1,1,1,1,1,1,1,1,1,4),(0.,8.735293048255E-02,0.172697747622,
    0.256034451418,0.337363041871,0.416683518981,0.493995882747,
    0.569300133171,0.642596270251,0.713884293989,0.783164204383,
    0.850436001435,0.915699685144,0.97895525551,1.040202712533,
    1.099442056214,1.156673286553,1.211896403548,1.265111407202,
    1.316318297513,1.365517074482,1.41270773811,1.457890288395,
    1.501064725339,1.542231048942,1.581389259203,1.618539356124,
    1.653681339704,1.686815209945,1.717940966845,1.747058610407,
    1.774168140631,1.799269557517,1.822362861067,1.843448051283,
    1.862525128166,1.879594091718,1.894654941944,1.907707678849,
    1.918752302441,1.927788812733,1.934817209752,1.939837493553,
    1.942849664305,1.943853723184),.UNSPECIFIED.);
#11426 = CARTESIAN_POINT('',(13.116836207403,-6.180502237533,0.));
#11427 = CARTESIAN_POINT('',(13.099802521255,-6.156886628464,0.));
#11428 = CARTESIAN_POINT('',(13.065836586087,-6.110407184871,0.));
#11429 = CARTESIAN_POINT('',(13.014617095063,-6.042138027255,0.));
#11430 = CARTESIAN_POINT('',(12.963768184321,-5.976109527096,0.));
#11431 = CARTESIAN_POINT('',(12.913337879927,-5.912301436014,0.));
#11432 = CARTESIAN_POINT('',(12.863373820405,-5.850692484645,0.));
#11433 = CARTESIAN_POINT('',(12.813923155057,-5.791260602745,0.));
#11434 = CARTESIAN_POINT('',(12.765032552988,-5.733982873003,0.));
#11435 = CARTESIAN_POINT('',(12.716748183712,-5.678835553912,0.));
#11436 = CARTESIAN_POINT('',(12.669115705271,-5.625794085079,0.));
#11437 = CARTESIAN_POINT('',(12.622180250598,-5.574833097317,0.));
#11438 = CARTESIAN_POINT('',(12.575986414526,-5.52592642177,0.));
#11439 = CARTESIAN_POINT('',(12.530578240818,-5.479047099531,0.));
#11440 = CARTESIAN_POINT('',(12.485999209388,-5.434167391392,0.));
#11441 = CARTESIAN_POINT('',(12.442292223669,-5.391258787799,0.));
#11442 = CARTESIAN_POINT('',(12.399499598153,-5.350292019007,0.));
#11443 = CARTESIAN_POINT('',(12.357663046084,-5.311237065421,0.));
#11444 = CARTESIAN_POINT('',(12.316823667329,-5.274063168122,0.));
#11445 = CARTESIAN_POINT('',(12.277021936409,-5.238738839592,0.));
#11446 = CARTESIAN_POINT('',(12.238297690715,-5.205231874608,0.));
#11447 = CARTESIAN_POINT('',(12.200690118886,-5.173509361326,0.));
#11448 = CARTESIAN_POINT('',(12.164237749378,-5.143537692541,0.));
#11449 = CARTESIAN_POINT('',(12.128978439205,-5.115282577122,0.));
#11450 = CARTESIAN_POINT('',(12.094949362867,-5.088709051624,0.));
#11451 = CARTESIAN_POINT('',(12.062187001464,-5.06378149206,0.));
#11452 = CARTESIAN_POINT('',(12.030727132,-5.040463625853,0.));
#11453 = CARTESIAN_POINT('',(12.000604816874,-5.018718543948,0.));
#11454 = CARTESIAN_POINT('',(11.971854393564,-4.99850871308,0.));
#11455 = CARTESIAN_POINT('',(11.944509464514,-4.979795988212,0.));
#11456 = CARTESIAN_POINT('',(11.918602887209,-4.962541625123,0.));
#11457 = CARTESIAN_POINT('',(11.894166764453,-4.946706293162,0.));
#11458 = CARTESIAN_POINT('',(11.871232434852,-4.932250088127,0.));
#11459 = CARTESIAN_POINT('',(11.849830463474,-4.919132545387,0.));
#11460 = CARTESIAN_POINT('',(11.829990632816,-4.907312652871,0.));
#11461 = CARTESIAN_POINT('',(11.811741933582,-4.896748865191,0.));
#11462 = CARTESIAN_POINT('',(11.795112556967,-4.887399114744,0.));
#11463 = CARTESIAN_POINT('',(11.780129882877,-4.879220833327,0.));
#11464 = CARTESIAN_POINT('',(11.766820481756,-4.872170941416,0.));
#11465 = CARTESIAN_POINT('',(11.755210074777,-4.866205939016,0.));
#11466 = CARTESIAN_POINT('',(11.745323620085,-4.861281691653,0.));
#11467 = CARTESIAN_POINT('',(11.737185030054,-4.857354111281,0.));
#11468 = CARTESIAN_POINT('',(11.730817913372,-4.854377354134,0.));
#11469 = CARTESIAN_POINT('',(11.72624363776,-4.852308512528,0.));
#11470 = CARTESIAN_POINT('',(11.723485582392,-4.851097305602,0.));
#11471 = CARTESIAN_POINT('',(11.722252923118,-4.850575016385,0.));
#11472 = CARTESIAN_POINT('',(11.721944310098,-4.850445491928,0.));
#11473 = VECTOR('',#11474,1.);
#11474 = DIRECTION('',(-0.,-0.,-1.));
#11475 = ADVANCED_FACE('',(#11476),#11499,.F.);
#11476 = FACE_BOUND('',#11477,.F.);
#11477 = EDGE_LOOP('',(#11478,#11479,#11486,#11494));
#11478 = ORIENTED_EDGE('',*,*,#11367,.T.);
#11479 = ORIENTED_EDGE('',*,*,#11480,.T.);
#11480 = EDGE_CURVE('',#11316,#11481,#11483,.T.);
#11481 = VERTEX_POINT('',#11482);
#11482 = CARTESIAN_POINT('',(11.319211049358,-4.683797734753,6.));
#11483 = B_SPLINE_CURVE_WITH_KNOTS('',1,(#11484,#11485),.UNSPECIFIED.,
  .F.,.F.,(2,2),(0.,0.43585038061),.PIECEWISE_BEZIER_KNOTS.);
#11484 = CARTESIAN_POINT('',(11.721944310098,-4.850445491928,6.));
#11485 = CARTESIAN_POINT('',(11.319211049358,-4.683797734753,6.));
#11486 = ORIENTED_EDGE('',*,*,#11487,.F.);
#11487 = EDGE_CURVE('',#11488,#11481,#11490,.T.);
#11488 = VERTEX_POINT('',#11489);
#11489 = CARTESIAN_POINT('',(11.319211049358,-4.683797734753,0.));
#11490 = LINE('',#11491,#11492);
#11491 = CARTESIAN_POINT('',(11.319211049358,-4.683797734753,0.));
#11492 = VECTOR('',#11493,1.);
#11493 = DIRECTION('',(0.,0.,1.));
#11494 = ORIENTED_EDGE('',*,*,#11495,.F.);
#11495 = EDGE_CURVE('',#11368,#11488,#11496,.T.);
#11496 = B_SPLINE_CURVE_WITH_KNOTS('',1,(#11497,#11498),.UNSPECIFIED.,
  .F.,.F.,(2,2),(0.,0.43585038061),.PIECEWISE_BEZIER_KNOTS.);
#11497 = CARTESIAN_POINT('',(11.721944310098,-4.850445491928,0.));
#11498 = CARTESIAN_POINT('',(11.319211049358,-4.683797734753,0.));
#11499 = SURFACE_OF_LINEAR_EXTRUSION('',#11500,#11503);
#11500 = B_SPLINE_CURVE_WITH_KNOTS('',1,(#11501,#11502),.UNSPECIFIED.,
  .F.,.F.,(2,2),(0.,0.43585038061),.PIECEWISE_BEZIER_KNOTS.);
#11501 = CARTESIAN_POINT('',(11.721944310098,-4.850445491928,0.));
#11502 = CARTESIAN_POINT('',(11.319211049358,-4.683797734753,0.));
#11503 = VECTOR('',#11504,1.);
#11504 = DIRECTION('',(-0.,-0.,-1.));
#11505 = ADVANCED_FACE('',(#11506),#11529,.F.);
#11506 = FACE_BOUND('',#11507,.F.);
#11507 = EDGE_LOOP('',(#11508,#11509,#11516,#11524));
#11508 = ORIENTED_EDGE('',*,*,#11487,.T.);
#11509 = ORIENTED_EDGE('',*,*,#11510,.T.);
#11510 = EDGE_CURVE('',#11481,#11511,#11513,.T.);
#11511 = VERTEX_POINT('',#11512);
#11512 = CARTESIAN_POINT('',(11.681705875029,-3.687851386553,6.));
#11513 = B_SPLINE_CURVE_WITH_KNOTS('',1,(#11514,#11515),.UNSPECIFIED.,
  .F.,.F.,(2,2),(0.,1.059863966333),.PIECEWISE_BEZIER_KNOTS.);
#11514 = CARTESIAN_POINT('',(11.319211049358,-4.683797734753,6.));
#11515 = CARTESIAN_POINT('',(11.681705875029,-3.687851386553,6.));
#11516 = ORIENTED_EDGE('',*,*,#11517,.F.);
#11517 = EDGE_CURVE('',#11518,#11511,#11520,.T.);
#11518 = VERTEX_POINT('',#11519);
#11519 = CARTESIAN_POINT('',(11.681705875029,-3.687851386553,0.));
#11520 = LINE('',#11521,#11522);
#11521 = CARTESIAN_POINT('',(11.681705875029,-3.687851386553,0.));
#11522 = VECTOR('',#11523,1.);
#11523 = DIRECTION('',(0.,0.,1.));
#11524 = ORIENTED_EDGE('',*,*,#11525,.F.);
#11525 = EDGE_CURVE('',#11488,#11518,#11526,.T.);
#11526 = B_SPLINE_CURVE_WITH_KNOTS('',1,(#11527,#11528),.UNSPECIFIED.,
  .F.,.F.,(2,2),(0.,1.059863966333),.PIECEWISE_BEZIER_KNOTS.);
#11527 = CARTESIAN_POINT('',(11.319211049358,-4.683797734753,0.));
#11528 = CARTESIAN_POINT('',(11.681705875029,-3.687851386553,0.));
#11529 = SURFACE_OF_LINEAR_EXTRUSION('',#11530,#11533);
#11530 = B_SPLINE_CURVE_WITH_KNOTS('',1,(#11531,#11532),.UNSPECIFIED.,
  .F.,.F.,(2,2),(0.,1.059863966333),.PIECEWISE_BEZIER_KNOTS.);
#11531 = CARTESIAN_POINT('',(11.319211049358,-4.683797734753,0.));
#11532 = CARTESIAN_POINT('',(11.681705875029,-3.687851386553,0.));
#11533 = VECTOR('',#11534,1.);
#11534 = DIRECTION('',(-0.,-0.,-1.));
#11535 = ADVANCED_FACE('',(#11536),#11559,.F.);
#11536 = FACE_BOUND('',#11537,.F.);
#11537 = EDGE_LOOP('',(#11538,#11539,#11546,#11554));
#11538 = ORIENTED_EDGE('',*,*,#11517,.T.);
#11539 = ORIENTED_EDGE('',*,*,#11540,.T.);
#11540 = EDGE_CURVE('',#11511,#11541,#11543,.T.);
#11541 = VERTEX_POINT('',#11542);
#11542 = CARTESIAN_POINT('',(12.097336564972,-3.819063748224,6.));
#11543 = B_SPLINE_CURVE_WITH_KNOTS('',1,(#11544,#11545),.UNSPECIFIED.,
  .F.,.F.,(2,2),(0.,0.43585038061),.PIECEWISE_BEZIER_KNOTS.);
#11544 = CARTESIAN_POINT('',(11.681705875029,-3.687851386553,6.));
#11545 = CARTESIAN_POINT('',(12.097336564972,-3.819063748224,6.));
#11546 = ORIENTED_EDGE('',*,*,#11547,.F.);
#11547 = EDGE_CURVE('',#11548,#11541,#11550,.T.);
#11548 = VERTEX_POINT('',#11549);
#11549 = CARTESIAN_POINT('',(12.097336564972,-3.819063748224,0.));
#11550 = LINE('',#11551,#11552);
#11551 = CARTESIAN_POINT('',(12.097336564972,-3.819063748224,0.));
#11552 = VECTOR('',#11553,1.);
#11553 = DIRECTION('',(0.,0.,1.));
#11554 = ORIENTED_EDGE('',*,*,#11555,.F.);
#11555 = EDGE_CURVE('',#11518,#11548,#11556,.T.);
#11556 = B_SPLINE_CURVE_WITH_KNOTS('',1,(#11557,#11558),.UNSPECIFIED.,
  .F.,.F.,(2,2),(0.,0.43585038061),.PIECEWISE_BEZIER_KNOTS.);
#11557 = CARTESIAN_POINT('',(11.681705875029,-3.687851386553,0.));
#11558 = CARTESIAN_POINT('',(12.097336564972,-3.819063748224,0.));
#11559 = SURFACE_OF_LINEAR_EXTRUSION('',#11560,#11563);
#11560 = B_SPLINE_CURVE_WITH_KNOTS('',1,(#11561,#11562),.UNSPECIFIED.,
  .F.,.F.,(2,2),(0.,0.43585038061),.PIECEWISE_BEZIER_KNOTS.);
#11561 = CARTESIAN_POINT('',(11.681705875029,-3.687851386553,0.));
#11562 = CARTESIAN_POINT('',(12.097336564972,-3.819063748224,0.));
#11563 = VECTOR('',#11564,1.);
#11564 = DIRECTION('',(-0.,-0.,-1.));
#11565 = ADVANCED_FACE('',(#11566),#11679,.F.);
#11566 = FACE_BOUND('',#11567,.F.);
#11567 = EDGE_LOOP('',(#11568,#11569,#11621,#11629));
#11568 = ORIENTED_EDGE('',*,*,#11547,.T.);
#11569 = ORIENTED_EDGE('',*,*,#11570,.T.);
#11570 = EDGE_CURVE('',#11541,#11571,#11573,.T.);
#11571 = VERTEX_POINT('',#11572);
#11572 = CARTESIAN_POINT('',(14.020829747909,-3.69680039766,6.));
#11573 = B_SPLINE_CURVE_WITH_KNOTS('',3,(#11574,#11575,#11576,#11577,
    #11578,#11579,#11580,#11581,#11582,#11583,#11584,#11585,#11586,
    #11587,#11588,#11589,#11590,#11591,#11592,#11593,#11594,#11595,
    #11596,#11597,#11598,#11599,#11600,#11601,#11602,#11603,#11604,
    #11605,#11606,#11607,#11608,#11609,#11610,#11611,#11612,#11613,
    #11614,#11615,#11616,#11617,#11618,#11619,#11620),.UNSPECIFIED.,.F.,
  .F.,(4,1,1,1,1,1,1,1,1,1,1,1,1,1,1,1,1,1,1,1,1,1,1,1,1,1,1,1,1,1,1,1,1
    ,1,1,1,1,1,1,1,1,1,1,1,4),(0.,1.004058879412E-03,4.016229631009E-03,
    9.036513432115E-03,1.606491045092E-02,2.510142074349E-02,
    3.614604433531E-02,4.91987812401E-02,6.425963146609E-02,
    8.132859501861E-02,0.100405671901,0.121490862117,0.144584165667,
    0.169685582553,0.196795112777,0.225912756339,0.25703851324,
    0.29017238348,0.32531436706,0.362464463981,0.401622674242,
    0.442788997845,0.485963434789,0.531145985075,0.578336648702,
    0.627535425671,0.678742315982,0.731957319636,0.787180436632,
    0.84441166697,0.903651010651,0.964898467674,1.02815403804,
    1.093417721749,1.160689518801,1.229969429195,1.301257452933,
    1.374553590013,1.449857840437,1.527170204204,1.606490681313,
    1.687819271766,1.771155975562,1.856500792702,1.943853723184),
  .UNSPECIFIED.);
#11574 = CARTESIAN_POINT('',(12.097336564972,-3.819063748224,6.));
#11575 = CARTESIAN_POINT('',(12.097656232977,-3.819162899359,6.));
#11576 = CARTESIAN_POINT('',(12.098936225802,-3.819555140715,6.));
#11577 = CARTESIAN_POINT('',(12.101827567594,-3.820400146197,6.));
#11578 = CARTESIAN_POINT('',(12.106661491759,-3.821755609267,6.));
#11579 = CARTESIAN_POINT('',(12.113452408724,-3.823567984709,6.));
#11580 = CARTESIAN_POINT('',(12.122211530391,-3.825790668423,6.));
#11581 = CARTESIAN_POINT('',(12.132950239261,-3.828373366673,6.));
#11582 = CARTESIAN_POINT('',(12.145678556645,-3.831266935481,6.));
#11583 = CARTESIAN_POINT('',(12.160405732585,-3.834421523091,6.));
#11584 = CARTESIAN_POINT('',(12.177140024778,-3.837787273322,6.));
#11585 = CARTESIAN_POINT('',(12.195888770067,-3.841314106193,6.));
#11586 = CARTESIAN_POINT('',(12.216658356542,-3.844951813102,6.));
#11587 = CARTESIAN_POINT('',(12.239454229027,-3.848650047448,6.));
#11588 = CARTESIAN_POINT('',(12.264280884216,-3.85235834875,6.));
#11589 = CARTESIAN_POINT('',(12.291141869442,-3.856026156117,6.));
#11590 = CARTESIAN_POINT('',(12.320039780671,-3.859602825,6.));
#11591 = CARTESIAN_POINT('',(12.350976261062,-3.863037642938,6.));
#11592 = CARTESIAN_POINT('',(12.383951999697,-3.866279845618,6.));
#11593 = CARTESIAN_POINT('',(12.418966730587,-3.869278632862,6.));
#11594 = CARTESIAN_POINT('',(12.456019231924,-3.871983184641,6.));
#11595 = CARTESIAN_POINT('',(12.49510732559,-3.874342677102,6.));
#11596 = CARTESIAN_POINT('',(12.536227876913,-3.876306298591,6.));
#11597 = CARTESIAN_POINT('',(12.579376794682,-3.877823265688,6.));
#11598 = CARTESIAN_POINT('',(12.62454903141,-3.878842839238,6.));
#11599 = CARTESIAN_POINT('',(12.671738583847,-3.879314340377,6.));
#11600 = CARTESIAN_POINT('',(12.720938493751,-3.879187166557,6.));
#11601 = CARTESIAN_POINT('',(12.772140848909,-3.878410807552,6.));
#11602 = CARTESIAN_POINT('',(12.825336784406,-3.876934861454,6.));
#11603 = CARTESIAN_POINT('',(12.88051648415,-3.874709050651,6.));
#11604 = CARTESIAN_POINT('',(12.937669182644,-3.871683237782,6.));
#11605 = CARTESIAN_POINT('',(12.996783167015,-3.867807441664,6.));
#11606 = CARTESIAN_POINT('',(13.057845779289,-3.863031853197,6.));
#11607 = CARTESIAN_POINT('',(13.120843418914,-3.857306851223,6.));
#11608 = CARTESIAN_POINT('',(13.185761545541,-3.850583018362,6.));
#11609 = CARTESIAN_POINT('',(13.252584682043,-3.842811156799,6.));
#11610 = CARTESIAN_POINT('',(13.321296417791,-3.833942304027,6.));
#11611 = CARTESIAN_POINT('',(13.391879412179,-3.823927748533,6.));
#11612 = CARTESIAN_POINT('',(13.464315398371,-3.812719045503,6.));
#11613 = CARTESIAN_POINT('',(13.538585187395,-3.800268032159,6.));
#11614 = CARTESIAN_POINT('',(13.6146686721,-3.786526844262,6.));
#11615 = CARTESIAN_POINT('',(13.692544832838,-3.77144792781,6.));
#11616 = CARTESIAN_POINT('',(13.772191737628,-3.754984069028,6.));
#11617 = CARTESIAN_POINT('',(13.85358656493,-3.737088353184,6.));
#11618 = CARTESIAN_POINT('',(13.936705540047,-3.71771439856,6.));
#11619 = CARTESIAN_POINT('',(13.992601366384,-3.703941961355,6.));
#11620 = CARTESIAN_POINT('',(14.020829747909,-3.69680039766,6.));
#11621 = ORIENTED_EDGE('',*,*,#11622,.F.);
#11622 = EDGE_CURVE('',#11623,#11571,#11625,.T.);
#11623 = VERTEX_POINT('',#11624);
#11624 = CARTESIAN_POINT('',(14.020829747909,-3.69680039766,0.));
#11625 = LINE('',#11626,#11627);
#11626 = CARTESIAN_POINT('',(14.020829747909,-3.69680039766,0.));
#11627 = VECTOR('',#11628,1.);
#11628 = DIRECTION('',(0.,0.,1.));
#11629 = ORIENTED_EDGE('',*,*,#11630,.F.);
#11630 = EDGE_CURVE('',#11548,#11623,#11631,.T.);
#11631 = B_SPLINE_CURVE_WITH_KNOTS('',3,(#11632,#11633,#11634,#11635,
    #11636,#11637,#11638,#11639,#11640,#11641,#11642,#11643,#11644,
    #11645,#11646,#11647,#11648,#11649,#11650,#11651,#11652,#11653,
    #11654,#11655,#11656,#11657,#11658,#11659,#11660,#11661,#11662,
    #11663,#11664,#11665,#11666,#11667,#11668,#11669,#11670,#11671,
    #11672,#11673,#11674,#11675,#11676,#11677,#11678),.UNSPECIFIED.,.F.,
  .F.,(4,1,1,1,1,1,1,1,1,1,1,1,1,1,1,1,1,1,1,1,1,1,1,1,1,1,1,1,1,1,1,1,1
    ,1,1,1,1,1,1,1,1,1,1,1,4),(0.,1.004058879412E-03,4.016229631009E-03,
    9.036513432115E-03,1.606491045092E-02,2.510142074349E-02,
    3.614604433531E-02,4.91987812401E-02,6.425963146609E-02,
    8.132859501861E-02,0.100405671901,0.121490862117,0.144584165667,
    0.169685582553,0.196795112777,0.225912756339,0.25703851324,
    0.29017238348,0.32531436706,0.362464463981,0.401622674242,
    0.442788997845,0.485963434789,0.531145985075,0.578336648702,
    0.627535425671,0.678742315982,0.731957319636,0.787180436632,
    0.84441166697,0.903651010651,0.964898467674,1.02815403804,
    1.093417721749,1.160689518801,1.229969429195,1.301257452933,
    1.374553590013,1.449857840437,1.527170204204,1.606490681313,
    1.687819271766,1.771155975562,1.856500792702,1.943853723184),
  .UNSPECIFIED.);
#11632 = CARTESIAN_POINT('',(12.097336564972,-3.819063748224,0.));
#11633 = CARTESIAN_POINT('',(12.097656232977,-3.819162899359,0.));
#11634 = CARTESIAN_POINT('',(12.098936225802,-3.819555140715,0.));
#11635 = CARTESIAN_POINT('',(12.101827567594,-3.820400146197,0.));
#11636 = CARTESIAN_POINT('',(12.106661491759,-3.821755609267,0.));
#11637 = CARTESIAN_POINT('',(12.113452408724,-3.823567984709,0.));
#11638 = CARTESIAN_POINT('',(12.122211530391,-3.825790668423,0.));
#11639 = CARTESIAN_POINT('',(12.132950239261,-3.828373366673,0.));
#11640 = CARTESIAN_POINT('',(12.145678556645,-3.831266935481,0.));
#11641 = CARTESIAN_POINT('',(12.160405732585,-3.834421523091,0.));
#11642 = CARTESIAN_POINT('',(12.177140024778,-3.837787273322,0.));
#11643 = CARTESIAN_POINT('',(12.195888770067,-3.841314106193,0.));
#11644 = CARTESIAN_POINT('',(12.216658356542,-3.844951813102,0.));
#11645 = CARTESIAN_POINT('',(12.239454229027,-3.848650047448,0.));
#11646 = CARTESIAN_POINT('',(12.264280884216,-3.85235834875,0.));
#11647 = CARTESIAN_POINT('',(12.291141869442,-3.856026156117,0.));
#11648 = CARTESIAN_POINT('',(12.320039780671,-3.859602825,0.));
#11649 = CARTESIAN_POINT('',(12.350976261062,-3.863037642938,0.));
#11650 = CARTESIAN_POINT('',(12.383951999697,-3.866279845618,0.));
#11651 = CARTESIAN_POINT('',(12.418966730587,-3.869278632862,0.));
#11652 = CARTESIAN_POINT('',(12.456019231924,-3.871983184641,0.));
#11653 = CARTESIAN_POINT('',(12.49510732559,-3.874342677102,0.));
#11654 = CARTESIAN_POINT('',(12.536227876913,-3.876306298591,0.));
#11655 = CARTESIAN_POINT('',(12.579376794682,-3.877823265688,0.));
#11656 = CARTESIAN_POINT('',(12.62454903141,-3.878842839238,0.));
#11657 = CARTESIAN_POINT('',(12.671738583847,-3.879314340377,0.));
#11658 = CARTESIAN_POINT('',(12.720938493751,-3.879187166557,0.));
#11659 = CARTESIAN_POINT('',(12.772140848909,-3.878410807552,0.));
#11660 = CARTESIAN_POINT('',(12.825336784406,-3.876934861454,0.));
#11661 = CARTESIAN_POINT('',(12.88051648415,-3.874709050651,0.));
#11662 = CARTESIAN_POINT('',(12.937669182644,-3.871683237782,0.));
#11663 = CARTESIAN_POINT('',(12.996783167015,-3.867807441664,0.));
#11664 = CARTESIAN_POINT('',(13.057845779289,-3.863031853197,0.));
#11665 = CARTESIAN_POINT('',(13.120843418914,-3.857306851223,0.));
#11666 = CARTESIAN_POINT('',(13.185761545541,-3.850583018362,0.));
#11667 = CARTESIAN_POINT('',(13.252584682043,-3.842811156799,0.));
#11668 = CARTESIAN_POINT('',(13.321296417791,-3.833942304027,0.));
#11669 = CARTESIAN_POINT('',(13.391879412179,-3.823927748533,0.));
#11670 = CARTESIAN_POINT('',(13.464315398371,-3.812719045503,0.));
#11671 = CARTESIAN_POINT('',(13.538585187395,-3.800268032159,0.));
#11672 = CARTESIAN_POINT('',(13.6146686721,-3.786526844262,0.));
#11673 = CARTESIAN_POINT('',(13.692544832838,-3.77144792781,0.));
#11674 = CARTESIAN_POINT('',(13.772191737628,-3.754984069028,0.));
#11675 = CARTESIAN_POINT('',(13.85358656493,-3.737088353184,0.));
#11676 = CARTESIAN_POINT('',(13.936705540047,-3.71771439856,0.));
#11677 = CARTESIAN_POINT('',(13.992601366384,-3.703941961355,0.));
#11678 = CARTESIAN_POINT('',(14.020829747909,-3.69680039766,0.));
#11679 = SURFACE_OF_LINEAR_EXTRUSION('',#11680,#11728);
#11680 = B_SPLINE_CURVE_WITH_KNOTS('',3,(#11681,#11682,#11683,#11684,
    #11685,#11686,#11687,#11688,#11689,#11690,#11691,#11692,#11693,
    #11694,#11695,#11696,#11697,#11698,#11699,#11700,#11701,#11702,
    #11703,#11704,#11705,#11706,#11707,#11708,#11709,#11710,#11711,
    #11712,#11713,#11714,#11715,#11716,#11717,#11718,#11719,#11720,
    #11721,#11722,#11723,#11724,#11725,#11726,#11727),.UNSPECIFIED.,.F.,
  .F.,(4,1,1,1,1,1,1,1,1,1,1,1,1,1,1,1,1,1,1,1,1,1,1,1,1,1,1,1,1,1,1,1,1
    ,1,1,1,1,1,1,1,1,1,1,1,4),(0.,1.004058879412E-03,4.016229631009E-03,
    9.036513432115E-03,1.606491045092E-02,2.510142074349E-02,
    3.614604433531E-02,4.91987812401E-02,6.425963146609E-02,
    8.132859501861E-02,0.100405671901,0.121490862117,0.144584165667,
    0.169685582553,0.196795112777,0.225912756339,0.25703851324,
    0.29017238348,0.32531436706,0.362464463981,0.401622674242,
    0.442788997845,0.485963434789,0.531145985075,0.578336648702,
    0.627535425671,0.678742315982,0.731957319636,0.787180436632,
    0.84441166697,0.903651010651,0.964898467674,1.02815403804,
    1.093417721749,1.160689518801,1.229969429195,1.301257452933,
    1.374553590013,1.449857840437,1.527170204204,1.606490681313,
    1.687819271766,1.771155975562,1.856500792702,1.943853723184),
  .UNSPECIFIED.);
#11681 = CARTESIAN_POINT('',(12.097336564972,-3.819063748224,0.));
#11682 = CARTESIAN_POINT('',(12.097656232977,-3.819162899359,0.));
#11683 = CARTESIAN_POINT('',(12.098936225802,-3.819555140715,0.));
#11684 = CARTESIAN_POINT('',(12.101827567594,-3.820400146197,0.));
#11685 = CARTESIAN_POINT('',(12.106661491759,-3.821755609267,0.));
#11686 = CARTESIAN_POINT('',(12.113452408724,-3.823567984709,0.));
#11687 = CARTESIAN_POINT('',(12.122211530391,-3.825790668423,0.));
#11688 = CARTESIAN_POINT('',(12.132950239261,-3.828373366673,0.));
#11689 = CARTESIAN_POINT('',(12.145678556645,-3.831266935481,0.));
#11690 = CARTESIAN_POINT('',(12.160405732585,-3.834421523091,0.));
#11691 = CARTESIAN_POINT('',(12.177140024778,-3.837787273322,0.));
#11692 = CARTESIAN_POINT('',(12.195888770067,-3.841314106193,0.));
#11693 = CARTESIAN_POINT('',(12.216658356542,-3.844951813102,0.));
#11694 = CARTESIAN_POINT('',(12.239454229027,-3.848650047448,0.));
#11695 = CARTESIAN_POINT('',(12.264280884216,-3.85235834875,0.));
#11696 = CARTESIAN_POINT('',(12.291141869442,-3.856026156117,0.));
#11697 = CARTESIAN_POINT('',(12.320039780671,-3.859602825,0.));
#11698 = CARTESIAN_POINT('',(12.350976261062,-3.863037642938,0.));
#11699 = CARTESIAN_POINT('',(12.383951999697,-3.866279845618,0.));
#11700 = CARTESIAN_POINT('',(12.418966730587,-3.869278632862,0.));
#11701 = CARTESIAN_POINT('',(12.456019231924,-3.871983184641,0.));
#11702 = CARTESIAN_POINT('',(12.49510732559,-3.874342677102,0.));
#11703 = CARTESIAN_POINT('',(12.536227876913,-3.876306298591,0.));
#11704 = CARTESIAN_POINT('',(12.579376794682,-3.877823265688,0.));
#11705 = CARTESIAN_POINT('',(12.62454903141,-3.878842839238,0.));
#11706 = CARTESIAN_POINT('',(12.671738583847,-3.879314340377,0.));
#11707 = CARTESIAN_POINT('',(12.720938493751,-3.879187166557,0.));
#11708 = CARTESIAN_POINT('',(12.772140848909,-3.878410807552,0.));
#11709 = CARTESIAN_POINT('',(12.825336784406,-3.876934861454,0.));
#11710 = CARTESIAN_POINT('',(12.88051648415,-3.874709050651,0.));
#11711 = CARTESIAN_POINT('',(12.937669182644,-3.871683237782,0.));
#11712 = CARTESIAN_POINT('',(12.996783167015,-3.867807441664,0.));
#11713 = CARTESIAN_POINT('',(13.057845779289,-3.863031853197,0.));
#11714 = CARTESIAN_POINT('',(13.120843418914,-3.857306851223,0.));
#11715 = CARTESIAN_POINT('',(13.185761545541,-3.850583018362,0.));
#11716 = CARTESIAN_POINT('',(13.252584682043,-3.842811156799,0.));
#11717 = CARTESIAN_POINT('',(13.321296417791,-3.833942304027,0.));
#11718 = CARTESIAN_POINT('',(13.391879412179,-3.823927748533,0.));
#11719 = CARTESIAN_POINT('',(13.464315398371,-3.812719045503,0.));
#11720 = CARTESIAN_POINT('',(13.538585187395,-3.800268032159,0.));
#11721 = CARTESIAN_POINT('',(13.6146686721,-3.786526844262,0.));
#11722 = CARTESIAN_POINT('',(13.692544832838,-3.77144792781,0.));
#11723 = CARTESIAN_POINT('',(13.772191737628,-3.754984069028,0.));
#11724 = CARTESIAN_POINT('',(13.85358656493,-3.737088353184,0.));
#11725 = CARTESIAN_POINT('',(13.936705540047,-3.71771439856,0.));
#11726 = CARTESIAN_POINT('',(13.992601366384,-3.703941961355,0.));
#11727 = CARTESIAN_POINT('',(14.020829747909,-3.69680039766,0.));
#11728 = VECTOR('',#11729,1.);
#11729 = DIRECTION('',(-0.,-0.,-1.));
#11730 = ADVANCED_FACE('',(#11731),#11754,.F.);
#11731 = FACE_BOUND('',#11732,.F.);
#11732 = EDGE_LOOP('',(#11733,#11734,#11741,#11749));
#11733 = ORIENTED_EDGE('',*,*,#11622,.T.);
#11734 = ORIENTED_EDGE('',*,*,#11735,.T.);
#11735 = EDGE_CURVE('',#11571,#11736,#11738,.T.);
#11736 = VERTEX_POINT('',#11737);
#11737 = CARTESIAN_POINT('',(14.188592094984,-2.988955396482,6.));
#11738 = B_SPLINE_CURVE_WITH_KNOTS('',1,(#11739,#11740),.UNSPECIFIED.,
  .F.,.F.,(2,2),(0.,0.72745360731),.PIECEWISE_BEZIER_KNOTS.);
#11739 = CARTESIAN_POINT('',(14.020829747909,-3.69680039766,6.));
#11740 = CARTESIAN_POINT('',(14.188592094984,-2.988955396482,6.));
#11741 = ORIENTED_EDGE('',*,*,#11742,.F.);
#11742 = EDGE_CURVE('',#11743,#11736,#11745,.T.);
#11743 = VERTEX_POINT('',#11744);
#11744 = CARTESIAN_POINT('',(14.188592094984,-2.988955396482,0.));
#11745 = LINE('',#11746,#11747);
#11746 = CARTESIAN_POINT('',(14.188592094984,-2.988955396482,0.));
#11747 = VECTOR('',#11748,1.);
#11748 = DIRECTION('',(0.,0.,1.));
#11749 = ORIENTED_EDGE('',*,*,#11750,.F.);
#11750 = EDGE_CURVE('',#11623,#11743,#11751,.T.);
#11751 = B_SPLINE_CURVE_WITH_KNOTS('',1,(#11752,#11753),.UNSPECIFIED.,
  .F.,.F.,(2,2),(0.,0.72745360731),.PIECEWISE_BEZIER_KNOTS.);
#11752 = CARTESIAN_POINT('',(14.020829747909,-3.69680039766,0.));
#11753 = CARTESIAN_POINT('',(14.188592094984,-2.988955396482,0.));
#11754 = SURFACE_OF_LINEAR_EXTRUSION('',#11755,#11758);
#11755 = B_SPLINE_CURVE_WITH_KNOTS('',1,(#11756,#11757),.UNSPECIFIED.,
  .F.,.F.,(2,2),(0.,0.72745360731),.PIECEWISE_BEZIER_KNOTS.);
#11756 = CARTESIAN_POINT('',(14.020829747909,-3.69680039766,0.));
#11757 = CARTESIAN_POINT('',(14.188592094984,-2.988955396482,0.));
#11758 = VECTOR('',#11759,1.);
#11759 = DIRECTION('',(-0.,-0.,-1.));
#11760 = ADVANCED_FACE('',(#11761),#11874,.F.);
#11761 = FACE_BOUND('',#11762,.F.);
#11762 = EDGE_LOOP('',(#11763,#11764,#11816,#11824));
#11763 = ORIENTED_EDGE('',*,*,#11742,.T.);
#11764 = ORIENTED_EDGE('',*,*,#11765,.T.);
#11765 = EDGE_CURVE('',#11736,#11766,#11768,.T.);
#11766 = VERTEX_POINT('',#11767);
#11767 = CARTESIAN_POINT('',(12.524567494773,-2.01643471208,6.));
#11768 = B_SPLINE_CURVE_WITH_KNOTS('',3,(#11769,#11770,#11771,#11772,
    #11773,#11774,#11775,#11776,#11777,#11778,#11779,#11780,#11781,
    #11782,#11783,#11784,#11785,#11786,#11787,#11788,#11789,#11790,
    #11791,#11792,#11793,#11794,#11795,#11796,#11797,#11798,#11799,
    #11800,#11801,#11802,#11803,#11804,#11805,#11806,#11807,#11808,
    #11809,#11810,#11811,#11812,#11813,#11814,#11815),.UNSPECIFIED.,.F.,
  .F.,(4,1,1,1,1,1,1,1,1,1,1,1,1,1,1,1,1,1,1,1,1,1,1,1,1,1,1,1,1,1,1,1,1
    ,1,1,1,1,1,1,1,1,1,1,1,4),(0.,8.735293048255E-02,0.172697747622,
    0.256034451418,0.337363041871,0.416683518981,0.493995882747,
    0.569300133171,0.642596270251,0.713884293989,0.783164204383,
    0.850436001435,0.915699685144,0.97895525551,1.040202712533,
    1.099442056214,1.156673286553,1.211896403548,1.265111407202,
    1.316318297513,1.365517074482,1.41270773811,1.457890288395,
    1.501064725339,1.542231048942,1.581389259203,1.618539356124,
    1.653681339704,1.686815209945,1.717940966845,1.747058610407,
    1.774168140631,1.799269557517,1.822362861067,1.843448051283,
    1.862525128166,1.879594091718,1.894654941944,1.907707678849,
    1.918752302441,1.927788812733,1.934817209752,1.939837493553,
    1.942849664305,1.943853723184),.UNSPECIFIED.);
#11769 = CARTESIAN_POINT('',(14.188592094984,-2.988955396482,6.));
#11770 = CARTESIAN_POINT('',(14.166571419801,-2.969904587575,6.));
#11771 = CARTESIAN_POINT('',(14.122802143456,-2.932511087114,6.));
#11772 = CARTESIAN_POINT('',(14.057219329213,-2.877894160999,6.));
#11773 = CARTESIAN_POINT('',(13.992513837383,-2.825372033434,6.));
#11774 = CARTESIAN_POINT('',(13.928727729885,-2.774913926264,6.));
#11775 = CARTESIAN_POINT('',(13.865902456089,-2.726488157246,6.));
#11776 = CARTESIAN_POINT('',(13.804078804631,-2.680062377662,6.));
#11777 = CARTESIAN_POINT('',(13.743296901549,-2.635603525305,6.));
#11778 = CARTESIAN_POINT('',(13.683596196685,-2.593077851202,6.));
#11779 = CARTESIAN_POINT('',(13.625015453344,-2.552450927517,6.));
#11780 = CARTESIAN_POINT('',(13.56759273736,-2.513687660524,6.));
#11781 = CARTESIAN_POINT('',(13.511365406552,-2.476752302474,6.));
#11782 = CARTESIAN_POINT('',(13.456370100325,-2.441608463952,6.));
#11783 = CARTESIAN_POINT('',(13.402642729485,-2.408219126303,6.));
#11784 = CARTESIAN_POINT('',(13.350218466243,-2.376546654243,6.));
#11785 = CARTESIAN_POINT('',(13.299131734429,-2.3465528086,6.));
#11786 = CARTESIAN_POINT('',(13.249416199907,-2.318198759226,6.));
#11787 = CARTESIAN_POINT('',(13.201104761197,-2.291445098033,6.));
#11788 = CARTESIAN_POINT('',(13.154229540304,-2.266251852184,6.));
#11789 = CARTESIAN_POINT('',(13.108821873758,-2.242578497417,6.));
#11790 = CARTESIAN_POINT('',(13.064912303872,-2.220383971509,6.));
#11791 = CARTESIAN_POINT('',(13.022530570207,-2.19962668787,6.));
#11792 = CARTESIAN_POINT('',(12.981705601258,-2.180264549262,6.));
#11793 = CARTESIAN_POINT('',(12.942465506355,-2.162254961652,6.));
#11794 = CARTESIAN_POINT('',(12.90483756779,-2.145554848185,6.));
#11795 = CARTESIAN_POINT('',(12.86884823316,-2.13012066327,6.));
#11796 = CARTESIAN_POINT('',(12.834523107938,-2.115908406793,6.));
#11797 = CARTESIAN_POINT('',(12.801886948267,-2.102873638437,6.));
#11798 = CARTESIAN_POINT('',(12.770963653979,-2.090971492113,6.));
#11799 = CARTESIAN_POINT('',(12.74177626185,-2.080156690498,6.));
#11800 = CARTESIAN_POINT('',(12.714346939076,-2.070383559686,6.));
#11801 = CARTESIAN_POINT('',(12.688696976987,-2.061606043919,6.));
#11802 = CARTESIAN_POINT('',(12.664846784976,-2.053777720507,6.));
#11803 = CARTESIAN_POINT('',(12.642815884716,-2.046851814546,6.));
#11804 = CARTESIAN_POINT('',(12.622622904438,-2.040781214794,6.));
#11805 = CARTESIAN_POINT('',(12.604285573981,-2.035518486248,6.));
#11806 = CARTESIAN_POINT('',(12.58782071832,-2.031015893897,6.));
#11807 = CARTESIAN_POINT('',(12.573244256867,-2.027225391863,6.));
#11808 = CARTESIAN_POINT('',(12.560571185688,-2.02409872099,6.));
#11809 = CARTESIAN_POINT('',(12.549815612069,-2.021587180709,6.));
#11810 = CARTESIAN_POINT('',(12.540990636418,-2.019642356801,6.));
#11811 = CARTESIAN_POINT('',(12.534108658748,-2.018214196686,6.));
#11812 = CARTESIAN_POINT('',(12.529180575619,-2.017256021526,6.));
#11813 = CARTESIAN_POINT('',(12.526217540451,-2.01671351418,6.));
#11814 = CARTESIAN_POINT('',(12.524897659485,-2.016489574128,6.));
#11815 = CARTESIAN_POINT('',(12.524567494773,-2.01643471208,6.));
#11816 = ORIENTED_EDGE('',*,*,#11817,.F.);
#11817 = EDGE_CURVE('',#11818,#11766,#11820,.T.);
#11818 = VERTEX_POINT('',#11819);
#11819 = CARTESIAN_POINT('',(12.524567494773,-2.01643471208,0.));
#11820 = LINE('',#11821,#11822);
#11821 = CARTESIAN_POINT('',(12.524567494773,-2.01643471208,0.));
#11822 = VECTOR('',#11823,1.);
#11823 = DIRECTION('',(0.,0.,1.));
#11824 = ORIENTED_EDGE('',*,*,#11825,.F.);
#11825 = EDGE_CURVE('',#11743,#11818,#11826,.T.);
#11826 = B_SPLINE_CURVE_WITH_KNOTS('',3,(#11827,#11828,#11829,#11830,
    #11831,#11832,#11833,#11834,#11835,#11836,#11837,#11838,#11839,
    #11840,#11841,#11842,#11843,#11844,#11845,#11846,#11847,#11848,
    #11849,#11850,#11851,#11852,#11853,#11854,#11855,#11856,#11857,
    #11858,#11859,#11860,#11861,#11862,#11863,#11864,#11865,#11866,
    #11867,#11868,#11869,#11870,#11871,#11872,#11873),.UNSPECIFIED.,.F.,
  .F.,(4,1,1,1,1,1,1,1,1,1,1,1,1,1,1,1,1,1,1,1,1,1,1,1,1,1,1,1,1,1,1,1,1
    ,1,1,1,1,1,1,1,1,1,1,1,4),(0.,8.735293048255E-02,0.172697747622,
    0.256034451418,0.337363041871,0.416683518981,0.493995882747,
    0.569300133171,0.642596270251,0.713884293989,0.783164204383,
    0.850436001435,0.915699685144,0.97895525551,1.040202712533,
    1.099442056214,1.156673286553,1.211896403548,1.265111407202,
    1.316318297513,1.365517074482,1.41270773811,1.457890288395,
    1.501064725339,1.542231048942,1.581389259203,1.618539356124,
    1.653681339704,1.686815209945,1.717940966845,1.747058610407,
    1.774168140631,1.799269557517,1.822362861067,1.843448051283,
    1.862525128166,1.879594091718,1.894654941944,1.907707678849,
    1.918752302441,1.927788812733,1.934817209752,1.939837493553,
    1.942849664305,1.943853723184),.UNSPECIFIED.);
#11827 = CARTESIAN_POINT('',(14.188592094984,-2.988955396482,0.));
#11828 = CARTESIAN_POINT('',(14.166571419801,-2.969904587575,0.));
#11829 = CARTESIAN_POINT('',(14.122802143456,-2.932511087114,0.));
#11830 = CARTESIAN_POINT('',(14.057219329213,-2.877894160999,0.));
#11831 = CARTESIAN_POINT('',(13.992513837383,-2.825372033434,0.));
#11832 = CARTESIAN_POINT('',(13.928727729885,-2.774913926264,0.));
#11833 = CARTESIAN_POINT('',(13.865902456089,-2.726488157246,0.));
#11834 = CARTESIAN_POINT('',(13.804078804631,-2.680062377662,0.));
#11835 = CARTESIAN_POINT('',(13.743296901549,-2.635603525305,0.));
#11836 = CARTESIAN_POINT('',(13.683596196685,-2.593077851202,0.));
#11837 = CARTESIAN_POINT('',(13.625015453344,-2.552450927517,0.));
#11838 = CARTESIAN_POINT('',(13.56759273736,-2.513687660524,0.));
#11839 = CARTESIAN_POINT('',(13.511365406552,-2.476752302474,0.));
#11840 = CARTESIAN_POINT('',(13.456370100325,-2.441608463952,0.));
#11841 = CARTESIAN_POINT('',(13.402642729485,-2.408219126303,0.));
#11842 = CARTESIAN_POINT('',(13.350218466243,-2.376546654243,0.));
#11843 = CARTESIAN_POINT('',(13.299131734429,-2.3465528086,0.));
#11844 = CARTESIAN_POINT('',(13.249416199907,-2.318198759226,0.));
#11845 = CARTESIAN_POINT('',(13.201104761197,-2.291445098033,0.));
#11846 = CARTESIAN_POINT('',(13.154229540304,-2.266251852184,0.));
#11847 = CARTESIAN_POINT('',(13.108821873758,-2.242578497417,0.));
#11848 = CARTESIAN_POINT('',(13.064912303872,-2.220383971509,0.));
#11849 = CARTESIAN_POINT('',(13.022530570207,-2.19962668787,0.));
#11850 = CARTESIAN_POINT('',(12.981705601258,-2.180264549262,0.));
#11851 = CARTESIAN_POINT('',(12.942465506355,-2.162254961652,0.));
#11852 = CARTESIAN_POINT('',(12.90483756779,-2.145554848185,0.));
#11853 = CARTESIAN_POINT('',(12.86884823316,-2.13012066327,0.));
#11854 = CARTESIAN_POINT('',(12.834523107938,-2.115908406793,0.));
#11855 = CARTESIAN_POINT('',(12.801886948267,-2.102873638437,0.));
#11856 = CARTESIAN_POINT('',(12.770963653979,-2.090971492113,0.));
#11857 = CARTESIAN_POINT('',(12.74177626185,-2.080156690498,0.));
#11858 = CARTESIAN_POINT('',(12.714346939076,-2.070383559686,0.));
#11859 = CARTESIAN_POINT('',(12.688696976987,-2.061606043919,0.));
#11860 = CARTESIAN_POINT('',(12.664846784976,-2.053777720507,0.));
#11861 = CARTESIAN_POINT('',(12.642815884716,-2.046851814546,0.));
#11862 = CARTESIAN_POINT('',(12.622622904438,-2.040781214794,0.));
#11863 = CARTESIAN_POINT('',(12.604285573981,-2.035518486248,0.));
#11864 = CARTESIAN_POINT('',(12.58782071832,-2.031015893897,0.));
#11865 = CARTESIAN_POINT('',(12.573244256867,-2.027225391863,0.));
#11866 = CARTESIAN_POINT('',(12.560571185688,-2.02409872099,0.));
#11867 = CARTESIAN_POINT('',(12.549815612069,-2.021587180709,0.));
#11868 = CARTESIAN_POINT('',(12.540990636418,-2.019642356801,0.));
#11869 = CARTESIAN_POINT('',(12.534108658748,-2.018214196686,0.));
#11870 = CARTESIAN_POINT('',(12.529180575619,-2.017256021526,0.));
#11871 = CARTESIAN_POINT('',(12.526217540451,-2.01671351418,0.));
#11872 = CARTESIAN_POINT('',(12.524897659485,-2.016489574128,0.));
#11873 = CARTESIAN_POINT('',(12.524567494773,-2.01643471208,0.));
#11874 = SURFACE_OF_LINEAR_EXTRUSION('',#11875,#11923);
#11875 = B_SPLINE_CURVE_WITH_KNOTS('',3,(#11876,#11877,#11878,#11879,
    #11880,#11881,#11882,#11883,#11884,#11885,#11886,#11887,#11888,
    #11889,#11890,#11891,#11892,#11893,#11894,#11895,#11896,#11897,
    #11898,#11899,#11900,#11901,#11902,#11903,#11904,#11905,#11906,
    #11907,#11908,#11909,#11910,#11911,#11912,#11913,#11914,#11915,
    #11916,#11917,#11918,#11919,#11920,#11921,#11922),.UNSPECIFIED.,.F.,
  .F.,(4,1,1,1,1,1,1,1,1,1,1,1,1,1,1,1,1,1,1,1,1,1,1,1,1,1,1,1,1,1,1,1,1
    ,1,1,1,1,1,1,1,1,1,1,1,4),(0.,8.735293048255E-02,0.172697747622,
    0.256034451418,0.337363041871,0.416683518981,0.493995882747,
    0.569300133171,0.642596270251,0.713884293989,0.783164204383,
    0.850436001435,0.915699685144,0.97895525551,1.040202712533,
    1.099442056214,1.156673286553,1.211896403548,1.265111407202,
    1.316318297513,1.365517074482,1.41270773811,1.457890288395,
    1.501064725339,1.542231048942,1.581389259203,1.618539356124,
    1.653681339704,1.686815209945,1.717940966845,1.747058610407,
    1.774168140631,1.799269557517,1.822362861067,1.843448051283,
    1.862525128166,1.879594091718,1.894654941944,1.907707678849,
    1.918752302441,1.927788812733,1.934817209752,1.939837493553,
    1.942849664305,1.943853723184),.UNSPECIFIED.);
#11876 = CARTESIAN_POINT('',(14.188592094984,-2.988955396482,0.));
#11877 = CARTESIAN_POINT('',(14.166571419801,-2.969904587575,0.));
#11878 = CARTESIAN_POINT('',(14.122802143456,-2.932511087114,0.));
#11879 = CARTESIAN_POINT('',(14.057219329213,-2.877894160999,0.));
#11880 = CARTESIAN_POINT('',(13.992513837383,-2.825372033434,0.));
#11881 = CARTESIAN_POINT('',(13.928727729885,-2.774913926264,0.));
#11882 = CARTESIAN_POINT('',(13.865902456089,-2.726488157246,0.));
#11883 = CARTESIAN_POINT('',(13.804078804631,-2.680062377662,0.));
#11884 = CARTESIAN_POINT('',(13.743296901549,-2.635603525305,0.));
#11885 = CARTESIAN_POINT('',(13.683596196685,-2.593077851202,0.));
#11886 = CARTESIAN_POINT('',(13.625015453344,-2.552450927517,0.));
#11887 = CARTESIAN_POINT('',(13.56759273736,-2.513687660524,0.));
#11888 = CARTESIAN_POINT('',(13.511365406552,-2.476752302474,0.));
#11889 = CARTESIAN_POINT('',(13.456370100325,-2.441608463952,0.));
#11890 = CARTESIAN_POINT('',(13.402642729485,-2.408219126303,0.));
#11891 = CARTESIAN_POINT('',(13.350218466243,-2.376546654243,0.));
#11892 = CARTESIAN_POINT('',(13.299131734429,-2.3465528086,0.));
#11893 = CARTESIAN_POINT('',(13.249416199907,-2.318198759226,0.));
#11894 = CARTESIAN_POINT('',(13.201104761197,-2.291445098033,0.));
#11895 = CARTESIAN_POINT('',(13.154229540304,-2.266251852184,0.));
#11896 = CARTESIAN_POINT('',(13.108821873758,-2.242578497417,0.));
#11897 = CARTESIAN_POINT('',(13.064912303872,-2.220383971509,0.));
#11898 = CARTESIAN_POINT('',(13.022530570207,-2.19962668787,0.));
#11899 = CARTESIAN_POINT('',(12.981705601258,-2.180264549262,0.));
#11900 = CARTESIAN_POINT('',(12.942465506355,-2.162254961652,0.));
#11901 = CARTESIAN_POINT('',(12.90483756779,-2.145554848185,0.));
#11902 = CARTESIAN_POINT('',(12.86884823316,-2.13012066327,0.));
#11903 = CARTESIAN_POINT('',(12.834523107938,-2.115908406793,0.));
#11904 = CARTESIAN_POINT('',(12.801886948267,-2.102873638437,0.));
#11905 = CARTESIAN_POINT('',(12.770963653979,-2.090971492113,0.));
#11906 = CARTESIAN_POINT('',(12.74177626185,-2.080156690498,0.));
#11907 = CARTESIAN_POINT('',(12.714346939076,-2.070383559686,0.));
#11908 = CARTESIAN_POINT('',(12.688696976987,-2.061606043919,0.));
#11909 = CARTESIAN_POINT('',(12.664846784976,-2.053777720507,0.));
#11910 = CARTESIAN_POINT('',(12.642815884716,-2.046851814546,0.));
#11911 = CARTESIAN_POINT('',(12.622622904438,-2.040781214794,0.));
#11912 = CARTESIAN_POINT('',(12.604285573981,-2.035518486248,0.));
#11913 = CARTESIAN_POINT('',(12.58782071832,-2.031015893897,0.));
#11914 = CARTESIAN_POINT('',(12.573244256867,-2.027225391863,0.));
#11915 = CARTESIAN_POINT('',(12.560571185688,-2.02409872099,0.));
#11916 = CARTESIAN_POINT('',(12.549815612069,-2.021587180709,0.));
#11917 = CARTESIAN_POINT('',(12.540990636418,-2.019642356801,0.));
#11918 = CARTESIAN_POINT('',(12.534108658748,-2.018214196686,0.));
#11919 = CARTESIAN_POINT('',(12.529180575619,-2.017256021526,0.));
#11920 = CARTESIAN_POINT('',(12.526217540451,-2.01671351418,0.));
#11921 = CARTESIAN_POINT('',(12.524897659485,-2.016489574128,0.));
#11922 = CARTESIAN_POINT('',(12.524567494773,-2.01643471208,0.));
#11923 = VECTOR('',#11924,1.);
#11924 = DIRECTION('',(-0.,-0.,-1.));
#11925 = ADVANCED_FACE('',(#11926),#11949,.F.);
#11926 = FACE_BOUND('',#11927,.F.);
#11927 = EDGE_LOOP('',(#11928,#11929,#11936,#11944));
#11928 = ORIENTED_EDGE('',*,*,#11817,.T.);
#11929 = ORIENTED_EDGE('',*,*,#11930,.T.);
#11930 = EDGE_CURVE('',#11766,#11931,#11933,.T.);
#11931 = VERTEX_POINT('',#11932);
#11932 = CARTESIAN_POINT('',(12.09425834357,-1.94715564837,6.));
#11933 = B_SPLINE_CURVE_WITH_KNOTS('',1,(#11934,#11935),.UNSPECIFIED.,
  .F.,.F.,(2,2),(0.,0.43585038061),.PIECEWISE_BEZIER_KNOTS.);
#11934 = CARTESIAN_POINT('',(12.524567494773,-2.01643471208,6.));
#11935 = CARTESIAN_POINT('',(12.09425834357,-1.94715564837,6.));
#11936 = ORIENTED_EDGE('',*,*,#11937,.F.);
#11937 = EDGE_CURVE('',#11938,#11931,#11940,.T.);
#11938 = VERTEX_POINT('',#11939);
#11939 = CARTESIAN_POINT('',(12.09425834357,-1.94715564837,0.));
#11940 = LINE('',#11941,#11942);
#11941 = CARTESIAN_POINT('',(12.09425834357,-1.94715564837,0.));
#11942 = VECTOR('',#11943,1.);
#11943 = DIRECTION('',(0.,0.,1.));
#11944 = ORIENTED_EDGE('',*,*,#11945,.F.);
#11945 = EDGE_CURVE('',#11818,#11938,#11946,.T.);
#11946 = B_SPLINE_CURVE_WITH_KNOTS('',1,(#11947,#11948),.UNSPECIFIED.,
  .F.,.F.,(2,2),(0.,0.43585038061),.PIECEWISE_BEZIER_KNOTS.);
#11947 = CARTESIAN_POINT('',(12.524567494773,-2.01643471208,0.));
#11948 = CARTESIAN_POINT('',(12.09425834357,-1.94715564837,0.));
#11949 = SURFACE_OF_LINEAR_EXTRUSION('',#11950,#11953);
#11950 = B_SPLINE_CURVE_WITH_KNOTS('',1,(#11951,#11952),.UNSPECIFIED.,
  .F.,.F.,(2,2),(0.,0.43585038061),.PIECEWISE_BEZIER_KNOTS.);
#11951 = CARTESIAN_POINT('',(12.524567494773,-2.01643471208,0.));
#11952 = CARTESIAN_POINT('',(12.09425834357,-1.94715564837,0.));
#11953 = VECTOR('',#11954,1.);
#11954 = DIRECTION('',(-0.,-0.,-1.));
#11955 = ADVANCED_FACE('',(#11956),#11979,.F.);
#11956 = FACE_BOUND('',#11957,.F.);
#11957 = EDGE_LOOP('',(#11958,#11959,#11966,#11974));
#11958 = ORIENTED_EDGE('',*,*,#11937,.T.);
#11959 = ORIENTED_EDGE('',*,*,#11960,.T.);
#11960 = EDGE_CURVE('',#11931,#11961,#11963,.T.);
#11961 = VERTEX_POINT('',#11962);
#11962 = CARTESIAN_POINT('',(12.217301039998,-0.89445810302,6.));
#11963 = B_SPLINE_CURVE_WITH_KNOTS('',1,(#11964,#11965),.UNSPECIFIED.,
  .F.,.F.,(2,2),(0.,1.059863966333),.PIECEWISE_BEZIER_KNOTS.);
#11964 = CARTESIAN_POINT('',(12.09425834357,-1.94715564837,6.));
#11965 = CARTESIAN_POINT('',(12.217301039998,-0.89445810302,6.));
#11966 = ORIENTED_EDGE('',*,*,#11967,.F.);
#11967 = EDGE_CURVE('',#11968,#11961,#11970,.T.);
#11968 = VERTEX_POINT('',#11969);
#11969 = CARTESIAN_POINT('',(12.217301039998,-0.89445810302,0.));
#11970 = LINE('',#11971,#11972);
#11971 = CARTESIAN_POINT('',(12.217301039998,-0.89445810302,0.));
#11972 = VECTOR('',#11973,1.);
#11973 = DIRECTION('',(0.,0.,1.));
#11974 = ORIENTED_EDGE('',*,*,#11975,.F.);
#11975 = EDGE_CURVE('',#11938,#11968,#11976,.T.);
#11976 = B_SPLINE_CURVE_WITH_KNOTS('',1,(#11977,#11978),.UNSPECIFIED.,
  .F.,.F.,(2,2),(0.,1.059863966333),.PIECEWISE_BEZIER_KNOTS.);
#11977 = CARTESIAN_POINT('',(12.09425834357,-1.94715564837,0.));
#11978 = CARTESIAN_POINT('',(12.217301039998,-0.89445810302,0.));
#11979 = SURFACE_OF_LINEAR_EXTRUSION('',#11980,#11983);
#11980 = B_SPLINE_CURVE_WITH_KNOTS('',1,(#11981,#11982),.UNSPECIFIED.,
  .F.,.F.,(2,2),(0.,1.059863966333),.PIECEWISE_BEZIER_KNOTS.);
#11981 = CARTESIAN_POINT('',(12.09425834357,-1.94715564837,0.));
#11982 = CARTESIAN_POINT('',(12.217301039998,-0.89445810302,0.));
#11983 = VECTOR('',#11984,1.);
#11984 = DIRECTION('',(-0.,-0.,-1.));
#11985 = ADVANCED_FACE('',(#11986),#12009,.F.);
#11986 = FACE_BOUND('',#11987,.F.);
#11987 = EDGE_LOOP('',(#11988,#11989,#11996,#12004));
#11988 = ORIENTED_EDGE('',*,*,#11967,.T.);
#11989 = ORIENTED_EDGE('',*,*,#11990,.T.);
#11990 = EDGE_CURVE('',#11961,#11991,#11993,.T.);
#11991 = VERTEX_POINT('',#11992);
#11992 = CARTESIAN_POINT('',(12.651988003942,-0.926282585031,6.));
#11993 = B_SPLINE_CURVE_WITH_KNOTS('',1,(#11994,#11995),.UNSPECIFIED.,
  .F.,.F.,(2,2),(0.,0.43585038061),.PIECEWISE_BEZIER_KNOTS.);
#11994 = CARTESIAN_POINT('',(12.217301039998,-0.89445810302,6.));
#11995 = CARTESIAN_POINT('',(12.651988003942,-0.926282585031,6.));
#11996 = ORIENTED_EDGE('',*,*,#11997,.F.);
#11997 = EDGE_CURVE('',#11998,#11991,#12000,.T.);
#11998 = VERTEX_POINT('',#11999);
#11999 = CARTESIAN_POINT('',(12.651988003942,-0.926282585031,0.));
#12000 = LINE('',#12001,#12002);
#12001 = CARTESIAN_POINT('',(12.651988003942,-0.926282585031,0.));
#12002 = VECTOR('',#12003,1.);
#12003 = DIRECTION('',(0.,0.,1.));
#12004 = ORIENTED_EDGE('',*,*,#12005,.F.);
#12005 = EDGE_CURVE('',#11968,#11998,#12006,.T.);
#12006 = B_SPLINE_CURVE_WITH_KNOTS('',1,(#12007,#12008),.UNSPECIFIED.,
  .F.,.F.,(2,2),(0.,0.43585038061),.PIECEWISE_BEZIER_KNOTS.);
#12007 = CARTESIAN_POINT('',(12.217301039998,-0.89445810302,0.));
#12008 = CARTESIAN_POINT('',(12.651988003942,-0.926282585031,0.));
#12009 = SURFACE_OF_LINEAR_EXTRUSION('',#12010,#12013);
#12010 = B_SPLINE_CURVE_WITH_KNOTS('',1,(#12011,#12012),.UNSPECIFIED.,
  .F.,.F.,(2,2),(0.,0.43585038061),.PIECEWISE_BEZIER_KNOTS.);
#12011 = CARTESIAN_POINT('',(12.217301039998,-0.89445810302,0.));
#12012 = CARTESIAN_POINT('',(12.651988003942,-0.926282585031,0.));
#12013 = VECTOR('',#12014,1.);
#12014 = DIRECTION('',(-0.,-0.,-1.));
#12015 = ADVANCED_FACE('',(#12016),#12120,.F.);
#12016 = FACE_BOUND('',#12017,.F.);
#12017 = EDGE_LOOP('',(#12018,#12019,#12069,#12070));
#12018 = ORIENTED_EDGE('',*,*,#11997,.T.);
#12019 = ORIENTED_EDGE('',*,*,#12020,.T.);
#12020 = EDGE_CURVE('',#11991,#24,#12021,.T.);
#12021 = B_SPLINE_CURVE_WITH_KNOTS('',3,(#12022,#12023,#12024,#12025,
    #12026,#12027,#12028,#12029,#12030,#12031,#12032,#12033,#12034,
    #12035,#12036,#12037,#12038,#12039,#12040,#12041,#12042,#12043,
    #12044,#12045,#12046,#12047,#12048,#12049,#12050,#12051,#12052,
    #12053,#12054,#12055,#12056,#12057,#12058,#12059,#12060,#12061,
    #12062,#12063,#12064,#12065,#12066,#12067,#12068),.UNSPECIFIED.,.F.,
  .F.,(4,1,1,1,1,1,1,1,1,1,1,1,1,1,1,1,1,1,1,1,1,1,1,1,1,1,1,1,1,1,1,1,1
    ,1,1,1,1,1,1,1,1,1,1,1,4),(0.,1.004058879412E-03,4.016229631009E-03,
    9.036513432115E-03,1.606491045092E-02,2.510142074349E-02,
    3.614604433531E-02,4.91987812401E-02,6.425963146609E-02,
    8.132859501861E-02,0.100405671901,0.121490862117,0.144584165667,
    0.169685582553,0.196795112777,0.225912756339,0.25703851324,
    0.29017238348,0.32531436706,0.362464463981,0.401622674242,
    0.442788997845,0.485963434789,0.531145985075,0.578336648702,
    0.627535425671,0.678742315982,0.731957319636,0.787180436632,
    0.84441166697,0.903651010651,0.964898467674,1.02815403804,
    1.093417721749,1.160689518801,1.229969429195,1.301257452933,
    1.374553590013,1.449857840437,1.527170204204,1.606490681313,
    1.687819271766,1.771155975562,1.856500792702,1.943853723184),
  .UNSPECIFIED.);
#12022 = CARTESIAN_POINT('',(12.651988003942,-0.926282585031,6.));
#12023 = CARTESIAN_POINT('',(12.652321921079,-0.926305343019,6.));
#12024 = CARTESIAN_POINT('',(12.653657868614,-0.926391824798,6.));
#12025 = CARTESIAN_POINT('',(12.656666145589,-0.926547263744,6.));
#12026 = CARTESIAN_POINT('',(12.661682361999,-0.926751410501,6.));
#12027 = CARTESIAN_POINT('',(12.668708191458,-0.926948839899,6.));
#12028 = CARTESIAN_POINT('',(12.677743796007,-0.927091618416,6.));
#12029 = CARTESIAN_POINT('',(12.688788652796,-0.927128183004,6.));
#12030 = CARTESIAN_POINT('',(12.701841179628,-0.927008403294,6.));
#12031 = CARTESIAN_POINT('',(12.716898880602,-0.926681638083,6.));
#12032 = CARTESIAN_POINT('',(12.733958293204,-0.926097470716,6.));
#12033 = CARTESIAN_POINT('',(12.753015007271,-0.92520547913,6.));
#12034 = CARTESIAN_POINT('',(12.774063659801,-0.923955334909,6.));
#12035 = CARTESIAN_POINT('',(12.797097938126,-0.922296792886,6.));
#12036 = CARTESIAN_POINT('',(12.822110580745,-0.920179715743,6.));
#12037 = CARTESIAN_POINT('',(12.849093379228,-0.917554087391,6.));
#12038 = CARTESIAN_POINT('',(12.878037180129,-0.914370029741,6.));
#12039 = CARTESIAN_POINT('',(12.908931887217,-0.910577818353,6.));
#12040 = CARTESIAN_POINT('',(12.941766463943,-0.906127898362,6.));
#12041 = CARTESIAN_POINT('',(12.976528936162,-0.900970900254,6.));
#12042 = CARTESIAN_POINT('',(13.013206395093,-0.895057655632,6.));
#12043 = CARTESIAN_POINT('',(13.051785000544,-0.888339212912,6.));
#12044 = CARTESIAN_POINT('',(13.092249984364,-0.88076685298,6.));
#12045 = CARTESIAN_POINT('',(13.134585654158,-0.87229210479,6.));
#12046 = CARTESIAN_POINT('',(13.178775397241,-0.862866760896,6.));
#12047 = CARTESIAN_POINT('',(13.22480168483,-0.852442892936,6.));
#12048 = CARTESIAN_POINT('',(13.272646076495,-0.84097286704,6.));
#12049 = CARTESIAN_POINT('',(13.322289224835,-0.828409359174,6.));
#12050 = CARTESIAN_POINT('',(13.373710880411,-0.814705370409,6.));
#12051 = CARTESIAN_POINT('',(13.42688989691,-0.799814242121,6.));
#12052 = CARTESIAN_POINT('',(13.48180423655,-0.7836896711,6.));
#12053 = CARTESIAN_POINT('',(13.538430975726,-0.76628572459,6.));
#12054 = CARTESIAN_POINT('',(13.59674631089,-0.747556855228,6.));
#12055 = CARTESIAN_POINT('',(13.656725564671,-0.727457915906,6.));
#12056 = CARTESIAN_POINT('',(13.718343192223,-0.705944174532,6.));
#12057 = CARTESIAN_POINT('',(13.781572787811,-0.682971328693,6.));
#12058 = CARTESIAN_POINT('',(13.846387091624,-0.658495520225,6.));
#12059 = CARTESIAN_POINT('',(13.912757996828,-0.632473349661,6.));
#12060 = CARTESIAN_POINT('',(13.980656556828,-0.604861890642,6.));
#12061 = CARTESIAN_POINT('',(14.050052992794,-0.575618703909,6.));
#12062 = CARTESIAN_POINT('',(14.12091670131,-0.544701852436,6.));
#12063 = CARTESIAN_POINT('',(14.193216262609,-0.51206991151,6.));
#12064 = CARTESIAN_POINT('',(14.266919447644,-0.477681997871,6.));
#12065 = CARTESIAN_POINT('',(14.341993230749,-0.441497724392,6.));
#12066 = CARTESIAN_POINT('',(14.41840378172,-0.403477442401,6.));
#12067 = CARTESIAN_POINT('',(14.469616786226,-0.377185778361,6.));
#12068 = CARTESIAN_POINT('',(14.495437310144,-0.363726803655,6.));
#12069 = ORIENTED_EDGE('',*,*,#21,.F.);
#12070 = ORIENTED_EDGE('',*,*,#12071,.F.);
#12071 = EDGE_CURVE('',#11998,#22,#12072,.T.);
#12072 = B_SPLINE_CURVE_WITH_KNOTS('',3,(#12073,#12074,#12075,#12076,
    #12077,#12078,#12079,#12080,#12081,#12082,#12083,#12084,#12085,
    #12086,#12087,#12088,#12089,#12090,#12091,#12092,#12093,#12094,
    #12095,#12096,#12097,#12098,#12099,#12100,#12101,#12102,#12103,
    #12104,#12105,#12106,#12107,#12108,#12109,#12110,#12111,#12112,
    #12113,#12114,#12115,#12116,#12117,#12118,#12119),.UNSPECIFIED.,.F.,
  .F.,(4,1,1,1,1,1,1,1,1,1,1,1,1,1,1,1,1,1,1,1,1,1,1,1,1,1,1,1,1,1,1,1,1
    ,1,1,1,1,1,1,1,1,1,1,1,4),(0.,1.004058879412E-03,4.016229631009E-03,
    9.036513432115E-03,1.606491045092E-02,2.510142074349E-02,
    3.614604433531E-02,4.91987812401E-02,6.425963146609E-02,
    8.132859501861E-02,0.100405671901,0.121490862117,0.144584165667,
    0.169685582553,0.196795112777,0.225912756339,0.25703851324,
    0.29017238348,0.32531436706,0.362464463981,0.401622674242,
    0.442788997845,0.485963434789,0.531145985075,0.578336648702,
    0.627535425671,0.678742315982,0.731957319636,0.787180436632,
    0.84441166697,0.903651010651,0.964898467674,1.02815403804,
    1.093417721749,1.160689518801,1.229969429195,1.301257452933,
    1.374553590013,1.449857840437,1.527170204204,1.606490681313,
    1.687819271766,1.771155975562,1.856500792702,1.943853723184),
  .UNSPECIFIED.);
#12073 = CARTESIAN_POINT('',(12.651988003942,-0.926282585031,0.));
#12074 = CARTESIAN_POINT('',(12.652321921079,-0.926305343019,0.));
#12075 = CARTESIAN_POINT('',(12.653657868614,-0.926391824798,0.));
#12076 = CARTESIAN_POINT('',(12.656666145589,-0.926547263744,0.));
#12077 = CARTESIAN_POINT('',(12.661682361999,-0.926751410501,0.));
#12078 = CARTESIAN_POINT('',(12.668708191458,-0.926948839899,0.));
#12079 = CARTESIAN_POINT('',(12.677743796007,-0.927091618416,0.));
#12080 = CARTESIAN_POINT('',(12.688788652796,-0.927128183004,0.));
#12081 = CARTESIAN_POINT('',(12.701841179628,-0.927008403294,0.));
#12082 = CARTESIAN_POINT('',(12.716898880602,-0.926681638083,0.));
#12083 = CARTESIAN_POINT('',(12.733958293204,-0.926097470716,0.));
#12084 = CARTESIAN_POINT('',(12.753015007271,-0.92520547913,0.));
#12085 = CARTESIAN_POINT('',(12.774063659801,-0.923955334909,0.));
#12086 = CARTESIAN_POINT('',(12.797097938126,-0.922296792886,0.));
#12087 = CARTESIAN_POINT('',(12.822110580745,-0.920179715743,0.));
#12088 = CARTESIAN_POINT('',(12.849093379228,-0.917554087391,0.));
#12089 = CARTESIAN_POINT('',(12.878037180129,-0.914370029741,0.));
#12090 = CARTESIAN_POINT('',(12.908931887217,-0.910577818353,0.));
#12091 = CARTESIAN_POINT('',(12.941766463943,-0.906127898362,0.));
#12092 = CARTESIAN_POINT('',(12.976528936162,-0.900970900254,0.));
#12093 = CARTESIAN_POINT('',(13.013206395093,-0.895057655632,0.));
#12094 = CARTESIAN_POINT('',(13.051785000544,-0.888339212912,0.));
#12095 = CARTESIAN_POINT('',(13.092249984364,-0.88076685298,0.));
#12096 = CARTESIAN_POINT('',(13.134585654158,-0.87229210479,0.));
#12097 = CARTESIAN_POINT('',(13.178775397241,-0.862866760896,0.));
#12098 = CARTESIAN_POINT('',(13.22480168483,-0.852442892936,0.));
#12099 = CARTESIAN_POINT('',(13.272646076495,-0.84097286704,0.));
#12100 = CARTESIAN_POINT('',(13.322289224835,-0.828409359174,0.));
#12101 = CARTESIAN_POINT('',(13.373710880411,-0.814705370409,0.));
#12102 = CARTESIAN_POINT('',(13.42688989691,-0.799814242121,0.));
#12103 = CARTESIAN_POINT('',(13.48180423655,-0.7836896711,0.));
#12104 = CARTESIAN_POINT('',(13.538430975726,-0.76628572459,0.));
#12105 = CARTESIAN_POINT('',(13.59674631089,-0.747556855228,0.));
#12106 = CARTESIAN_POINT('',(13.656725564671,-0.727457915906,0.));
#12107 = CARTESIAN_POINT('',(13.718343192223,-0.705944174532,0.));
#12108 = CARTESIAN_POINT('',(13.781572787811,-0.682971328693,0.));
#12109 = CARTESIAN_POINT('',(13.846387091624,-0.658495520225,0.));
#12110 = CARTESIAN_POINT('',(13.912757996828,-0.632473349661,0.));
#12111 = CARTESIAN_POINT('',(13.980656556828,-0.604861890642,0.));
#12112 = CARTESIAN_POINT('',(14.050052992794,-0.575618703909,0.));
#12113 = CARTESIAN_POINT('',(14.12091670131,-0.544701852436,0.));
#12114 = CARTESIAN_POINT('',(14.193216262609,-0.51206991151,0.));
#12115 = CARTESIAN_POINT('',(14.266919447644,-0.477681997871,0.));
#12116 = CARTESIAN_POINT('',(14.341993230749,-0.441497724392,0.));
#12117 = CARTESIAN_POINT('',(14.41840378172,-0.403477442401,0.));
#12118 = CARTESIAN_POINT('',(14.469616786226,-0.377185778361,0.));
#12119 = CARTESIAN_POINT('',(14.495437310144,-0.363726803655,0.));
#12120 = SURFACE_OF_LINEAR_EXTRUSION('',#12121,#12169);
#12121 = B_SPLINE_CURVE_WITH_KNOTS('',3,(#12122,#12123,#12124,#12125,
    #12126,#12127,#12128,#12129,#12130,#12131,#12132,#12133,#12134,
    #12135,#12136,#12137,#12138,#12139,#12140,#12141,#12142,#12143,
    #12144,#12145,#12146,#12147,#12148,#12149,#12150,#12151,#12152,
    #12153,#12154,#12155,#12156,#12157,#12158,#12159,#12160,#12161,
    #12162,#12163,#12164,#12165,#12166,#12167,#12168),.UNSPECIFIED.,.F.,
  .F.,(4,1,1,1,1,1,1,1,1,1,1,1,1,1,1,1,1,1,1,1,1,1,1,1,1,1,1,1,1,1,1,1,1
    ,1,1,1,1,1,1,1,1,1,1,1,4),(0.,1.004058879412E-03,4.016229631009E-03,
    9.036513432115E-03,1.606491045092E-02,2.510142074349E-02,
    3.614604433531E-02,4.91987812401E-02,6.425963146609E-02,
    8.132859501861E-02,0.100405671901,0.121490862117,0.144584165667,
    0.169685582553,0.196795112777,0.225912756339,0.25703851324,
    0.29017238348,0.32531436706,0.362464463981,0.401622674242,
    0.442788997845,0.485963434789,0.531145985075,0.578336648702,
    0.627535425671,0.678742315982,0.731957319636,0.787180436632,
    0.84441166697,0.903651010651,0.964898467674,1.02815403804,
    1.093417721749,1.160689518801,1.229969429195,1.301257452933,
    1.374553590013,1.449857840437,1.527170204204,1.606490681313,
    1.687819271766,1.771155975562,1.856500792702,1.943853723184),
  .UNSPECIFIED.);
#12122 = CARTESIAN_POINT('',(12.651988003942,-0.926282585031,0.));
#12123 = CARTESIAN_POINT('',(12.652321921079,-0.926305343019,0.));
#12124 = CARTESIAN_POINT('',(12.653657868614,-0.926391824798,0.));
#12125 = CARTESIAN_POINT('',(12.656666145589,-0.926547263744,0.));
#12126 = CARTESIAN_POINT('',(12.661682361999,-0.926751410501,0.));
#12127 = CARTESIAN_POINT('',(12.668708191458,-0.926948839899,0.));
#12128 = CARTESIAN_POINT('',(12.677743796007,-0.927091618416,0.));
#12129 = CARTESIAN_POINT('',(12.688788652796,-0.927128183004,0.));
#12130 = CARTESIAN_POINT('',(12.701841179628,-0.927008403294,0.));
#12131 = CARTESIAN_POINT('',(12.716898880602,-0.926681638083,0.));
#12132 = CARTESIAN_POINT('',(12.733958293204,-0.926097470716,0.));
#12133 = CARTESIAN_POINT('',(12.753015007271,-0.92520547913,0.));
#12134 = CARTESIAN_POINT('',(12.774063659801,-0.923955334909,0.));
#12135 = CARTESIAN_POINT('',(12.797097938126,-0.922296792886,0.));
#12136 = CARTESIAN_POINT('',(12.822110580745,-0.920179715743,0.));
#12137 = CARTESIAN_POINT('',(12.849093379228,-0.917554087391,0.));
#12138 = CARTESIAN_POINT('',(12.878037180129,-0.914370029741,0.));
#12139 = CARTESIAN_POINT('',(12.908931887217,-0.910577818353,0.));
#12140 = CARTESIAN_POINT('',(12.941766463943,-0.906127898362,0.));
#12141 = CARTESIAN_POINT('',(12.976528936162,-0.900970900254,0.));
#12142 = CARTESIAN_POINT('',(13.013206395093,-0.895057655632,0.));
#12143 = CARTESIAN_POINT('',(13.051785000544,-0.888339212912,0.));
#12144 = CARTESIAN_POINT('',(13.092249984364,-0.88076685298,0.));
#12145 = CARTESIAN_POINT('',(13.134585654158,-0.87229210479,0.));
#12146 = CARTESIAN_POINT('',(13.178775397241,-0.862866760896,0.));
#12147 = CARTESIAN_POINT('',(13.22480168483,-0.852442892936,0.));
#12148 = CARTESIAN_POINT('',(13.272646076495,-0.84097286704,0.));
#12149 = CARTESIAN_POINT('',(13.322289224835,-0.828409359174,0.));
#12150 = CARTESIAN_POINT('',(13.373710880411,-0.814705370409,0.));
#12151 = CARTESIAN_POINT('',(13.42688989691,-0.799814242121,0.));
#12152 = CARTESIAN_POINT('',(13.48180423655,-0.7836896711,0.));
#12153 = CARTESIAN_POINT('',(13.538430975726,-0.76628572459,0.));
#12154 = CARTESIAN_POINT('',(13.59674631089,-0.747556855228,0.));
#12155 = CARTESIAN_POINT('',(13.656725564671,-0.727457915906,0.));
#12156 = CARTESIAN_POINT('',(13.718343192223,-0.705944174532,0.));
#12157 = CARTESIAN_POINT('',(13.781572787811,-0.682971328693,0.));
#12158 = CARTESIAN_POINT('',(13.846387091624,-0.658495520225,0.));
#12159 = CARTESIAN_POINT('',(13.912757996828,-0.632473349661,0.));
#12160 = CARTESIAN_POINT('',(13.980656556828,-0.604861890642,0.));
#12161 = CARTESIAN_POINT('',(14.050052992794,-0.575618703909,0.));
#12162 = CARTESIAN_POINT('',(14.12091670131,-0.544701852436,0.));
#12163 = CARTESIAN_POINT('',(14.193216262609,-0.51206991151,0.));
#12164 = CARTESIAN_POINT('',(14.266919447644,-0.477681997871,0.));
#12165 = CARTESIAN_POINT('',(14.341993230749,-0.441497724392,0.));
#12166 = CARTESIAN_POINT('',(14.41840378172,-0.403477442401,0.));
#12167 = CARTESIAN_POINT('',(14.469616786226,-0.377185778361,0.));
#12168 = CARTESIAN_POINT('',(14.495437310144,-0.363726803655,0.));
#12169 = VECTOR('',#12170,1.);
#12170 = DIRECTION('',(-0.,-0.,-1.));
#12171 = ADVANCED_FACE('',(#12172),#12336,.F.);
#12172 = FACE_BOUND('',#12173,.F.);
#12173 = EDGE_LOOP('',(#12174,#12175,#12176,#12177,#12178,#12179,#12180,
    #12181,#12182,#12183,#12184,#12185,#12186,#12187,#12188,#12189,
    #12190,#12191,#12192,#12193,#12194,#12195,#12196,#12197,#12198,
    #12199,#12200,#12201,#12202,#12203,#12204,#12205,#12206,#12207,
    #12208,#12209,#12210,#12211,#12212,#12213,#12214,#12215,#12216,
    #12217,#12218,#12219,#12220,#12221,#12222,#12223,#12224,#12225,
    #12226,#12227,#12228,#12229,#12230,#12231,#12232,#12233,#12234,
    #12235,#12236,#12237,#12238,#12239,#12240,#12241,#12242,#12243,
    #12244,#12245,#12246,#12247,#12248,#12249,#12250,#12251,#12252,
    #12253,#12254,#12255,#12256,#12257,#12258,#12259,#12260,#12261,
    #12262,#12263,#12264,#12265,#12266,#12267,#12268,#12269,#12270,
    #12271,#12272,#12273,#12274,#12275,#12276,#12277,#12278,#12279,
    #12280,#12281,#12282,#12283,#12284,#12285,#12286,#12287,#12288,
    #12289,#12290,#12291,#12292,#12293,#12294,#12295,#12296,#12297,
    #12298,#12299,#12300,#12301,#12302,#12303,#12304,#12305,#12306,
    #12307,#12308,#12309,#12310,#12311,#12312,#12313,#12314,#12315,
    #12316,#12317,#12318,#12319,#12320,#12321,#12322,#12323,#12324,
    #12325,#12326,#12327,#12328,#12329,#12330,#12331,#12332,#12333,
    #12334,#12335));
#12174 = ORIENTED_EDGE('',*,*,#47,.T.);
#12175 = ORIENTED_EDGE('',*,*,#122,.T.);
#12176 = ORIENTED_EDGE('',*,*,#243,.T.);
#12177 = ORIENTED_EDGE('',*,*,#274,.T.);
#12178 = ORIENTED_EDGE('',*,*,#305,.T.);
#12179 = ORIENTED_EDGE('',*,*,#380,.T.);
#12180 = ORIENTED_EDGE('',*,*,#500,.T.);
#12181 = ORIENTED_EDGE('',*,*,#575,.T.);
#12182 = ORIENTED_EDGE('',*,*,#695,.T.);
#12183 = ORIENTED_EDGE('',*,*,#725,.T.);
#12184 = ORIENTED_EDGE('',*,*,#755,.T.);
#12185 = ORIENTED_EDGE('',*,*,#830,.T.);
#12186 = ORIENTED_EDGE('',*,*,#950,.T.);
#12187 = ORIENTED_EDGE('',*,*,#1025,.T.);
#12188 = ORIENTED_EDGE('',*,*,#1145,.T.);
#12189 = ORIENTED_EDGE('',*,*,#1175,.T.);
#12190 = ORIENTED_EDGE('',*,*,#1205,.T.);
#12191 = ORIENTED_EDGE('',*,*,#1280,.T.);
#12192 = ORIENTED_EDGE('',*,*,#1400,.T.);
#12193 = ORIENTED_EDGE('',*,*,#1475,.T.);
#12194 = ORIENTED_EDGE('',*,*,#1595,.T.);
#12195 = ORIENTED_EDGE('',*,*,#1625,.T.);
#12196 = ORIENTED_EDGE('',*,*,#1655,.T.);
#12197 = ORIENTED_EDGE('',*,*,#1730,.T.);
#12198 = ORIENTED_EDGE('',*,*,#1850,.T.);
#12199 = ORIENTED_EDGE('',*,*,#1925,.T.);
#12200 = ORIENTED_EDGE('',*,*,#2045,.T.);
#12201 = ORIENTED_EDGE('',*,*,#2075,.T.);
#12202 = ORIENTED_EDGE('',*,*,#2105,.T.);
#12203 = ORIENTED_EDGE('',*,*,#2180,.T.);
#12204 = ORIENTED_EDGE('',*,*,#2300,.T.);
#12205 = ORIENTED_EDGE('',*,*,#2375,.T.);
#12206 = ORIENTED_EDGE('',*,*,#2495,.T.);
#12207 = ORIENTED_EDGE('',*,*,#2525,.T.);
#12208 = ORIENTED_EDGE('',*,*,#2555,.T.);
#12209 = ORIENTED_EDGE('',*,*,#2630,.T.);
#12210 = ORIENTED_EDGE('',*,*,#2750,.T.);
#12211 = ORIENTED_EDGE('',*,*,#2825,.T.);
#12212 = ORIENTED_EDGE('',*,*,#2945,.T.);
#12213 = ORIENTED_EDGE('',*,*,#2975,.T.);
#12214 = ORIENTED_EDGE('',*,*,#3005,.T.);
#12215 = ORIENTED_EDGE('',*,*,#3080,.T.);
#12216 = ORIENTED_EDGE('',*,*,#3200,.T.);
#12217 = ORIENTED_EDGE('',*,*,#3275,.T.);
#12218 = ORIENTED_EDGE('',*,*,#3395,.T.);
#12219 = ORIENTED_EDGE('',*,*,#3425,.T.);
#12220 = ORIENTED_EDGE('',*,*,#3455,.T.);
#12221 = ORIENTED_EDGE('',*,*,#3530,.T.);
#12222 = ORIENTED_EDGE('',*,*,#3650,.T.);
#12223 = ORIENTED_EDGE('',*,*,#3725,.T.);
#12224 = ORIENTED_EDGE('',*,*,#3845,.T.);
#12225 = ORIENTED_EDGE('',*,*,#3875,.T.);
#12226 = ORIENTED_EDGE('',*,*,#3905,.T.);
#12227 = ORIENTED_EDGE('',*,*,#3980,.T.);
#12228 = ORIENTED_EDGE('',*,*,#4100,.T.);
#12229 = ORIENTED_EDGE('',*,*,#4175,.T.);
#12230 = ORIENTED_EDGE('',*,*,#4295,.T.);
#12231 = ORIENTED_EDGE('',*,*,#4325,.T.);
#12232 = ORIENTED_EDGE('',*,*,#4355,.T.);
#12233 = ORIENTED_EDGE('',*,*,#4430,.T.);
#12234 = ORIENTED_EDGE('',*,*,#4550,.T.);
#12235 = ORIENTED_EDGE('',*,*,#4625,.T.);
#12236 = ORIENTED_EDGE('',*,*,#4745,.T.);
#12237 = ORIENTED_EDGE('',*,*,#4775,.T.);
#12238 = ORIENTED_EDGE('',*,*,#4805,.T.);
#12239 = ORIENTED_EDGE('',*,*,#4880,.T.);
#12240 = ORIENTED_EDGE('',*,*,#5000,.T.);
#12241 = ORIENTED_EDGE('',*,*,#5075,.T.);
#12242 = ORIENTED_EDGE('',*,*,#5195,.T.);
#12243 = ORIENTED_EDGE('',*,*,#5225,.T.);
#12244 = ORIENTED_EDGE('',*,*,#5255,.T.);
#12245 = ORIENTED_EDGE('',*,*,#5330,.T.);
#12246 = ORIENTED_EDGE('',*,*,#5450,.T.);
#12247 = ORIENTED_EDGE('',*,*,#5525,.T.);
#12248 = ORIENTED_EDGE('',*,*,#5645,.T.);
#12249 = ORIENTED_EDGE('',*,*,#5675,.T.);
#12250 = ORIENTED_EDGE('',*,*,#5705,.T.);
#12251 = ORIENTED_EDGE('',*,*,#5780,.T.);
#12252 = ORIENTED_EDGE('',*,*,#5900,.T.);
#12253 = ORIENTED_EDGE('',*,*,#5975,.T.);
#12254 = ORIENTED_EDGE('',*,*,#6095,.T.);
#12255 = ORIENTED_EDGE('',*,*,#6125,.T.);
#12256 = ORIENTED_EDGE('',*,*,#6155,.T.);
#12257 = ORIENTED_EDGE('',*,*,#6230,.T.);
#12258 = ORIENTED_EDGE('',*,*,#6350,.T.);
#12259 = ORIENTED_EDGE('',*,*,#6425,.T.);
#12260 = ORIENTED_EDGE('',*,*,#6545,.T.);
#12261 = ORIENTED_EDGE('',*,*,#6575,.T.);
#12262 = ORIENTED_EDGE('',*,*,#6605,.T.);
#12263 = ORIENTED_EDGE('',*,*,#6680,.T.);
#12264 = ORIENTED_EDGE('',*,*,#6800,.T.);
#12265 = ORIENTED_EDGE('',*,*,#6875,.T.);
#12266 = ORIENTED_EDGE('',*,*,#6995,.T.);
#12267 = ORIENTED_EDGE('',*,*,#7025,.T.);
#12268 = ORIENTED_EDGE('',*,*,#7055,.T.);
#12269 = ORIENTED_EDGE('',*,*,#7130,.T.);
#12270 = ORIENTED_EDGE('',*,*,#7250,.T.);
#12271 = ORIENTED_EDGE('',*,*,#7325,.T.);
#12272 = ORIENTED_EDGE('',*,*,#7445,.T.);
#12273 = ORIENTED_EDGE('',*,*,#7475,.T.);
#12274 = ORIENTED_EDGE('',*,*,#7505,.T.);
#12275 = ORIENTED_EDGE('',*,*,#7580,.T.);
#12276 = ORIENTED_EDGE('',*,*,#7700,.T.);
#12277 = ORIENTED_EDGE('',*,*,#7775,.T.);
#12278 = ORIENTED_EDGE('',*,*,#7895,.T.);
#12279 = ORIENTED_EDGE('',*,*,#7925,.T.);
#12280 = ORIENTED_EDGE('',*,*,#7955,.T.);
#12281 = ORIENTED_EDGE('',*,*,#8030,.T.);
#12282 = ORIENTED_EDGE('',*,*,#8150,.T.);
#12283 = ORIENTED_EDGE('',*,*,#8225,.T.);
#12284 = ORIENTED_EDGE('',*,*,#8345,.T.);
#12285 = ORIENTED_EDGE('',*,*,#8375,.T.);
#12286 = ORIENTED_EDGE('',*,*,#8405,.T.);
#12287 = ORIENTED_EDGE('',*,*,#8480,.T.);
#12288 = ORIENTED_EDGE('',*,*,#8600,.T.);
#12289 = ORIENTED_EDGE('',*,*,#8675,.T.);
#12290 = ORIENTED_EDGE('',*,*,#8795,.T.);
#12291 = ORIENTED_EDGE('',*,*,#8825,.T.);
#12292 = ORIENTED_EDGE('',*,*,#8855,.T.);
#12293 = ORIENTED_EDGE('',*,*,#8930,.T.);
#12294 = ORIENTED_EDGE('',*,*,#9050,.T.);
#12295 = ORIENTED_EDGE('',*,*,#9125,.T.);
#12296 = ORIENTED_EDGE('',*,*,#9245,.T.);
#12297 = ORIENTED_EDGE('',*,*,#9275,.T.);
#12298 = ORIENTED_EDGE('',*,*,#9305,.T.);
#12299 = ORIENTED_EDGE('',*,*,#9380,.T.);
#12300 = ORIENTED_EDGE('',*,*,#9500,.T.);
#12301 = ORIENTED_EDGE('',*,*,#9575,.T.);
#12302 = ORIENTED_EDGE('',*,*,#9695,.T.);
#12303 = ORIENTED_EDGE('',*,*,#9725,.T.);
#12304 = ORIENTED_EDGE('',*,*,#9755,.T.);
#12305 = ORIENTED_EDGE('',*,*,#9830,.T.);
#12306 = ORIENTED_EDGE('',*,*,#9950,.T.);
#12307 = ORIENTED_EDGE('',*,*,#10025,.T.);
#12308 = ORIENTED_EDGE('',*,*,#10145,.T.);
#12309 = ORIENTED_EDGE('',*,*,#10175,.T.);
#12310 = ORIENTED_EDGE('',*,*,#10205,.T.);
#12311 = ORIENTED_EDGE('',*,*,#10280,.T.);
#12312 = ORIENTED_EDGE('',*,*,#10400,.T.);
#12313 = ORIENTED_EDGE('',*,*,#10475,.T.);
#12314 = ORIENTED_EDGE('',*,*,#10595,.T.);
#12315 = ORIENTED_EDGE('',*,*,#10625,.T.);
#12316 = ORIENTED_EDGE('',*,*,#10655,.T.);
#12317 = ORIENTED_EDGE('',*,*,#10730,.T.);
#12318 = ORIENTED_EDGE('',*,*,#10850,.T.);
#12319 = ORIENTED_EDGE('',*,*,#10925,.T.);
#12320 = ORIENTED_EDGE('',*,*,#11045,.T.);
#12321 = ORIENTED_EDGE('',*,*,#11075,.T.);
#12322 = ORIENTED_EDGE('',*,*,#11105,.T.);
#12323 = ORIENTED_EDGE('',*,*,#11180,.T.);
#12324 = ORIENTED_EDGE('',*,*,#11300,.T.);
#12325 = ORIENTED_EDGE('',*,*,#11375,.T.);
#12326 = ORIENTED_EDGE('',*,*,#11495,.T.);
#12327 = ORIENTED_EDGE('',*,*,#11525,.T.);
#12328 = ORIENTED_EDGE('',*,*,#11555,.T.);
#12329 = ORIENTED_EDGE('',*,*,#11630,.T.);
#12330 = ORIENTED_EDGE('',*,*,#11750,.T.);
#12331 = ORIENTED_EDGE('',*,*,#11825,.T.);
#12332 = ORIENTED_EDGE('',*,*,#11945,.T.);
#12333 = ORIENTED_EDGE('',*,*,#11975,.T.);
#12334 = ORIENTED_EDGE('',*,*,#12005,.T.);
#12335 = ORIENTED_EDGE('',*,*,#12071,.T.);
#12336 = PLANE('',#12337);
#12337 = AXIS2_PLACEMENT_3D('',#12338,#12339,#12340);
#12338 = CARTESIAN_POINT('',(1.965759810314E-15,-4.134887789357E-15,0.)
  );
#12339 = DIRECTION('',(0.,0.,1.));
#12340 = DIRECTION('',(1.,0.,-0.));
#12341 = ADVANCED_FACE('',(#12342),#12506,.T.);
#12342 = FACE_BOUND('',#12343,.T.);
#12343 = EDGE_LOOP('',(#12344,#12345,#12346,#12347,#12348,#12349,#12350,
    #12351,#12352,#12353,#12354,#12355,#12356,#12357,#12358,#12359,
    #12360,#12361,#12362,#12363,#12364,#12365,#12366,#12367,#12368,
    #12369,#12370,#12371,#12372,#12373,#12374,#12375,#12376,#12377,
    #12378,#12379,#12380,#12381,#12382,#12383,#12384,#12385,#12386,
    #12387,#12388,#12389,#12390,#12391,#12392,#12393,#12394,#12395,
    #12396,#12397,#12398,#12399,#12400,#12401,#12402,#12403,#12404,
    #12405,#12406,#12407,#12408,#12409,#12410,#12411,#12412,#12413,
    #12414,#12415,#12416,#12417,#12418,#12419,#12420,#12421,#12422,
    #12423,#12424,#12425,#12426,#12427,#12428,#12429,#12430,#12431,
    #12432,#12433,#12434,#12435,#12436,#12437,#12438,#12439,#12440,
    #12441,#12442,#12443,#12444,#12445,#12446,#12447,#12448,#12449,
    #12450,#12451,#12452,#12453,#12454,#12455,#12456,#12457,#12458,
    #12459,#12460,#12461,#12462,#12463,#12464,#12465,#12466,#12467,
    #12468,#12469,#12470,#12471,#12472,#12473,#12474,#12475,#12476,
    #12477,#12478,#12479,#12480,#12481,#12482,#12483,#12484,#12485,
    #12486,#12487,#12488,#12489,#12490,#12491,#12492,#12493,#12494,
    #12495,#12496,#12497,#12498,#12499,#12500,#12501,#12502,#12503,
    #12504,#12505));
#12344 = ORIENTED_EDGE('',*,*,#31,.T.);
#12345 = ORIENTED_EDGE('',*,*,#62,.T.);
#12346 = ORIENTED_EDGE('',*,*,#227,.T.);
#12347 = ORIENTED_EDGE('',*,*,#258,.T.);
#12348 = ORIENTED_EDGE('',*,*,#289,.T.);
#12349 = ORIENTED_EDGE('',*,*,#320,.T.);
#12350 = ORIENTED_EDGE('',*,*,#485,.T.);
#12351 = ORIENTED_EDGE('',*,*,#515,.T.);
#12352 = ORIENTED_EDGE('',*,*,#680,.T.);
#12353 = ORIENTED_EDGE('',*,*,#710,.T.);
#12354 = ORIENTED_EDGE('',*,*,#740,.T.);
#12355 = ORIENTED_EDGE('',*,*,#770,.T.);
#12356 = ORIENTED_EDGE('',*,*,#935,.T.);
#12357 = ORIENTED_EDGE('',*,*,#965,.T.);
#12358 = ORIENTED_EDGE('',*,*,#1130,.T.);
#12359 = ORIENTED_EDGE('',*,*,#1160,.T.);
#12360 = ORIENTED_EDGE('',*,*,#1190,.T.);
#12361 = ORIENTED_EDGE('',*,*,#1220,.T.);
#12362 = ORIENTED_EDGE('',*,*,#1385,.T.);
#12363 = ORIENTED_EDGE('',*,*,#1415,.T.);
#12364 = ORIENTED_EDGE('',*,*,#1580,.T.);
#12365 = ORIENTED_EDGE('',*,*,#1610,.T.);
#12366 = ORIENTED_EDGE('',*,*,#1640,.T.);
#12367 = ORIENTED_EDGE('',*,*,#1670,.T.);
#12368 = ORIENTED_EDGE('',*,*,#1835,.T.);
#12369 = ORIENTED_EDGE('',*,*,#1865,.T.);
#12370 = ORIENTED_EDGE('',*,*,#2030,.T.);
#12371 = ORIENTED_EDGE('',*,*,#2060,.T.);
#12372 = ORIENTED_EDGE('',*,*,#2090,.T.);
#12373 = ORIENTED_EDGE('',*,*,#2120,.T.);
#12374 = ORIENTED_EDGE('',*,*,#2285,.T.);
#12375 = ORIENTED_EDGE('',*,*,#2315,.T.);
#12376 = ORIENTED_EDGE('',*,*,#2480,.T.);
#12377 = ORIENTED_EDGE('',*,*,#2510,.T.);
#12378 = ORIENTED_EDGE('',*,*,#2540,.T.);
#12379 = ORIENTED_EDGE('',*,*,#2570,.T.);
#12380 = ORIENTED_EDGE('',*,*,#2735,.T.);
#12381 = ORIENTED_EDGE('',*,*,#2765,.T.);
#12382 = ORIENTED_EDGE('',*,*,#2930,.T.);
#12383 = ORIENTED_EDGE('',*,*,#2960,.T.);
#12384 = ORIENTED_EDGE('',*,*,#2990,.T.);
#12385 = ORIENTED_EDGE('',*,*,#3020,.T.);
#12386 = ORIENTED_EDGE('',*,*,#3185,.T.);
#12387 = ORIENTED_EDGE('',*,*,#3215,.T.);
#12388 = ORIENTED_EDGE('',*,*,#3380,.T.);
#12389 = ORIENTED_EDGE('',*,*,#3410,.T.);
#12390 = ORIENTED_EDGE('',*,*,#3440,.T.);
#12391 = ORIENTED_EDGE('',*,*,#3470,.T.);
#12392 = ORIENTED_EDGE('',*,*,#3635,.T.);
#12393 = ORIENTED_EDGE('',*,*,#3665,.T.);
#12394 = ORIENTED_EDGE('',*,*,#3830,.T.);
#12395 = ORIENTED_EDGE('',*,*,#3860,.T.);
#12396 = ORIENTED_EDGE('',*,*,#3890,.T.);
#12397 = ORIENTED_EDGE('',*,*,#3920,.T.);
#12398 = ORIENTED_EDGE('',*,*,#4085,.T.);
#12399 = ORIENTED_EDGE('',*,*,#4115,.T.);
#12400 = ORIENTED_EDGE('',*,*,#4280,.T.);
#12401 = ORIENTED_EDGE('',*,*,#4310,.T.);
#12402 = ORIENTED_EDGE('',*,*,#4340,.T.);
#12403 = ORIENTED_EDGE('',*,*,#4370,.T.);
#12404 = ORIENTED_EDGE('',*,*,#4535,.T.);
#12405 = ORIENTED_EDGE('',*,*,#4565,.T.);
#12406 = ORIENTED_EDGE('',*,*,#4730,.T.);
#12407 = ORIENTED_EDGE('',*,*,#4760,.T.);
#12408 = ORIENTED_EDGE('',*,*,#4790,.T.);
#12409 = ORIENTED_EDGE('',*,*,#4820,.T.);
#12410 = ORIENTED_EDGE('',*,*,#4985,.T.);
#12411 = ORIENTED_EDGE('',*,*,#5015,.T.);
#12412 = ORIENTED_EDGE('',*,*,#5180,.T.);
#12413 = ORIENTED_EDGE('',*,*,#5210,.T.);
#12414 = ORIENTED_EDGE('',*,*,#5240,.T.);
#12415 = ORIENTED_EDGE('',*,*,#5270,.T.);
#12416 = ORIENTED_EDGE('',*,*,#5435,.T.);
#12417 = ORIENTED_EDGE('',*,*,#5465,.T.);
#12418 = ORIENTED_EDGE('',*,*,#5630,.T.);
#12419 = ORIENTED_EDGE('',*,*,#5660,.T.);
#12420 = ORIENTED_EDGE('',*,*,#5690,.T.);
#12421 = ORIENTED_EDGE('',*,*,#5720,.T.);
#12422 = ORIENTED_EDGE('',*,*,#5885,.T.);
#12423 = ORIENTED_EDGE('',*,*,#5915,.T.);
#12424 = ORIENTED_EDGE('',*,*,#6080,.T.);
#12425 = ORIENTED_EDGE('',*,*,#6110,.T.);
#12426 = ORIENTED_EDGE('',*,*,#6140,.T.);
#12427 = ORIENTED_EDGE('',*,*,#6170,.T.);
#12428 = ORIENTED_EDGE('',*,*,#6335,.T.);
#12429 = ORIENTED_EDGE('',*,*,#6365,.T.);
#12430 = ORIENTED_EDGE('',*,*,#6530,.T.);
#12431 = ORIENTED_EDGE('',*,*,#6560,.T.);
#12432 = ORIENTED_EDGE('',*,*,#6590,.T.);
#12433 = ORIENTED_EDGE('',*,*,#6620,.T.);
#12434 = ORIENTED_EDGE('',*,*,#6785,.T.);
#12435 = ORIENTED_EDGE('',*,*,#6815,.T.);
#12436 = ORIENTED_EDGE('',*,*,#6980,.T.);
#12437 = ORIENTED_EDGE('',*,*,#7010,.T.);
#12438 = ORIENTED_EDGE('',*,*,#7040,.T.);
#12439 = ORIENTED_EDGE('',*,*,#7070,.T.);
#12440 = ORIENTED_EDGE('',*,*,#7235,.T.);
#12441 = ORIENTED_EDGE('',*,*,#7265,.T.);
#12442 = ORIENTED_EDGE('',*,*,#7430,.T.);
#12443 = ORIENTED_EDGE('',*,*,#7460,.T.);
#12444 = ORIENTED_EDGE('',*,*,#7490,.T.);
#12445 = ORIENTED_EDGE('',*,*,#7520,.T.);
#12446 = ORIENTED_EDGE('',*,*,#7685,.T.);
#12447 = ORIENTED_EDGE('',*,*,#7715,.T.);
#12448 = ORIENTED_EDGE('',*,*,#7880,.T.);
#12449 = ORIENTED_EDGE('',*,*,#7910,.T.);
#12450 = ORIENTED_EDGE('',*,*,#7940,.T.);
#12451 = ORIENTED_EDGE('',*,*,#7970,.T.);
#12452 = ORIENTED_EDGE('',*,*,#8135,.T.);
#12453 = ORIENTED_EDGE('',*,*,#8165,.T.);
#12454 = ORIENTED_EDGE('',*,*,#8330,.T.);
#12455 = ORIENTED_EDGE('',*,*,#8360,.T.);
#12456 = ORIENTED_EDGE('',*,*,#8390,.T.);
#12457 = ORIENTED_EDGE('',*,*,#8420,.T.);
#12458 = ORIENTED_EDGE('',*,*,#8585,.T.);
#12459 = ORIENTED_EDGE('',*,*,#8615,.T.);
#12460 = ORIENTED_EDGE('',*,*,#8780,.T.);
#12461 = ORIENTED_EDGE('',*,*,#8810,.T.);
#12462 = ORIENTED_EDGE('',*,*,#8840,.T.);
#12463 = ORIENTED_EDGE('',*,*,#8870,.T.);
#12464 = ORIENTED_EDGE('',*,*,#9035,.T.);
#12465 = ORIENTED_EDGE('',*,*,#9065,.T.);
#12466 = ORIENTED_EDGE('',*,*,#9230,.T.);
#12467 = ORIENTED_EDGE('',*,*,#9260,.T.);
#12468 = ORIENTED_EDGE('',*,*,#9290,.T.);
#12469 = ORIENTED_EDGE('',*,*,#9320,.T.);
#12470 = ORIENTED_EDGE('',*,*,#9485,.T.);
#12471 = ORIENTED_EDGE('',*,*,#9515,.T.);
#12472 = ORIENTED_EDGE('',*,*,#9680,.T.);
#12473 = ORIENTED_EDGE('',*,*,#9710,.T.);
#12474 = ORIENTED_EDGE('',*,*,#9740,.T.);
#12475 = ORIENTED_EDGE('',*,*,#9770,.T.);
#12476 = ORIENTED_EDGE('',*,*,#9935,.T.);
#12477 = ORIENTED_EDGE('',*,*,#9965,.T.);
#12478 = ORIENTED_EDGE('',*,*,#10130,.T.);
#12479 = ORIENTED_EDGE('',*,*,#10160,.T.);
#12480 = ORIENTED_EDGE('',*,*,#10190,.T.);
#12481 = ORIENTED_EDGE('',*,*,#10220,.T.);
#12482 = ORIENTED_EDGE('',*,*,#10385,.T.);
#12483 = ORIENTED_EDGE('',*,*,#10415,.T.);
#12484 = ORIENTED_EDGE('',*,*,#10580,.T.);
#12485 = ORIENTED_EDGE('',*,*,#10610,.T.);
#12486 = ORIENTED_EDGE('',*,*,#10640,.T.);
#12487 = ORIENTED_EDGE('',*,*,#10670,.T.);
#12488 = ORIENTED_EDGE('',*,*,#10835,.T.);
#12489 = ORIENTED_EDGE('',*,*,#10865,.T.);
#12490 = ORIENTED_EDGE('',*,*,#11030,.T.);
#12491 = ORIENTED_EDGE('',*,*,#11060,.T.);
#12492 = ORIENTED_EDGE('',*,*,#11090,.T.);
#12493 = ORIENTED_EDGE('',*,*,#11120,.T.);
#12494 = ORIENTED_EDGE('',*,*,#11285,.T.);
#12495 = ORIENTED_EDGE('',*,*,#11315,.T.);
#12496 = ORIENTED_EDGE('',*,*,#11480,.T.);
#12497 = ORIENTED_EDGE('',*,*,#11510,.T.);
#12498 = ORIENTED_EDGE('',*,*,#11540,.T.);
#12499 = ORIENTED_EDGE('',*,*,#11570,.T.);
#12500 = ORIENTED_EDGE('',*,*,#11735,.T.);
#12501 = ORIENTED_EDGE('',*,*,#11765,.T.);
#12502 = ORIENTED_EDGE('',*,*,#11930,.T.);
#12503 = ORIENTED_EDGE('',*,*,#11960,.T.);
#12504 = ORIENTED_EDGE('',*,*,#11990,.T.);
#12505 = ORIENTED_EDGE('',*,*,#12020,.T.);
#12506 = PLANE('',#12507);
#12507 = AXIS2_PLACEMENT_3D('',#12508,#12509,#12510);
#12508 = CARTESIAN_POINT('',(1.965759810314E-15,-4.134887789357E-15,6.)
  );
#12509 = DIRECTION('',(0.,0.,1.));
#12510 = DIRECTION('',(1.,0.,-0.));
#12511 = ( GEOMETRIC_REPRESENTATION_CONTEXT(3) 
GLOBAL_UNCERTAINTY_ASSIGNED_CONTEXT((#12515)) 
GLOBAL_UNIT_ASSIGNED_CONTEXT((#12512,#12513,#12514)) 
REPRESENTATION_CONTEXT('Context #1',
  '3D Context with UNIT and UNCERTAINTY') );
#12512 = ( LENGTH_UNIT() NAMED_UNIT(*) SI_UNIT(.MILLI.,.METRE.) );
#12513 = ( NAMED_UNIT(*) PLANE_ANGLE_UNIT() SI_UNIT($,.RADIAN.) );
#12514 = ( NAMED_UNIT(*) SI_UNIT($,.STERADIAN.) SOLID_ANGLE_UNIT() );
#12515 = UNCERTAINTY_MEASURE_WITH_UNIT(LENGTH_MEASURE(1.E-07),#12512,
  'distance_accuracy_value','confusion accuracy');
#12516 = PRODUCT_RELATED_PRODUCT_CATEGORY('part',$,(#7));
#12517 = MECHANICAL_DESIGN_GEOMETRIC_PRESENTATION_REPRESENTATION('',(
    #12518),#12511);
#12518 = STYLED_ITEM('color',(#12519),#15);
#12519 = PRESENTATION_STYLE_ASSIGNMENT((#12520,#12526));
#12520 = SURFACE_STYLE_USAGE(.BOTH.,#12521);
#12521 = SURFACE_SIDE_STYLE('',(#12522));
#12522 = SURFACE_STYLE_FILL_AREA(#12523);
#12523 = FILL_AREA_STYLE('',(#12524));
#12524 = FILL_AREA_STYLE_COLOUR('',#12525);
#12525 = COLOUR_RGB('',0.800000010877,0.800000010877,0.800000010877);
#12526 = CURVE_STYLE('',#12527,POSITIVE_LENGTH_MEASURE(0.1),#12528);
#12527 = DRAUGHTING_PRE_DEFINED_CURVE_FONT('continuous');
#12528 = COLOUR_RGB('',9.803921802644E-02,9.803921802644E-02,
  9.803921802644E-02);
ENDSEC;
END-ISO-10303-21;
