;FLAVOR:Marlin
;TIME:2254
;Filament used: 5.07771m
;Layer height: 0.32
;MINX:63.529
;MINY:57.487
;MINZ:0.32
;MAXX:156.471
;MAXY:162.513
;MAXZ:2.88
;TARGET_MACHINE.NAME:Creality Ender-3 Pro
;Generated with Cura_SteamEngine 5.7.1
M82 ;absolute extrusion mode
; Ender 3 Custom Start G-code
M140 S60 ; Set Heat Bed temperature
M190 S60 ; Wait for Heat Bed temperature
M104 S160; start warming extruder to 160
G28 ; Home all axes
G29 ; Auto bed-level (BL-Touch)
G92 E0 ; Reset Extruder
M104 S200 ; Set Extruder temperature
G1 X0.1 Y20 Z0.3 F5000.0 ; Move to start position
M109 S200 ; Wait for Extruder temperature
; G1 Z2.0 F3000 ; Move Z Axis up little to prevent scratching of Heat Bed
G1 X0.1 Y200.0 Z0.3 F1500.0 E15 ; Draw the first line
G1 X0.4 Y200.0 Z0.3 F5000.0 ; Move to side a little
G1 X0.4 Y20 Z0.3 F1500.0 E30 ; Draw the second line
G92 E0 ; Reset Extruder
G1 Z2.0 F3000 ; Move Z Axis up little to prevent scratching of Heat Bed
; End of custom start GCode
G92 E0
G92 E0
G1 F1500 E-6.5
;LAYER_COUNT:9
;LAYER:0
M107
G0 F6000 X65.924 Y81.976 Z0.32
;TYPE:SKIRT
G1 F1500 E0
G1 F1200 X66.768 Y81.3 E0.14386
G1 X106.646 Y58.274 E6.27016
G1 X108.038 Y57.733 E6.46885
G1 X108.28 Y57.672 E6.50205
G1 X109.805 Y57.487 E6.70643
G1 X110.995 Y57.544 E6.86493
G1 X112.213 Y57.813 E7.03087
G1 X113.242 Y58.212 E7.1777
G1 X153.134 Y81.242 E13.30588
G1 X154.091 Y82.039 E13.47157
G1 X154.557 Y82.498 E13.55859
G1 X155.359 Y83.541 E13.73363
G1 X155.923 Y84.623 E13.89597
G1 X156.307 Y85.849 E14.06689
G1 X156.471 Y86.912 E14.20998
G1 X156.471 Y132.967 E20.33717
G1 X156.326 Y133.89 E20.46147
G1 X156.086 Y134.883 E20.59738
G1 X155.566 Y136.099 E20.77333
G1 X154.938 Y137.082 E20.92852
G1 X154.076 Y138.024 E21.09839
G1 X153.232 Y138.7 E21.24226
G1 X113.354 Y161.726 E27.36856
G1 X111.962 Y162.267 E27.56724
G1 X111.72 Y162.328 E27.60045
G1 X110.195 Y162.513 E27.80482
G1 X109.005 Y162.456 E27.96332
G1 X107.787 Y162.187 E28.12927
G1 X106.758 Y161.788 E28.2761
G1 X66.866 Y138.758 E34.40428
G1 X65.909 Y137.961 E34.56997
G1 X65.443 Y137.502 E34.65699
G1 X64.641 Y136.459 E34.83203
G1 X64.077 Y135.377 E34.99436
G1 X63.693 Y134.151 E35.16528
G1 X63.529 Y133.088 E35.30838
G1 X63.529 Y87.033 E41.43556
G1 X63.674 Y86.11 E41.55986
G1 X63.914 Y85.117 E41.69578
G1 X64.434 Y83.901 E41.87172
G1 X65.062 Y82.918 E42.02691
G1 X65.924 Y81.976 E42.19679
G0 F6000 X66.612 Y82.706
G1 F1200 X67.331 Y82.13 E42.31936
G1 X107.081 Y59.178 E48.42598
G1 X108.4 Y58.665 E48.61427
G1 X109.842 Y58.49 E48.80752
G1 X110.861 Y58.539 E48.94325
G1 X111.926 Y58.774 E49.08834
G1 X112.808 Y59.116 E49.2142
G1 X152.559 Y82.065 E55.32074
G1 X153.389 Y82.751 E55.464
G1 X153.803 Y83.159 E55.54133
G1 X154.514 Y84.083 E55.69644
G1 X154.996 Y85.008 E55.83521
G1 X155.331 Y86.077 E55.98425
G1 X155.471 Y86.986 E56.10661
G1 X155.471 Y132.888 E62.21344
G1 X155.338 Y133.735 E62.3275
G1 X155.134 Y134.568 E62.4416
G1 X154.681 Y135.627 E62.59484
G1 X154.142 Y136.471 E62.72807
G1 X153.388 Y137.294 E62.87657
G1 X152.669 Y137.87 E62.99913
G1 X112.919 Y160.822 E69.10576
G1 X111.6 Y161.335 E69.29405
G1 X110.158 Y161.51 E69.4873
G1 X109.139 Y161.461 E69.62302
G1 X108.074 Y161.226 E69.76812
G1 X107.192 Y160.884 E69.89397
G1 X67.441 Y137.935 E76.00052
G1 X66.611 Y137.249 E76.14378
G1 X66.197 Y136.841 E76.22111
G1 X65.486 Y135.917 E76.37622
G1 X65.004 Y134.992 E76.51498
G1 X64.669 Y133.923 E76.66402
G1 X64.529 Y133.014 E76.78638
G1 X64.529 Y87.112 E82.89321
G1 X64.662 Y86.265 E83.00728
G1 X64.866 Y85.432 E83.12138
G1 X65.319 Y84.373 E83.27461
G1 X65.858 Y83.529 E83.40784
G1 X66.612 Y82.706 E83.55634
G0 F6000 X67.3 Y83.435
G1 F1200 X67.894 Y82.959 E83.65761
G1 X107.514 Y60.083 E89.7442
G1 X108.645 Y59.643 E89.90566
G1 X109.88 Y59.493 E90.07117
G1 X110.727 Y59.534 E90.18399
G1 X111.639 Y59.735 E90.30823
G1 X112.374 Y60.02 E90.41311
G1 X151.988 Y82.89 E96.49862
G1 X152.687 Y83.463 E96.61886
G1 X153.053 Y83.824 E96.68726
G1 X153.667 Y84.621 E96.82111
G1 X154.069 Y85.393 E96.93691
G1 X154.354 Y86.304 E97.0639
G1 X154.471 Y87.061 E97.16581
G1 X154.471 Y132.809 E103.25214
G1 X154.367 Y133.497 E103.34472
G1 X154.183 Y134.249 E103.44771
G1 X153.794 Y135.157 E103.57913
G1 X153.346 Y135.859 E103.68993
G1 X152.7 Y136.565 E103.81724
G1 X152.106 Y137.041 E103.91851
G1 X112.486 Y159.917 E110.0051
G1 X111.355 Y160.357 E110.16656
G1 X110.12 Y160.507 E110.33207
G1 X109.273 Y160.466 E110.44489
G1 X108.361 Y160.265 E110.56913
G1 X107.626 Y159.98 E110.67401
G1 X68.012 Y137.11 E116.75952
G1 X67.313 Y136.537 E116.87976
G1 X66.947 Y136.176 E116.94816
G1 X66.333 Y135.379 E117.08201
G1 X65.931 Y134.607 E117.1978
G1 X65.646 Y133.696 E117.3248
G1 X65.529 Y132.939 E117.4267
G1 X65.529 Y87.191 E123.51304
G1 X65.633 Y86.503 E123.60562
G1 X65.817 Y85.751 E123.70861
G1 X66.206 Y84.843 E123.84003
G1 X66.654 Y84.141 E123.95083
G1 X67.3 Y83.435 E124.07814
G0 F6000 X67.986 Y84.167
G1 F1200 X68.461 Y83.786 E124.15915
G1 X107.947 Y60.988 E130.22512
G1 X108.89 Y60.621 E130.35974
G1 X109.917 Y60.496 E130.49738
G1 X110.593 Y60.529 E130.58742
G1 X111.355 Y60.697 E130.69124
G1 X111.938 Y60.923 E130.77442
G1 X151.42 Y83.717 E136.83966
G1 X151.984 Y84.175 E136.93632
G1 X152.303 Y84.49 E136.99597
G1 X152.821 Y85.162 E137.10885
G1 X153.142 Y85.778 E137.20126
G1 X153.378 Y86.532 E137.30637
G1 X153.471 Y87.135 E137.38754
G1 X153.471 Y132.732 E143.45379
G1 X153.378 Y133.347 E143.53654
G1 X153.23 Y133.935 E143.61721
G1 X152.909 Y134.685 E143.72575
G1 X152.55 Y135.247 E143.81447
G1 X152.014 Y135.833 E143.92012
G1 X151.539 Y136.214 E144.00113
G1 X112.053 Y159.012 E150.0671
G1 X111.11 Y159.379 E150.20173
G1 X110.083 Y159.504 E150.33937
G1 X109.407 Y159.471 E150.42941
G1 X108.645 Y159.303 E150.53322
G1 X108.062 Y159.077 E150.61641
G1 X68.58 Y136.283 E156.68165
G1 X68.016 Y135.825 E156.77831
G1 X67.697 Y135.51 E156.83795
G1 X67.179 Y134.838 E156.95083
G1 X66.858 Y134.222 E157.04324
G1 X66.622 Y133.468 E157.14836
G1 X66.529 Y132.865 E157.22953
G1 X66.529 Y87.268 E163.29578
G1 X66.622 Y86.653 E163.37853
G1 X66.77 Y86.065 E163.4592
G1 X67.091 Y85.315 E163.56773
G1 X67.45 Y84.753 E163.65645
G1 X67.986 Y84.167 E163.76211
G0 F6000 X68.669 Y84.901
G1 F1200 X69.028 Y84.613 E163.82334
G1 X108.38 Y61.893 E169.86868
G1 X109.135 Y61.599 E169.97647
G1 X109.954 Y61.499 E170.08624
G1 X110.459 Y61.524 E170.15351
G1 X111.071 Y61.659 E170.23689
G1 X111.502 Y61.826 E170.29838
G1 X150.852 Y84.544 E176.34336
G1 X151.281 Y84.886 E176.41635
G1 X151.55 Y85.152 E176.46668
G1 X151.977 Y85.705 E176.55963
G1 X152.214 Y86.161 E176.628
G1 X152.402 Y86.76 E176.71153
G1 X152.471 Y87.209 E176.77196
G1 X152.471 Y132.655 E182.81812
G1 X152.389 Y133.197 E182.89105
G1 X152.28 Y133.614 E182.94839
G1 X152.023 Y134.215 E183.03535
G1 X151.753 Y134.637 E183.102
G1 X151.331 Y135.099 E183.18525
G1 X150.972 Y135.387 E183.24648
G1 X111.62 Y158.107 E189.29182
G1 X110.865 Y158.401 E189.39961
G1 X110.046 Y158.501 E189.50938
G1 X109.541 Y158.476 E189.57665
G1 X108.929 Y158.341 E189.66003
G1 X108.498 Y158.174 E189.72152
G1 X69.148 Y135.456 E195.7665
G1 X68.719 Y135.114 E195.83949
G1 X68.45 Y134.848 E195.88982
G1 X68.023 Y134.295 E195.98277
G1 X67.786 Y133.839 E196.05114
G1 X67.598 Y133.24 E196.13467
G1 X67.529 Y132.791 E196.19511
G1 X67.529 Y87.345 E202.24127
G1 X67.611 Y86.803 E202.31419
G1 X67.72 Y86.386 E202.37154
G1 X67.977 Y85.785 E202.4585
G1 X68.247 Y85.363 E202.52515
G1 X68.669 Y84.901 E202.60839
G0 F6000 X69.356 Y85.632
G1 F1200 X69.595 Y85.44 E202.64918
G1 X108.813 Y62.798 E208.67389
G1 X109.38 Y62.577 E208.75485
G1 X109.991 Y62.502 E208.83675
G1 X110.329 Y62.519 E208.88178
G1 X110.782 Y62.619 E208.9435
G1 X111.066 Y62.729 E208.98401
G1 X150.289 Y85.373 E215.00944
G1 X150.657 Y85.667 E215.0721
G1 X150.831 Y85.847 E215.10541
G1 X151.129 Y86.242 E215.17124
G1 X151.285 Y86.543 E215.21634
G1 X151.425 Y86.987 E215.27828
G1 X151.471 Y87.288 E215.31879
G1 X151.471 Y132.578 E221.34419
G1 X151.4 Y133.047 E221.4073
G1 X151.331 Y133.289 E221.44078
G1 X151.137 Y133.744 E221.50658
G1 X150.956 Y134.026 E221.55116
G1 X150.644 Y134.368 E221.61275
G1 X150.405 Y134.56 E221.65354
G1 X111.187 Y157.202 E227.67825
G1 X110.62 Y157.423 E227.75921
G1 X110.009 Y157.498 E227.84111
G1 X109.671 Y157.481 E227.88614
G1 X109.218 Y157.381 E227.94785
G1 X108.934 Y157.271 E227.98837
G1 X69.711 Y134.627 E234.01379
G1 X69.343 Y134.333 E234.07646
G1 X69.169 Y134.153 E234.10977
G1 X68.871 Y133.758 E234.17559
G1 X68.715 Y133.457 E234.2207
G1 X68.575 Y133.013 E234.28264
G1 X68.529 Y132.712 E234.32315
G1 X68.529 Y87.422 E240.34855
G1 X68.6 Y86.953 E240.41166
G1 X68.669 Y86.711 E240.44514
G1 X68.863 Y86.256 E240.51094
G1 X69.044 Y85.974 E240.55552
G1 X69.356 Y85.632 E240.61711
G1 F1500 E234.11711
G0 F6000 X70.701 Y87.111
G1 F1500 E240.61711
G1 F1200 X109.75 Y64.567 E246.61584
G1 X109.939 Y64.504 E246.64234
G1 X110.171 Y64.522 E246.6733
G1 X149.221 Y87.066 E252.67213
G1 X149.37 Y87.198 E252.69862
G1 X149.471 Y87.408 E252.72962
G1 X149.471 Y132.501 E258.72882
G1 X149.431 Y132.696 E258.7553
G1 X149.299 Y132.889 E258.78641
G1 X110.25 Y155.433 E264.78513
G1 X110.061 Y155.496 E264.81163
G1 X109.829 Y155.478 E264.84259
G1 X70.779 Y132.934 E270.84143
G1 X70.63 Y132.802 E270.86791
G1 X70.529 Y132.592 E270.89891
G1 X70.529 Y87.499 E276.89811
G1 X70.569 Y87.304 E276.92459
G1 X70.701 Y87.111 E276.9557
G0 F6000 X70.095 Y86.306
G1 F1200 X109.25 Y63.701 E282.97069
G1 X109.623 Y63.555 E283.02398
G1 X110.113 Y63.495 E283.08966
G1 X110.566 Y63.595 E283.15138
G1 X149.721 Y86.2 E289.16637
G1 X150.033 Y86.449 E289.21948
G1 X150.331 Y86.844 E289.28531
G1 X150.471 Y87.288 E289.34724
G1 X150.471 Y132.501 E295.36241
G1 X150.411 Y132.897 E295.41569
G1 X150.217 Y133.352 E295.4815
G1 X149.905 Y133.694 E295.54309
G1 X110.75 Y156.299 E301.55808
G1 X110.377 Y156.445 E301.61137
G1 X109.887 Y156.505 E301.67705
G1 X109.434 Y156.405 E301.73876
G1 X70.279 Y133.8 E307.75376
G1 X69.967 Y133.551 E307.80686
G1 X69.669 Y133.156 E307.87269
G1 X69.529 Y132.712 E307.93463
G1 X69.529 Y87.499 E313.94979
G1 X69.589 Y87.103 E314.00308
G1 X69.783 Y86.648 E314.06888
G1 X70.095 Y86.306 E314.13047
G1 F1500 E307.63047
;MESH:top-fan-holder.stl
G0 F6000 X72.046 Y88.087
G0 X73.322 Y88.505
G0 X74.525 Y87.605
;TYPE:WALL-INNER
G1 F1500 E314.13047
G1 F707.5 X74.946 Y87.381 E314.23807
G1 F1500 E307.73807
G0 F6000 X76.252 Y87.074
G0 X75.861 Y87.009
G0 X107.338 Y68.792
G0 X107.524 Y72.57
G0 X109.573 Y74.373
G0 X110.274 Y73.996
G1 F1500 E314.23807
G1 F1200 X109.701 Y73.991 E314.31431
G1 X109.092 Y73.862 E314.39713
G1 X108.585 Y73.648 E314.47034
G1 X108.016 Y73.266 E314.56152
G1 X107.578 Y72.776 E314.64896
G1 X107.257 Y72.233 E314.73288
G1 X107.164 Y71.961 E314.77112
G1 X107.052 Y71.529 E314.8305
G1 X107.004 Y71.152 E314.88106
G1 X107.004 Y70.852 E314.92097
G1 X107.043 Y70.511 E314.96663
G1 X107.127 Y70.15 E315.01594
G1 X107.23 Y69.853 E315.05776
G1 X107.391 Y69.513 E315.10781
G1 F1225.7 X107.663 Y69.147 E315.16721
G1 F1293.1 X107.99 Y68.839 E315.22267
G1 F1366.7 X108.199 Y68.67 E315.25406
G1 F1405.2 X108.734 Y68.358 E315.32443
G1 F1377.7 X109.13 Y68.181 E315.37469
G1 F1302.9 X109.481 Y68.073 E315.41969
G1 F1218.3 X109.939 Y67.957 E315.4816
G1 F1178.8 X110.292 Y68.004 E315.52983
G1 F1256.5 X110.789 Y68.152 E315.59572
G1 F1357.5 X111.327 Y68.387 E315.66477
G1 F1380.9 X111.79 Y68.685 E315.72842
G1 F1345.3 X112.049 Y68.87 E315.76619
G1 F1276.6 X112.269 Y69.071 E315.80346
G1 F1224.5 X112.49 Y69.335 E315.84835
G1 F1200 X112.678 Y69.659 E315.89819
G1 X112.833 Y70.035 E315.95229
G1 X112.945 Y70.467 E316.01167
G1 X112.992 Y70.844 E316.06221
G1 X112.992 Y71.264 E316.11809
G1 X112.958 Y71.624 E316.1662
G1 X112.76 Y72.163 E316.24259
G1 X112.639 Y72.416 E316.2799
G1 X112.424 Y72.774 E316.33546
G1 X112.028 Y73.217 E316.41451
G1 X111.5 Y73.606 E316.50176
G1 X110.968 Y73.844 E316.5793
G1 X110.274 Y73.996 E316.67382
G1 F1500 E310.17382
G0 F6000 X109.573 Y74.373
G0 X113.419 Y71.629
G0 X112.818 Y68.925
G0 X144.755 Y87.246
G0 X140.59 Y89.156
G0 X140.775 Y90.215
G0 X142.641 Y93.707
G0 X142.888 Y93.368
G1 F1500 E316.67382
G1 F1200 X142.415 Y93.177 E316.74168
G1 X141.937 Y92.863 E316.81777
G1 X141.735 Y92.698 E316.85247
G1 X141.367 Y92.309 E316.92371
G1 X140.987 Y91.646 E317.02538
G1 X140.782 Y90.848 E317.13499
G1 X140.782 Y90.166 E317.22573
G1 X140.954 Y89.464 E317.32188
G1 X141.228 Y88.881 E317.40758
G1 X141.423 Y88.632 E317.44966
G1 X141.728 Y88.304 E317.50925
G1 X142.064 Y88.033 E317.56668
G1 X142.456 Y87.801 E317.62728
G1 X142.894 Y87.627 E317.68998
G1 X143.254 Y87.547 E317.73904
G1 X143.58 Y87.512 E317.78266
G1 F1218.3 X144.068 Y87.527 E317.84664
G1 F1287.6 X144.565 Y87.652 E317.91019
G1 F1360.5 X145.1 Y87.887 E317.97876
G1 F1384.1 X145.566 Y88.185 E318.04256
G1 F1357.5 X145.83 Y88.385 E318.08151
G1 F1295.9 X146.046 Y88.586 E318.11786
G1 F1244.8 X146.424 Y88.971 E318.18706
G1 F1252.6 X146.578 Y89.543 E318.26255
G1 F1321.6 X146.663 Y89.982 E318.31657
G1 F1387.3 X146.693 Y90.344 E318.35837
G1 F1406.8 X146.693 Y90.932 E318.4251
G1 F1359 X146.634 Y91.268 E318.46518
G1 F1279.3 X146.52 Y91.657 E318.51576
G1 F1220.8 X146.415 Y91.917 E318.55243
G1 F1200 X146.259 Y92.176 E318.59266
G1 X146.073 Y92.424 E318.6339
G1 X145.873 Y92.64 E318.67306
G1 X145.644 Y92.841 E318.7136
G1 X145.392 Y93.021 E318.7548
G1 X145.133 Y93.169 E318.79449
G1 X144.865 Y93.29 E318.83361
G1 X144.559 Y93.389 E318.8764
G1 X144.195 Y93.465 E318.92587
G1 X143.888 Y93.496 E318.96692
G1 X143.495 Y93.487 E319.01922
G1 X142.888 Y93.368 E319.10151
G1 F1500 E312.60151
G0 F6000 X142.641 Y93.707
G0 X141.546 Y93.203
G0 X130.025 Y103.743
G0 X110.511 Y130.492
G1 F1500 E319.10151
G1 F1200 X109.452 Y130.491 E319.2424
G1 X108.504 Y130.443 E319.36869
G1 X107.459 Y130.341 E319.50837
G1 X106.417 Y130.185 E319.64855
G1 X105.415 Y129.979 E319.78464
G1 X104.483 Y129.743 E319.91255
G1 X103.424 Y129.415 E320.06004
G1 X102.483 Y129.071 E320.19334
G1 X101.557 Y128.682 E320.32696
G1 X100.636 Y128.24 E320.46287
G1 X99.789 Y127.775 E320.59142
G1 X98.837 Y127.195 E320.73973
G1 X97.996 Y126.618 E320.87542
G1 X97.264 Y126.066 E320.99739
G1 X96.995 Y125.844 E321.04379
G1 X96.992 Y126.264 E321.09967
G1 X96.9 Y126.783 E321.16979
G1 X96.76 Y127.163 E321.22367
G1 X96.639 Y127.416 E321.26098
G1 X96.385 Y127.831 E321.32572
G1 X95.969 Y128.27 E321.40618
G1 X95.485 Y128.615 E321.48525
G1 X94.975 Y128.84 E321.55941
G1 X94.322 Y128.987 E321.64846
G1 X93.781 Y128.998 E321.72045
G1 X93.09 Y128.864 E321.8141
G1 X92.619 Y128.667 E321.88202
G1 X92.022 Y128.272 E321.97726
G1 X91.586 Y127.788 E322.06392
G1 X91.212 Y127.152 E322.16208
G1 X91.006 Y126.348 E322.2725
G1 X91.006 Y125.679 E322.3615
G1 X91.171 Y124.975 E322.4577
G1 X91.491 Y124.311 E322.55577
G1 X92.029 Y123.718 E322.66229
G1 X92.293 Y123.529 E322.70548
G1 X92.712 Y123.284 E322.77006
G1 X93.118 Y123.128 E322.82792
G1 X93.475 Y123.048 E322.8766
G1 X93.804 Y123.012 E322.92063
G1 X94.163 Y123.012 E322.96839
G1 X93.67 Y122.396 E323.07336
G1 X93.048 Y121.527 E323.21553
G1 X92.52 Y120.711 E323.34484
G1 X91.99 Y119.793 E323.48586
G1 X91.514 Y118.865 E323.62462
G1 X91.109 Y117.959 E323.75665
G1 X90.716 Y116.963 E323.8991
G1 X90.41 Y116.042 E324.02822
G1 X90.127 Y115.025 E324.16866
G1 X89.893 Y114.011 E324.30711
G1 X89.724 Y113.022 E324.44059
G1 X89.604 Y112.098 E324.56455
G1 X89.52 Y110.976 E324.71424
G1 X89.5 Y110.032 E324.83986
G1 X89.524 Y108.934 E324.98597
G1 X89.607 Y107.895 E325.12464
G1 X89.733 Y106.913 E325.25636
G1 X89.893 Y105.985 E325.38164
G1 X90.142 Y104.91 E325.52845
G1 X90.426 Y103.897 E325.66841
G1 X90.737 Y102.975 E325.79787
G1 X91.123 Y102.006 E325.93664
G1 X91.53 Y101.097 E326.06914
G1 X91.99 Y100.203 E326.2029
G1 X92.479 Y99.351 E326.33359
G1 X93.051 Y98.462 E326.47423
G1 X93.671 Y97.6 E326.6155
G1 X94.156 Y96.993 E326.71886
G1 X93.884 Y96.997 E326.75505
G1 X93.574 Y96.964 E326.79653
G1 X93.214 Y96.888 E326.84548
G1 X92.939 Y96.803 E326.88377
G1 X92.592 Y96.653 E326.93407
G1 X92.042 Y96.283 E327.02226
G1 X91.578 Y95.777 E327.11359
G1 X91.227 Y95.181 E327.20562
G1 X91.003 Y94.344 E327.32089
G1 X91.006 Y93.672 E327.41029
G1 X91.179 Y92.958 E327.50803
G1 X91.494 Y92.305 E327.60449
G1 X92.078 Y91.665 E327.71975
G1 X92.857 Y91.196 E327.84073
G1 X93.589 Y91.021 E327.94086
G1 X94.292 Y91.012 E328.03439
G1 X94.58 Y91.039 E328.07288
G1 X94.84 Y91.115 E328.10891
G1 X95.4 Y91.339 E328.18916
G1 X95.949 Y91.711 E328.27738
G1 X96.385 Y92.163 E328.36093
G1 X96.677 Y92.659 E328.43751
G1 X96.796 Y92.917 E328.47531
G1 X96.944 Y93.467 E328.55108
G1 X96.992 Y93.808 E328.5969
G1 X96.993 Y94.16 E328.64373
G1 X97.232 Y93.959 E328.68527
G1 X98.057 Y93.334 E328.82297
G1 X98.899 Y92.765 E328.95817
G1 X99.789 Y92.221 E329.09695
G1 X100.597 Y91.777 E329.2196
G1 X101.608 Y91.293 E329.36873
G1 X102.552 Y90.897 E329.50492
G1 X103.491 Y90.559 E329.63769
G1 X104.483 Y90.253 E329.7758
G1 X105.443 Y90.01 E329.90755
G1 X106.418 Y89.814 E330.03986
G1 X107.456 Y89.655 E330.17957
G1 X108.504 Y89.553 E330.31965
G1 X109.489 Y89.504 E330.45086
G1 X110.549 Y89.505 E330.59188
G1 X111.515 Y89.555 E330.72057
G1 X112.54 Y89.655 E330.85759
G1 X113.578 Y89.814 E330.99729
G1 X114.563 Y90.012 E331.13096
G1 X115.589 Y90.275 E331.27187
G1 X116.569 Y90.58 E331.40842
G1 X117.451 Y90.898 E331.53315
G1 X118.423 Y91.307 E331.67345
G1 X119.36 Y91.756 E331.81168
G1 X120.207 Y92.221 E331.94023
G1 X121.155 Y92.802 E332.08816
G1 X122.004 Y93.381 E332.22488
G1 X122.79 Y93.98 E332.35635
G1 X123 Y94.152 E332.39246
G1 X123.004 Y93.808 E332.43823
G1 X123.043 Y93.51 E332.47822
G1 X123.176 Y92.967 E332.55259
G1 X123.451 Y92.383 E332.63847
G1 X123.647 Y92.132 E332.68084
G1 X124.021 Y91.733 E332.7536
G1 X124.221 Y91.574 E332.78759
G1 X124.878 Y91.19 E332.88883
G1 X125.632 Y91.01 E332.99196
G1 X126.429 Y91.018 E333.098
G1 X126.807 Y91.102 E333.14952
G1 X127.367 Y91.322 E333.22956
G1 X127.968 Y91.721 E333.32554
G1 X128.414 Y92.207 E333.4133
G1 X128.72 Y92.737 E333.49472
G1 X128.833 Y93.035 E333.53712
G1 X128.971 Y93.587 E333.61282
G1 X128.993 Y93.844 E333.64713
G1 X128.99 Y94.345 E333.71379
G1 X128.943 Y94.646 E333.75432
G1 X128.704 Y95.309 E333.84808
G1 X128.369 Y95.848 E333.93251
G1 X128.005 Y96.231 E334.00281
G1 X127.526 Y96.594 E334.08276
G1 X127.082 Y96.793 E334.1475
G1 X126.783 Y96.889 E334.18927
G1 X126.419 Y96.964 E334.23872
G1 X126.112 Y96.996 E334.27978
G1 X125.841 Y96.993 E334.31584
G1 X126.325 Y97.6 E334.41912
G1 X126.945 Y98.462 E334.56039
G1 X127.477 Y99.286 E334.69088
G1 X127.989 Y100.171 E334.8269
G1 X128.461 Y101.087 E334.96399
G1 X128.891 Y102.037 E335.10273
G1 X129.278 Y103.029 E335.24439
G1 X129.592 Y103.968 E335.37612
G1 X129.875 Y104.977 E335.51553
G1 X130.102 Y105.978 E335.65209
G1 X130.277 Y106.979 E335.78728
G1 X130.393 Y107.895 E335.91012
G1 X130.476 Y109.02 E336.0602
G1 X130.496 Y110.032 E336.19486
G1 X130.476 Y110.976 E336.32048
G1 X130.393 Y112.091 E336.46923
G1 X130.277 Y113.015 E336.59312
G1 X130.102 Y114.018 E336.72858
G1 X129.857 Y115.089 E336.87475
G1 X129.574 Y116.093 E337.01352
G1 X129.266 Y117.002 E337.14121
G1 X128.891 Y117.959 E337.27796
G1 X128.463 Y118.906 E337.41622
G1 X127.989 Y119.825 E337.55379
G1 X127.517 Y120.645 E337.67966
G1 X126.908 Y121.587 E337.82889
G1 X126.325 Y122.396 E337.96156
G1 X125.834 Y123.012 E338.06636
G1 X126.292 Y123.012 E338.12729
G1 X126.564 Y123.036 E338.16362
G1 X126.84 Y123.115 E338.20182
G1 X127.398 Y123.339 E338.28181
G1 X127.95 Y123.71 E338.37029
G1 X128.41 Y124.196 E338.45932
G1 X128.697 Y124.693 E338.53568
G1 X128.802 Y124.931 E338.57028
G1 X128.989 Y125.664 E338.67093
G1 X128.989 Y126.364 E338.76405
G1 X128.929 Y126.698 E338.8092
G1 X128.705 Y127.307 E338.89553
G1 X128.414 Y127.788 E338.97032
G1 X128.03 Y128.214 E339.04662
G1 X127.543 Y128.579 E339.12759
G1 X126.987 Y128.837 E339.20914
G1 X126.317 Y128.988 E339.30051
G1 X125.73 Y128.999 E339.37862
G1 X125.072 Y128.851 E339.46835
G1 X124.589 Y128.653 E339.5378
G1 X124.048 Y128.287 E339.6247
G1 X123.616 Y127.832 E339.70817
G1 X123.325 Y127.349 E339.78319
G1 X123.198 Y127.074 E339.82349
G1 X123.051 Y126.529 E339.89858
G1 X123.004 Y126.197 E339.94319
G1 X123.005 Y125.838 E339.99096
G1 X122.767 Y126.039 E340.0324
G1 X121.943 Y126.659 E340.16959
G1 X121.093 Y127.238 E340.30642
G1 X120.207 Y127.775 E340.44425
G1 X119.399 Y128.219 E340.56691
G1 X118.427 Y128.689 E340.71055
G1 X117.445 Y129.1 E340.85218
G1 X116.505 Y129.437 E340.98503
G1 X115.514 Y129.742 E341.12298
G1 X114.556 Y129.986 E341.2545
G1 X113.578 Y130.186 E341.3873
G1 X112.537 Y130.341 E341.52733
G1 X111.493 Y130.443 E341.66688
G1 X110.511 Y130.492 E341.79769
G1 F1500 E335.29769
G0 F6000 X110.001 Y130.972
G0 X109.977 Y145.532
G0 X108.396 Y147.003
G0 X107.879 Y147.565
G0 X107.601 Y148.149
G0 X107.468 Y148.74
G0 X107.468 Y149.285
G0 X107.648 Y149.984
G0 X107.905 Y150.428
G0 X110.001 Y152.596
G0 X110.001 Y152.054
G1 F1500 E341.79769
G1 F1218.3 X109.577 Y151.949 E341.85493
G1 F1267.2 X109.11 Y151.811 E341.91628
G1 F1352.9 X108.603 Y151.567 E341.98268
G1 F1398.6 X108.206 Y151.312 E342.03654
G1 F1342.3 X107.936 Y151.117 E342.07616
G1 F1272.5 X107.721 Y150.915 E342.11317
G1 F1223.2 X107.517 Y150.673 E342.15447
G1 F1200 X107.325 Y150.349 E342.20458
G1 X107.163 Y149.961 E342.26052
G1 X107.051 Y149.529 E342.31989
G1 X107.004 Y149.152 E342.37044
G1 X107.004 Y148.852 E342.41035
G1 X107.043 Y148.511 E342.45601
G1 X107.127 Y148.151 E342.50519
G1 X107.23 Y147.853 E342.54714
G1 X107.458 Y147.368 E342.61844
G1 X107.647 Y147.132 E342.65866
G1 X108.125 Y146.628 E342.75108
G1 X108.913 Y146.174 E342.87207
G1 X109.621 Y146.016 E342.96858
G1 X110.398 Y146.015 E343.07195
G1 X110.681 Y146.056 E343.10999
G1 X111.228 Y146.267 E343.18799
G1 X111.486 Y146.398 E343.22649
G1 X111.974 Y146.727 E343.30479
G1 X112.423 Y147.219 E343.39341
G1 X112.743 Y147.772 E343.47841
G1 X112.832 Y148.035 E343.51535
G1 X112.944 Y148.467 E343.57472
G1 X112.992 Y148.844 E343.62528
G1 X112.992 Y149.264 E343.68116
G1 X112.9 Y149.783 E343.75128
G1 X112.761 Y150.163 E343.80511
G1 X112.639 Y150.416 E343.84248
G1 F1203.6 X112.48 Y150.675 E343.88279
G1 F1239.7 X112.276 Y150.904 E343.92229
G1 F1295.9 X111.996 Y151.173 E343.97012
G1 F1362.1 X111.586 Y151.455 E344.02845
G1 F1406.8 X111.324 Y151.606 E344.06277
G1 F1393.7 X111.056 Y151.733 E344.09674
G1 F1348.3 X110.774 Y151.846 E344.13271
G1 F1273.9 X110.416 Y151.951 E344.17946
G1 F1217 X110.001 Y152.054 E344.23555
G0 F6000 X110.001 Y152.596
G0 X110 Y153.216
G1 F1099.9 X110.272 Y153.058 E344.28121
G1 F1163.9 X110.757 Y152.846 E344.35381
G1 F1304.3 X111.448 Y152.507 E344.44802
G1 F1398.6 X111.884 Y152.267 E344.50483
G1 F1390.5 X112.421 Y151.94 E344.57702
G1 F1282.1 X113.209 Y151.417 E344.69479
G1 F1206 X128.687 Y142.477 E347.06091
G1 F1202.4 X144.166 Y133.537 E349.43428
G1 F1112.1 X144.484 Y133.26 E349.49482
G1 F925.9 X144.737 Y132.955 E349.56315
G1 F757.1 X145.015 Y132.624 E349.6543
G1 X144.603 Y132.602 E349.7413
G1 F925.9 X144.211 Y132.543 E349.80965
G1 F1112.1 X143.888 Y132.496 E349.85651
G1 F1200 X143.66 Y132.496 E349.88684
G1 X143.35 Y132.464 E349.9283
G1 X142.99 Y132.389 E349.97722
G1 X142.604 Y132.267 E350.03108
G1 X142.252 Y132.075 E350.08443
G1 X141.944 Y131.868 E350.1338
G1 X141.693 Y131.654 E350.17768
G1 X141.489 Y131.438 E350.21721
G1 X141.282 Y131.161 E350.26321
G1 X141.094 Y130.837 E350.31305
G1 X140.973 Y130.588 E350.34988
G1 X140.783 Y129.853 E350.45088
G1 X140.782 Y129.194 E350.53855
G1 X140.947 Y128.474 E350.63682
G1 X141.233 Y127.887 E350.72369
G1 X141.388 Y127.671 E350.75906
G1 X141.772 Y127.257 E350.83419
G1 X141.973 Y127.091 E350.86887
G1 X142.643 Y126.692 E350.97262
G1 X143.401 Y126.512 E351.07627
G1 X144.068 Y126.512 E351.165
G1 X144.326 Y126.533 E351.19944
G1 X144.616 Y126.615 E351.23954
G1 X145.004 Y126.767 E351.29498
G1 X145.296 Y126.921 E351.3389
G1 X145.604 Y127.128 E351.38827
G1 X145.865 Y127.353 E351.43411
G1 X146.066 Y127.568 E351.47327
G1 X146.255 Y127.823 E351.5155
G1 X146.447 Y128.146 E351.56549
G1 F1241 X146.577 Y128.543 E351.61923
G1 F1323 X146.663 Y128.982 E351.67321
G1 F1387.3 X146.693 Y129.344 E351.71501
G1 F1406.8 X146.693 Y129.934 E351.78197
G1 F1359 X146.633 Y130.267 E351.82172
G1 F1275.2 X146.412 Y131.041 E351.92249
G1 F1248.7 X146.054 Y131.406 E351.98785
G1 F1300.1 X145.814 Y131.627 E352.02791
G1 F1165 X145.691 Y131.907 E352.06982
G1 F952.4 X145.55 Y132.122 E352.11292
G1 F825.3 X145.409 Y132.338 E352.16282
G1 F738 X145.297 Y132.479 E352.20177
G1 X145.479 Y132.46 E352.24136
G1 F825.3 X145.738 Y132.422 E352.292
G1 F952.4 X145.998 Y132.384 E352.33604
G1 F1165 X146.361 Y132.327 E352.3864
G1 F1300.1 X146.639 Y132.139 E352.42761
G1 F1177.6 X147.15 Y131.761 E352.51377
G1 F1100.9 X147.423 Y131.604 E352.55944
G1 X147.423 Y131.29 E352.60498
G1 F1159.4 X147.478 Y130.829 E352.66891
G1 F1301.5 X147.536 Y130.086 E352.76032
G1 F1400.2 X147.543 Y129.344 E352.84493
G1 F1387.3 X147.528 Y128.872 E352.89927
G1 F1276.6 X147.468 Y127.867 E353.02518
G1 F1200 X147.468 Y92.208 E357.76927
G1 F1287.6 X147.536 Y91.086 E357.90865
G1 F1400.2 X147.543 Y90.344 E357.99325
G1 F1387.3 X147.528 Y89.872 E358.0476
G1 F1321.6 X147.5 Y89.426 E358.10158
G1 F1182.3 X147.422 Y88.708 E358.19911
G1 F1097.9 X147.422 Y88.393 E358.24491
G1 X147.148 Y88.235 E358.2909
G1 F1175.3 X146.631 Y87.853 E358.37822
G1 F1324.5 X146.023 Y87.454 E358.46588
G1 F1401.9 X145.592 Y87.196 E358.52308
G1 F1377.7 X144.941 Y86.846 E358.60873
G1 F1287.6 X144.333 Y86.539 E358.69318
G1 F1218.3 X143.903 Y86.307 E358.75721
G1 F1200 X113.227 Y68.596 E363.46973
G1 F1224.5 X112.84 Y68.349 E363.52959
G1 F1314.3 X112.248 Y67.953 E363.6161
G1 F1398.6 X111.817 Y67.693 E363.67356
G1 F1374.6 X111.166 Y67.345 E363.7593
G1 F1256.5 X110.546 Y67.057 E363.84615
G1 F1137.4 X110.273 Y66.945 E363.88757
G1 F1096.9 X110 Y66.787 E363.93348
G1 X109.727 Y66.944 E363.97932
G1 F1175.3 X109.14 Y67.199 E364.06625
G1 F1302.9 X108.81 Y67.358 E364.11113
G1 F1376.1 X108.301 Y67.627 E364.17792
G1 F1397 X107.637 Y68.018 E364.26598
G1 F1315.8 X107.068 Y68.401 E364.3492
G1 F1225.7 X106.539 Y68.73 E364.43034
G1 F1200 X75.901 Y86.419 E369.13702
G1 F1137.4 X75.521 Y86.703 E369.20361
G1 F964.6 X75.266 Y87.004 E369.2689
G1 F777.2 X74.946 Y87.381 E369.37048
G1 X75.414 Y87.394 E369.46665
G1 F964.6 X75.805 Y87.449 E369.532
G1 F1137.4 X76.167 Y87.472 E369.58291
G1 F1200 X76.587 Y87.484 E369.63881
G1 X77.089 Y87.586 E369.70696
G1 X77.469 Y87.734 E369.76121
G1 X77.805 Y87.917 E369.81211
G1 X78.169 Y88.181 E369.87194
G1 X78.482 Y88.487 E369.93017
G1 X78.863 Y88.988 E370.01391
G1 X79.146 Y89.644 E370.10896
G1 X79.21 Y89.947 E370.15016
G1 X79.243 Y90.651 E370.24392
G1 X79.218 Y90.903 E370.27761
G1 X79.046 Y91.56 E370.36797
G1 X78.894 Y91.902 E370.41776
G1 X78.342 Y92.629 E370.5392
G1 X77.751 Y93.056 E370.6362
G1 X77.485 Y93.196 E370.67619
G1 X77.034 Y93.369 E370.74046
G1 X76.342 Y93.49 E370.83392
G1 X75.98 Y93.461 E370.88223
G1 X75.576 Y93.389 E370.93683
G1 X75.306 Y93.314 E370.97411
G1 X75.022 Y93.207 E371.01449
G1 X74.742 Y93.065 E371.05625
G1 X74.494 Y92.905 E371.09552
G1 X74.257 Y92.715 E371.13593
G1 X74.045 Y92.507 E371.17544
G1 X73.821 Y92.228 E371.22305
G1 X73.585 Y91.848 E371.28256
G1 F1232 X73.444 Y91.465 E371.33544
G1 F1288.9 X73.341 Y91.004 E371.39395
G1 F1343.8 X73.308 Y90.302 E371.47744
G1 F1359 X73.36 Y89.868 E371.52879
G1 F1298.7 X73.424 Y89.531 E371.57096
G1 F1174.2 X73.597 Y88.961 E371.65195
G1 F1195.2 X74.061 Y88.47 E371.74219
G1 F1139.6 X74.165 Y88.179 E371.78548
G1 F912.5 X74.35 Y87.865 E371.84924
G1 F767.8 X74.525 Y87.605 E371.91441
G1 X74.208 Y87.655 E371.98114
G1 F912.5 X73.84 Y87.715 E372.04638
G1 F1139.6 X73.475 Y87.777 E372.09824
G1 F1195.2 X72.846 Y88.235 E372.20217
G1 F1102.9 X72.573 Y88.392 E372.24776
G1 X72.573 Y88.706 E372.29321
G1 F1174.2 X72.506 Y89.347 E372.38084
G1 F1298.7 X72.474 Y89.797 E372.43629
G1 F1373 X72.456 Y90.396 E372.50598
G1 F1384.1 X72.467 Y91.02 E372.57796
G1 F1278 X72.528 Y92.149 E372.71921
G1 F1200 X72.529 Y127.77 E377.45825
G1 F1215.8 X72.516 Y128.146 E377.50765
G1 F1297.3 X72.465 Y128.945 E377.60618
G1 F1390.5 X72.454 Y129.352 E377.65292
G1 F1397 X72.46 Y129.974 E377.72401
G1 F1328.9 X72.497 Y130.571 E377.79587
G1 F1181.1 X72.575 Y131.287 E377.89322
G1 F1097.9 X72.575 Y131.602 E377.93903
G1 X72.849 Y131.76 E377.98502
G1 F1175.3 X73.365 Y132.143 E378.07231
G1 F1324.5 X73.973 Y132.542 E378.15996
G1 F1401.9 X74.404 Y132.8 E378.21717
G1 F1387.3 X74.889 Y133.064 E378.28072
G1 F1276.6 X75.833 Y133.538 E378.41282
G1 F1200 X106.786 Y151.412 E383.1681
G1 F1223.2 X107.143 Y151.638 E383.22324
G1 F1312.9 X107.748 Y152.044 E383.31184
G1 F1398.6 X108.178 Y152.303 E383.36914
G1 F1388.9 X108.661 Y152.564 E383.43225
G1 F1298.7 X109.235 Y152.842 E383.51065
G1 F1165 X109.727 Y153.058 E383.58428
G1 F1099.9 X110 Y153.216 E383.63006
G1 F1500 E377.13006
G0 F6000 X110 Y152.591
G0 X107.187 Y151.078
G0 X75.632 Y132.898
G0 X77.75 Y132.534
G0 X77.317 Y132.289
G1 F1500 E383.63006
G1 F1200 X77.011 Y132.389 E383.67289
G1 X76.647 Y132.464 E383.72233
G1 X76.201 Y132.51 E383.78199
G1 F1222 X75.805 Y132.446 E383.83439
G1 F1294.5 X75.367 Y132.323 E383.8905
G1 F1368.3 X74.889 Y132.105 E383.9518
G1 F1388.9 X74.43 Y131.811 E384.01445
G1 F1357.5 X74.166 Y131.611 E384.05341
G1 F1295.9 X73.95 Y131.41 E384.08976
G1 F1244.8 X73.574 Y131.023 E384.15896
G1 F1251.3 X73.421 Y130.453 E384.23425
G1 F1334.8 X73.306 Y129.823 E384.31085
G1 F1403.5 X73.306 Y129.352 E384.36443
G1 F1390.5 X73.329 Y129.04 E384.40035
G1 F1337.8 X73.388 Y128.675 E384.44447
G1 F1267.2 X73.466 Y128.358 E384.4856
G1 F1215.8 X73.614 Y128.012 E384.53501
G1 F1200 X73.872 Y127.632 E384.59612
G1 X74.175 Y127.304 E384.65553
G1 X74.518 Y127.029 E384.71402
G1 X74.913 Y126.797 E384.77496
G1 X75.346 Y126.627 E384.83685
G1 X75.706 Y126.547 E384.88591
G1 X76.032 Y126.512 E384.92953
G1 X76.659 Y126.512 E385.01295
G1 X76.965 Y126.576 E385.05454
G1 X77.57 Y126.813 E385.14099
G1 X78.064 Y127.136 E385.21951
G1 X78.261 Y127.299 E385.25353
G1 X78.626 Y127.688 E385.32449
G1 X78.944 Y128.237 E385.4089
G1 X79.057 Y128.535 E385.4513
G1 X79.195 Y129.087 E385.527
G1 X79.217 Y129.344 E385.56132
G1 X79.214 Y129.852 E385.6289
G1 X79.175 Y130.144 E385.6681
G1 X78.984 Y130.663 E385.74167
G1 X78.863 Y130.916 E385.77898
G1 X78.707 Y131.176 E385.81932
G1 X78.521 Y131.424 E385.86056
G1 X78.321 Y131.64 E385.89973
G1 X78.102 Y131.834 E385.93865
G1 X77.854 Y132.014 E385.97942
G1 X77.585 Y132.17 E386.02079
G1 X77.317 Y132.289 E386.0598
G0 F6000 X77.75 Y132.534
G0 X76.86 Y131.399
;TYPE:WALL-OUTER
G1 F1200 X76.443 Y131.486 E386.11647
G1 X76.06 Y131.498 E386.16745
G1 X75.58 Y131.39 E386.23291
G1 X75.305 Y131.277 E386.27246
G1 X74.905 Y131.007 E386.33667
G1 X74.627 Y130.706 E386.39118
G1 X74.375 Y130.273 E386.45783
G1 X74.239 Y129.739 E386.53114
G1 X74.231 Y129.301 E386.58943
G1 X74.336 Y128.827 E386.65402
G1 X74.551 Y128.371 E386.72109
G1 X74.96 Y127.929 E386.8012
G1 X75.487 Y127.62 E386.88248
G1 X75.975 Y127.511 E386.949
G1 X76.618 Y127.517 E387.03455
G1 X77.128 Y127.716 E387.10739
G1 X77.543 Y127.996 E387.17399
G1 X77.82 Y128.292 E387.22792
G1 X78.073 Y128.725 E387.29464
G1 X78.216 Y129.281 E387.37102
G1 X78.216 Y129.838 E387.44512
G1 X78.032 Y130.358 E387.51851
G1 X77.823 Y130.705 E387.5724
G1 X77.553 Y130.997 E387.62531
G1 X77.222 Y131.237 E387.6797
G1 X76.86 Y131.399 E387.73247
G1 F1500 E381.23247
G0 F6000 X77.75 Y132.534
G0 X75.632 Y132.898
G0 X87.679 Y139.825
G0 X92.544 Y129.157
G0 X94.165 Y127.994
G1 F1500 E387.73247
G1 F1200 X93.832 Y127.994 E387.77677
G1 X93.374 Y127.898 E387.83903
G1 X93.066 Y127.766 E387.88361
G1 X92.682 Y127.504 E387.94545
G1 X92.413 Y127.216 E387.99788
G1 X92.159 Y126.789 E388.06398
G1 X92.003 Y126.221 E388.14235
G1 X92.01 Y125.768 E388.20262
G1 X92.109 Y125.347 E388.26016
G1 X92.329 Y124.868 E388.33029
G1 X92.745 Y124.423 E388.41133
G1 X93.262 Y124.121 E388.49099
G1 X93.748 Y124.012 E388.55725
G1 F1186.9 X94.444 Y124.013 E388.65087
G1 F1119.4 X94.975 Y124.186 E388.73051
G1 F1090.9 X95.29 Y124.424 E388.78829
G1 F1113.2 X95.621 Y124.762 E388.85614
G1 F1135.3 X95.828 Y125.152 E388.91823
G1 F1178.8 X95.993 Y125.779 E389.00604
G1 F1200 X95.992 Y126.356 E389.0828
G1 X95.806 Y126.861 E389.1544
G1 X95.607 Y127.19 E389.20556
G1 X95.334 Y127.49 E389.25952
G1 X95.017 Y127.722 E389.31178
G1 X94.628 Y127.897 E389.36853
G1 X94.165 Y127.994 E389.43147
G1 F1500 E382.93147
G0 F6000 X94.165 Y128.596
G0 X97.033 Y127.654
G0 X97.384 Y126.755
G0 X101.438 Y129.091
G0 X109.473 Y130.091
G0 X109.502 Y129.492
G1 F1500 E389.43147
G1 F1200 X108.531 Y129.442 E389.56082
G1 X107.57 Y129.347 E389.68929
G1 X106.592 Y129.201 E389.82085
G1 X105.661 Y129.009 E389.94732
G1 X104.703 Y128.766 E390.07881
G1 X103.765 Y128.475 E390.20947
G1 X102.87 Y128.149 E390.33619
G1 X101.971 Y127.771 E390.46594
G1 X101.052 Y127.329 E390.60161
G1 X100.252 Y126.888 E390.72314
G1 X99.401 Y126.369 E390.85575
G1 X98.598 Y125.82 E390.98516
G1 X97.866 Y125.268 E391.10713
G1 F1155 X96.415 Y124.041 E391.3698
G1 F1113.2 X95.978 Y123.601 E391.45874
G1 F1090.9 X95.67 Y123.316 E391.52015
G1 F1131 X95.053 Y122.524 E391.66187
G1 F1200 X94.437 Y121.752 E391.79327
G1 X93.896 Y120.997 E391.91684
G1 X93.346 Y120.146 E392.05164
G1 X92.863 Y119.305 E392.18067
G1 X92.427 Y118.457 E392.30752
G1 X92.027 Y117.561 E392.43807
G1 X91.665 Y116.647 E392.56886
G1 X91.366 Y115.747 E392.69503
G1 X91.101 Y114.798 E392.82611
G1 X90.879 Y113.841 E392.95681
G1 X90.716 Y112.893 E393.08479
G1 X90.593 Y111.942 E393.21236
G1 X90.52 Y110.955 E393.34403
G1 X90.5 Y110.011 E393.46965
G1 X90.521 Y109.012 E393.60259
G1 X90.599 Y108.021 E393.73484
G1 X90.715 Y107.105 E393.85768
G1 X90.885 Y106.126 E393.98987
G1 X91.106 Y105.178 E394.11938
G1 X91.374 Y104.216 E394.25224
G1 X91.675 Y103.323 E394.37761
G1 X92.035 Y102.415 E394.50756
G1 X92.443 Y101.507 E394.63999
G1 X92.874 Y100.67 E394.76524
G1 X93.359 Y99.828 E394.89452
G1 X93.891 Y99.004 E395.02501
G1 X94.453 Y98.224 E395.15291
G1 X95.068 Y97.453 E395.28412
G1 F1189.3 X95.307 Y97.169 E395.33395
G1 F1155 X95.744 Y96.618 E395.43116
G1 F1128.9 X96.16 Y96.218 E395.51277
G1 F1121.5 X96.372 Y95.998 E395.55627
G1 F1158.3 X97.865 Y94.733 E395.82598
G1 F1200 X98.597 Y94.177 E395.94827
G1 X99.422 Y93.617 E396.08093
G1 X100.271 Y93.097 E396.21338
G1 X101.104 Y92.64 E396.33979
G1 X101.997 Y92.215 E396.47136
G1 X102.893 Y91.837 E396.60074
G1 X103.787 Y91.514 E396.7272
G1 X104.729 Y91.223 E396.85837
G1 X105.685 Y90.981 E396.98957
G1 X106.604 Y90.797 E397.11426
G1 X107.581 Y90.647 E397.24576
G1 X108.554 Y90.552 E397.37583
G1 X109.528 Y90.504 E397.50556
G1 X110.498 Y90.504 E397.63461
G1 X111.465 Y90.554 E397.76344
G1 X112.428 Y90.649 E397.89218
G1 X113.415 Y90.801 E398.02504
G1 X114.34 Y90.987 E398.15056
G1 X115.293 Y91.23 E398.28141
G1 X116.23 Y91.521 E398.41194
G1 X117.131 Y91.847 E398.53941
G1 X118.025 Y92.225 E398.66855
G1 X118.917 Y92.653 E398.80017
G1 X119.746 Y93.109 E398.92605
G1 X120.574 Y93.617 E399.05528
G1 X121.399 Y94.177 E399.18794
G1 X122.149 Y94.748 E399.31335
G1 F1197.6 X122.922 Y95.392 E399.44747
G1 F1155 X123.626 Y95.998 E399.57587
G1 F1116.3 X123.994 Y96.373 E399.65101
G1 F1134.2 X124.296 Y96.709 E399.7146
G1 F1176.5 X124.682 Y97.175 E399.79672
G1 F1200 X124.944 Y97.471 E399.84931
G1 X125.558 Y98.244 E399.98064
G1 X126.105 Y99.004 E400.10522
G1 X126.65 Y99.85 E400.2391
G1 X127.133 Y100.691 E400.36813
G1 X127.564 Y101.529 E400.4935
G1 X127.974 Y102.437 E400.62604
G1 X128.33 Y103.348 E400.75617
G1 X128.63 Y104.24 E400.88137
G1 X128.9 Y105.2 E401.01405
G1 X129.117 Y106.152 E401.14395
G1 X129.285 Y107.105 E401.27269
G1 X129.401 Y108.021 E401.39553
G1 X129.476 Y109.041 E401.5316
G1 X129.496 Y110.011 E401.66068
G1 X129.475 Y110.982 E401.78989
G1 X129.401 Y111.967 E401.9213
G1 X129.281 Y112.915 E402.04843
G1 X129.112 Y113.868 E402.1772
G1 X128.894 Y114.819 E402.307
G1 X128.626 Y115.773 E402.43883
G1 X128.322 Y116.671 E402.56497
G1 X127.964 Y117.582 E402.69519
G1 X127.557 Y118.481 E402.82648
G1 X127.122 Y119.326 E402.95292
G1 X126.65 Y120.146 E403.07879
G1 X126.095 Y121.004 E403.21474
G1 X125.559 Y121.752 E403.33717
G1 X124.928 Y122.543 E403.47179
G1 F1192.8 X124.625 Y122.895 E403.53395
G1 F1158.3 X124.303 Y123.294 E403.60462
G1 F1118.4 X124.115 Y123.507 E403.64517
G1 F1114.2 X123.907 Y123.705 E403.68632
G1 F1116.3 X123.519 Y124.102 E403.76571
G1 F1152.7 X122.13 Y125.268 E404.01688
G1 F1200 X121.379 Y125.833 E404.14191
G1 X120.573 Y126.384 E404.2718
G1 X119.725 Y126.899 E404.40379
G1 X118.893 Y127.355 E404.53002
G1 X118.017 Y127.777 E404.65938
G1 X117.106 Y128.159 E404.7908
G1 X116.209 Y128.482 E404.91764
G1 X115.268 Y128.773 E405.04868
G1 X114.33 Y129.012 E405.17746
G1 X113.39 Y129.203 E405.30508
G1 X112.401 Y129.35 E405.4381
G1 X111.442 Y129.444 E405.5663
G1 X110.472 Y129.492 E405.6955
G1 X109.502 Y129.492 E405.82455
G1 F1500 E399.32455
G0 F6000 X109.473 Y130.091
G0 X117.601 Y129.533
G0 X122.614 Y126.752
G0 X125.486 Y129.355
G0 X125.831 Y127.994
G1 F1500 E405.82455
G1 F1200 X125.376 Y127.901 E405.88634
G1 X125.097 Y127.782 E405.92669
G1 X124.67 Y127.493 E405.99529
G1 X124.397 Y127.194 E406.04915
G1 X124.153 Y126.785 E406.11251
G1 X124.004 Y126.221 E406.19012
G1 X124.004 Y125.795 E406.2468
G1 F1182.3 X124.123 Y125.273 E406.3191
G1 F1136.4 X124.317 Y124.825 E406.38768
G1 F1108 X124.744 Y124.372 E406.47738
G1 F1139.6 X125.222 Y124.121 E406.55301
G1 F1186.9 X125.754 Y124.014 E406.626
G1 F1200 X126.39 Y124.012 E406.71062
G1 X126.922 Y124.226 E406.78691
G1 X127.326 Y124.502 E406.852
G1 X127.593 Y124.788 E406.90405
G1 X127.846 Y125.228 E406.97158
G1 X127.986 Y125.761 E407.04489
G1 X127.988 Y126.361 E407.12472
G1 X127.806 Y126.861 E407.19551
G1 X127.591 Y127.212 E407.25027
G1 X127.318 Y127.504 E407.30345
G1 X126.998 Y127.734 E407.35588
G1 X126.629 Y127.897 E407.40955
G1 X126.163 Y127.994 E407.47287
G1 X125.831 Y127.994 E407.51704
G1 F1500 E401.01704
G0 F6000 X125.486 Y129.355
G0 X129.15 Y127.487
G0 X140.285 Y129.798
G0 X142.456 Y132.64
G0 X143.196 Y131.41
G1 F1500 E407.51704
G1 F1200 X142.857 Y131.277 E407.56549
G1 X142.457 Y131.008 E407.62962
G1 X142.175 Y130.708 E407.6844
G1 X141.927 Y130.27 E407.75136
G1 X141.781 Y129.723 E407.82668
G1 X141.78 Y129.322 E407.88003
G1 X141.885 Y128.845 E407.94501
G1 X142.117 Y128.36 E408.01654
G1 X142.521 Y127.924 E408.09562
G1 X143.029 Y127.624 E408.17411
G1 X143.522 Y127.511 E408.2414
G1 X144.183 Y127.519 E408.32935
G1 X144.69 Y127.718 E408.40181
G1 X145.09 Y127.988 E408.46601
G1 X145.367 Y128.285 E408.52004
G1 X145.621 Y128.713 E408.58626
G1 X145.769 Y129.279 E408.66409
G1 X145.761 Y129.875 E408.74339
G1 X145.582 Y130.36 E408.81217
G1 X145.374 Y130.707 E408.86599
G1 X145.094 Y131.004 E408.9203
G1 X144.771 Y131.233 E408.97297
G1 X144.41 Y131.398 E409.02578
G1 X143.991 Y131.486 E409.08274
G1 X143.61 Y131.497 E409.13345
G1 X143.196 Y131.41 E409.18973
G1 F1500 E402.68973
G0 F6000 X142.456 Y132.64
G0 X144.185 Y132.958
G0 X112.227 Y151.59
G0 X111.892 Y151.758
G0 X109.858 Y152.552
G0 X109.832 Y150.998
G1 F1500 E409.18973
G1 F1200 X109.352 Y150.89 E409.25519
G1 X109.066 Y150.766 E409.29666
G1 X108.682 Y150.508 E409.35821
G1 X108.403 Y150.207 E409.41281
G1 X108.148 Y149.777 E409.47932
G1 X108.004 Y149.22 E409.55586
G1 X108.004 Y148.794 E409.61253
G1 X108.113 Y148.325 E409.67659
G1 X108.32 Y147.885 E409.74128
G1 X108.742 Y147.425 E409.82433
G1 X109.268 Y147.12 E409.90523
G1 X109.776 Y147.012 E409.97432
G1 X110.397 Y147.015 E410.05694
G1 X110.899 Y147.214 E410.12878
G1 X111.309 Y147.488 E410.19439
G1 X111.591 Y147.785 E410.24888
G1 X111.841 Y148.218 E410.3154
G1 X111.992 Y148.777 E410.39243
G1 X111.992 Y149.356 E410.46946
G1 X111.806 Y149.86 E410.54093
G1 X111.598 Y150.207 E410.59476
G1 X111.318 Y150.504 E410.64906
G1 X110.998 Y150.733 E410.70141
G1 X110.632 Y150.899 E410.75488
G1 X110.215 Y150.986 E410.81155
G1 X109.832 Y150.998 E410.86253
G1 F1500 E404.36253
G0 F6000 X109.858 Y152.552
G0 X110 Y154.422
G1 F1500 E410.86253
G1 F1200 X148.468 Y132.207 E416.77243
G1 X148.468 Y87.789 E422.68182
G1 X110 Y65.578 E428.59145
G1 X71.529 Y87.789 E434.50143
G1 X71.529 Y132.207 E440.41082
G1 X110 Y154.422 E446.32106
G1 F1500 E439.82106
G0 F6000 X110 Y152.591
G0 X109.202 Y152.162
G0 X73.842 Y132.947
G0 X89.02 Y110.043
G0 X94.687 Y95.898
G1 F1500 E446.32106
G1 F1174.2 X94.191 Y95.99 E446.38965
G1 F1200 X93.837 Y95.998 E446.43676
G1 X93.373 Y95.9 E446.49985
G1 X93.074 Y95.771 E446.54318
G1 X92.67 Y95.494 E446.60835
G1 X92.407 Y95.208 E446.66004
G1 X92.152 Y94.783 E446.72598
G1 X92.007 Y94.213 E446.80423
G1 X92.004 Y93.823 E446.85611
G1 X92.114 Y93.331 E446.92319
G1 X92.33 Y92.868 E446.99116
G1 X92.73 Y92.44 E447.06909
G1 X93.263 Y92.123 E447.1516
G1 X93.749 Y92.014 E447.21786
G1 X94.394 Y92.014 E447.30367
G1 X94.897 Y92.213 E447.37564
G1 X95.326 Y92.503 E447.44453
G1 X95.605 Y92.805 E447.49923
G1 X95.848 Y93.222 E447.56344
G1 X95.992 Y93.78 E447.64011
G1 F1189.3 X95.992 Y94.348 E447.71636
G1 F1168.5 X95.796 Y94.911 E447.79781
G1 F1138.5 X95.602 Y95.254 E447.85307
G1 F1118.4 X95.312 Y95.555 E447.91273
G1 F1104 X95.07 Y95.747 E447.95741
G1 F1119.4 X94.687 Y95.898 E448.01612
G1 F1500 E441.51612
G0 F6000 X94.925 Y96.427
G0 X94.221 Y96.535
G0 X93.785 Y96.535
G0 X93.22 Y96.422
G0 X92.818 Y96.253
G0 X92.542 Y96.065
G0 X90.521 Y94.305
G0 X79.456 Y91.89
G0 X76.797 Y92.392
G1 F1500 E448.01612
G1 F1200 X76.244 Y92.493 E448.09091
G1 X75.706 Y92.397 E448.16362
G1 X75.326 Y92.252 E448.21773
G1 X74.996 Y92.039 E448.26998
G1 X74.703 Y91.752 E448.32455
G1 X74.397 Y91.259 E448.40174
G1 X74.263 Y90.783 E448.46753
G1 X74.24 Y90.396 E448.51911
G1 X74.302 Y89.964 E448.57717
G1 X74.53 Y89.424 E448.65516
G1 X74.834 Y89.041 E448.72021
G1 X75.179 Y88.775 E448.77817
G1 X75.595 Y88.571 E448.83981
G1 X76.077 Y88.47 E448.90533
G1 X76.645 Y88.486 E448.98093
G1 X77.166 Y88.689 E449.05532
G1 X77.642 Y89.035 E449.1336
G1 X77.99 Y89.498 E449.21066
G1 X78.215 Y90.019 E449.28616
G1 X78.241 Y90.683 E449.37457
G1 X78.074 Y91.323 E449.46257
G1 X77.643 Y91.903 E449.5587
G1 X77.147 Y92.252 E449.63939
G1 X76.797 Y92.392 E449.68954
G1 F1500 E443.18954
G0 F6000 X77.316 Y93.697
G0 X79.667 Y89.891
G0 X75.861 Y87.009
G0 X107.338 Y68.792
G0 X107.524 Y72.57
G0 X109.564 Y74.372
G0 X109.839 Y72.995
G1 F1500 E449.68954
G1 F1200 X109.351 Y72.89 E449.75595
G1 X109.087 Y72.777 E449.79416
G1 X108.686 Y72.507 E449.85847
G1 X108.409 Y72.21 E449.9125
G1 X108.156 Y71.781 E449.97876
G1 X108.004 Y71.219 E450.05622
G1 X108.004 Y70.794 E450.11276
G1 X108.113 Y70.325 E450.17682
G1 X108.328 Y69.868 E450.24401
G1 X108.73 Y69.44 E450.32213
G1 X109.259 Y69.122 E450.40425
G1 X109.747 Y69.012 E450.4708
G1 X110.39 Y69.012 E450.55634
G1 X110.93 Y69.23 E450.63382
G1 X111.314 Y69.488 E450.69537
G1 X111.595 Y69.785 E450.74976
G1 X111.848 Y70.222 E450.81694
G1 X111.992 Y70.776 E450.89309
G1 X111.992 Y71.334 E450.96733
G1 X111.807 Y71.859 E451.04139
G1 X111.595 Y72.207 E451.0956
G1 X111.326 Y72.497 E451.14822
G1 X111.02 Y72.721 E451.19868
G1 X110.649 Y72.89 E451.25291
G1 X110.165 Y72.996 E451.31883
G1 X109.839 Y72.995 E451.3622
G1 F1500 E444.8622
G0 F6000 X109.564 Y74.372
G0 X111.733 Y74.05
G0 X121.426 Y92.405
G0 X126.8 Y97.302
G0 X125.805 Y95.991
G1 F1500 E451.3622
G1 F1194 X125.327 Y95.886 E451.42764
G1 F1173 X125.067 Y95.786 E451.46555
G1 F1136.4 X124.693 Y95.561 E451.52687
G1 F1116.3 X124.399 Y95.257 E451.58736
G1 F1149.4 X124.155 Y94.814 E451.6576
G1 F1191.7 X124.004 Y94.214 E451.74049
G1 F1200 X124.004 Y93.791 E451.79677
G1 X124.122 Y93.309 E451.86279
G1 X124.329 Y92.878 E451.9264
G1 X124.735 Y92.431 E452.00673
G1 X125.258 Y92.124 E452.08742
G1 X125.747 Y92.015 E452.15407
G1 X126.387 Y92.014 E452.23922
G1 X126.931 Y92.23 E452.31709
G1 X127.312 Y92.49 E452.37845
G1 X127.586 Y92.779 E452.43144
G1 X127.849 Y93.225 E452.50032
G1 X127.992 Y93.781 E452.5767
G1 X127.992 Y94.348 E452.65213
G1 X127.811 Y94.844 E452.72238
G1 X127.582 Y95.223 E452.78129
G1 X127.333 Y95.491 E452.82996
G1 X126.977 Y95.745 E452.88814
G1 X126.63 Y95.899 E452.93865
G1 X126.163 Y95.997 E453.00213
G1 X125.805 Y95.991 E453.04976
G1 F1500 E446.54976
G0 F6000 X126.8 Y97.302
G0 X129.139 Y95.511
G0 X140.612 Y91.997
G0 X143.147 Y92.397
G1 F1500 E453.04976
G1 F1200 X142.852 Y92.272 E453.09239
G1 X142.443 Y91.991 E453.15841
G1 X142.176 Y91.709 E453.21007
G1 X141.935 Y91.289 E453.2745
G1 X141.779 Y90.721 E453.35286
G1 X141.786 Y90.268 E453.41314
G1 X141.89 Y89.83 E453.47303
G1 X142.106 Y89.376 E453.53992
G1 X142.509 Y88.931 E453.61979
G1 X143.034 Y88.62 E453.70097
G1 X143.521 Y88.512 E453.76733
G1 X144.164 Y88.512 E453.85288
G1 X144.69 Y88.718 E453.92803
G1 X145.091 Y88.989 E453.99242
G1 X145.369 Y89.289 E454.04684
G1 X145.621 Y89.713 E454.11246
G1 X145.769 Y90.279 E454.19029
G1 X145.761 Y90.875 E454.26959
G1 X145.582 Y91.36 E454.33837
G1 X145.375 Y91.705 E454.3919
G1 X145.104 Y91.998 E454.44499
G1 X144.768 Y92.238 E454.49993
G1 X144.408 Y92.399 E454.55239
G1 X143.94 Y92.497 E454.61601
G1 X143.605 Y92.493 E454.66058
G1 X143.147 Y92.397 E454.72284
G1 F1500 E448.22284
G0 F6000 X142.913 Y92.953
G0 X145.911 Y93.216
G0 X147.101 Y91.046
G0 X147.098 Y91.431
G0 X147.097 Y128.911
G0 X143.428 Y126.051
G0 X140.322 Y129.103
G0 X142.897 Y132.84
G0 X144.185 Y132.958
G0 X112.227 Y151.59
G0 X111.637 Y151.887
G0 X113.188 Y147.652
G0 X109.52 Y145.568
G0 X107.879 Y147.565
G0 X106.744 Y149.943
G0 X106.262 Y150.068
;TYPE:SKIN
G1 F1500 E454.72284
G1 F1200 X77.179 Y133.273 E459.19089
G1 X77.644 Y133.125 E459.25581
G1 X77.99 Y132.97 E459.30625
G1 X78.337 Y132.77 E459.35953
G1 X78.625 Y132.566 E459.40649
G1 X78.993 Y132.239 E459.47198
G1 X79.173 Y132.043 E459.50738
G1 X79.451 Y131.678 E459.56842
G1 X79.63 Y131.385 E459.6141
G1 X79.812 Y131.008 E459.6698
G1 X79.969 Y130.591 E459.72908
G1 X80.066 Y130.255 E459.77561
G1 X80.112 Y129.906 E459.82244
G1 X80.116 Y129.314 E459.9012
G1 X80.065 Y128.856 E459.96251
G1 X79.876 Y128.119 E460.06373
G1 X79.757 Y127.85 E460.10287
G1 X79.348 Y127.139 E460.21199
G1 X78.904 Y126.668 E460.29811
G1 X78.6 Y126.415 E460.35073
G1 X78.082 Y126.065 E460.4339
G1 X77.793 Y125.935 E460.47606
G1 X77.269 Y125.727 E460.55106
G1 X76.893 Y125.642 E460.60235
G1 X76.544 Y125.613 E460.64894
G1 X75.979 Y125.614 E460.72411
G1 X75.563 Y125.658 E460.77976
G1 X75.161 Y125.743 E460.83443
G1 X74.519 Y125.991 E460.92599
G1 X74.006 Y126.29 E461.00498
G1 X73.428 Y126.754 E461.10359
G1 X73.427 Y93.163 E465.57256
G1 X73.658 Y93.386 E465.61528
G1 X73.966 Y93.634 E465.66788
G1 X74.245 Y93.817 E465.71227
G1 X74.654 Y94.027 E465.77344
G1 X75.023 Y94.167 E465.82595
G1 X75.387 Y94.267 E465.87617
G1 X75.811 Y94.345 E465.93352
G1 X76.269 Y94.387 E465.99471
G1 X76.869 Y94.324 E466.07498
G1 X77.415 Y94.198 E466.14953
G1 X78.082 Y93.915 E466.24592
G1 X78.683 Y93.496 E466.34339
G1 X79.06 Y93.18 E466.40884
G1 X79.663 Y92.368 E466.5434
G1 X79.823 Y92.049 E466.59087
G1 X79.927 Y91.749 E466.63312
G1 X80.109 Y91.035 E466.73115
G1 X80.145 Y90.654 E466.78206
G1 X80.1 Y89.835 E466.89118
G1 X79.999 Y89.36 E466.95579
G1 X79.682 Y88.618 E467.06314
G1 X79.489 Y88.326 E467.10971
G1 X79.204 Y87.947 E467.17279
G1 X78.694 Y87.449 E467.26763
G1 X78.342 Y87.189 E467.32585
G1 X77.841 Y86.915 E467.40182
G1 X77.42 Y86.749 E467.46202
G1 X77.212 Y86.699 E467.49048
G1 X106.252 Y69.934 E471.95158
G1 X106.165 Y70.296 E472.00112
G1 X106.106 Y70.797 E472.06823
G1 X106.104 Y71.148 E472.11493
G1 X106.167 Y71.687 E472.18712
G1 X106.291 Y72.188 E472.25579
G1 X106.395 Y72.493 E472.29866
G1 X106.549 Y72.808 E472.34531
G1 X106.842 Y73.301 E472.42161
G1 X107.243 Y73.75 E472.5017
G1 X107.512 Y74.008 E472.55128
G1 X108.061 Y74.376 E472.63921
G1 X108.298 Y74.505 E472.67511
G1 X108.693 Y74.671 E472.73212
G1 X108.982 Y74.759 E472.77231
G1 X109.615 Y74.883 E472.85812
G1 X110.203 Y74.892 E472.93636
G1 X110.534 Y74.858 E472.98063
G1 X110.961 Y74.77 E473.03863
G1 X111.295 Y74.675 E473.08483
G1 X111.906 Y74.407 E473.17359
G1 X112.486 Y74.005 E473.26748
G1 X112.738 Y73.766 E473.31368
G1 X113.156 Y73.303 E473.39667
G1 X113.407 Y72.879 E473.46222
G1 X113.586 Y72.516 E473.51607
G1 X113.759 Y72.047 E473.58258
G1 X113.854 Y71.67 E473.6343
G1 X113.893 Y71.256 E473.68962
G1 X113.893 Y70.844 E473.74444
G1 X113.829 Y70.305 E473.81665
G1 X113.735 Y69.929 E473.86821
G1 X142.79 Y86.702 E478.33157
G1 X142.055 Y86.995 E478.43684
G1 X141.549 Y87.294 E478.51503
G1 X141.113 Y87.646 E478.58958
G1 X140.734 Y88.048 E478.66309
G1 X140.538 Y88.304 E478.70598
G1 X140.343 Y88.638 E478.75743
G1 X140.08 Y89.194 E478.83926
G1 X139.884 Y90.051 E478.95622
G1 X139.876 Y90.808 E479.05694
G1 X139.927 Y91.145 E479.10228
G1 X140.12 Y91.881 E479.20351
G1 X140.256 Y92.18 E479.24721
G1 X140.643 Y92.851 E479.35027
G1 X141.031 Y93.266 E479.42585
G1 X141.287 Y93.509 E479.47281
G1 X141.914 Y93.927 E479.57306
G1 X142.549 Y94.211 E479.66561
G1 X143.335 Y94.379 E479.77254
G1 X143.939 Y94.394 E479.85292
G1 X144.335 Y94.354 E479.90587
G1 X144.739 Y94.269 E479.9608
G1 X145.187 Y94.129 E480.02324
G1 X145.489 Y93.995 E480.0672
G1 X145.88 Y93.775 E480.12689
G1 X146.2 Y93.544 E480.17939
G1 X146.568 Y93.22 E480.24462
G1 X146.568 Y126.77 E484.70814
G1 X146.154 Y126.415 E484.78069
G1 X145.8 Y126.173 E484.83774
G1 X145.374 Y125.945 E484.90202
G1 X144.949 Y125.777 E484.96282
G1 X144.485 Y125.645 E485.027
G1 X144.102 Y125.613 E485.07813
G1 X143.291 Y125.612 E485.18603
G1 X142.509 Y125.797 E485.29294
G1 X142.118 Y125.955 E485.34904
G1 X141.462 Y126.346 E485.45065
G1 X141.106 Y126.646 E485.51258
G1 X140.657 Y127.137 E485.6011
G1 X140.458 Y127.427 E485.64789
G1 X140.092 Y128.185 E485.75988
G1 X139.88 Y129.046 E485.87785
G1 X139.885 Y129.822 E485.98109
G1 X139.932 Y130.147 E486.02478
G1 X140.124 Y130.903 E486.12855
G1 X140.302 Y131.268 E486.18257
G1 X140.491 Y131.596 E486.23294
G1 X140.798 Y132.014 E486.30194
G1 X141.073 Y132.307 E486.3554
G1 X141.402 Y132.583 E486.41253
G1 X141.74 Y132.815 E486.46707
G1 X142.259 Y133.101 E486.54591
G1 X142.825 Y133.271 E486.62453
G1 X113.75 Y150.066 E491.09166
G1 X113.892 Y149.3 E491.19531
G1 X113.888 Y148.776 E491.26502
G1 X113.814 Y148.249 E491.33582
G1 X113.701 Y147.805 E491.39677
G1 X113.558 Y147.385 E491.4558
G1 X113.269 Y146.885 E491.53263
G1 X113.061 Y146.566 E491.5833
G1 X112.731 Y146.219 E491.64701
G1 X112.439 Y145.952 E491.69965
G1 X111.979 Y145.644 E491.7733
G1 X111.592 Y145.442 E491.83137
G1 X110.917 Y145.178 E491.9278
G1 X110.435 Y145.115 E491.99247
G1 X109.712 Y145.112 E492.08866
G1 X109.357 Y145.149 E492.13615
G1 X108.727 Y145.294 E492.22215
G1 X108.426 Y145.417 E492.26541
G1 X107.758 Y145.802 E492.36799
G1 X107.4 Y146.07 E492.42748
G1 X106.967 Y146.541 E492.5126
G1 X106.798 Y146.749 E492.54826
G1 X106.586 Y147.106 E492.6035
G1 X106.418 Y147.466 E492.65635
G1 X106.265 Y147.887 E492.71594
G1 X106.154 Y148.357 E492.78019
G1 X106.106 Y148.797 E492.83908
G1 X106.104 Y149.152 E492.88631
G1 X106.167 Y149.687 E492.95798
G1 X106.262 Y150.068 E493.01022
G1 F1500 E486.51022
G0 F6000 X106.744 Y149.943
G0 X108.597 Y145.781
G0 X109.371 Y130.968
G0 X109.456 Y131.392
G1 F1500 E493.01022
G1 F1200 X110.543 Y131.392 E493.15483
G1 X111.583 Y131.336 E493.29339
G1 X112.589 Y131.238 E493.42787
G1 X113.736 Y131.073 E493.58203
G1 X114.745 Y130.866 E493.71907
G1 X115.755 Y130.611 E493.85766
G1 X116.782 Y130.295 E494.00061
G1 X117.75 Y129.947 E494.13746
G1 X118.733 Y129.538 E494.27911
G1 X119.721 Y129.063 E494.42496
G1 X120.657 Y128.552 E494.56683
G1 X121.576 Y127.991 E494.71008
G1 X122.38 Y127.447 E494.83922
G1 X122.551 Y127.806 E494.89213
G1 X122.815 Y128.246 E494.96039
G1 X123.029 Y128.521 E495.00675
G1 X123.349 Y128.861 E495.06887
G1 X123.639 Y129.099 E495.11878
G1 X124.164 Y129.449 E495.20273
G1 X124.802 Y129.712 E495.29453
G1 X125.383 Y129.841 E495.37371
G1 X125.819 Y129.893 E495.43213
G1 X126.422 Y129.883 E495.51236
G1 X127.102 Y129.737 E495.60489
G1 X127.41 Y129.631 E495.64823
G1 X127.891 Y129.413 E495.71849
G1 X128.146 Y129.247 E495.75897
G1 X128.61 Y128.908 E495.83542
G1 X129.148 Y128.311 E495.94234
G1 X129.53 Y127.668 E496.04184
G1 X129.798 Y126.941 E496.14492
G1 X129.888 Y126.416 E496.21579
G1 X129.89 Y125.75 E496.30439
G1 X129.849 Y125.371 E496.35511
G1 X129.641 Y124.586 E496.46315
G1 X129.47 Y124.225 E496.51629
G1 X129.267 Y123.881 E496.56943
G1 X129.068 Y123.591 E496.61623
G1 X128.736 Y123.224 E496.68207
G1 X128.437 Y122.953 E496.73575
G1 X127.84 Y122.549 E496.83166
G1 X127.439 Y122.387 E496.88919
G1 X127.638 Y122.113 E496.93425
G1 X128.229 Y121.2 E497.07894
G1 X128.793 Y120.227 E497.22856
G1 X129.265 Y119.309 E497.36589
G1 X129.7 Y118.356 E497.50526
G1 X130.11 Y117.307 E497.6551
G1 X130.43 Y116.356 E497.7886
G1 X130.722 Y115.329 E497.93064
G1 X130.988 Y114.172 E498.08859
G1 X131.149 Y113.246 E498.21363
G1 X131.287 Y112.171 E498.35782
G1 X131.367 Y111.135 E498.49606
G1 X131.396 Y110.05 E498.64046
G1 X131.375 Y108.974 E498.78364
G1 X131.295 Y107.902 E498.92666
G1 X131.173 Y106.887 E499.06267
G1 X130.981 Y105.796 E499.21005
G1 X130.748 Y104.769 E499.35015
G1 X130.43 Y103.636 E499.50671
G1 X130.102 Y102.66 E499.64369
G1 X129.742 Y101.741 E499.775
G1 X129.276 Y100.706 E499.92601
G1 X128.801 Y99.779 E500.06459
G1 X128.294 Y98.895 E500.20017
G1 X127.701 Y97.972 E500.34612
G1 X127.442 Y97.616 E500.40469
G1 X127.846 Y97.433 E500.4637
G1 X128.174 Y97.231 E500.51495
G1 X128.587 Y96.921 E500.58365
G1 X128.95 Y96.542 E500.65347
G1 X129.186 Y96.249 E500.70352
G1 X129.525 Y95.672 E500.79256
G1 X129.796 Y94.95 E500.89515
G1 X129.887 Y94.504 E500.95571
G1 X129.892 Y93.814 E501.04751
G1 X129.838 Y93.339 E501.11112
G1 X129.661 Y92.644 E501.20653
G1 X129.524 Y92.328 E501.25235
G1 X129.146 Y91.675 E501.35273
G1 X128.723 Y91.211 E501.43627
G1 X128.481 Y90.978 E501.48096
G1 X127.882 Y90.582 E501.57649
G1 X127.552 Y90.426 E501.62505
G1 X126.985 Y90.208 E501.70587
G1 X126.603 Y90.123 E501.75793
G1 X125.781 Y90.112 E501.8673
G1 X125.436 Y90.13 E501.91326
G1 X124.714 Y90.304 E502.01207
G1 X124.372 Y90.442 E502.06113
G1 X123.728 Y90.82 E502.16048
G1 X123.399 Y91.077 E502.21602
G1 X122.994 Y91.511 E502.295
G1 X122.732 Y91.843 E502.35126
G1 X122.592 Y92.09 E502.38904
G1 X122.378 Y92.547 E502.45617
G1 X121.643 Y92.045 E502.57459
G1 X120.645 Y91.433 E502.73034
G1 X119.785 Y90.961 E502.86085
G1 X118.801 Y90.489 E503.00605
G1 X117.871 Y90.095 E503.14042
G1 X116.782 Y89.701 E503.29449
G1 X115.829 Y89.407 E503.42718
G1 X114.789 Y89.139 E503.57006
G1 X113.731 Y88.925 E503.71367
G1 X112.673 Y88.761 E503.8561
G1 X111.588 Y88.658 E504.0011
G1 X110.542 Y88.604 E504.14045
G1 X109.454 Y88.604 E504.2852
G1 X108.426 Y88.656 E504.42214
G1 X107.332 Y88.759 E504.56833
G1 X106.283 Y88.921 E504.70954
G1 X105.254 Y89.125 E504.8491
G1 X104.162 Y89.408 E504.99918
G1 X103.208 Y89.702 E505.13199
G1 X102.254 Y90.045 E505.26687
G1 X101.198 Y90.486 E505.41912
G1 X100.299 Y90.917 E505.55176
G1 X99.346 Y91.432 E505.69587
G1 X98.365 Y92.034 E505.849
G1 X97.611 Y92.546 E505.97025
G1 X97.448 Y92.194 E506.02186
G1 X97.192 Y91.758 E506.08913
G1 X96.961 Y91.465 E506.13877
G1 X96.637 Y91.125 E506.20125
G1 X96.326 Y90.875 E506.25434
G1 X95.834 Y90.547 E506.333
G1 X94.937 Y90.185 E506.46169
G1 X94.493 Y90.117 E506.52145
G1 X93.808 Y90.112 E506.61259
G1 X93.464 Y90.126 E506.65839
G1 X92.794 Y90.276 E506.74973
G1 X92.407 Y90.423 E506.80481
G1 X91.842 Y90.749 E506.89159
G1 X91.442 Y91.028 E506.95648
G1 X90.885 Y91.636 E507.06618
G1 X90.659 Y91.96 E507.11873
G1 X90.409 Y92.474 E507.19477
G1 X90.286 Y92.791 E507.24001
G1 X90.112 Y93.573 E507.34659
G1 X90.101 Y94.343 E507.44905
G1 X90.164 Y94.687 E507.49557
G1 X90.354 Y95.392 E507.59271
G1 X90.523 Y95.761 E507.64671
G1 X90.742 Y96.128 E507.70357
G1 X90.971 Y96.455 E507.75668
G1 X91.261 Y96.769 E507.81354
G1 X91.519 Y97.008 E507.86033
G1 X91.959 Y97.312 E507.93148
G1 X92.222 Y97.469 E507.97223
G1 X92.549 Y97.614 E508.01982
G1 X92.32 Y97.931 E508.07185
G1 X91.759 Y98.801 E508.20957
G1 X91.186 Y99.794 E508.3621
G1 X90.747 Y100.647 E508.48973
G1 X90.272 Y101.698 E508.64317
G1 X89.883 Y102.679 E508.78357
G1 X89.533 Y103.733 E508.93132
G1 X89.278 Y104.649 E509.05782
G1 X89.033 Y105.685 E509.19946
G1 X88.831 Y106.863 E509.35846
G1 X88.712 Y107.775 E509.48083
G1 X88.621 Y108.966 E509.63974
G1 X88.6 Y110.051 E509.78412
G1 X88.62 Y110.991 E509.9092
G1 X88.699 Y112.119 E510.05964
G1 X88.823 Y113.111 E510.19264
G1 X89.007 Y114.177 E510.33656
G1 X89.253 Y115.234 E510.48094
G1 X89.537 Y116.276 E510.62463
G1 X89.889 Y117.335 E510.7731
G1 X90.259 Y118.262 E510.90589
G1 X90.683 Y119.216 E511.04478
G1 X91.21 Y120.246 E511.1987
G1 X91.686 Y121.074 E511.32577
G1 X92.286 Y122.014 E511.47413
G1 X92.551 Y122.384 E511.53468
G1 X92.252 Y122.505 E511.57759
G1 X91.848 Y122.745 E511.64011
G1 X91.424 Y123.045 E511.70921
G1 X90.872 Y123.653 E511.81846
G1 X90.654 Y123.972 E511.86987
G1 X90.311 Y124.708 E511.9779
G1 X90.106 Y125.577 E512.09668
G1 X90.1 Y126.31 E512.1942
G1 X90.15 Y126.634 E512.23782
G1 X90.344 Y127.385 E512.34101
G1 X90.484 Y127.691 E512.38578
G1 X90.834 Y128.289 E512.47796
G1 X91.231 Y128.742 E512.5581
G1 X91.505 Y129.008 E512.6089
G1 X92.102 Y129.406 E512.70436
G1 X92.392 Y129.548 E512.74732
G1 X92.704 Y129.674 E512.79209
G1 X92.978 Y129.756 E512.83014
G1 X93.522 Y129.87 E512.90408
G1 X93.856 Y129.892 E512.94862
G1 X94.42 Y129.881 E513.02366
G1 X95.125 Y129.736 E513.11942
G1 X95.415 Y129.628 E513.16059
G1 X95.929 Y129.397 E513.23556
G1 X96.573 Y128.935 E513.34101
G1 X96.95 Y128.542 E513.41346
G1 X97.173 Y128.265 E513.46077
G1 X97.433 Y127.837 E513.5274
G1 X97.612 Y127.446 E513.58461
G1 X98.41 Y127.99 E513.71309
G1 X99.328 Y128.548 E513.85602
G1 X100.215 Y129.035 E513.99064
G1 X101.199 Y129.507 E514.13583
G1 X102.219 Y129.934 E514.28295
G1 X103.181 Y130.283 E514.41909
G1 X104.148 Y130.582 E514.55375
G1 X105.277 Y130.869 E514.70873
G1 X106.239 Y131.066 E514.83938
G1 X107.288 Y131.227 E514.98057
G1 X108.339 Y131.33 E515.12106
G1 X109.456 Y131.392 E515.2699
G1 F1500 E508.7699
G0 F6000 X109.479 Y130.893
G0 X103.349 Y129.897
G0 X95.13 Y144.127
G0 X79.088 Y132.828
G1 F1500 E515.2699
G1 F1200 X81.393 Y135.133 E515.70358
G0 F6000 X80.892 Y135.998
G0 X75.632 Y132.898
G0 X78.966 Y131.494
G0 X79.764 Y132.09
G1 F1200 X84.74 Y137.066 E516.6398
G0 F6000 X84.24 Y137.931
G0 X87.585 Y139.862
G0 X88.086 Y138.997
G1 F1200 X80.276 Y131.187 E518.10924
G0 F6000 X79.361 Y130.798
G0 X79.604 Y129.956
G0 X80.591 Y130.089
G1 F1200 X91.432 Y140.929 E520.14885
G0 F6000 X90.931 Y141.794
G0 X94.278 Y143.727
G0 X94.778 Y142.862
G1 F1200 X80.513 Y128.596 E522.83287
G0 F6000 X79.549 Y128.842
G0 X77.612 Y127.4
G0 X75.53 Y126.176
G0 X77.088 Y125.171
G1 F1200 X73.928 Y122.011 E523.42742
G0 F6000 X72.928 Y122.011
G0 X72.928 Y123.425
G0 X73.928 Y123.425
G1 F1200 X75.651 Y125.148 E523.7516
G0 F6000 X75.53 Y126.176
G0 X74.642 Y126.493
G0 X74.534 Y125.446
G1 F1200 X73.928 Y124.84 E523.86562
G0 F6000 X74.704 Y126.456
G0 X72.996 Y128.251
G0 X72.928 Y120.597
G0 X73.928 Y120.597
G1 F1200 X98.125 Y144.794 E528.41823
G0 F6000 X97.624 Y145.659
G0 X100.97 Y147.591
G0 X101.471 Y146.725
G1 F1200 X73.928 Y119.183 E533.60029
G0 F6000 X72.928 Y119.183
G0 X72.928 Y117.769
G0 X73.928 Y117.769
G1 F1200 X104.817 Y148.657 E539.41189
G0 F6000 X104.316 Y149.523
G0 X107.187 Y151.078
G0 X106.668 Y148.352
G0 X105.697 Y148.123
G1 F1200 X73.928 Y116.354 E545.38915
G0 F6000 X72.928 Y116.354
G0 X72.928 Y114.94
G0 X73.928 Y114.94
G1 F1200 X106.056 Y147.068 E551.43396
G0 F6000 X106.957 Y147.492
G0 X107.356 Y146.858
G0 X106.602 Y146.2
G1 F1200 X73.928 Y113.526 E557.5815
G0 F6000 X72.928 Y113.526
G0 X72.928 Y112.112
G0 X73.928 Y112.112
G1 F1200 X90.572 Y128.756 E560.71303
G0 F6000 X91.266 Y129.45
G1 F1200 X107.321 Y145.505 E563.73375
G0 F6000 X107.675 Y146.514
G0 X108.941 Y145.757
G0 X108.201 Y144.971
G1 F1200 X93.611 Y130.381 E566.47882
G0 F6000 X93.552 Y129.37
G0 X94.401 Y129.378
G0 X94.93 Y130.285
G1 F1200 X109.298 Y144.654 E569.18222
G0 F6000 X109.313 Y145.675
G0 X111.367 Y145.891
G0 X110.706 Y144.647
G1 F1200 X95.981 Y129.922 E571.9527
G0 F6000 X95.562 Y129.018
G0 X96.84 Y129.367
G1 F1200 X115.786 Y148.313 E575.51734
G0 F6000 X116.286 Y149.18
G0 X115.39 Y149.698
G0 X114.889 Y148.83
G1 F1200 X114.318 Y148.259 E575.62478
G0 F6000 X112.998 Y147.413
G0 X112.181 Y151.527
G0 X111.637 Y151.887
G0 X111.972 Y151.719
G0 X117.183 Y148.662
G0 X116.683 Y147.795
G1 F1200 X97.519 Y128.631 E579.23044
G0 F6000 X98.758 Y127.618
G0 X100.013 Y128.356
G0 X99.532 Y129.23
G1 F1200 X117.578 Y147.277 E582.62585
G0 F6000 X118.079 Y148.145
G0 X118.976 Y147.626
G0 X118.475 Y146.759
G1 F1200 X102.162 Y130.446 E585.6951
G0 F6000 X101.189 Y128.949
G0 X106 Y130.51
G0 X104.255 Y131.125
G1 F1200 X119.372 Y146.242 E588.53933
G0 F6000 X119.872 Y147.109
G0 X120.768 Y146.591
G0 X120.268 Y145.724
G1 F1200 X106.09 Y131.546 E591.20689
G0 F6000 X106.291 Y130.569
G0 X106.603 Y130.619
G0 X107.732 Y131.774
G1 F1200 X121.164 Y145.206 E593.73409
G0 F6000 X121.664 Y146.073
G0 X122.561 Y145.555
G0 X122.061 Y144.688
G1 F1200 X109.254 Y131.882 E596.1436
G0 F6000 X109.306 Y130.884
G0 X110.623 Y130.887
G0 X110.673 Y131.886
G1 F1200 X122.957 Y144.171 E598.45491
G0 F6000 X123.457 Y145.038
G0 X124.354 Y144.52
G0 X123.853 Y143.652
G1 F1200 X112 Y131.799 E600.68502
G0 F6000 X113.727 Y130.564
G0 X113.262 Y131.646
G1 F1200 X124.75 Y143.135 E602.84656
G0 F6000 X125.25 Y144.002
G0 X126.147 Y143.484
G0 X125.647 Y142.617
G1 F1200 X114.464 Y131.435 E604.95052
G0 F6000 X113.749 Y130.56
G0 X115.608 Y131.164
G1 F1200 X126.543 Y142.099 E607.00791
G0 F6000 X128.274 Y142.255
G0 X127.439 Y141.581
G1 F1200 X116.701 Y130.843 E609.02824
G0 F6000 X116.408 Y129.886
G0 X118.416 Y129.128
G0 X117.751 Y130.479
G1 F1200 X128.336 Y141.064 E611.01979
G0 F6000 X128.836 Y141.93
G0 X129.732 Y141.412
G0 X129.232 Y140.546
G1 F1200 X118.757 Y130.071 E612.99063
G0 F6000 X118.373 Y129.146
G0 X119.289 Y128.718
G0 X119.719 Y129.618
G1 F1200 X130.128 Y140.028 E614.94916
G0 F6000 X130.628 Y140.895
G0 X131.525 Y140.377
G0 X131.025 Y139.51
G1 F1200 X120.644 Y129.129 E616.90232
G0 F6000 X119.437 Y128.647
G0 X122.614 Y126.752
G0 X122.978 Y127.547
G0 X121.533 Y128.604
G1 F1200 X131.921 Y138.992 E618.8568
G0 F6000 X132.421 Y139.859
G0 X133.318 Y139.341
G0 X132.818 Y138.475
G1 F1200 X124.447 Y130.103 E620.43188
G0 F6000 X125.455 Y129.348
G0 X126.382 Y129.382
G0 X126.148 Y130.39
G1 F1200 X133.714 Y137.957 E621.8555
G0 F6000 X134.215 Y138.823
G0 X135.111 Y138.305
G0 X134.611 Y137.439
G1 F1200 X127.351 Y130.179 E623.22145
G0 F6000 X127.571 Y129.015
G0 X128.317 Y129.731
G1 F1200 X135.507 Y136.921 E624.57423
G0 F6000 X136.007 Y137.787
G0 X136.903 Y137.27
G0 X136.403 Y136.403
G1 F1200 X129.108 Y129.108 E625.94677
G0 F6000 X127.57 Y129.015
G0 X128.869 Y127.807
G0 X129.727 Y128.313
G1 F1200 X137.3 Y135.885 E627.37152
G0 F6000 X137.8 Y136.752
G0 X138.696 Y136.234
G0 X138.196 Y135.368
G1 F1200 X130.178 Y127.349 E628.88018
G0 F6000 X129.243 Y127.005
G0 X129.341 Y125.396
G0 X130.387 Y126.144
G1 F1200 X139.093 Y134.85 E630.5182
G0 F6000 X139.593 Y135.716
G0 X140.489 Y135.198
G0 X139.989 Y134.332
G1 F1200 X130.132 Y124.476 E632.37267
G0 F6000 X129.261 Y125.091
G0 X127.964 Y123.236
G0 X128.606 Y121.535
G1 F1200 X140.885 Y133.814 E634.68294
G0 F6000 X141.386 Y134.68
G0 X144.185 Y132.958
G0 X140.639 Y130.815
G0 X139.74 Y131.255
G1 F1200 X129.128 Y120.643 E636.67956
G0 F6000 X128.266 Y120.144
G0 X128.731 Y119.261
G0 X129.618 Y119.718
G1 F1200 X139.384 Y129.485 E638.51711
G0 F6000 X140.396 Y129.054
G0 X139.562 Y128.248
G1 F1200 X130.067 Y118.754 E640.30348
G0 F6000 X129.157 Y118.342
G0 X129.855 Y116.513
G0 X130.475 Y117.747
G1 F1200 X139.984 Y127.256 E642.09257
G0 F6000 X140.451 Y128.828
G0 X142.286 Y126.44
G0 X140.602 Y126.46
G1 F1200 X130.841 Y116.699 E643.92908
G0 F6000 X129.9 Y116.378
G0 X131.163 Y115.606
G1 F1200 X141.373 Y125.817 E645.85017
G0 F6000 X142.286 Y126.44
G0 X142.303 Y125.333
G1 F1200 X131.433 Y114.463 E647.89533
G0 F6000 X130.461 Y114.24
G0 X130.663 Y113.139
G0 X131.65 Y113.265
G1 F1200 X143.497 Y125.113 E650.12441
G0 F6000 X143.099 Y126.173
G0 X144.766 Y126.243
G0 X145.105 Y125.306
G1 F1200 X131.801 Y112.002 E652.62753
G0 F6000 X130.869 Y111.133
G0 X131.879 Y110.666
G1 F1200 X146.068 Y124.855 E655.29716
G0 F6000 X147.068 Y124.855
G0 X147.068 Y123.441
G0 X146.068 Y123.441
G1 F1200 X131.88 Y109.252 E657.96669
G0 F6000 X130.877 Y109.013
G0 X130.719 Y107.298
G0 X131.779 Y107.737
G1 F1200 X146.068 Y122.027 E660.65523
G0 F6000 X147.068 Y122.027
G0 X147.068 Y120.613
G0 X146.068 Y120.613
G1 F1200 X131.537 Y106.082 E663.3892
G0 F6000 X130.556 Y106.253
G0 X130.509 Y105.986
G0 X131.122 Y104.252
G1 F1200 X146.068 Y119.198 E666.20126
G0 F6000 X147.068 Y119.198
G0 X147.068 Y117.784
G0 X146.068 Y117.784
G1 F1200 X130.443 Y102.159 E669.14107
G0 F6000 X129.511 Y102.522
G0 X128.359 Y100.011
G0 X129.242 Y99.544
G1 F1200 X146.068 Y116.37 E672.30684
G0 F6000 X147.068 Y116.37
G0 X147.068 Y114.956
G0 X146.068 Y114.956
G1 F1200 X128.628 Y97.515 E675.58823
G0 F6000 X126.807 Y97.299
G0 X129.306 Y94.843
G0 X129.358 Y96.831
G1 F1200 X146.068 Y113.542 E678.73228
G0 F6000 X147.068 Y113.542
G0 X147.068 Y112.127
G0 X146.068 Y112.127
G1 F1200 X129.925 Y95.984 E681.76955
G0 F6000 X129.306 Y94.843
G0 X130.306 Y94.951
G1 F1200 X146.068 Y110.713 E684.73513
G0 F6000 X147.068 Y110.713
G0 X147.068 Y109.299
G0 X146.068 Y109.299
G1 F1200 X130.369 Y93.6 E687.68886
G0 F6000 X129.217 Y92.919
G0 X128.749 Y91.982
G0 X129.474 Y91.29
G1 F1200 X146.068 Y107.885 E690.81108
G0 F6000 X147.068 Y107.885
G0 X147.068 Y106.47
G0 X146.068 Y106.47
G1 F1200 X113.389 Y73.791 E696.95956
G0 F6000 X112.671 Y74.487
G1 F1200 X128.721 Y90.537 E699.97933
G0 F6000 X128.166 Y91.372
G0 X126.955 Y90.73
G0 X126.392 Y89.622
G1 F1200 X111.778 Y75.008 E702.72892
G0 F6000 X111.38 Y74.096
G0 X109.573 Y74.373
G0 X110.693 Y75.338
G1 F1200 X125.064 Y89.709 E705.43279
G0 F6000 X125.298 Y90.679
G0 X124.015 Y90.073
G1 F1200 X109.268 Y75.327 E708.20731
G0 F6000 X109.472 Y74.353
G0 X106.684 Y71.704
G0 X105.669 Y71.728
G1 F1200 X105.111 Y71.17 E708.3123
G0 F6000 X104.613 Y70.305
G0 X103.717 Y70.822
G0 X104.215 Y71.688
G1 F1200 X123.16 Y90.633 E711.87676
G0 F6000 X123.468 Y91.738
G0 X122.474 Y91.362
G1 F1200 X103.318 Y72.206 E715.48092
G0 F6000 X102.82 Y71.34
G0 X102.506 Y71.521
G0 X102.422 Y72.723
G1 F1200 X120.458 Y90.76 E718.87444
G0 F6000 X119.975 Y91.637
G0 X117.494 Y90.491
G0 X117.834 Y89.55
G1 F1200 X101.525 Y73.241 E721.94294
G0 F6000 X102.506 Y71.521
G0 X100.13 Y72.893
G0 X100.628 Y73.758
G1 F1200 X115.736 Y88.866 E724.78548
G0 F6000 X115.319 Y89.792
G0 X113.709 Y89.432
G0 X113.906 Y88.45
G1 F1200 X99.732 Y74.276 E727.45229
G0 F6000 X99.234 Y73.41
G0 X98.337 Y73.928
G0 X98.835 Y74.794
G1 F1200 X112.26 Y88.219 E729.97817
G0 F6000 X112.163 Y89.215
G0 X110.69 Y89.111
G0 X110.742 Y88.115
G1 F1200 X97.939 Y75.311 E732.38712
G0 F6000 X97.441 Y74.446
G0 X96.544 Y74.963
G0 X97.042 Y75.829
G1 F1200 X109.324 Y88.11 E734.69786
G0 F6000 X109.375 Y89.109
G0 X108.09 Y89.191
G0 X107.994 Y88.195
G1 F1200 X96.145 Y76.346 E736.92722
G0 F6000 X95.647 Y75.481
G0 X94.751 Y75.999
G0 X95.249 Y76.864
G1 F1200 X106.731 Y88.346 E739.08753
G0 F6000 X106.884 Y89.338
G0 X105.728 Y89.545
G0 X105.531 Y88.561
G1 F1200 X94.352 Y77.382 E741.19083
G0 F6000 X93.854 Y76.517
G0 X92.957 Y77.034
G0 X93.455 Y77.899
G1 F1200 X104.389 Y88.833 E743.24804
G0 F6000 X104.636 Y89.803
G0 X103.589 Y90.109
G0 X103.293 Y89.151
G1 F1200 X92.559 Y78.417 E745.26762
G0 F6000 X92.061 Y77.552
G0 X91.164 Y78.069
G0 X91.662 Y78.934
G1 F1200 X102.246 Y89.518 E747.25897
G0 F6000 X102.582 Y90.461
G0 X101.627 Y90.852
G0 X101.24 Y89.926
G1 F1200 X90.766 Y79.452 E749.22963
G0 F6000 X90.268 Y78.587
G0 X89.371 Y79.105
G0 X89.869 Y79.97
G1 F1200 X100.275 Y90.375 E751.18741
G0 F6000 X100.703 Y91.279
G0 X99.827 Y91.743
G0 X99.347 Y90.862
G1 F1200 X88.973 Y80.488 E753.13925
G0 F6000 X88.475 Y79.622
G0 X87.579 Y80.139
G0 X88.077 Y81.005
G1 F1200 X98.46 Y91.389 E755.09288
G0 F6000 X99.236 Y92.091
G0 X97.382 Y93.246
G0 X94.943 Y90.724
G0 X95.546 Y89.89
G1 F1200 X87.18 Y81.523 E756.66702
G0 F6000 X86.682 Y80.657
G0 X85.785 Y81.175
G0 X86.283 Y82.041
G1 F1200 X93.854 Y89.612 E758.09149
G0 F6000 X93.44 Y90.646
G0 X92.902 Y90.766
G0 X92.628 Y89.8
G1 F1200 X85.387 Y82.558 E759.45396
G0 F6000 X84.889 Y81.692
G0 X83.992 Y82.21
G0 X84.49 Y83.076
G1 F1200 X91.679 Y90.264 E760.80646
G0 F6000 X92.183 Y91.13
G0 X91.63 Y91.563
G0 X90.889 Y90.889
G1 F1200 X83.593 Y83.593 E762.17918
G0 F6000 X83.095 Y82.728
G0 X82.199 Y83.245
G0 X82.697 Y84.111
G1 F1200 X90.254 Y91.669 E763.60111
G0 F6000 X91.636 Y91.557
G0 X90.763 Y92.941
G0 X89.808 Y92.637
G1 F1200 X81.8 Y84.629 E765.1078
G0 F6000 X81.302 Y83.763
G0 X80.406 Y84.281
G0 X80.904 Y85.146
G1 F1200 X89.608 Y93.851 E766.74553
G0 F6000 X90.605 Y94.055
G0 X91 Y95.585
G0 X89.877 Y95.534
G1 F1200 X80.007 Y85.664 E768.60255
G0 F6000 X79.509 Y84.798
G0 X75.861 Y87.009
G0 X78.067 Y87.611
G0 X79.11 Y86.181
G1 F1200 X91.387 Y98.458 E770.91244
G0 F6000 X92.226 Y99.001
G0 X91.732 Y99.85
G0 X90.866 Y99.351
G1 F1200 X80.296 Y88.781 E772.90116
G0 F6000 X79.38 Y89.176
G0 X79.493 Y89.437
G0 X80.638 Y90.538
G1 F1200 X90.376 Y100.276 E774.73334
G0 F6000 X91.264 Y100.734
G0 X90.694 Y101.992
G0 X89.929 Y101.243
G1 F1200 X80.441 Y91.755 E776.51849
G0 F6000 X78.806 Y92.691
G0 X80.013 Y92.741
G1 F1200 X89.518 Y102.246 E778.30683
G0 F6000 X90.449 Y102.614
G0 X90.1 Y103.611
G0 X89.152 Y103.294
G1 F1200 X79.404 Y93.546 E780.1409
G0 F6000 X78.695 Y92.841
G0 X77.348 Y93.684
G0 X78.607 Y94.163
G1 F1200 X88.832 Y104.389 E782.0648
G0 F6000 X89.796 Y104.656
G0 X89.533 Y105.755
G0 X88.557 Y105.527
G1 F1200 X77.664 Y94.635 E784.1142
G0 F6000 X77.274 Y93.715
G0 X76.912 Y93.797
G0 X76.483 Y94.868
G1 F1200 X88.347 Y106.731 E786.34629
G0 F6000 X89.316 Y107
G0 X89.218 Y107.78
G0 X88.193 Y107.992
G1 F1200 X74.826 Y94.625 E788.86126
G0 F6000 X74.886 Y93.584
G0 X73.928 Y95.141
G1 F1200 X88.115 Y109.328 E791.53051
G0 F6000 X89.113 Y109.345
G0 X89.115 Y110.723
G0 X88.116 Y110.744
G1 F1200 X73.928 Y96.555 E794.20005
G0 F6000 X72.928 Y96.555
G0 X72.928 Y97.97
G0 X73.928 Y97.97
G1 F1200 X88.214 Y112.256 E796.88793
G0 F6000 X89.208 Y112.131
G0 X89.442 Y113.743
G0 X88.453 Y113.909
G1 F1200 X73.928 Y99.384 E799.62077
G0 F6000 X72.928 Y99.384
G0 X72.928 Y100.798
G0 X73.928 Y100.798
G1 F1200 X88.875 Y115.745 E802.43302
G0 F6000 X90.057 Y116.249
G0 X90.481 Y117.465
G0 X89.549 Y117.834
G1 F1200 X73.928 Y102.212 E805.37217
G0 F6000 X72.928 Y102.212
G0 X72.928 Y103.626
G0 X73.928 Y103.626
G1 F1200 X90.759 Y120.457 E808.53888
G0 F6000 X91.637 Y119.984
G0 X93.235 Y122.611
G0 X92.163 Y123.141
G0 X91.365 Y122.477
G1 F1200 X73.928 Y105.041 E811.81952
G0 F6000 X72.928 Y105.041
G0 X72.928 Y106.455
G0 X73.928 Y106.455
G1 F1200 X90.641 Y123.168 E814.96403
G0 F6000 X91.635 Y123.557
G0 X90.643 Y125.476
G0 X90.078 Y124.019
G1 F1200 X73.928 Y107.869 E818.00262
G0 F6000 X72.928 Y107.869
G0 X72.928 Y109.283
G0 X73.928 Y109.283
G1 F1200 X89.711 Y125.067 E820.97225
G0 F6000 X90.643 Y125.476
G0 X90.603 Y126.291
G0 X89.605 Y126.375
G1 F1200 X73.928 Y110.698 E823.92184
G1 F1500 E817.42184
G0 F6000 X72.928 Y110.698
G0 X72.899 Y90.981
G0 X76.272 Y93.944
G0 X79.706 Y90.661
G0 X76.597 Y87.023
G0 X75.861 Y87.009
G0 X107.338 Y68.792
G0 X107.568 Y73.456
G0 X109.611 Y73.921
G0 X113.042 Y72.495
G0 X113.938 Y72.925
G1 F1500 E823.92184
G1 F1200 X146.068 Y105.056 E829.96712
G0 F6000 X147.068 Y105.056
G0 X147.068 Y103.642
G0 X146.068 Y103.642
G1 F1200 X114.318 Y71.892 E835.94081
G0 F6000 X113.309 Y70.276
G0 X112.818 Y68.925
G0 X115.688 Y70.479
G0 X115.186 Y71.346
G1 F1200 X146.068 Y102.228 E841.75119
G0 F6000 X147.068 Y102.228
G0 X147.068 Y100.814
G0 X146.068 Y100.814
G1 F1200 X118.532 Y73.277 E846.93212
G0 F6000 X119.033 Y72.411
G0 X122.379 Y74.343
G0 X121.878 Y75.209
G1 F1200 X146.068 Y99.399 E851.48341
G0 F6000 X147.068 Y99.399
G0 X147.068 Y97.985
G0 X146.068 Y97.985
G1 F1200 X142.873 Y94.79 E852.08454
G0 F6000 X143.079 Y93.817
G0 X143.324 Y93.869
G0 X144.348 Y94.851
G1 F1200 X146.068 Y96.571 E852.40816
G0 F6000 X147.068 Y96.571
G0 X147.068 Y95.157
G0 X146.068 Y95.157
G1 F1200 X145.467 Y94.555 E852.52133
G0 F6000 X147.068 Y94.555
G0 X147.098 Y91.431
G0 X147.101 Y91.046
G0 X145.262 Y93.626
G0 X142.593 Y92.753
G0 X140.444 Y91.144
G0 X139.473 Y91.389
G1 F1200 X125.224 Y77.14 E855.20225
G0 F6000 X125.725 Y76.274
G0 X129.07 Y78.206
G0 X128.569 Y79.072
G1 F1200 X139.405 Y89.907 E857.24092
G0 F6000 X140.427 Y89.926
G0 X140.725 Y89.008
G0 X139.713 Y88.801
G1 F1200 X131.915 Y81.003 E858.7081
G0 F6000 X132.416 Y80.137
G0 X135.762 Y82.069
G0 X135.261 Y82.935
G1 F1200 X140.221 Y87.895 E859.64131
G0 F6000 X141.175 Y88.31
G0 X141.367 Y88.104
G0 X140.909 Y87.169
G1 F1200 X138.606 Y84.866 E860.07461
M104 S200
G1 F1500 E853.57461
;MESH:NONMESH
G0 F300 X138.606 Y84.866 Z0.64
G0 F6000 X139.107 Y84
G0 X112.818 Y68.925
G0 X112.241 Y73.641
G0 X107.568 Y73.456
G0 X107.338 Y68.792
G0 X75.861 Y87.009
G0 X73.322 Y88.505
G0 X74.508 Y87.609
;TIME_ELAPSED:397.796414
;LAYER:1
M106 S127.5
;TYPE:WALL-INNER
;MESH:top-fan-holder.stl
G1 F1500 E860.07461
G1 F806 X74.805 Y87.447 E860.15
G1 F787.6 X75.143 Y87.285 E860.23547
G1 F1500 E853.73547
G0 F7500 X76.038 Y87.085
G0 X74.441 Y88.671
G0 X74.057 Y89.16
G0 X72.914 Y91.175
G0 X72.994 Y128.262
G0 X77.121 Y126.153
G0 X78.385 Y128.155
G0 X78.615 Y128.623
G0 X78.755 Y129.215
G0 X78.759 Y129.802
G0 X78.175 Y132.28
G0 X77.093 Y132.371
G1 F1500 E860.23547
G1 F1350 X76.634 Y132.47 E860.29794
G1 X76.194 Y132.494 E860.35657
G1 F1379 X75.848 Y132.452 E860.40197
G1 F1459.5 X75.478 Y132.362 E860.44883
G1 F1534.1 X74.897 Y132.115 E860.52274
G1 F1549.9 X74.345 Y131.747 E860.59962
G1 F1496.7 X74.051 Y131.509 E860.64501
G1 F1338 X73.592 Y131.031 E860.73397
G1 F1295.6 X73.472 Y130.686 E860.7846
G1 F1410.7 X73.394 Y130.352 E860.82827
G1 F1520.3 X73.307 Y129.833 E860.89044
G1 F1580.8 X73.303 Y129.364 E860.94373
G1 F1566.1 X73.327 Y129.039 E860.9811
G1 F1503.3 X73.393 Y128.654 E861.02777
G1 F1424.1 X73.466 Y128.361 E861.06585
G1 F1367.8 X73.573 Y128.095 E861.1035
G1 F1350 X73.734 Y127.826 E861.14521
G1 X73.982 Y127.494 E861.20034
G1 X74.375 Y127.128 E861.27179
G1 X74.73 Y126.9 E861.32792
G1 X74.972 Y126.775 E861.36416
G1 X75.235 Y126.667 E861.40198
G1 X75.532 Y126.58 E861.44316
G1 X75.943 Y126.504 E861.49876
G1 X76.332 Y126.473 E861.55068
G1 X77.044 Y126.614 E861.64725
G1 X77.655 Y126.842 E861.73401
G1 X77.901 Y126.987 E861.772
G1 X78.401 Y127.429 E861.86078
G1 X78.786 Y127.926 E861.94442
G1 X79.057 Y128.499 E862.02875
G1 X79.211 Y129.138 E862.1162
G1 X79.22 Y129.804 E862.20481
G1 X79.181 Y130.137 E862.24942
G1 X78.983 Y130.67 E862.32506
G1 X78.856 Y130.932 E862.3638
G1 X78.703 Y131.18 E862.40257
G1 X78.517 Y131.424 E862.44338
G1 X78.265 Y131.692 E862.49233
G1 X77.983 Y131.927 E862.54116
G1 X77.714 Y132.099 E862.58364
G1 X77.445 Y132.236 E862.6238
G1 X77.093 Y132.371 E862.67396
G1 F1500 E856.17396
G0 F7500 X78.175 Y132.28
G0 X78.881 Y131.767
G0 X103.349 Y129.897
G0 X110.511 Y130.492
G1 F1500 E862.67396
G1 F1350 X109.452 Y130.491 E862.81485
G1 X108.504 Y130.443 E862.94113
G1 X107.459 Y130.341 E863.08082
G1 X106.417 Y130.185 E863.22099
G1 X105.415 Y129.979 E863.35709
G1 X104.483 Y129.743 E863.485
G1 X103.424 Y129.415 E863.63249
G1 X102.483 Y129.071 E863.76578
G1 X101.575 Y128.69 E863.89679
G1 X100.67 Y128.257 E864.03026
G1 X99.694 Y127.72 E864.17846
G1 X98.903 Y127.238 E864.3017
G1 X97.996 Y126.618 E864.44786
G1 X97.299 Y126.094 E864.56388
G1 X96.993 Y125.84 E864.61678
G1 X96.997 Y126.245 E864.67067
G1 X96.903 Y126.783 E864.74333
G1 X96.759 Y127.17 E864.79826
G1 X96.632 Y127.432 E864.837
G1 X96.381 Y127.833 E864.89994
G1 X95.971 Y128.258 E864.9785
G1 X95.771 Y128.416 E865.01241
G1 X95.499 Y128.594 E865.05566
G1 X95.242 Y128.728 E865.09422
G1 X94.646 Y128.952 E865.17893
G1 X93.786 Y129.005 E865.29356
G1 X93.199 Y128.89 E865.37314
G1 X92.782 Y128.739 E865.43214
G1 X92.549 Y128.626 E865.46659
G1 X91.931 Y128.182 E865.56783
G1 X91.469 Y127.631 E865.66349
G1 X91.171 Y127.036 E865.75203
G1 X91.013 Y126.348 E865.84594
G1 X91.004 Y125.71 E865.93083
G1 X91.16 Y125.02 E866.02494
G1 X91.408 Y124.463 E866.10606
G1 X91.758 Y123.994 E866.18392
G1 X92.014 Y123.716 E866.23419
G1 X92.59 Y123.35 E866.32499
G1 X93.012 Y123.167 E866.38618
G1 X93.308 Y123.08 E866.42723
G1 X93.72 Y123.004 E866.48297
G1 X94.156 Y123.004 E866.54097
G1 X93.67 Y122.396 E866.64453
G1 X93.048 Y121.527 E866.7867
G1 X92.479 Y120.645 E866.92634
G1 X91.974 Y119.763 E867.06156
G1 X91.514 Y118.865 E867.19579
G1 X91.118 Y117.98 E867.32478
G1 X90.73 Y117.002 E867.46476
G1 X90.424 Y116.087 E867.59312
G1 X90.127 Y115.025 E867.73983
G1 X89.893 Y114.011 E867.87828
G1 X89.724 Y113.022 E868.01176
G1 X89.604 Y112.098 E868.13572
G1 X89.52 Y110.976 E868.28541
G1 X89.5 Y110.032 E868.41103
G1 X89.524 Y108.934 E868.55714
G1 X89.607 Y107.895 E868.69581
G1 X89.733 Y106.913 E868.82753
G1 X89.893 Y105.985 E868.95281
G1 X90.142 Y104.91 E869.09962
G1 X90.41 Y103.946 E869.23273
G1 X90.731 Y102.992 E869.36665
G1 X91.106 Y102.044 E869.50228
G1 X91.535 Y101.087 E869.64181
G1 X91.988 Y100.205 E869.77372
G1 X92.479 Y99.351 E869.90478
G1 X93.051 Y98.462 E870.04542
G1 X93.67 Y97.6 E870.1866
G1 X94.145 Y97.006 E870.28779
G1 X93.621 Y96.974 E870.35763
G1 X93.327 Y96.919 E870.39742
G1 X93.066 Y96.846 E870.43348
G1 X92.661 Y96.693 E870.49108
G1 X92.439 Y96.555 E870.52585
G1 X91.903 Y96.158 E870.61459
G1 X91.464 Y95.621 E870.70687
G1 X91.174 Y95.036 E870.79374
G1 X91.013 Y94.351 E870.88736
G1 X91.006 Y93.674 E870.97743
G1 X91.173 Y92.982 E871.07214
G1 X91.432 Y92.431 E871.15314
G1 X91.842 Y91.891 E871.24334
G1 X92.039 Y91.707 E871.2792
G1 X92.633 Y91.32 E871.37352
G1 X93.206 Y91.097 E871.45532
G1 X93.86 Y90.985 E871.5436
G1 X94.134 Y90.986 E871.58005
G1 X94.677 Y91.08 E871.65337
G1 X94.944 Y91.156 E871.6903
G1 X95.423 Y91.344 E871.75876
G1 X95.664 Y91.475 E871.79525
G1 X96.2 Y91.949 E871.89044
G1 X96.557 Y92.423 E871.96939
G1 X96.814 Y92.939 E872.04608
G1 X96.949 Y93.479 E872.12014
G1 X96.992 Y93.807 E872.16415
G1 X96.996 Y94.158 E872.21085
G1 X97.26 Y93.937 E872.25665
G1 X98.057 Y93.334 E872.38961
G1 X98.842 Y92.802 E872.51577
G1 X99.789 Y92.221 E872.66359
G1 X100.676 Y91.736 E872.79808
G1 X101.544 Y91.324 E872.92591
G1 X102.552 Y90.897 E873.07155
G1 X103.491 Y90.559 E873.20432
G1 X104.483 Y90.253 E873.34243
G1 X105.438 Y90.012 E873.47347
G1 X106.418 Y89.814 E873.60649
G1 X107.456 Y89.655 E873.74619
G1 X108.504 Y89.553 E873.88628
G1 X109.528 Y89.503 E874.02267
G1 X110.549 Y89.505 E874.15851
G1 X111.493 Y89.553 E874.28426
G1 X112.54 Y89.655 E874.42421
G1 X113.578 Y89.814 E874.56392
G1 X114.562 Y90.012 E874.69746
G1 X115.589 Y90.275 E874.8385
G1 X116.569 Y90.58 E874.97505
G1 X117.451 Y90.898 E875.09978
G1 X118.427 Y91.311 E875.24078
G1 X119.417 Y91.787 E875.38692
G1 X120.269 Y92.257 E875.51637
G1 X121.155 Y92.802 E875.65476
G1 X121.939 Y93.334 E875.78081
G1 X122.736 Y93.937 E875.91377
G1 X123.007 Y94.162 E875.96064
G1 X123.004 Y93.81 E876.00747
G1 X123.042 Y93.525 E876.04572
G1 X123.16 Y93.015 E876.11536
G1 X123.349 Y92.595 E876.17664
G1 X123.479 Y92.369 E876.21132
G1 X123.758 Y91.994 E876.27351
G1 X124.007 Y91.72 E876.32276
G1 X124.605 Y91.337 E876.41724
G1 X125.156 Y91.106 E876.49673
G1 X125.85 Y90.986 E876.59043
G1 X126.124 Y90.985 E876.62688
G1 X126.677 Y91.08 E876.70153
G1 X126.919 Y91.146 E876.7349
G1 X127.44 Y91.347 E876.8092
G1 X127.752 Y91.553 E876.85894
G1 X128.191 Y91.95 E876.93768
G1 X128.559 Y92.424 E877.01752
G1 X128.816 Y92.95 E877.0954
G1 X128.987 Y93.638 E877.18972
G1 X128.996 Y94.304 E877.27833
G1 X128.935 Y94.686 E877.3298
G1 X128.701 Y95.319 E877.41958
G1 X128.365 Y95.852 E877.50341
G1 X127.873 Y96.351 E877.59663
G1 X127.345 Y96.688 E877.67997
G1 X126.725 Y96.928 E877.76842
G1 X126.411 Y96.97 E877.81057
G1 X125.845 Y97.001 E877.88598
G1 X126.371 Y97.66 E877.99816
G1 X126.945 Y98.462 E878.12937
G1 X127.477 Y99.286 E878.25986
G1 X128.006 Y100.203 E878.4007
G1 X128.475 Y101.117 E878.53737
G1 X128.891 Y102.037 E878.6717
G1 X129.263 Y102.986 E878.80731
G1 X129.592 Y103.968 E878.94509
G1 X129.875 Y104.977 E879.08451
G1 X130.102 Y105.978 E879.22106
G1 X130.277 Y106.979 E879.35626
G1 X130.393 Y107.895 E879.4791
G1 X130.476 Y109.02 E879.62917
G1 X130.496 Y110.032 E879.76384
G1 X130.476 Y110.976 E879.88946
G1 X130.393 Y112.091 E880.03821
G1 X130.277 Y113.015 E880.1621
G1 X130.102 Y114.018 E880.29756
G1 X129.857 Y115.089 E880.44372
G1 X129.574 Y116.093 E880.5825
G1 X129.253 Y117.036 E880.71503
G1 X128.891 Y117.959 E880.84693
G1 X128.464 Y118.903 E880.98477
G1 X127.989 Y119.825 E881.12276
G1 X127.476 Y120.711 E881.25896
G1 X126.908 Y121.586 E881.39775
G1 X126.326 Y122.396 E881.53045
G1 X125.839 Y123.004 E881.63408
G1 X126.264 Y123.005 E881.69063
G1 X126.674 Y123.08 E881.74608
G1 X126.944 Y123.156 E881.78339
G1 X127.453 Y123.359 E881.8563
G1 X127.78 Y123.579 E881.90873
G1 X128.084 Y123.846 E881.96256
G1 X128.278 Y124.053 E882.00031
G1 X128.553 Y124.413 E882.06058
G1 X128.825 Y124.967 E882.14268
G1 X128.989 Y125.666 E882.2382
G1 X128.993 Y126.361 E882.33067
G1 X128.932 Y126.695 E882.37584
G1 X128.713 Y127.291 E882.46032
G1 X128.413 Y127.788 E882.53755
G1 X127.91 Y128.329 E882.63583
G1 X127.364 Y128.672 E882.72161
G1 X126.781 Y128.908 E882.80529
G1 X126.511 Y128.965 E882.842
G1 X125.791 Y128.999 E882.9379
G1 X125.333 Y128.921 E882.99971
G1 X125.066 Y128.847 E883.03657
G1 X124.582 Y128.654 E883.10589
G1 X124.084 Y128.298 E883.18733
G1 X123.868 Y128.117 E883.22482
G1 X123.44 Y127.582 E883.31597
G1 X123.18 Y127.053 E883.39439
G1 X123.047 Y126.498 E883.47032
G1 X123.008 Y126.2 E883.51031
G1 X123.01 Y125.834 E883.559
G1 X122.747 Y126.054 E883.60462
G1 X122 Y126.618 E883.72914
G1 X121.093 Y127.238 E883.87531
G1 X120.207 Y127.775 E884.01314
G1 X119.356 Y128.242 E884.14229
G1 X118.427 Y128.689 E884.27945
G1 X117.445 Y129.1 E884.42107
G1 X116.505 Y129.437 E884.55393
G1 X115.514 Y129.742 E884.69187
G1 X114.517 Y129.994 E884.82868
G1 X113.578 Y130.186 E884.95619
G1 X112.537 Y130.341 E885.09622
G1 X111.493 Y130.443 E885.23577
G1 X110.511 Y130.492 E885.36658
G1 F1500 E878.86658
G0 F7500 X110 Y130.972
G0 X109.823 Y145.481
G0 X109.847 Y146.453
G0 X109.294 Y146.555
G0 X108.837 Y146.737
G0 X108.24 Y147.125
G0 X107.82 Y147.689
G0 X107.602 Y148.145
G0 X107.466 Y148.752
G0 X107.47 Y149.285
G0 X107.61 Y149.877
G0 X107.845 Y150.355
G0 X108.07 Y150.634
G0 X110 Y152.591
G0 X110 Y153.215
G1 F1500 E885.36658
G1 F1236.3 X110.273 Y153.057 E885.41241
G1 F1299.3 X110.682 Y152.881 E885.47395
G1 F1439.2 X111.231 Y152.62 E885.54981
G1 F1551.7 X111.817 Y152.306 E885.62676
G1 F1567.9 X112.364 Y151.976 E885.69994
G1 F1442.3 X113.199 Y151.419 E885.82493
G1 F1350 X144.072 Y133.592 E890.56787
G1 F1173.9 X144.378 Y133.24 E890.63923
G1 F951.4 X144.581 Y132.987 E890.70046
G1 F814.7 X144.784 Y132.733 E890.77214
G1 X144.489 Y132.677 E890.83833
G1 F951.4 X144.194 Y132.62 E890.89506
G1 F1173.9 X143.746 Y132.494 E890.96626
G1 F1350 X143.397 Y132.472 E891.01278
G1 X143.109 Y132.421 E891.05169
G1 X142.842 Y132.346 E891.08859
G1 X142.558 Y132.239 E891.12897
G1 X142.222 Y132.059 E891.17968
G1 X141.862 Y131.803 E891.23845
G1 X141.563 Y131.522 E891.29304
G1 X141.331 Y131.233 E891.34234
G1 X141.154 Y130.955 E891.38619
G1 X140.947 Y130.536 E891.44836
G1 X140.784 Y129.86 E891.54088
G1 X140.782 Y129.184 E891.63081
G1 X140.943 Y128.485 E891.72624
G1 X141.215 Y127.92 E891.80967
G1 X141.613 Y127.397 E891.8971
G1 X141.819 Y127.197 E891.9353
G1 X142.422 Y126.815 E892.03027
G1 X142.969 Y126.601 E892.10841
G1 X143.661 Y126.473 E892.20204
G1 X144.04 Y126.504 E892.25263
G1 X144.453 Y126.58 E892.3085
G1 X144.72 Y126.656 E892.34543
G1 X145.104 Y126.804 E892.40018
G1 X145.556 Y127.078 E892.4705
G1 X145.86 Y127.347 E892.52451
G1 X146.061 Y127.562 E892.56366
G1 X146.241 Y127.798 E892.60315
G1 X146.395 Y128.045 E892.64187
G1 F1366.4 X146.514 Y128.319 E892.68114
G1 F1422.6 X146.599 Y128.629 E892.72172
G1 F1501.7 X146.665 Y128.994 E892.76609
G1 F1564.3 X146.693 Y129.336 E892.80549
G1 F1582.6 X146.693 Y129.931 E892.87301
G1 F1528.9 X146.632 Y130.266 E892.91301
G1 F1434.6 X146.41 Y131.044 E893.0143
G1 F1406.2 X146.042 Y131.414 E893.08095
G1 F1467.4 X145.766 Y131.664 E893.12653
G1 F1278.4 X145.599 Y132.013 E893.18088
G1 F973.3 X145.346 Y132.376 E893.26253
G1 F830.3 X145.236 Y132.511 E893.3002
G1 F851.2 X145.52 Y132.481 E893.36046
G1 F1002.2 X145.857 Y132.434 E893.42143
G1 F1278.4 X146.312 Y132.359 E893.48622
G1 F1467.4 X146.62 Y132.151 E893.53171
G1 F1324.8 X147.149 Y131.761 E893.62081
G1 F1237.4 X147.423 Y131.604 E893.66664
G1 X147.423 Y131.289 E893.71237
G1 F1301.8 X147.476 Y130.838 E893.77502
G1 F1461 X147.536 Y130.082 E893.86824
G1 F1575.3 X147.543 Y129.336 E893.9533
G1 F1564.3 X147.53 Y128.89 E894.00453
G1 F1439.2 X147.468 Y127.795 E894.1414
G1 F1350 X147.468 Y92.208 E898.87591
G1 F1372 X147.484 Y91.838 E898.92439
G1 F1473.8 X147.536 Y91.082 E899.01674
G1 F1575.3 X147.543 Y90.336 E899.1018
G1 F1564.3 X147.53 Y89.89 E899.15303
G1 F1440.8 X147.47 Y89.094 E899.25254
G1 F1295.6 X147.424 Y88.706 E899.3067
G1 F1240.8 X147.424 Y88.392 E899.35215
G1 X147.152 Y88.235 E899.39761
G1 F1322.2 X146.66 Y87.874 E899.4805
G1 F1491.7 X146.006 Y87.44 E899.57501
G1 F1592 X145.693 Y87.248 E899.61643
G1 F1566.1 X145.048 Y86.902 E899.70037
G1 F1453.2 X144.386 Y86.573 E899.79174
G1 F1367.8 X143.72 Y86.202 E899.89185
G1 F1350 X113.131 Y68.541 E904.59102
G1 F1255.8 X112.837 Y68.457 E904.63475
G1 F1049.8 X112.441 Y68.386 E904.70358
G1 F860.4 X112.017 Y68.31 E904.7935
G1 X112.224 Y68.688 E904.88346
G1 F1049.8 X112.345 Y69.017 E904.94343
G1 F1255.8 X112.465 Y69.298 E904.98713
G1 F1350 X112.618 Y69.545 E905.02579
G1 X112.75 Y69.813 E905.06553
G1 X112.862 Y70.119 E905.10888
G1 X112.95 Y70.479 E905.15819
G1 X112.992 Y70.821 E905.20403
G1 X112.996 Y71.245 E905.26044
G1 X112.971 Y71.536 E905.2993
G1 X112.903 Y71.782 E905.33326
G1 X112.759 Y72.17 E905.38832
G1 X112.631 Y72.432 E905.42711
G1 X112.357 Y72.859 E905.49461
G1 X111.898 Y73.329 E905.58201
G1 X111.381 Y73.671 E905.66448
G1 X110.792 Y73.899 E905.7485
G1 X110.525 Y73.964 E905.78506
G1 X109.806 Y74 E905.88084
G1 X109.207 Y73.898 E905.96168
G1 X108.692 Y73.701 E906.03504
G1 X108.472 Y73.577 E906.06863
G1 X107.934 Y73.184 E906.15727
G1 X107.46 Y72.62 E906.25529
G1 X107.246 Y72.187 E906.31955
G1 X107.13 Y71.862 E906.36546
G1 X107.046 Y71.497 E906.41528
G1 X107.008 Y71.181 E906.45763
G1 X107.004 Y70.885 E906.49701
G1 X107.042 Y70.525 E906.54517
G1 X107.13 Y70.145 E906.59707
G1 X107.23 Y69.855 E906.63788
G1 X107.35 Y69.595 E906.67597
G1 F1362.3 X107.517 Y69.331 E906.71716
G1 F1412.1 X107.786 Y69.016 E906.76984
G1 F1498.3 X108.037 Y68.791 E906.81025
G1 F1567.9 X108.603 Y68.43 E906.88715
G1 F1564.3 X109.036 Y68.225 E906.94215
G1 F1500 X109.314 Y68.119 E906.97778
G1 F1407.7 X109.72 Y68.007 E907.03151
G1 F1301.8 X109.998 Y67.941 E907.07093
G1 F1299.3 X110.265 Y68.005 E907.10889
G1 F1415.1 X110.737 Y68.14 E907.17119
G1 F1334 X110.964 Y68.103 E907.20216
G1 F1063 X111.404 Y68.106 E907.27651
G1 F870.4 X111.74 Y68.132 E907.34604
G1 X111.523 Y67.857 E907.41833
G1 F1074 X111.222 Y67.489 E907.49783
G1 F1352.7 X111.068 Y67.303 E907.5299
G1 F1415.1 X110.605 Y67.082 E907.59501
G1 F1299.3 X110.27 Y66.934 E907.64564
G1 F1251.2 X110 Y66.778 E907.6904
G1 X109.731 Y66.933 E907.73497
G1 F1348.7 X109.001 Y67.265 E907.84176
G1 F1500 X108.651 Y67.439 E907.88857
G1 F1564.3 X108.179 Y67.695 E907.95022
G1 F1567.9 X107.539 Y68.078 E908.03565
G1 F1454.7 X106.827 Y68.554 E908.14139
G1 F1362.3 X106.456 Y68.779 E908.1986
G1 F1350 X76.27 Y86.205 E912.8357
G1 F1251.2 X75.671 Y86.643 E912.94223
G1 F1026.6 X75.387 Y86.989 E913.02054
G1 F840.1 X75.143 Y87.285 E913.10255
G1 X75.508 Y87.32 E913.18094
G1 F1026.6 X75.949 Y87.399 E913.25933
G1 F1251.2 X76.495 Y87.474 E913.33844
G1 F1350 X76.907 Y87.546 E913.39408
G1 X77.195 Y87.627 E913.43389
G1 X77.471 Y87.734 E913.47327
G1 X77.805 Y87.917 E913.52394
G1 X78.169 Y88.181 E913.58376
G1 X78.452 Y88.448 E913.63552
G1 X78.68 Y88.728 E913.68356
G1 X78.862 Y89.013 E913.72855
G1 X79.053 Y89.401 E913.78608
G1 X79.23 Y90.116 E913.88408
G1 X79.234 Y90.821 E913.97787
G1 X79.182 Y91.128 E914.0193
G1 X78.956 Y91.756 E914.10809
G1 X78.596 Y92.343 E914.19971
G1 X78.426 Y92.546 E914.23493
G1 X77.888 Y92.989 E914.32765
G1 X77.659 Y93.132 E914.36357
G1 X77.031 Y93.37 E914.45292
G1 X76.351 Y93.489 E914.54476
G1 X75.999 Y93.464 E914.59171
G1 X75.594 Y93.396 E914.64634
G1 X75.283 Y93.308 E914.68934
G1 X74.995 Y93.192 E914.73065
G1 X74.753 Y93.068 E914.76683
G1 X74.513 Y92.916 E914.80462
G1 X74.277 Y92.731 E914.84452
G1 X73.977 Y92.442 E914.89994
G1 X73.67 Y92.022 E914.96915
G1 F1384.6 X73.46 Y91.539 E915.03747
G1 F1465.8 X73.359 Y91.138 E915.08814
G1 F1539.3 X73.317 Y90.634 E915.14714
G1 F1567.9 X73.316 Y90.343 E915.18048
G1 F1553.5 X73.343 Y89.966 E915.22418
G1 F1470.6 X73.423 Y89.507 E915.28108
G1 F1319.6 X73.596 Y88.964 E915.35864
G1 F1340.6 X74.052 Y88.478 E915.44792
G1 F1271.2 X74.16 Y88.174 E915.49351
G1 F1004.5 X74.37 Y87.815 E915.56787
G1 F856.6 X74.508 Y87.609 E915.61986
G1 X74.257 Y87.65 E915.67319
G1 F1004.5 X73.844 Y87.721 E915.74812
G1 F1271.2 X73.461 Y87.787 E915.80303
G1 F1340.6 X72.845 Y88.234 E915.90499
G1 F1239.7 X72.572 Y88.392 E915.95069
G1 X72.572 Y88.706 E915.99619
G1 F1319.6 X72.506 Y89.314 E916.07942
G1 F1470.6 X72.467 Y89.925 E916.1542
G1 F1557.1 X72.456 Y90.48 E916.21823
G1 F1544.6 X72.474 Y91.214 E916.3036
G1 F1427.1 X72.528 Y92.287 E916.43881
G1 F1350 X72.528 Y127.866 E921.17226
G1 F1440.8 X72.465 Y128.941 E921.3065
G1 F1566.1 X72.453 Y129.389 E921.3579
G1 F1573.4 X72.46 Y129.982 E921.42559
G1 F1448.5 X72.526 Y130.906 E921.54045
G1 F1295.6 X72.572 Y131.291 E921.5942
G1 F1240.8 X72.572 Y131.604 E921.63951
G1 X72.843 Y131.761 E921.68485
G1 F1338 X73.458 Y132.207 E921.78683
G1 F1496.7 X73.872 Y132.479 E921.84627
G1 F1569.8 X74.405 Y132.803 E921.91764
G1 F1558.9 X74.955 Y133.099 E921.9896
G1 F1433.1 X75.931 Y133.594 E922.12675
G1 F1350 X106.52 Y151.257 E926.82605
G1 F1290.6 X106.95 Y151.452 E926.89176
G1 F1094 X107.342 Y151.517 E926.95699
G1 F863.7 X107.865 Y151.602 E927.06717
G1 X107.655 Y151.15 E927.17081
G1 F1094 X107.528 Y150.773 E927.23612
G1 F1290.6 X107.246 Y150.187 E927.32662
G1 F1350 X107.13 Y149.862 E927.37253
G1 X107.046 Y149.497 E927.42236
G1 X107.008 Y149.181 E927.4647
G1 X107.004 Y148.885 E927.50408
G1 X107.042 Y148.525 E927.55225
G1 X107.13 Y148.145 E927.60414
G1 X107.23 Y147.855 E927.64495
G1 X107.35 Y147.595 E927.68305
G1 X107.51 Y147.326 E927.72469
G1 X107.86 Y146.871 E927.80106
G1 X108.059 Y146.692 E927.83667
G1 X108.624 Y146.332 E927.9258
G1 X109.175 Y146.105 E928.00508
G1 X109.852 Y145.979 E928.09669
G1 X110.146 Y145.987 E928.13582
G1 X110.79 Y146.1 E928.22281
G1 X111.39 Y146.329 E928.30825
G1 X111.699 Y146.511 E928.35596
G1 X112.184 Y146.943 E928.44237
G1 X112.465 Y147.298 E928.50261
G1 X112.618 Y147.545 E928.54126
G1 X112.75 Y147.813 E928.58101
G1 X112.861 Y148.119 E928.62431
G1 X112.949 Y148.479 E928.67362
G1 X112.992 Y148.821 E928.71947
G1 X112.996 Y149.245 E928.77589
G1 X112.903 Y149.783 E928.84852
G1 X112.759 Y150.17 E928.90346
G1 X112.631 Y150.432 E928.94225
G1 X112.48 Y150.68 E928.98088
G1 F1387.5 X112.265 Y150.914 E929.02202
G1 F1456.3 X111.926 Y151.227 E929.07892
G1 F1518.6 X111.323 Y151.615 E929.16373
G1 F1534.1 X110.849 Y151.82 E929.22419
G1 F1439.2 X110.41 Y151.963 E929.28181
G1 F1299.3 X109.971 Y152.04 E929.34342
G1 F1303.1 X109.623 Y151.962 E929.39257
G1 F1413.6 X109.339 Y151.886 E929.42992
G1 F1481.9 X109.175 Y151.828 E929.45101
G1 F1430.1 X109.067 Y151.844 E929.46472
G1 F1214 X108.742 Y151.846 E929.5128
G1 F1002.2 X108.45 Y151.836 E929.56516
G1 F849.1 X108.16 Y151.792 E929.62721
G1 X108.334 Y152.038 E929.69094
G1 F1002.2 X108.532 Y152.287 E929.74795
G1 F1272.4 X108.82 Y152.642 E929.81248
G1 F1440.8 X109.291 Y152.869 E929.87766
G1 F1303.1 X109.727 Y153.057 E929.9431
G1 F1236.3 X110 Y153.215 E929.98893
G1 F1500 E923.48893
G0 F7500 X110 Y152.591
G0 X112.579 Y151.268
G0 X144.11 Y133.107
G0 X144.784 Y132.733
G1 F1500 E929.98893
G1 F777.6 X145.236 Y132.511 E930.10523
G1 F1500 E923.60523
G0 F7500 X144.11 Y133.107
G0 X145.808 Y131.032
G0 X147.088 Y128.93
G0 X147.086 Y128.514
G0 X147.097 Y91.431
G0 X147.101 Y91.042
G0 X145.125 Y92.699
G0 X142.443 Y93.624
G0 X142.966 Y93.388
G1 F1500 E930.10523
G1 F1350 X142.558 Y93.239 E930.16302
G1 X142.26 Y93.085 E930.20765
G1 X141.777 Y92.738 E930.28677
G1 X141.563 Y92.521 E930.32732
G1 X141.228 Y92.107 E930.39817
G1 X140.949 Y91.536 E930.48272
G1 X140.783 Y90.851 E930.57649
G1 X140.781 Y90.212 E930.6615
G1 X140.934 Y89.497 E930.75878
G1 X141.134 Y89.078 E930.82055
G1 X141.286 Y88.826 E930.8597
G1 X141.534 Y88.494 E930.91483
G1 X141.701 Y88.305 E930.94839
G1 X141.926 Y88.128 E930.98647
G1 X142.283 Y87.9 E931.04283
G1 X142.524 Y87.775 E931.07895
G1 X142.787 Y87.667 E931.11677
G1 X143.083 Y87.58 E931.15782
G1 X143.495 Y87.505 E931.21353
G1 F1367.8 X144.039 Y87.517 E931.28498
G1 F1446.9 X144.54 Y87.643 E931.34911
G1 F1539.3 X145.211 Y87.932 E931.43435
G1 F1571.6 X145.509 Y88.132 E931.47536
G1 F1539.3 X145.826 Y88.385 E931.52269
G1 F1459.5 X146.043 Y88.576 E931.55826
G1 F1322.2 X146.403 Y88.967 E931.63046
G1 F1295.6 X146.524 Y89.314 E931.6814
G1 F1407.7 X146.599 Y89.629 E931.72271
G1 F1501.7 X146.665 Y89.994 E931.76708
G1 F1564.3 X146.693 Y90.336 E931.80647
G1 F1582.6 X146.693 Y90.931 E931.874
G1 F1528.9 X146.632 Y91.266 E931.914
G1 F1437.7 X146.516 Y91.665 E931.96591
G1 F1372 X146.413 Y91.917 E932.00155
G1 F1350 X146.264 Y92.165 E932.04004
G1 X146.061 Y92.432 E932.08466
G1 X145.805 Y92.701 E932.13406
G1 X145.539 Y92.921 E932.17999
G1 X145.275 Y93.093 E932.22191
G1 X144.997 Y93.236 E932.2635
G1 X144.645 Y93.372 E932.3137
G1 X144.338 Y93.462 E932.35627
G1 X143.557 Y93.505 E932.46033
G1 X142.966 Y93.388 E932.54048
G0 F7500 X142.443 Y93.624
G0 X143.527 Y93.088
G0 X143.63 Y92.499
;TYPE:WALL-OUTER
G1 F1350 X143.239 Y92.426 E932.5934
G1 X142.852 Y92.276 E932.64862
G1 X142.385 Y91.941 E932.72508
G1 X142.079 Y91.563 E932.78978
G1 X141.9 Y91.203 E932.84327
G1 X141.784 Y90.728 E932.90832
G1 X141.785 Y90.288 E932.96686
G1 X141.889 Y89.825 E933.02999
G1 X142.057 Y89.463 E933.08309
G1 X142.408 Y89.007 E933.15964
G1 X142.822 Y88.742 E933.22504
G1 X143.209 Y88.574 E933.28117
G1 X143.768 Y88.471 E933.35679
G1 X144.32 Y88.573 E933.43147
G1 X144.842 Y88.781 E933.50623
G1 X145.239 Y89.131 E933.57664
G1 X145.487 Y89.468 E933.63231
G1 X145.653 Y89.803 E933.68205
G1 X145.769 Y90.278 E933.7471
G1 X145.761 Y90.87 E933.82587
G1 X145.576 Y91.369 E933.89667
G1 X145.377 Y91.701 E933.94817
G1 X145.044 Y92.05 E934.01234
G1 X144.682 Y92.286 E934.06983
G1 X144.21 Y92.468 E934.13713
G1 X143.63 Y92.499 E934.21441
G1 F1500 E927.71441
G0 F7500 X143.527 Y93.088
G0 X142.595 Y92.757
G0 X142.341 Y92.537
G0 X140.466 Y91.667
G0 X129.138 Y95.517
G0 X125.86 Y95.999
G1 F1500 E934.21441
G1 F1350 X125.511 Y95.937 E934.26157
G1 F1330 X125.067 Y95.788 E934.32481
G1 F1278.4 X124.616 Y95.497 E934.40021
G1 F1244.2 X124.302 Y95.137 E934.46917
G1 F1270 X124.125 Y94.747 E934.52974
G1 F1314.5 X124.009 Y94.218 E934.60373
G1 F1338 X124.003 Y93.803 E934.65945
G1 F1350 X124.125 Y93.303 E934.72792
G1 X124.278 Y92.968 E934.77692
G1 X124.614 Y92.519 E934.85153
G1 X125.083 Y92.218 E934.92567
G1 X125.438 Y92.076 E934.97654
G1 X125.993 Y91.973 E935.05163
G1 X126.54 Y92.074 E935.12564
G1 X127.05 Y92.272 E935.19842
G1 X127.459 Y92.631 E935.27082
G1 X127.705 Y92.956 E935.32505
G1 X127.881 Y93.324 E935.37932
G1 X127.991 Y93.799 E935.44419
G1 X127.995 Y94.354 E935.51803
G1 X127.811 Y94.848 E935.58816
G1 X127.585 Y95.216 E935.64561
G1 X127.268 Y95.55 E935.70688
G1 X126.921 Y95.775 E935.7619
G1 X126.447 Y95.964 E935.82979
G1 X125.86 Y95.999 E935.90802
G1 F1500 E929.40802
G0 F7500 X126.792 Y97.561
G0 X124.243 Y95.846
G0 X119.528 Y91.303
G0 X110.437 Y74.47
G0 X109.843 Y72.995
G1 F1500 E935.90802
G1 F1350 X109.436 Y72.917 E935.96315
G1 X109.087 Y72.781 E936.01299
G1 X108.605 Y72.434 E936.092
G1 X108.305 Y72.066 E936.15517
G1 X108.117 Y71.693 E936.21074
G1 X108.009 Y71.224 E936.27477
G1 X108.003 Y70.807 E936.33025
G1 X108.115 Y70.324 E936.39621
G1 X108.281 Y69.964 E936.44896
G1 X108.607 Y69.528 E936.52138
G1 X109.065 Y69.231 E936.59401
G1 X109.435 Y69.074 E936.64748
G1 X109.993 Y68.971 E936.72297
G1 X110.519 Y69.069 E936.79415
G1 X111.066 Y69.281 E936.8722
G1 X111.462 Y69.632 E936.9426
G1 X111.699 Y69.941 E936.99441
G1 X111.877 Y70.304 E937.0482
G1 X111.991 Y70.772 E937.11228
G1 X111.997 Y71.328 E937.18626
G1 X111.804 Y71.871 E937.26292
G1 X111.595 Y72.204 E937.31523
G1 X111.246 Y72.564 E937.38194
G1 X110.906 Y72.786 E937.43596
G1 X110.429 Y72.969 E937.50393
G1 X109.843 Y72.995 E937.58197
G1 F1500 E931.08197
G0 F7500 X108.662 Y74.122
G0 X108.248 Y74.028
G0 X100.365 Y91.356
G0 X94.425 Y95.968
G1 F1500 E937.58197
G1 F1336.6 X93.855 Y95.999 E937.65867
G1 F1350 X93.46 Y95.927 E937.71209
G1 X93.075 Y95.775 E937.76716
G1 X92.628 Y95.455 E937.84029
G1 X92.299 Y95.064 E937.90828
G1 X92.111 Y94.66 E937.96756
G1 X92.009 Y94.201 E938.03012
G1 X92.007 Y93.802 E938.0832
G1 X92.114 Y93.334 E938.14707
G1 X92.277 Y92.976 E938.1994
G1 X92.611 Y92.526 E938.27396
G1 X93.065 Y92.23 E938.34606
G1 X93.439 Y92.076 E938.39987
G1 X93.99 Y91.973 E938.47445
G1 X94.541 Y92.072 E938.54893
G1 X95.055 Y92.271 E938.62226
G1 X95.436 Y92.608 E938.68993
G1 X95.685 Y92.925 E938.74356
G1 X95.881 Y93.322 E938.80246
G1 X95.991 Y93.772 E938.86409
G1 X95.997 Y94.347 E938.94059
G1 F1326.1 X95.793 Y94.918 E939.02271
G1 F1279.6 X95.604 Y95.25 E939.07634
G1 F1255.8 X95.259 Y95.602 E939.14683
G1 F1273.6 X94.932 Y95.793 E939.20023
G1 F1309.4 X94.425 Y95.968 E939.2738
G1 F1500 E932.7738
G0 F7500 X93.226 Y97.531
G0 X91.008 Y95.781
G0 X79.399 Y91.987
G0 X76.799 Y92.393
G1 F1500 E939.2738
G1 F1350 X76.251 Y92.492 E939.34789
G1 X75.711 Y92.402 E939.42072
G1 X75.324 Y92.246 E939.47623
G1 X75.006 Y92.044 E939.52635
G1 X74.606 Y91.661 E939.60003
G1 X74.297 Y91.032 E939.69326
G1 X74.237 Y90.487 E939.76621
G1 X74.286 Y89.975 E939.83464
G1 X74.527 Y89.431 E939.9138
G1 X74.829 Y89.046 E939.97889
G1 X75.233 Y88.721 E940.04788
G1 X75.687 Y88.544 E940.1127
G1 X76.235 Y88.444 E940.18681
G1 X76.784 Y88.54 E940.26096
G1 X77.165 Y88.689 E940.31539
G1 X77.635 Y89.029 E940.39256
G1 X77.941 Y89.406 E940.45716
G1 X78.121 Y89.779 E940.51226
G1 X78.232 Y90.242 E940.57561
G1 X78.236 Y90.813 E940.65157
G1 X78.05 Y91.319 E940.7233
G1 X77.755 Y91.803 E940.79871
G1 X77.264 Y92.21 E940.88355
G1 X76.799 Y92.393 E940.95003
G1 F1500 E934.45003
G0 F7500 X77.059 Y93.773
G0 X73.071 Y91.738
G0 X72.914 Y91.175
G0 X72.994 Y128.262
G0 X76.346 Y126.029
G0 X78.079 Y127.757
G0 X78.385 Y128.155
G0 X78.615 Y128.623
G0 X78.755 Y129.215
G0 X78.76 Y129.939
G0 X78.518 Y130.603
G0 X78.258 Y131.032
G0 X76.193 Y132.95
G0 X75.444 Y132.828
G0 X76.186 Y133.279
G0 X76.659 Y131.468
G1 F1500 E940.95003
G1 F1350 X76.085 Y131.499 E941.02651
G1 X75.688 Y131.429 E941.08014
G1 X75.29 Y131.27 E941.13716
G1 X74.839 Y130.948 E941.21089
G1 X74.526 Y130.566 E941.27659
G1 X74.34 Y130.191 E941.33228
G1 X74.239 Y129.747 E941.39286
G1 X74.226 Y129.31 E941.45102
G1 X74.341 Y128.82 E941.51798
G1 X74.502 Y128.468 E941.56948
G1 X74.838 Y128.019 E941.64409
G1 X75.27 Y127.742 E941.71236
G1 X75.657 Y127.574 E941.76849
G1 X76.217 Y127.471 E941.84424
G1 X76.767 Y127.575 E941.91871
G1 X77.274 Y127.772 E941.99108
G1 X77.661 Y128.109 E942.05935
G1 X77.909 Y128.424 E942.11269
G1 X78.106 Y128.827 E942.17237
G1 X78.215 Y129.297 E942.23655
G1 X78.221 Y129.833 E942.30787
G1 X78.028 Y130.369 E942.38366
G1 X77.825 Y130.701 E942.43543
G1 X77.495 Y131.052 E942.49953
G1 X77.128 Y131.286 E942.55743
G1 X76.659 Y131.468 E942.62436
G1 F1500 E936.12436
G0 F7500 X76.186 Y133.279
G0 X88.856 Y140.503
G0 X93.848 Y129.484
G0 X94.433 Y127.966
G1 F1500 E942.62436
G1 F1350 X93.857 Y127.996 E942.7011
G1 X93.468 Y127.93 E942.75359
G1 X93.098 Y127.787 E942.80636
G1 X92.601 Y127.429 E942.88785
G1 X92.31 Y127.074 E942.94892
G1 X92.124 Y126.703 E943.00414
G1 X92.009 Y126.197 E943.07317
G1 X92.005 Y125.822 E943.12306
G1 X92.117 Y125.317 E943.19188
G1 X92.279 Y124.973 E943.24247
G1 X92.6 Y124.536 E943.31461
G1 X93.046 Y124.242 E943.38568
G1 X93.433 Y124.074 E943.4418
G1 X93.993 Y123.971 E943.51756
G1 F1340.6 X94.587 Y124.083 E943.59854
G1 F1308.1 X95.101 Y124.257 E943.67304
G1 F1277.2 X95.474 Y124.599 E943.74421
G1 F1251.2 X95.707 Y124.876 E943.79617
G1 F1264 X95.872 Y125.245 E943.8536
G1 F1308.1 X95.991 Y125.776 E943.92831
G1 F1336.6 X95.998 Y126.346 E944.00491
G1 F1350 X95.802 Y126.873 E944.07972
G1 X95.61 Y127.183 E944.12823
G1 X95.265 Y127.553 E944.19553
G1 X94.91 Y127.784 E944.25188
G1 X94.433 Y127.966 E944.3198
G1 F1500 E937.8198
G0 F7500 X95.457 Y129.075
G0 X97.386 Y126.758
G0 X101.945 Y129.3
G0 X109.473 Y130.091
G0 X109.502 Y129.492
G1 F1500 E944.3198
G1 F1350 X108.531 Y129.442 E944.44916
G1 X107.57 Y129.347 E944.57763
G1 X106.592 Y129.201 E944.70919
G1 X105.661 Y129.009 E944.83565
G1 X104.703 Y128.766 E944.96714
G1 X103.765 Y128.475 E945.0978
G1 X102.87 Y128.149 E945.22453
G1 X101.971 Y127.771 E945.35427
G1 X101.079 Y127.343 E945.4859
G1 X100.214 Y126.866 E945.61732
G1 X99.423 Y126.384 E945.74055
G1 X98.598 Y125.82 E945.8735
G1 X97.902 Y125.296 E945.98941
G1 F1289.4 X96.513 Y124.144 E946.24077
G1 F1240.8 X95.891 Y123.514 E946.36892
G1 F1261.7 X95.694 Y123.293 E946.41107
G1 F1313.2 X95.244 Y122.742 E946.50836
G1 F1350 X95.053 Y122.524 E946.54692
G1 X94.437 Y121.752 E946.67832
G1 X93.901 Y121.004 E946.80074
G1 X93.346 Y120.146 E946.93669
G1 X92.863 Y119.305 E947.06572
G1 X92.427 Y118.457 E947.19258
G1 X92.027 Y117.561 E947.32312
G1 X91.665 Y116.647 E947.45391
G1 X91.366 Y115.747 E947.58008
G1 X91.101 Y114.798 E947.71117
G1 X90.879 Y113.841 E947.84187
G1 X90.716 Y112.893 E947.96984
G1 X90.593 Y111.942 E948.09741
G1 X90.52 Y110.955 E948.22908
G1 X90.5 Y110.011 E948.3547
G1 X90.521 Y109.012 E948.48764
G1 X90.599 Y108.021 E948.61989
G1 X90.715 Y107.105 E948.74273
G1 X90.885 Y106.126 E948.87492
G1 X91.106 Y105.178 E949.00443
G1 X91.368 Y104.232 E949.13502
G1 X91.675 Y103.323 E949.26267
G1 X92.035 Y102.415 E949.39262
G1 X92.443 Y101.507 E949.52505
G1 X92.874 Y100.67 E949.6503
G1 X93.346 Y99.85 E949.77618
G1 X93.891 Y99.004 E949.91006
G1 X94.452 Y98.224 E950.03789
G1 X95.07 Y97.451 E950.16956
G1 X95.344 Y97.14 E950.2247
G1 F1319.6 X95.697 Y96.706 E950.30084
G1 F1271.2 X95.959 Y96.416 E950.35606
G1 F1255.8 X96.371 Y95.998 E950.44
G1 F1303.1 X97.865 Y94.733 E950.70981
G1 F1350 X98.597 Y94.177 E950.83211
G1 X99.437 Y93.608 E950.96709
G1 X100.271 Y93.097 E951.09721
G1 X101.105 Y92.64 E951.22374
G1 X101.992 Y92.219 E951.35436
G1 X102.893 Y91.837 E951.48456
G1 X103.787 Y91.514 E951.61102
G1 X104.729 Y91.223 E951.74219
G1 X105.685 Y90.981 E951.87339
G1 X106.604 Y90.797 E951.99808
G1 X107.581 Y90.647 E952.12958
G1 X108.554 Y90.552 E952.25965
G1 X109.528 Y90.503 E952.38939
G1 X110.498 Y90.504 E952.51844
G1 X111.465 Y90.554 E952.64726
G1 X112.431 Y90.649 E952.7764
G1 X113.415 Y90.801 E952.90886
G1 X114.34 Y90.987 E953.03439
G1 X115.293 Y91.23 E953.16523
G1 X116.23 Y91.521 E953.29577
G1 X117.132 Y91.847 E953.42337
G1 X118.028 Y92.228 E953.5529
G1 X118.917 Y92.653 E953.68399
G1 X119.746 Y93.109 E953.80987
G1 X120.593 Y93.63 E953.94217
G1 X121.399 Y94.177 E954.07176
G1 X122.131 Y94.733 E954.19405
G1 F1338 X122.927 Y95.387 E954.33234
G1 F1280.8 X123.51 Y95.88 E954.43941
G1 F1248.8 X123.949 Y96.327 E954.52951
G1 F1280.8 X124.294 Y96.71 E954.60179
G1 F1327.4 X124.607 Y97.089 E954.6683
G1 F1350 X124.928 Y97.452 E954.73277
G1 X125.559 Y98.244 E954.86749
G1 X126.105 Y99.004 E954.99199
G1 X126.637 Y99.828 E955.12248
G1 X127.133 Y100.691 E955.2549
G1 X127.564 Y101.529 E955.38027
G1 X127.974 Y102.437 E955.51282
G1 X128.33 Y103.348 E955.64294
G1 X128.63 Y104.24 E955.76815
G1 X128.9 Y105.2 E955.90082
G1 X129.117 Y106.152 E956.03072
G1 X129.285 Y107.105 E956.15947
G1 X129.401 Y108.021 E956.2823
G1 X129.476 Y109.041 E956.41837
G1 X129.496 Y110.011 E956.54745
G1 X129.475 Y110.982 E956.67666
G1 X129.401 Y111.967 E956.80808
G1 X129.281 Y112.915 E956.9352
G1 X129.112 Y113.868 E957.06397
G1 X128.894 Y114.819 E957.19377
G1 X128.626 Y115.773 E957.32561
G1 X128.322 Y116.671 E957.45174
G1 X127.964 Y117.582 E957.58196
G1 X127.557 Y118.481 E957.71325
G1 X127.122 Y119.326 E957.83969
G1 X126.65 Y120.146 E957.96557
G1 X126.095 Y121.004 E958.10151
G1 X125.544 Y121.772 E958.22727
G1 X124.927 Y122.543 E958.35864
G1 F1347.3 X124.575 Y122.946 E958.42997
G1 F1320.9 X124.282 Y123.3 E958.49245
G1 F1278.4 X123.999 Y123.615 E958.55194
G1 F1267.6 X123.824 Y123.784 E958.58641
G1 F1266.4 X123.626 Y123.998 E958.62776
G1 F1301.8 X122.893 Y124.628 E958.76111
G1 F1350 X122.129 Y125.268 E958.8937
G1 X121.398 Y125.82 E959.01557
G1 X120.573 Y126.384 E959.14852
G1 X119.725 Y126.899 E959.28052
G1 X118.893 Y127.355 E959.40674
G1 X118.017 Y127.777 E959.5361
G1 X117.106 Y128.159 E959.66753
G1 X116.209 Y128.482 E959.79437
G1 X115.268 Y128.773 E959.92541
G1 X114.333 Y129.011 E960.05377
G1 X113.39 Y129.203 E960.1818
G1 X112.401 Y129.35 E960.31482
G1 X111.442 Y129.444 E960.44302
G1 X110.472 Y129.492 E960.57222
G1 X109.502 Y129.492 E960.70127
G1 F1500 E954.20127
G0 F7500 X109.473 Y130.091
G0 X117.729 Y129.506
G0 X122.613 Y126.753
G0 X124.58 Y129.09
G0 X125.836 Y127.994
G1 F1500 E960.70127
G1 F1350 X125.467 Y127.929 E960.75112
G1 X125.073 Y127.778 E960.80726
G1 X124.627 Y127.454 E960.8806
G1 X124.301 Y127.066 E960.94802
G1 X124.123 Y126.7 E961.00216
G1 X124.009 Y126.222 E961.06754
G1 X124.003 Y125.805 E961.12303
G1 F1339.3 X124.13 Y125.271 E961.19663
G1 F1303.1 X124.289 Y124.908 E961.25126
G1 F1274.8 X124.621 Y124.469 E961.3288
G1 F1286.9 X125.067 Y124.211 E961.40071
G1 F1326.1 X125.434 Y124.074 E961.45377
G1 F1348.7 X125.992 Y123.971 E961.52933
G1 F1350 X126.543 Y124.073 E961.60388
G1 X127.055 Y124.272 E961.67696
G1 X127.462 Y124.631 E961.74917
G1 X127.713 Y124.97 E961.80528
G1 X127.877 Y125.304 E961.85479
G1 X127.986 Y125.758 E961.9169
G1 X127.996 Y126.349 E961.99554
G1 X127.813 Y126.842 E962.0655
G1 X127.599 Y127.204 E962.12145
G1 X127.264 Y127.549 E962.18543
G1 X126.908 Y127.782 E962.24203
G1 X126.445 Y127.964 E962.30822
G1 X125.836 Y127.994 E962.38934
G1 F1500 E955.88934
G0 F7500 X124.58 Y129.09
G0 X126.175 Y128.617
G0 X129.148 Y127.498
G0 X140.302 Y129.963
G0 X142.855 Y131.281
G1 F1500 E962.38934
G1 F1350 X142.385 Y130.948 E962.46597
G1 X142.075 Y130.562 E962.53183
G1 X141.896 Y130.191 E962.58664
G1 X141.781 Y129.699 E962.65386
G1 X141.78 Y129.334 E962.70242
G1 X141.885 Y128.838 E962.76987
G1 X142.057 Y128.468 E962.82415
G1 X142.394 Y128.015 E962.89927
G1 X142.868 Y127.716 E962.97383
G1 X143.211 Y127.577 E963.02306
G1 X143.768 Y127.471 E963.0985
G1 X144.317 Y127.573 E963.17279
G1 X144.829 Y127.77 E963.24577
G1 X145.238 Y128.132 E963.31844
G1 X145.475 Y128.441 E963.37025
G1 X145.653 Y128.804 E963.42403
G1 X145.769 Y129.277 E963.48883
G1 X145.761 Y129.87 E963.56773
G1 X145.576 Y130.369 E963.63853
G1 X145.377 Y130.702 E963.69014
G1 X145.042 Y131.048 E963.75421
G1 X144.668 Y131.29 E963.81348
G1 X144.211 Y131.468 E963.87873
G1 X143.637 Y131.499 E963.9552
G1 X143.243 Y131.429 E964.00844
G1 X142.855 Y131.281 E964.06369
G1 F1500 E957.56369
G0 F7500 X142.493 Y132.643
G0 X144.181 Y132.962
G0 X112.579 Y151.268
G0 X109.93 Y152.596
G0 X109.858 Y150.999
G1 F1500 E964.06369
G1 F1350 X109.453 Y150.923 E964.11851
G1 X109.066 Y150.769 E964.17392
G1 X108.615 Y150.448 E964.24757
G1 X108.3 Y150.064 E964.31365
G1 X108.116 Y149.691 E964.36898
G1 X108.009 Y149.224 E964.43272
G1 X108.003 Y148.807 E964.48821
G1 X108.115 Y148.324 E964.55417
G1 X108.282 Y147.963 E964.60709
G1 X108.618 Y147.518 E964.68127
G1 X109.11 Y147.208 E964.75864
G1 X109.43 Y147.078 E964.80459
G1 X110.002 Y146.973 E964.88196
G1 X110.507 Y147.066 E964.95028
G1 X111.051 Y147.268 E965.02748
G1 X111.46 Y147.628 E965.09997
G1 X111.699 Y147.941 E965.15236
G1 X111.877 Y148.304 E965.20615
G1 X111.991 Y148.772 E965.27023
G1 X111.997 Y149.349 E965.347
G1 X111.803 Y149.872 E965.42121
G1 X111.599 Y150.204 E965.47305
G1 X111.266 Y150.548 E965.53675
G1 X110.93 Y150.769 E965.59026
G1 X110.438 Y150.968 E965.66086
G1 X109.858 Y150.999 E965.73814
G1 F1500 E959.23814
G0 F7500 X109.93 Y152.596
G0 X110 Y154.422
G1 F1500 E965.73814
G1 F1350 X148.468 Y132.207 E971.64803
G1 X148.468 Y87.789 E977.55743
G1 X110 Y65.578 E983.46706
G1 X71.528 Y87.789 E989.37715
G1 X71.528 Y132.207 E995.28654
G1 X110 Y154.422 E1001.1969
G1 F1500 E994.6969
G0 F7500 X110 Y152.591
G0 X108.243 Y150.846
G0 X107.845 Y150.355
G0 X107.61 Y149.877
G0 X107.47 Y149.285
G0 X107.466 Y148.752
G0 X107.602 Y148.145
G0 X107.82 Y147.689
G0 X108.24 Y147.125
G0 X108.837 Y146.737
G0 X109.294 Y146.555
G0 X109.847 Y146.453
G0 X109.823 Y145.481
G0 X109.823 Y130.972
G0 X109.453 Y131.392
;TYPE:SKIN
G1 F1500 E1001.1969
G1 F1350 X110.543 Y131.392 E1001.34191
G1 X111.583 Y131.336 E1001.48047
G1 X112.589 Y131.238 E1001.61495
G1 X113.668 Y131.083 E1001.75997
G1 X114.753 Y130.862 E1001.90728
G1 X115.727 Y130.617 E1002.0409
G1 X116.764 Y130.298 E1002.18525
G1 X117.749 Y129.947 E1002.32436
G1 X118.799 Y129.505 E1002.47593
G1 X119.705 Y129.071 E1002.60958
G1 X120.644 Y128.559 E1002.75187
G1 X121.56 Y128.004 E1002.89436
G1 X122.37 Y127.452 E1003.02476
G1 X122.568 Y127.852 E1003.08414
G1 X122.72 Y128.113 E1003.12432
G1 X123.087 Y128.586 E1003.20397
G1 X123.407 Y128.921 E1003.26561
G1 X123.984 Y129.335 E1003.36009
G1 X124.345 Y129.538 E1003.41519
G1 X125.016 Y129.776 E1003.50991
G1 X125.738 Y129.903 E1003.60744
G1 X126.651 Y129.854 E1003.72908
G1 X127.074 Y129.758 E1003.78679
G1 X127.747 Y129.489 E1003.88321
G1 X128.284 Y129.152 E1003.96755
G1 X128.55 Y128.956 E1004.01151
G1 X129.135 Y128.329 E1004.1256
G1 X129.531 Y127.676 E1004.2272
G1 X129.833 Y126.842 E1004.34521
G1 X129.892 Y126.414 E1004.40269
G1 X129.888 Y125.588 E1004.51258
G1 X129.715 Y124.825 E1004.61667
G1 X129.601 Y124.506 E1004.66173
G1 X129.316 Y123.937 E1004.7464
G1 X128.961 Y123.465 E1004.82497
G1 X128.717 Y123.205 E1004.87241
G1 X128.329 Y122.869 E1004.9407
G1 X127.854 Y122.553 E1005.0166
G1 X127.439 Y122.385 E1005.07616
G1 X127.691 Y122.037 E1005.13332
G1 X128.286 Y121.106 E1005.28032
G1 X128.778 Y120.254 E1005.41121
G1 X129.269 Y119.306 E1005.55325
G1 X129.716 Y118.319 E1005.6974
G1 X130.106 Y117.323 E1005.8397
G1 X130.443 Y116.315 E1005.9811
G1 X130.722 Y115.333 E1006.11692
G1 X130.988 Y114.172 E1006.27538
G1 X131.149 Y113.246 E1006.40042
G1 X131.287 Y112.171 E1006.54462
G1 X131.367 Y111.135 E1006.68286
G1 X131.396 Y110.05 E1006.82726
G1 X131.375 Y108.974 E1006.97044
G1 X131.295 Y107.902 E1007.11345
G1 X131.173 Y106.887 E1007.24946
G1 X130.981 Y105.796 E1007.39684
G1 X130.752 Y104.781 E1007.53527
G1 X130.438 Y103.66 E1007.69015
G1 X130.111 Y102.681 E1007.82747
G1 X129.742 Y101.741 E1007.96182
G1 X129.309 Y100.771 E1008.10314
G1 X128.795 Y99.767 E1008.2532
G1 X128.241 Y98.812 E1008.40008
G1 X127.644 Y97.891 E1008.5461
G1 X127.443 Y97.611 E1008.59196
G1 X127.814 Y97.461 E1008.6452
G1 X128.251 Y97.174 E1008.71475
G1 X128.543 Y96.956 E1008.76323
G1 X128.922 Y96.57 E1008.8352
G1 X129.19 Y96.245 E1008.89125
G1 X129.517 Y95.699 E1008.97592
G1 X129.764 Y95.051 E1009.06818
G1 X129.892 Y94.551 E1009.13684
G1 X129.884 Y93.526 E1009.27322
G1 X129.665 Y92.637 E1009.39502
G1 X129.307 Y91.927 E1009.50081
G1 X129.001 Y91.516 E1009.56898
G1 X128.817 Y91.299 E1009.60683
G1 X128.233 Y90.774 E1009.71131
G1 X127.846 Y90.542 E1009.77134
G1 X127.003 Y90.223 E1009.89125
G1 X126.195 Y90.083 E1010.00035
G1 X125.73 Y90.094 E1010.06223
G1 X125.15 Y90.19 E1010.14045
G1 X124.771 Y90.29 E1010.19259
G1 X124.182 Y90.535 E1010.27746
G1 X123.661 Y90.871 E1010.35994
G1 X123.321 Y91.132 E1010.41697
G1 X123.051 Y91.434 E1010.47086
G1 X122.755 Y91.829 E1010.53653
G1 X122.545 Y92.187 E1010.59175
G1 X122.379 Y92.548 E1010.64461
G1 X121.606 Y92.022 E1010.769
G1 X120.661 Y91.445 E1010.91631
G1 X119.716 Y90.929 E1011.05955
G1 X118.825 Y90.501 E1011.19106
G1 X117.771 Y90.055 E1011.34332
G1 X116.812 Y89.712 E1011.47882
G1 X115.85 Y89.41 E1011.61296
G1 X114.792 Y89.139 E1011.75827
G1 X113.731 Y88.925 E1011.90226
G1 X112.673 Y88.761 E1012.0447
G1 X111.604 Y88.658 E1012.18758
G1 X110.591 Y88.604 E1012.32254
G1 X109.534 Y88.6 E1012.46317
G1 X108.422 Y88.656 E1012.6113
G1 X107.348 Y88.758 E1012.75482
G1 X106.266 Y88.925 E1012.90048
G1 X105.262 Y89.125 E1013.03668
G1 X104.166 Y89.407 E1013.18724
G1 X103.185 Y89.709 E1013.32379
G1 X102.245 Y90.049 E1013.45678
G1 X101.225 Y90.479 E1013.60405
G1 X100.176 Y90.98 E1013.75871
G1 X99.274 Y91.478 E1013.89579
G1 X98.463 Y91.973 E1014.02219
G1 X97.615 Y92.546 E1014.15835
G1 X97.41 Y92.115 E1014.22185
G1 X97.262 Y91.867 E1014.26027
G1 X96.983 Y91.496 E1014.32203
G1 X96.737 Y91.221 E1014.37112
G1 X96.38 Y90.905 E1014.43454
G1 X95.951 Y90.588 E1014.50551
G1 X95.061 Y90.234 E1014.63294
G1 X94.252 Y90.095 E1014.74215
G1 X93.791 Y90.083 E1014.8035
G1 X93.159 Y90.191 E1014.8888
G1 X92.794 Y90.283 E1014.93888
G1 X92.414 Y90.435 E1014.99333
G1 X92.11 Y90.586 E1015.03849
G1 X91.514 Y90.968 E1015.13267
G1 X91.125 Y91.329 E1015.20327
G1 X90.649 Y91.975 E1015.31003
G1 X90.353 Y92.609 E1015.40311
G1 X90.261 Y92.91 E1015.44499
G1 X90.135 Y93.471 E1015.52148
G1 X90.105 Y93.801 E1015.56557
G1 X90.119 Y94.472 E1015.65486
G1 X90.312 Y95.321 E1015.77069
G1 X90.642 Y95.99 E1015.86993
G1 X90.819 Y96.251 E1015.91189
G1 X91.099 Y96.599 E1015.97131
G1 X91.385 Y96.892 E1016.02579
G1 X92.05 Y97.388 E1016.13616
G1 X92.544 Y97.622 E1016.20888
G1 X92.3 Y97.961 E1016.26445
G1 X91.715 Y98.873 E1016.4086
G1 X91.206 Y99.759 E1016.54454
G1 X90.751 Y100.638 E1016.67622
G1 X90.28 Y101.682 E1016.82859
G1 X89.883 Y102.674 E1016.97075
G1 X89.549 Y103.673 E1017.11089
G1 X89.278 Y104.65 E1017.24577
G1 X89.033 Y105.685 E1017.38728
G1 X88.831 Y106.863 E1017.54629
G1 X88.712 Y107.775 E1017.66865
G1 X88.621 Y108.966 E1017.82756
G1 X88.6 Y110.051 E1017.97194
G1 X88.62 Y110.991 E1018.09702
G1 X88.699 Y112.119 E1018.24746
G1 X88.823 Y113.111 E1018.38046
G1 X89.007 Y114.177 E1018.52438
G1 X89.252 Y115.238 E1018.66925
G1 X89.537 Y116.277 E1018.81259
G1 X89.869 Y117.278 E1018.95289
G1 X90.287 Y118.33 E1019.1035
G1 X90.74 Y119.331 E1019.24967
G1 X91.215 Y120.25 E1019.3873
G1 X91.706 Y121.106 E1019.51859
G1 X92.286 Y122.014 E1019.66193
G1 X92.552 Y122.383 E1019.72245
G1 X92.178 Y122.541 E1019.77646
G1 X91.666 Y122.867 E1019.85722
G1 X91.391 Y123.076 E1019.90317
G1 X91.037 Y123.453 E1019.97197
G1 X90.785 Y123.785 E1020.02742
G1 X90.562 Y124.137 E1020.08286
G1 X90.296 Y124.749 E1020.17164
G1 X90.13 Y125.485 E1020.27202
G1 X90.104 Y125.812 E1020.31566
G1 X90.113 Y126.443 E1020.39962
G1 X90.303 Y127.287 E1020.51471
G1 X90.577 Y127.87 E1020.60041
G1 X90.734 Y128.134 E1020.64128
G1 X91.095 Y128.594 E1020.71907
G1 X91.42 Y128.92 E1020.78032
G1 X92.066 Y129.39 E1020.8866
G1 X92.416 Y129.562 E1020.93848
G1 X92.921 Y129.744 E1021.0099
G1 X93.449 Y129.855 E1021.08168
G1 X93.833 Y129.904 E1021.13318
G1 X94.616 Y129.851 E1021.23759
G1 X94.982 Y129.777 E1021.28727
G1 X95.686 Y129.519 E1021.38702
G1 X95.955 Y129.368 E1021.42806
G1 X96.298 Y129.141 E1021.48278
G1 X96.611 Y128.889 E1021.53624
G1 X96.96 Y128.525 E1021.60333
G1 X97.164 Y128.272 E1021.64657
G1 X97.422 Y127.856 E1021.71169
G1 X97.615 Y127.448 E1021.77174
G1 X98.41 Y127.99 E1021.89975
G1 X99.223 Y128.487 E1022.02652
G1 X100.258 Y129.058 E1022.18378
G1 X101.193 Y129.504 E1022.3216
G1 X102.219 Y129.934 E1022.46961
G1 X103.181 Y130.283 E1022.60575
G1 X104.143 Y130.582 E1022.73978
G1 X105.216 Y130.857 E1022.88714
G1 X106.186 Y131.058 E1023.01894
G1 X107.288 Y131.227 E1023.16726
G1 X108.391 Y131.334 E1023.31469
G1 X109.453 Y131.392 E1023.45619
G1 F1500 E1016.95619
G0 F7500 X109.479 Y130.893
G0 X110.523 Y130.973
G0 X111.925 Y146.047
G0 X113.755 Y150.056
G1 F1500 E1023.45619
G1 F1350 X113.893 Y149.224 E1023.56839
G1 X113.889 Y148.747 E1023.63186
G1 X113.832 Y148.315 E1023.68983
G1 X113.739 Y147.911 E1023.74498
G1 X113.573 Y147.454 E1023.80967
G1 X113.402 Y147.105 E1023.86137
G1 X113.21 Y146.793 E1023.91011
G1 X112.922 Y146.412 E1023.97365
G1 X112.678 Y146.17 E1024.01937
G1 X112.141 Y145.711 E1024.11336
G1 X111.747 Y145.5 E1024.17282
G1 X111.059 Y145.236 E1024.27086
G1 X110.26 Y145.087 E1024.37899
G1 X109.804 Y145.08 E1024.43966
G1 X108.913 Y145.241 E1024.56012
G1 X108.214 Y145.516 E1024.66006
G1 X107.441 Y146.024 E1024.78312
G1 X107.165 Y146.291 E1024.83421
G1 X106.762 Y146.823 E1024.923
G1 X106.554 Y147.171 E1024.97694
G1 X106.393 Y147.517 E1025.02771
G1 X106.265 Y147.901 E1025.08156
G1 X106.165 Y148.316 E1025.13835
G1 X106.106 Y148.831 E1025.20731
G1 X106.107 Y149.242 E1025.26199
G1 X106.159 Y149.662 E1025.3183
G1 X106.246 Y150.055 E1025.37185
G1 X77.169 Y133.268 E1029.83867
G1 X77.428 Y133.207 E1029.87407
G1 X77.76 Y133.079 E1029.92141
G1 X78.16 Y132.878 E1029.98097
G1 X78.458 Y132.69 E1030.02785
G1 X78.879 Y132.346 E1030.10018
G1 X79.169 Y132.043 E1030.15598
G1 X79.446 Y131.684 E1030.2163
G1 X79.615 Y131.414 E1030.25868
G1 X79.81 Y131.02 E1030.31717
G1 X79.98 Y130.56 E1030.38241
G1 X80.07 Y130.251 E1030.42523
G1 X80.116 Y129.916 E1030.47021
G1 X80.105 Y129.028 E1030.58836
G1 X79.963 Y128.413 E1030.67234
G1 X79.847 Y128.045 E1030.72367
G1 X79.536 Y127.431 E1030.81524
G1 X79.046 Y126.798 E1030.92174
G1 X78.447 Y126.272 E1031.02779
G1 X78.058 Y126.033 E1031.08853
G1 X77.24 Y125.728 E1031.20468
G1 X76.377 Y125.568 E1031.32145
G1 X75.819 Y125.613 E1031.39593
G1 X75.328 Y125.703 E1031.46234
G1 X74.928 Y125.819 E1031.51775
G1 X74.636 Y125.939 E1031.55975
G1 X74.235 Y126.145 E1031.61972
G1 X73.857 Y126.385 E1031.67929
G1 X73.429 Y126.787 E1031.75741
G1 X73.429 Y93.162 E1036.2309
G1 X73.681 Y93.404 E1036.27738
G1 X74.001 Y93.652 E1036.33124
G1 X74.261 Y93.821 E1036.3725
G1 X74.659 Y94.028 E1036.43218
G1 X74.991 Y94.159 E1036.47967
G1 X75.447 Y94.282 E1036.5425
G1 X75.894 Y94.356 E1036.60278
G1 X76.327 Y94.379 E1036.66047
G1 X76.611 Y94.355 E1036.69839
G1 X77.262 Y94.242 E1036.78629
G1 X77.87 Y94.012 E1036.87277
G1 X78.379 Y93.756 E1036.94857
G1 X79.031 Y93.205 E1037.06214
G1 X79.307 Y92.89 E1037.11786
G1 X79.759 Y92.159 E1037.2322
G1 X80.077 Y91.274 E1037.35732
G1 X80.133 Y90.841 E1037.4154
G1 X80.123 Y89.998 E1037.52756
G1 X79.956 Y89.263 E1037.62784
G1 X79.808 Y88.899 E1037.68012
G1 X79.669 Y88.615 E1037.72218
G1 X79.377 Y88.161 E1037.794
G1 X79.165 Y87.893 E1037.83946
G1 X78.686 Y87.442 E1037.92699
G1 X78.338 Y87.19 E1037.98415
G1 X77.844 Y86.916 E1038.0593
G1 X77.53 Y86.79 E1038.10432
G1 X77.214 Y86.697 E1038.14814
G1 X106.257 Y69.931 E1042.60965
G1 X106.165 Y70.317 E1042.66244
G1 X106.106 Y70.83 E1042.73114
G1 X106.107 Y71.242 E1042.78596
G1 X106.159 Y71.662 E1042.84226
G1 X106.263 Y72.105 E1042.9028
G1 X106.411 Y72.529 E1042.96255
G1 X106.568 Y72.852 E1043.01033
G1 X106.78 Y73.205 E1043.06511
G1 X107.288 Y73.819 E1043.17113
G1 X108.009 Y74.349 E1043.29018
G1 X108.285 Y74.506 E1043.33242
G1 X108.956 Y74.763 E1043.42802
G1 X109.677 Y74.887 E1043.52535
G1 X110.02 Y74.892 E1043.57099
G1 X110.46 Y74.868 E1043.62961
G1 X110.927 Y74.812 E1043.69219
G1 X111.71 Y74.509 E1043.80388
G1 X111.971 Y74.361 E1043.8438
G1 X112.47 Y74.023 E1043.92398
G1 X112.933 Y73.555 E1044.01157
G1 X113.175 Y73.269 E1044.06141
G1 X113.42 Y72.864 E1044.12439
G1 X113.584 Y72.52 E1044.17509
G1 X113.745 Y72.091 E1044.23605
G1 X113.859 Y71.703 E1044.28985
G1 X113.895 Y71.266 E1044.34818
G1 X113.892 Y70.807 E1044.40925
G1 X113.833 Y70.315 E1044.47518
G1 X113.744 Y69.933 E1044.52736
G1 X142.819 Y86.72 E1048.99395
G1 X142.44 Y86.833 E1049.04657
G1 X142.189 Y86.937 E1049.08272
G1 X141.786 Y87.146 E1049.14311
G1 X141.442 Y87.366 E1049.19744
G1 X141.113 Y87.623 E1049.25298
G1 X140.833 Y87.928 E1049.30806
G1 X140.573 Y88.27 E1049.36522
G1 X140.34 Y88.648 E1049.42429
G1 X140.107 Y89.132 E1049.49576
G1 X140.02 Y89.458 E1049.54065
G1 X139.887 Y90.088 E1049.62631
G1 X139.884 Y90.95 E1049.74099
G1 X140.081 Y91.795 E1049.85643
G1 X140.344 Y92.352 E1049.93838
G1 X140.551 Y92.703 E1049.99259
G1 X140.981 Y93.222 E1050.08226
G1 X141.238 Y93.464 E1050.12922
G1 X141.868 Y93.911 E1050.23199
G1 X142.213 Y94.068 E1050.28242
G1 X142.678 Y94.241 E1050.34842
G1 X143.243 Y94.359 E1050.42521
G1 X143.588 Y94.406 E1050.47154
G1 X144.249 Y94.364 E1050.55965
G1 X144.628 Y94.312 E1050.61055
G1 X144.935 Y94.22 E1050.65319
G1 X145.36 Y94.058 E1050.7137
G1 X145.72 Y93.874 E1050.76749
G1 X146.072 Y93.641 E1050.82365
G1 X146.568 Y93.231 E1050.90926
G1 X146.568 Y126.772 E1055.37157
G1 X146.122 Y126.374 E1055.4511
G1 X145.463 Y125.973 E1055.55373
G1 X145.004 Y125.803 E1055.61885
G1 X144.66 Y125.703 E1055.66651
G1 X144.209 Y125.619 E1055.72754
G1 X143.606 Y125.568 E1055.80805
G1 X142.723 Y125.727 E1055.92742
G1 X142.027 Y126.001 E1056.02693
G1 X141.261 Y126.483 E1056.14733
G1 X140.913 Y126.825 E1056.21225
G1 X140.411 Y127.488 E1056.32289
G1 X140.091 Y128.189 E1056.4254
G1 X139.936 Y128.841 E1056.51456
G1 X139.882 Y129.196 E1056.56234
G1 X139.88 Y129.67 E1056.6254
G1 X139.911 Y130.053 E1056.67652
G1 X140.04 Y130.612 E1056.75284
G1 X140.12 Y130.879 E1056.78993
G1 X140.342 Y131.351 E1056.85932
G1 X140.595 Y131.751 E1056.92229
G1 X140.901 Y132.129 E1056.98699
G1 X141.349 Y132.544 E1057.06824
G1 X141.697 Y132.792 E1057.12509
G1 X142.186 Y133.055 E1057.19896
G1 X142.556 Y133.199 E1057.25178
G1 X142.818 Y133.272 E1057.28796
G1 X113.755 Y150.056 E1061.75298
G1 F1500 E1055.25298
G0 F7500 X113.276 Y149.932
G0 X112.579 Y151.268
G0 X144.181 Y132.962
G0 X141.831 Y132.273
G0 X141.228 Y133.13
G1 F1500 E1061.75298
G1 F1350 X140.08 Y134.277 E1061.96888
G0 F7500 X140.582 Y135.145
G0 X144.181 Y132.962
G0 X141.247 Y131.767
G0 X140.503 Y132.44
G1 F1350 X136.733 Y136.21 E1062.67819
G0 F7500 X137.234 Y137.078
G0 X133.887 Y139.01
G0 X133.387 Y138.143
G1 F1350 X139.917 Y131.612 E1063.90689
G0 F7500 X140.792 Y131.128
G0 X140.497 Y130.371
G0 X139.523 Y130.592
G1 F1350 X130.04 Y140.075 E1065.6911
G0 F7500 X130.541 Y140.942
G0 X127.195 Y142.874
G0 X126.694 Y142.007
G1 F1350 X139.383 Y129.318 E1068.0785
G0 F7500 X140.381 Y129.484
G0 X140.829 Y127.78
G0 X139.922 Y127.365
G1 F1350 X123.348 Y143.939 E1071.19686
G0 F7500 X123.849 Y144.806
G0 X120.503 Y146.738
G0 X120.002 Y145.87
G1 F1350 X146.068 Y119.804 E1076.10112
G0 F7500 X147.068 Y119.804
G0 X147.068 Y118.39
G0 X146.068 Y118.39
G1 F1350 X116.655 Y147.803 E1081.63511
G0 F7500 X117.156 Y148.671
G0 X112.579 Y151.268
G0 X113.392 Y148.915
G0 X114.493 Y148.551
G1 F1350 X146.068 Y116.976 E1087.57588
G0 F7500 X147.068 Y116.976
G0 X147.068 Y115.562
G0 X146.068 Y115.562
G1 F1350 X114.123 Y147.507 E1093.58626
G0 F7500 X113.32 Y148.312
G0 X112.635 Y146.86
G0 X113.653 Y146.563
G1 F1350 X146.068 Y114.148 E1099.68506
G0 F7500 X147.068 Y114.148
G0 X147.068 Y112.733
G0 X146.068 Y112.733
G1 F1350 X113.008 Y145.793 E1105.90523
G0 F7500 X112.348 Y146.544
G0 X111.474 Y145.933
G0 X112.208 Y145.179
G1 F1350 X127.121 Y130.266 E1108.71108
G0 F7500 X127.505 Y129.054
G0 X124.58 Y129.09
G0 X125.594 Y130.378
G1 F1350 X111.214 Y144.758 E1111.41664
G0 F7500 X110.707 Y145.679
G0 X109.741 Y145.597
G0 X109.973 Y144.585
G1 F1350 X124.456 Y130.103 E1114.14149
G0 F7500 X124.58 Y129.09
G0 X123.524 Y129.62
G1 F1350 X108.131 Y145.013 E1117.03765
G0 F7500 X108.495 Y145.944
G0 X106.936 Y147.536
G0 X106.026 Y147.118
G1 F1350 X104.609 Y148.536 E1117.30435
G0 F7500 X104.108 Y149.402
G0 X103.211 Y148.885
G0 X103.712 Y148.018
G1 F1350 X122.762 Y128.968 E1120.88856
G0 F7500 X122.988 Y127.569
G0 X121.99 Y128.326
G1 F1350 X102.815 Y147.5 E1124.4962
G0 F7500 X102.314 Y148.367
G0 X101.418 Y147.849
G0 X101.919 Y146.983
G1 F1350 X118.892 Y130.009 E1127.68973
G0 F7500 X119.115 Y128.802
G0 X116.329 Y129.91
G0 X116.622 Y130.866
G1 F1350 X101.022 Y146.465 E1130.62474
G0 F7500 X100.521 Y147.331
G0 X99.625 Y146.814
G0 X100.126 Y145.948
G1 F1350 X114.688 Y131.385 E1133.36464
G0 F7500 X113.522 Y130.6
G0 X112.971 Y131.688
G1 F1350 X99.229 Y145.43 E1135.95016
G0 F7500 X98.728 Y146.296
G0 X97.832 Y145.778
G0 X98.333 Y144.912
G1 F1350 X111.398 Y131.846 E1138.40841
G0 F7500 X111.348 Y130.85
G0 X109.94 Y130.892
G0 X109.94 Y131.891
G1 F1350 X97.436 Y144.394 E1140.76091
G0 F7500 X96.935 Y145.26
G0 X96.038 Y144.742
G0 X96.54 Y143.876
G1 F1350 X108.573 Y131.844 E1143.0248
G0 F7500 X108.624 Y130.85
G0 X106.25 Y130.562
G0 X107.273 Y131.729
G1 F1350 X95.643 Y143.359 E1145.21296
G0 F7500 X95.142 Y144.225
G0 X94.245 Y143.707
G0 X94.747 Y142.841
G1 F1350 X106.047 Y131.541 E1147.33903
G0 F7500 X106.252 Y130.562
G0 X105.983 Y130.507
G0 X104.886 Y131.288
G1 F1350 X93.85 Y142.324 E1149.41543
G0 F7500 X93.35 Y143.19
G0 X92.453 Y142.672
G0 X92.953 Y141.806
G1 F1350 X103.771 Y130.989 E1151.45072
G0 F7500 X104.067 Y130.036
G0 X103.042 Y129.701
G0 X102.703 Y130.642
G1 F1350 X92.058 Y141.288 E1153.45364
G0 F7500 X91.557 Y142.155
G0 X90.66 Y141.637
G0 X91.161 Y140.77
G1 F1350 X101.681 Y130.25 E1155.43296
G0 F7500 X101.106 Y128.909
G0 X100.696 Y129.821
G1 F1350 X90.264 Y140.253 E1157.39571
G0 F7500 X89.763 Y141.119
G0 X88.867 Y140.601
G0 X89.368 Y139.735
G1 F1350 X99.752 Y129.35 E1159.34953
G0 F7500 X100.234 Y128.474
G0 X99.367 Y127.989
G0 X98.846 Y128.843
G1 F1350 X88.472 Y139.216 E1161.30128
G0 F7500 X87.97 Y140.083
G0 X87.074 Y139.566
G0 X87.576 Y138.698
G1 F1350 X97.968 Y128.306 E1163.25652
G0 F7500 X98.749 Y127.613
G0 X97.386 Y126.758
G0 X93.89 Y129.4
G0 X94.5 Y130.36
G1 F1350 X86.679 Y138.181 E1164.72802
G0 F7500 X86.177 Y139.048
G0 X85.281 Y138.53
G0 X85.783 Y137.663
G1 F1350 X93.142 Y130.304 E1166.1126
G0 F7500 X93.515 Y129.36
G0 X92.651 Y129.117
G0 X92.08 Y129.951
G1 F1350 X84.886 Y137.145 E1167.46613
G0 F7500 X84.384 Y138.012
G0 X83.487 Y137.494
G0 X83.989 Y136.628
G1 F1350 X91.223 Y129.394 E1168.82719
G0 F7500 X90.525 Y128.678
G1 F1350 X83.093 Y136.11 E1170.22551
G0 F7500 X82.591 Y136.977
G0 X81.695 Y136.46
G0 X82.196 Y135.593
G1 F1350 X89.991 Y127.798 E1171.69212
G0 F7500 X90.988 Y127.567
G0 X90.713 Y126.824
G0 X89.659 Y126.716
G1 F1350 X81.3 Y135.075 E1173.26485
G0 F7500 X80.798 Y135.942
G0 X79.901 Y135.424
G0 X80.403 Y134.557
G1 F1350 X89.665 Y125.295 E1175.00747
G0 F7500 X90.606 Y125.907
G0 X93.234 Y122.608
G0 X92.098 Y120.786
G0 X91.63 Y121.917
G1 F1350 X79.506 Y134.04 E1177.28848
G0 F7500 X79.005 Y134.906
G0 X78.108 Y134.389
G0 X78.61 Y133.522
G1 F1350 X91.092 Y121.04 E1179.63694
G0 F7500 X91.959 Y120.543
G0 X91.477 Y119.671
G0 X90.589 Y120.129
G1 F1350 X80.59 Y130.128 E1181.51823
G0 F7500 X79.478 Y130.49
G0 X80.552 Y128.751
G1 F1350 X90.123 Y119.181 E1183.3189
G0 F7500 X91.215 Y119.165
G0 X90.491 Y117.487
G0 X89.695 Y118.194
G1 F1350 X80.218 Y127.672 E1185.10207
G0 F7500 X79.325 Y128.123
G0 X78.246 Y126.757
G0 X79.68 Y126.795
G1 F1350 X89.305 Y117.17 E1186.91299
G0 F7500 X90.258 Y116.853
G0 X90.058 Y116.253
G0 X88.967 Y116.093
G1 F1350 X78.982 Y126.079 E1188.79174
G0 F7500 X78.246 Y126.757
G0 X77.78 Y126.46
G0 X78.125 Y125.521
G1 F1350 X88.676 Y114.971 E1190.77679
G0 F7500 X89.494 Y114.048
G0 X89.423 Y113.633
G0 X88.434 Y113.799
G1 F1350 X77.05 Y125.183 E1192.91866
G0 F7500 X76.866 Y126.167
G0 X75.866 Y126.112
G0 X75.691 Y125.127
G1 F1350 X88.251 Y112.567 E1195.2818
G0 F7500 X89.247 Y112.442
G0 X89.135 Y111.196
G0 X88.137 Y111.267
G1 F1350 X73.929 Y125.475 E1197.955
G0 F7500 X74.51 Y126.565
G0 X72.994 Y128.262
G0 X72.928 Y124.06
G0 X73.929 Y124.06
G1 F1350 X88.103 Y109.887 E1200.62172
G0 F7500 X89.103 Y110.14
G0 X89.159 Y108.491
G0 X88.161 Y108.415
G1 F1350 X73.929 Y122.646 E1203.29934
G0 F7500 X72.928 Y122.646
G0 X72.928 Y121.232
G0 X73.929 Y121.232
G1 F1350 X88.331 Y106.83 E1206.00904
G0 F7500 X89.322 Y106.956
G0 X89.636 Y105.316
G0 X88.66 Y105.087
G1 F1350 X73.929 Y119.818 E1208.78065
G0 F7500 X72.928 Y119.818
G0 X72.928 Y118.404
G0 X73.929 Y118.404
G1 F1350 X89.203 Y103.13 E1211.65442
G0 F7500 X90.154 Y103.449
G0 X91.051 Y101.19
G0 X90.14 Y100.779
G1 F1350 X73.929 Y116.989 E1214.70439
G0 F7500 X72.928 Y116.989
G0 X72.928 Y115.575
G0 X73.929 Y115.575
G1 F1350 X91.731 Y97.774 E1218.0537
G0 F7500 X92.313 Y96.961
G0 X91.431 Y96.214
G0 X90.936 Y97.154
G1 F1350 X73.929 Y114.161 E1221.25353
G0 F7500 X72.928 Y114.161
G0 X72.928 Y112.747
G0 X73.929 Y112.747
G1 F1350 X90.3 Y96.377 E1224.3336
G0 F7500 X91.276 Y96.025
G0 X90.77 Y95.077
G0 X89.825 Y95.437
G1 F1350 X73.929 Y111.333 E1227.32439
G0 F7500 X72.928 Y111.333
G0 X72.928 Y109.918
G0 X73.929 Y109.918
G1 F1350 X89.613 Y94.235 E1230.27521
G0 F7500 X90.605 Y93.863
G0 X91.13 Y92.167
G0 X89.832 Y92.601
G1 F1350 X73.929 Y108.504 E1233.26732
G0 F7500 X72.928 Y108.504
G0 X72.928 Y107.09
G0 X73.929 Y107.09
G1 F1350 X106.89 Y74.13 E1239.46877
G0 F7500 X107.491 Y73.286
G0 X107.215 Y72.95
G0 X106.27 Y73.335
G1 F1350 X73.929 Y105.676 E1245.55365
G0 F7500 X72.928 Y105.676
G0 X72.928 Y104.261
G0 X73.929 Y104.261
G1 F1350 X105.827 Y72.364 E1251.55509
G0 F7500 X106.723 Y71.876
G0 X106.608 Y71.177
G0 X105.47 Y71.307
G1 F1350 X73.929 Y102.847 E1257.48937
G0 F7500 X72.928 Y102.847
G0 X72.928 Y101.433
G0 X73.929 Y101.433
G1 F1350 X102.94 Y72.423 E1262.94763
G0 F7500 X102.444 Y71.558
G0 X99.099 Y73.489
G0 X99.595 Y74.354
G1 F1350 X73.929 Y100.019 E1267.77653
G0 F7500 X72.928 Y100.019
G0 X72.928 Y98.605
G0 X73.929 Y98.605
G1 F1350 X78.062 Y94.472 E1268.55415
G0 F7500 X77.702 Y93.544
G0 X76.874 Y93.805
G0 X76.241 Y94.879
G1 F1350 X73.929 Y97.19 E1268.98905
G0 F7500 X72.928 Y97.19
G0 X72.928 Y95.776
G0 X73.929 Y95.776
G1 F1350 X75.02 Y94.685 E1269.19432
G0 F7500 X75.292 Y93.724
G0 X79.309 Y91.944
G0 X80.24 Y92.294
G1 F1350 X96.249 Y76.286 E1272.20628
G0 F7500 X95.752 Y75.421
G0 X92.406 Y77.353
G0 X92.903 Y78.217
G1 F1350 X80.628 Y90.492 E1274.5158
G0 F7500 X79.534 Y89.661
G0 X80.464 Y89.242
G1 F1350 X89.556 Y80.149 E1276.22653
G0 F7500 X89.059 Y79.285
G0 X85.713 Y81.217
G0 X86.21 Y82.081
G1 F1350 X80.033 Y88.258 E1277.38872
G0 F7500 X79.257 Y88.908
G0 X78.876 Y88.336
G0 X79.428 Y87.449
G1 F1350 X82.864 Y84.013 E1278.0352
G0 F7500 X82.368 Y83.148
G0 X79.02 Y85.081
G0 X79.518 Y85.945
G1 F1350 X78.69 Y86.773 E1278.19098
G1 F1500 E1271.69098
G0 F7500 X78.075 Y87.617
G0 X79.729 Y90.061
G0 X91.019 Y92.183
G0 X92.619 Y89.815
G1 F1500 E1278.19098
G1 F1350 X107.697 Y74.737 E1281.02787
G0 F7500 X108.594 Y74.097
G0 X108.662 Y75.186
G1 F1350 X94.259 Y89.589 E1283.73777
G0 F7500 X94.747 Y90.686
G0 X95.093 Y90.783
G0 X95.421 Y89.841
G1 F1350 X109.874 Y75.388 E1286.45706
G0 F7500 X108.662 Y74.122
G0 X111.484 Y74.064
G0 X111.579 Y75.097
G1 F1350 X96.387 Y90.289 E1289.3154
G0 F7500 X96.103 Y91.328
G0 X97.152 Y90.939
G1 F1350 X116.176 Y71.915 E1292.89473
G0 F7500 X116.678 Y71.051
G0 X117.573 Y71.568
G0 X117.072 Y72.432
G1 F1350 X97.828 Y91.676 E1296.51544
G0 F7500 X98.442 Y92.591
G0 X101.212 Y91.04
G0 X100.781 Y90.138
G1 F1350 X117.969 Y72.95 E1299.74933
G0 F7500 X118.47 Y72.086
G0 X119.366 Y72.603
G0 X118.865 Y73.468
G1 F1350 X103.131 Y89.202 E1302.70964
G0 F7500 X103.427 Y90.159
G0 X105.345 Y89.622
G0 X105.096 Y88.651
G1 F1350 X119.762 Y73.985 E1305.46902
G0 F7500 X120.263 Y73.121
G0 X121.16 Y73.639
G0 X120.658 Y74.504
G1 F1350 X106.83 Y88.331 E1308.07063
G0 F7500 X106.982 Y89.323
G0 X108.466 Y89.154
G0 X108.419 Y88.156
G1 F1350 X121.554 Y75.021 E1310.54195
G0 F7500 X122.056 Y74.156
G0 X122.953 Y74.674
G0 X122.451 Y75.539
G1 F1350 X109.888 Y88.102 E1312.90565
G0 F7500 X109.884 Y89.104
G0 X111.211 Y89.138
G0 X111.264 Y88.14
G1 F1350 X123.348 Y76.056 E1315.17923
G0 F7500 X123.849 Y75.192
G0 X124.746 Y75.709
G0 X124.244 Y76.574
G1 F1350 X112.571 Y88.248 E1317.37557
G0 F7500 X112.473 Y89.246
G0 X113.648 Y89.42
G0 X113.803 Y88.429
G1 F1350 X125.141 Y77.092 E1319.5087
G0 F7500 X125.643 Y76.227
G0 X126.539 Y76.745
G0 X126.038 Y77.609
G1 F1350 X114.977 Y88.67 E1321.5898
G0 F7500 X114.729 Y89.64
G0 X115.801 Y89.92
G0 X116.098 Y88.963
G1 F1350 X126.934 Y78.127 E1323.62857
G0 F7500 X127.436 Y77.263
G0 X128.332 Y77.78
G0 X127.831 Y78.644
G1 F1350 X117.166 Y89.309 E1325.63516
G0 F7500 X116.83 Y90.25
G0 X117.809 Y90.615
G0 X118.198 Y89.692
G1 F1350 X128.727 Y79.162 E1327.61626
G0 F7500 X129.229 Y78.298
G0 X130.126 Y78.816
G0 X129.624 Y79.68
G1 F1350 X119.186 Y90.118 E1329.58015
G0 F7500 X118.755 Y91.024
G0 X119.653 Y91.462
G0 X120.13 Y90.587
G1 F1350 X130.521 Y80.197 E1331.5351
G0 F7500 X131.022 Y79.333
G0 X131.919 Y79.851
G0 X131.417 Y80.716
G1 F1350 X121.04 Y91.092 E1333.48741
G0 F7500 X120.347 Y91.84
G0 X122.615 Y93.245
G0 X122.97 Y92.457
G0 X121.919 Y91.627
G1 F1350 X132.313 Y81.233 E1335.44302
G0 F7500 X132.815 Y80.368
G0 X133.712 Y80.886
G0 X133.21 Y81.751
G1 F1350 X125.301 Y89.659 E1336.93099
G0 F7500 X125.47 Y90.647
G0 X126.786 Y90.693
G0 X126.711 Y89.663
G1 F1350 X134.106 Y82.268 E1338.32234
G0 F7500 X134.608 Y81.404
G0 X135.505 Y81.922
G0 X135.003 Y82.786
G1 F1350 X127.803 Y89.986 E1339.677
G0 F7500 X127.461 Y90.925
G0 X128.028 Y91.263
G0 X128.69 Y90.513
G1 F1350 X135.9 Y83.304 E1341.03345
G0 F7500 X136.402 Y82.439
G0 X137.298 Y82.957
G0 X136.796 Y83.821
G1 F1350 X129.399 Y91.218 E1342.42518
G0 F7500 X128.605 Y91.821
G0 X129.946 Y92.085
G1 F1350 X137.693 Y84.339 E1343.88267
G0 F7500 X138.195 Y83.475
G0 X139.091 Y83.992
G0 X138.589 Y84.856
G1 F1350 X130.304 Y93.142 E1345.44157
G0 F7500 X129.266 Y94.952
G0 X130.392 Y94.468
G1 F1350 X139.486 Y85.374 E1347.15258
G0 F7500 X139.988 Y84.51
G0 X140.885 Y85.028
G0 X140.383 Y85.892
G1 F1350 X128.32 Y97.954 E1349.42212
G0 F7500 X127.189 Y98.112
G0 X128.84 Y98.849
G1 F1350 X141.279 Y86.409 E1351.76258
G0 F7500 X141.78 Y85.545
G0 X144.16 Y86.959
G0 X144.861 Y87.305
G0 X142.567 Y88.074
G0 X140.451 Y89.837
G0 X139.475 Y89.628
G1 F1350 X129.35 Y99.753 E1353.66758
G0 F7500 X128.459 Y100.208
G0 X129.309 Y102.006
G0 X129.823 Y100.694
G1 F1350 X139.407 Y91.11 E1355.47078
G0 F7500 X140.384 Y90.89
G0 X140.792 Y92.127
G0 X139.725 Y92.206
G1 F1350 X130.253 Y101.678 E1357.25292
G0 F7500 X129.322 Y102.039
G0 X129.587 Y102.716
G0 X130.646 Y102.699
G1 F1350 X140.239 Y93.106 E1359.05782
G0 F7500 X141.01 Y92.473
G0 X141.526 Y93.056
G0 X140.912 Y93.848
G1 F1350 X130.988 Y103.771 E1360.9249
G0 F7500 X129.587 Y102.716
G0 X130.509 Y105.986
G0 X131.29 Y104.884
G1 F1350 X141.762 Y94.411 E1362.89528
G0 F7500 X142.028 Y93.412
G0 X143.289 Y93.861
G0 X142.804 Y94.784
G1 F1350 X131.533 Y106.055 E1365.01589
G0 F7500 X130.551 Y106.226
G0 X130.732 Y107.401
G0 X131.723 Y107.279
G1 F1350 X144.13 Y94.872 E1367.35024
G0 F7500 X143.732 Y93.897
G0 X147.101 Y91.042
G0 X147.068 Y94.424
G0 X145.993 Y94.424
G1 F1350 X131.847 Y108.569 E1370.01169
G0 F7500 X130.877 Y109.096
G0 X131.894 Y109.937
G1 F1350 X146.068 Y95.763 E1372.67849
G0 F7500 X147.068 Y95.763
G0 X147.068 Y97.177
G0 X146.068 Y97.177
G1 F1350 X131.849 Y111.396 E1375.35377
G0 F7500 X130.869 Y111.133
G0 X131.689 Y112.97
G1 F1350 X146.068 Y98.591 E1378.05914
G0 F7500 X147.068 Y98.591
G0 X147.068 Y100.005
G0 X146.068 Y100.005
G1 F1350 X131.382 Y114.691 E1380.82228
G0 F7500 X130.409 Y114.468
G0 X129.925 Y116.302
G0 X130.868 Y116.62
G1 F1350 X146.068 Y101.42 E1383.68212
G0 F7500 X147.068 Y101.42
G0 X147.068 Y102.834
G0 X146.068 Y102.834
G1 F1350 X130.002 Y118.899 E1386.70481
G0 F7500 X129.092 Y118.487
G0 X126.76 Y122.61
G0 X128.113 Y123.338
G0 X128.306 Y122.01
G1 F1350 X146.068 Y104.248 E1390.04669
G0 F7500 X147.068 Y104.248
G0 X147.068 Y105.662
G0 X146.068 Y105.662
G1 F1350 X128.969 Y122.761 E1393.26383
G0 F7500 X128.311 Y123.512
G0 X128.782 Y124.051
G0 X129.63 Y123.515
G1 F1350 X146.068 Y107.076 E1396.3567
G0 F7500 X147.068 Y107.076
G0 X147.068 Y108.491
G0 X146.068 Y108.491
G1 F1350 X130.11 Y124.449 E1399.35916
G0 F7500 X128.681 Y123.92
G0 X129.388 Y125.622
G0 X130.388 Y125.585
G1 F1350 X146.068 Y109.905 E1402.30932
G0 F7500 X147.068 Y109.905
G0 X147.068 Y111.319
G0 X146.068 Y111.319
G1 F1350 X130.262 Y127.125 E1405.28318
G1 F1500 E1398.78318
G0 F7500 X129.327 Y126.781
G0 X129.473 Y126.393
G0 X140.467 Y128.33
G0 X141.618 Y125.668
G1 F1500 E1405.28318
G1 F1350 X146.068 Y121.219 E1406.12034
G0 F7500 X147.068 Y121.219
G0 X147.068 Y122.633
G0 X146.068 Y122.633
G1 F1350 X143.621 Y125.079 E1406.58065
G0 F7500 X143.368 Y126.122
G0 X144.437 Y126.17
G0 X144.871 Y125.244
G1 F1350 X146.068 Y124.047 E1406.80586
G1 F1500 E1400.30586
G0 F7500 X147.068 Y124.047
G0 X147.097 Y91.431
G0 X147.101 Y91.042
G0 X144.861 Y87.305
G0 X144.16 Y86.959
G0 X112.804 Y68.918
G0 X113.162 Y72.237
G0 X114.093 Y72.583
G1 F1500 E1406.80586
G1 F1350 X115.279 Y71.397 E1407.029
G1 F1500 E1400.529
;MESH:NONMESH
G0 F300 X115.279 Y71.397 Z0.96
G0 F7500 X115.78 Y70.532
G0 X112.804 Y68.918
G0 X113.437 Y71.524
G0 X111.611 Y72.972
G0 X111.163 Y73.263
G0 X110.549 Y73.506
G0 X107.588 Y73.501
G0 X107.154 Y69.062
G0 X107.788 Y68.432
G0 X75.882 Y86.995
G0 X73.325 Y88.505
G0 X74.531 Y87.603
;TIME_ELAPSED:646.482640
;LAYER:2
M106 S255
;TYPE:WALL-INNER
;MESH:top-fan-holder.stl
G1 F1500 E1407.029
G1 F892.3 X74.688 Y87.508 E1407.07004
G1 F880.3 X75.088 Y87.309 E1407.17132
G1 F1500 E1400.67132
G0 F9000 X75.953 Y86.851
G0 X74.195 Y88.93
G0 X72.894 Y90.956
G0 X72.989 Y127.888
G0 X72.911 Y128.932
G0 X76.499 Y126.051
G0 X78.254 Y127.96
G0 X78.614 Y128.609
G0 X78.754 Y129.208
G0 X78.758 Y129.762
G0 X78.622 Y130.359
G0 X78.341 Y130.941
G0 X76.595 Y132.928
G0 X75.67 Y132.912
G0 X76.603 Y133.52
G0 X77.315 Y132.289
G1 F1500 E1407.17132
G1 X76.969 Y132.397 E1407.21955
G1 X76.529 Y132.476 E1407.27902
G1 X76.107 Y132.492 E1407.3352
G1 F1525.9 X75.757 Y132.441 E1407.38146
G1 F1599.1 X75.453 Y132.347 E1407.42117
G1 F1696.8 X75.026 Y132.175 E1407.47531
G1 F1758.5 X74.582 Y131.922 E1407.5333
G1 F1726.1 X74.234 Y131.674 E1407.5827
G1 F1637.6 X73.967 Y131.428 E1407.62695
G1 F1529.1 X73.623 Y131.074 E1407.69137
G1 F1470.6 X73.494 Y130.749 E1407.73882
G1 F1548 X73.392 Y130.343 E1407.79279
G1 F1689.2 X73.306 Y129.833 E1407.85389
G1 F1754.4 X73.306 Y129.348 E1407.90906
G1 F1732.1 X73.334 Y128.998 E1407.94951
G1 F1655.6 X73.417 Y128.56 E1408.00324
G1 F1552.8 X73.542 Y128.163 E1408.05674
G1 F1500 X73.73 Y127.839 E1408.10657
G1 X73.924 Y127.575 E1408.15016
G1 X74.112 Y127.371 E1408.18706
G1 X74.325 Y127.18 E1408.22513
G1 X74.661 Y126.933 E1408.28061
G1 X75.128 Y126.7 E1408.35004
G1 X75.536 Y126.58 E1408.40662
G1 X75.896 Y126.521 E1408.45515
G1 X76.4 Y126.5 E1408.52226
G1 X77.052 Y126.605 E1408.61013
G1 X77.741 Y126.9 E1408.70984
G1 X78.206 Y127.241 E1408.78655
G1 X78.627 Y127.688 E1408.86825
G1 X79.01 Y128.374 E1408.97277
G1 X79.09 Y128.628 E1409.0082
G1 X79.189 Y129.041 E1409.0647
G1 X79.217 Y129.328 E1409.10307
G1 X79.209 Y129.846 E1409.17199
G1 X79.058 Y130.507 E1409.2622
G1 X78.765 Y131.124 E1409.35307
G1 X78.574 Y131.367 E1409.39419
G1 X78.33 Y131.63 E1409.44192
G1 X78.113 Y131.824 E1409.48064
G1 X77.861 Y132.008 E1409.52215
G1 X77.591 Y132.164 E1409.56364
G1 X77.315 Y132.289 E1409.60395
G1 F1500 E1403.10395
G0 F9000 X76.603 Y133.52
G0 X99.998 Y146.938
G0 X107.39 Y130.817
G0 X109.497 Y130.492
G1 F1500 E1409.60395
G1 X108.468 Y130.44 E1409.74102
G1 X107.422 Y130.336 E1409.88087
G1 X106.417 Y130.186 E1410.01606
G1 X105.415 Y129.979 E1410.15218
G1 X104.483 Y129.743 E1410.28008
G1 X103.424 Y129.415 E1410.42758
G1 X102.483 Y129.071 E1410.56087
G1 X101.539 Y128.673 E1410.69717
G1 X100.636 Y128.24 E1410.8304
G1 X99.732 Y127.742 E1410.96771
G1 X98.837 Y127.195 E1411.10726
G1 X98.053 Y126.659 E1411.23361
G1 X97.264 Y126.066 E1411.36492
G1 X96.989 Y125.836 E1411.41262
G1 X96.992 Y126.197 E1411.46065
G1 X96.955 Y126.478 E1411.49835
G1 X96.842 Y126.981 E1411.56694
G1 X96.537 Y127.622 E1411.66138
G1 X96.354 Y127.857 E1411.70101
G1 X95.979 Y128.259 E1411.77415
G1 X95.495 Y128.607 E1411.85346
G1 X94.941 Y128.856 E1411.93426
G1 X94.169 Y128.995 E1412.03862
G1 X93.883 Y128.993 E1412.07667
G1 X93.372 Y128.932 E1412.14514
G1 X92.777 Y128.746 E1412.22808
G1 X92.309 Y128.484 E1412.29943
G1 X92.044 Y128.299 E1412.34243
G1 X91.59 Y127.794 E1412.43277
G1 X91.181 Y127.07 E1412.5434
G1 X91.011 Y126.352 E1412.64156
G1 X91.009 Y125.654 E1412.73443
G1 X91.216 Y124.837 E1412.84656
G1 X91.587 Y124.2 E1412.94463
G1 X91.985 Y123.775 E1413.02209
G1 X92.437 Y123.433 E1413.0975
G1 X92.661 Y123.295 E1413.1325
G1 X92.904 Y123.201 E1413.16717
G1 X93.512 Y123.027 E1413.2513
G1 X94.153 Y123 E1413.33666
G1 X93.671 Y122.396 E1413.43946
G1 X93.048 Y121.527 E1413.58172
G1 X92.52 Y120.711 E1413.71102
G1 X91.99 Y119.793 E1413.85205
G1 X91.523 Y118.885 E1413.98789
G1 X91.109 Y117.959 E1414.12284
G1 X90.738 Y117.024 E1414.25666
G1 X90.41 Y116.042 E1414.39441
G1 X90.127 Y115.025 E1414.53485
G1 X89.893 Y114.011 E1414.6733
G1 X89.724 Y113.022 E1414.80678
G1 X89.604 Y112.098 E1414.93074
G1 X89.52 Y110.976 E1415.08043
G1 X89.5 Y110.032 E1415.20605
G1 X89.524 Y108.934 E1415.35216
G1 X89.607 Y107.895 E1415.49083
G1 X89.733 Y106.913 E1415.62255
G1 X89.893 Y105.985 E1415.74783
G1 X90.142 Y104.91 E1415.89464
G1 X90.42 Y103.914 E1416.03221
G1 X90.731 Y102.992 E1416.16167
G1 X91.109 Y102.036 E1416.29843
G1 X91.522 Y101.115 E1416.43272
G1 X91.99 Y100.203 E1416.5691
G1 X92.519 Y99.286 E1416.70994
G1 X93.093 Y98.4 E1416.85039
G1 X93.671 Y97.6 E1416.98169
G1 X94.165 Y96.982 E1417.08695
G1 X93.883 Y96.992 E1417.12449
G1 X93.354 Y96.935 E1417.19528
G1 X92.775 Y96.744 E1417.27639
G1 X92.324 Y96.492 E1417.34512
G1 X92.04 Y96.295 E1417.39111
G1 X91.57 Y95.769 E1417.48495
G1 X91.222 Y95.133 E1417.58141
G1 X91.134 Y94.885 E1417.61641
G1 X91.006 Y94.314 E1417.69427
G1 X91.017 Y93.631 E1417.78514
G1 X91.216 Y92.846 E1417.89289
G1 X91.581 Y92.213 E1417.9901
G1 X91.952 Y91.8 E1418.06396
G1 X92.527 Y91.365 E1418.15988
G1 X92.794 Y91.232 E1418.19956
G1 X93.493 Y91.028 E1418.29644
G1 X94.219 Y90.998 E1418.39311
G1 X94.828 Y91.112 E1418.47554
G1 X95.492 Y91.384 E1418.571
G1 X95.946 Y91.712 E1418.64552
G1 X96.265 Y92.039 E1418.70629
G1 X96.424 Y92.234 E1418.73977
G1 X96.721 Y92.756 E1418.81967
G1 X96.838 Y93.008 E1418.85663
G1 X96.95 Y93.487 E1418.92208
G1 X96.988 Y93.809 E1418.96521
G1 X96.989 Y94.164 E1419.01244
G1 X97.26 Y93.937 E1419.05947
G1 X98.057 Y93.334 E1419.19244
G1 X98.899 Y92.765 E1419.32764
G1 X99.789 Y92.221 E1419.46641
G1 X100.638 Y91.755 E1419.59526
G1 X101.544 Y91.324 E1419.72873
G1 X102.555 Y90.896 E1419.8748
G1 X103.494 Y90.559 E1420.00752
G1 X104.483 Y90.253 E1420.14525
G1 X105.462 Y90.006 E1420.27958
G1 X106.452 Y89.809 E1420.41387
G1 X107.444 Y89.657 E1420.54739
G1 X108.468 Y89.555 E1420.6843
G1 X109.492 Y89.504 E1420.8207
G1 X110.549 Y89.505 E1420.96132
G1 X111.535 Y89.556 E1421.09268
G1 X112.54 Y89.655 E1421.22703
G1 X113.547 Y89.809 E1421.36256
G1 X114.563 Y90.012 E1421.5004
G1 X115.59 Y90.275 E1421.64144
G1 X116.502 Y90.559 E1421.76852
G1 X117.451 Y90.898 E1421.90259
G1 X118.427 Y91.311 E1422.04359
G1 X119.322 Y91.737 E1422.17546
G1 X120.269 Y92.257 E1422.31919
G1 X121.097 Y92.765 E1422.44843
G1 X122.004 Y93.381 E1422.59429
G1 X122.79 Y93.98 E1422.72577
G1 X123.008 Y94.163 E1422.76364
G1 X123.008 Y93.806 E1422.81113
G1 X123.053 Y93.484 E1422.85439
G1 X123.2 Y92.918 E1422.93219
G1 X123.318 Y92.663 E1422.96957
G1 X123.611 Y92.169 E1423.04598
G1 X123.984 Y91.776 E1423.11807
G1 X124.505 Y91.385 E1423.20473
G1 X124.762 Y91.25 E1423.24335
G1 X125.455 Y91.036 E1423.33984
G1 X126.161 Y90.999 E1423.4339
G1 X126.667 Y91.079 E1423.50205
G1 X126.919 Y91.146 E1423.53674
G1 X127.326 Y91.314 E1423.59532
G1 X127.554 Y91.426 E1423.62912
G1 X127.958 Y91.728 E1423.69622
G1 X128.396 Y92.172 E1423.7792
G1 X128.756 Y92.824 E1423.87829
G1 X128.87 Y93.144 E1423.92348
G1 X128.983 Y93.637 E1423.99077
G1 X128.992 Y94.298 E1424.07872
G1 X128.825 Y95.03 E1424.17861
G1 X128.5 Y95.689 E1424.27636
G1 X128.025 Y96.222 E1424.37134
G1 X127.522 Y96.593 E1424.4545
G1 X127.092 Y96.789 E1424.51737
G1 X126.745 Y96.896 E1424.56568
G1 X126.305 Y96.977 E1424.6252
G1 X125.841 Y96.995 E1424.68698
G1 X126.37 Y97.66 E1424.80003
G1 X126.945 Y98.462 E1424.93131
G1 X127.517 Y99.351 E1425.07195
G1 X128.006 Y100.203 E1425.20265
G1 X128.46 Y101.084 E1425.3345
G1 X128.891 Y102.037 E1425.47366
G1 X129.266 Y102.995 E1425.61053
G1 X129.592 Y103.968 E1425.74705
G1 X129.875 Y104.977 E1425.88646
G1 X130.102 Y105.978 E1426.02302
G1 X130.277 Y106.979 E1426.15821
G1 X130.393 Y107.895 E1426.28105
G1 X130.476 Y109.02 E1426.43113
G1 X130.496 Y110.032 E1426.56579
G1 X130.476 Y110.976 E1426.69141
G1 X130.393 Y112.091 E1426.84016
G1 X130.277 Y113.015 E1426.96406
G1 X130.102 Y114.018 E1427.09951
G1 X129.857 Y115.089 E1427.24568
G1 X129.574 Y116.093 E1427.38446
G1 X129.267 Y117 E1427.51185
G1 X128.891 Y117.959 E1427.64889
G1 X128.479 Y118.87 E1427.78191
G1 X127.989 Y119.825 E1427.92471
G1 X127.476 Y120.712 E1428.06103
G1 X126.948 Y121.527 E1428.19023
G1 X126.325 Y122.396 E1428.33248
G1 X125.85 Y122.99 E1428.43367
G1 X126.375 Y123.027 E1428.50368
G1 X126.674 Y123.08 E1428.54408
G1 X126.978 Y123.17 E1428.58626
G1 X127.512 Y123.396 E1428.66341
G1 X127.947 Y123.713 E1428.73502
G1 X128.352 Y124.129 E1428.81226
G1 X128.496 Y124.352 E1428.84757
G1 X128.775 Y124.864 E1428.92515
G1 X128.87 Y125.144 E1428.96448
G1 X128.985 Y125.646 E1429.033
G1 X128.992 Y126.307 E1429.12095
G1 X128.828 Y127.026 E1429.21906
G1 X128.497 Y127.693 E1429.31812
G1 X128.042 Y128.202 E1429.40895
G1 X127.553 Y128.571 E1429.49045
G1 X127.091 Y128.789 E1429.55842
G1 X126.745 Y128.896 E1429.6066
G1 X126.094 Y129.007 E1429.69446
G1 X125.421 Y128.947 E1429.78435
G1 X124.778 Y128.749 E1429.87386
G1 X124.225 Y128.431 E1429.95873
G1 X124.025 Y128.271 E1429.9928
G1 X123.714 Y127.939 E1430.05332
G1 X123.536 Y127.704 E1430.09255
G1 X123.278 Y127.245 E1430.1626
G1 X123.156 Y126.981 E1430.20129
G1 X123.046 Y126.508 E1430.2659
G1 X123.008 Y126.201 E1430.30705
G1 X123.009 Y125.834 E1430.35588
G1 X122.758 Y126.047 E1430.39967
G1 X121.943 Y126.659 E1430.53527
G1 X121.159 Y127.195 E1430.66162
G1 X120.265 Y127.742 E1430.80105
G1 X119.362 Y128.239 E1430.93818
G1 X118.427 Y128.689 E1431.07623
G1 X117.445 Y129.1 E1431.21786
G1 X116.505 Y129.437 E1431.35071
G1 X115.514 Y129.742 E1431.48866
G1 X114.563 Y129.984 E1431.61921
G1 X113.578 Y130.186 E1431.75298
G1 X112.537 Y130.341 E1431.89301
G1 X111.493 Y130.443 E1432.03256
G1 X110.511 Y130.492 E1432.16337
G1 X109.497 Y130.492 E1432.29827
G1 F1500 E1425.79827
G0 F9000 X109.996 Y130.972
G0 X110.27 Y145.503
G0 X110.227 Y146.469
G0 X110.702 Y146.553
G0 X111.257 Y146.788
G0 X111.661 Y147.072
G0 X112.029 Y147.46
G0 X112.389 Y148.109
G0 X112.529 Y148.708
G0 X112.533 Y149.262
G0 X112.397 Y149.859
G0 X112.116 Y150.441
G0 X109.955 Y152.601
G0 X110.009 Y152.044
G1 F1500 E1432.29827
G1 F1457.7 X109.532 Y151.942 E1432.36505
G1 F1599.1 X109.23 Y151.844 E1432.40467
G1 F1693 X108.887 Y151.712 E1432.44799
G1 F1746.2 X108.347 Y151.419 E1432.51821
G1 F1720.2 X107.998 Y151.166 E1432.56821
G1 F1644.7 X107.74 Y150.915 E1432.61189
G1 F1567.4 X107.514 Y150.648 E1432.65642
G1 F1513.6 X107.278 Y150.244 E1432.71811
G1 F1500 X107.127 Y149.852 E1432.774
G1 X107.046 Y149.508 E1432.82102
G1 X107.008 Y149.168 E1432.86653
G1 X107.008 Y148.848 E1432.9091
G1 X107.052 Y148.484 E1432.95788
G1 X107.16 Y148.052 E1433.01713
G1 X107.249 Y147.781 E1433.05507
G1 X107.595 Y147.186 E1433.14664
G1 X107.997 Y146.765 E1433.22409
G1 X108.519 Y146.376 E1433.3107
G1 X108.846 Y146.219 E1433.35896
G1 X109.479 Y146.035 E1433.44666
G1 X110.212 Y145.999 E1433.54429
G1 X110.807 Y146.105 E1433.6247
G1 X111.491 Y146.386 E1433.72308
G1 X111.951 Y146.723 E1433.79894
G1 X112.346 Y147.121 E1433.87354
G1 X112.496 Y147.352 E1433.91019
G1 X112.72 Y147.756 E1433.97164
G1 X112.869 Y148.144 E1434.02694
G1 X112.949 Y148.488 E1434.07393
G1 X112.988 Y148.809 E1434.11695
G1 X112.992 Y149.129 E1434.15952
G1 X112.954 Y149.486 E1434.20729
G1 X112.87 Y149.85 E1434.25699
G1 X112.757 Y150.171 E1434.30226
G1 X112.592 Y150.507 E1434.35206
G1 F1535.3 X112.337 Y150.842 E1434.40679
G1 F1604.3 X112.006 Y151.164 E1434.46423
G1 F1698.8 X111.465 Y151.53 E1434.54096
G1 F1746.2 X111.064 Y151.729 E1434.59212
G1 F1676 X110.738 Y151.857 E1434.63382
G1 F1564.1 X110.304 Y151.975 E1434.6912
G1 F1438.2 X110.009 Y152.044 E1434.73324
G0 F9000 X109.955 Y152.601
G0 X110 Y153.216
G1 F1378.7 X110.272 Y153.059 E1434.7787
G1 F1438.2 X110.642 Y152.898 E1434.83469
G1 F1564.1 X111.049 Y152.707 E1434.89206
G1 F1676 X111.459 Y152.501 E1434.94669
G1 F1746.2 X111.889 Y152.264 E1435.0028
G1 F1736.1 X112.43 Y151.934 E1435.07564
G1 F1595.7 X113.429 Y151.287 E1435.22449
G1 F1500 X143.908 Y133.685 E1439.90706
G1 F1450.7 X144.396 Y133.364 E1439.98742
G1 F1213.6 X144.699 Y132.996 E1440.0658
G1 F956 X145.004 Y132.628 E1440.16557
G1 X144.553 Y132.594 E1440.25998
G1 F1213.6 X144.083 Y132.51 E1440.33849
G1 F1450.7 X143.653 Y132.493 E1440.39769
G1 F1500 X143.305 Y132.457 E1440.44424
G1 X142.991 Y132.389 E1440.48698
G1 X142.687 Y132.29 E1440.52951
G1 X142.42 Y132.172 E1440.56835
G1 X142.1 Y131.992 E1440.6172
G1 X141.742 Y131.712 E1440.67766
G1 X141.494 Y131.447 E1440.72595
G1 X141.273 Y131.143 E1440.77595
G1 X141.049 Y130.735 E1440.83787
G1 X140.933 Y130.481 E1440.87502
G1 X140.818 Y129.99 E1440.94211
G1 X140.784 Y129.722 E1440.97805
G1 X140.783 Y129.244 E1441.04165
G1 X140.827 Y128.971 E1441.07844
G1 X140.987 Y128.355 E1441.16311
G1 X141.366 Y127.685 E1441.26552
G1 X141.779 Y127.259 E1441.34446
G1 X142.267 Y126.894 E1441.42553
G1 X142.545 Y126.747 E1441.46737
G1 X143.254 Y126.529 E1441.56605
G1 X143.819 Y126.505 E1441.64129
G1 X144.144 Y126.526 E1441.68462
G1 X144.44 Y126.578 E1441.7246
G1 X144.754 Y126.67 E1441.76813
G1 X145.102 Y126.813 E1441.81819
G1 X145.41 Y126.987 E1441.86525
G1 X145.631 Y127.146 E1441.90147
G1 X145.829 Y127.319 E1441.93645
G1 X146.041 Y127.539 E1441.9771
G1 X146.272 Y127.852 E1442.02885
G1 F1509.1 X146.491 Y128.259 E1442.08997
G1 F1574 X146.605 Y128.653 E1442.14197
G1 F1672.2 X146.666 Y129.002 E1442.18425
G1 F1736.1 X146.69 Y129.31 E1442.21977
G1 F1754.4 X146.694 Y129.805 E1442.27607
G1 F1691.1 X146.604 Y130.34 E1442.34009
G1 F1570.7 X146.529 Y130.669 E1442.38297
G1 F1442.3 X146.396 Y131.046 E1442.43828
G1 F1463.4 X146.117 Y131.345 E1442.49405
G1 F1612.9 X145.812 Y131.628 E1442.54553
G1 F1476.4 X145.704 Y131.878 E1442.58234
G1 F1192.4 X145.525 Y132.161 E1442.63838
G1 F972.8 X145.278 Y132.489 E1442.72262
G1 X145.7 Y132.431 E1442.81
G1 F1192.4 X146.032 Y132.382 E1442.86617
G1 F1476.4 X146.355 Y132.33 E1442.91039
G1 F1612.9 X146.714 Y132.086 E1442.9641
G1 F1463.4 X147.152 Y131.762 E1443.03839
G1 F1379.9 X147.425 Y131.605 E1443.08393
G1 X147.425 Y131.291 E1443.12934
G1 F1442.3 X147.472 Y130.886 E1443.18576
G1 F1570.7 X147.51 Y130.443 E1443.24225
G1 F1685.4 X147.536 Y129.97 E1443.29834
G1 F1748.3 X147.542 Y129.305 E1443.37425
G1 F1736.1 X147.53 Y128.903 E1443.42048
G1 F1609.4 X147.474 Y128.005 E1443.53204
G1 F1515.2 X147.472 Y116.09 E1445.10137
G1 F1509.1 X147.47 Y104.175 E1446.67704
G1 F1503 X147.468 Y92.26 E1448.25904
G1 F1509.1 X147.474 Y91.886 E1448.30851
G1 F1619.9 X147.536 Y90.97 E1448.42161
G1 F1748.3 X147.542 Y90.305 E1448.49753
G1 F1696.8 X147.51 Y89.55 E1448.5864
G1 F1549.6 X147.459 Y89.005 E1448.65689
G1 F1419.1 X147.421 Y88.71 E1448.69872
G1 F1369.9 X147.421 Y88.394 E1448.74475
G1 X147.147 Y88.236 E1448.79083
G1 F1473.5 X146.592 Y87.826 E1448.88428
G1 F1661.1 X146.061 Y87.477 E1448.96062
G1 F1752.3 X145.662 Y87.235 E1449.01377
G1 F1734.1 X145.048 Y86.902 E1449.09415
G1 F1592.4 X144.086 Y86.415 E1449.22928
G1 F1500 X113.252 Y68.61 E1453.96626
G1 F1325.1 X112.736 Y68.466 E1454.04694
G1 F1089.3 X112.415 Y68.411 E1454.1066
G1 F930.5 X112.07 Y68.35 E1454.18174
G1 X112.229 Y68.649 E1454.25436
G1 F1089.3 X112.36 Y68.947 E1454.314
G1 F1325.1 X112.496 Y69.352 E1454.37834
G1 F1500 X112.72 Y69.756 E1454.4398
G1 X112.87 Y70.144 E1454.49514
G1 X112.95 Y70.488 E1454.54213
G1 X112.988 Y70.809 E1454.58513
G1 X112.992 Y71.129 E1454.62771
G1 X112.954 Y71.486 E1454.67547
G1 X112.87 Y71.85 E1454.72517
G1 X112.756 Y72.17 E1454.77036
G1 X112.531 Y72.635 E1454.83909
G1 X112.354 Y72.858 E1454.87697
G1 X111.97 Y73.266 E1454.95151
G1 X111.498 Y73.604 E1455.02874
G1 X110.929 Y73.863 E1455.11192
G1 X110.172 Y74 E1455.21426
G1 X109.918 Y73.996 E1455.24806
G1 X109.342 Y73.931 E1455.32518
G1 X108.793 Y73.75 E1455.40208
G1 X108.272 Y73.461 E1455.48135
G1 X108.06 Y73.303 E1455.51652
G1 X107.599 Y72.817 E1455.60564
G1 X107.211 Y72.125 E1455.71119
G1 X107.126 Y71.852 E1455.74923
G1 X107.046 Y71.508 E1455.79622
G1 X107.008 Y71.168 E1455.84173
G1 X107.008 Y70.848 E1455.88431
G1 X107.052 Y70.484 E1455.93309
G1 X107.16 Y70.052 E1455.99233
G1 X107.318 Y69.662 E1456.04831
G1 F1503 X107.508 Y69.34 E1456.09795
G1 F1548 X107.722 Y69.094 E1456.13999
G1 F1619.9 X107.991 Y68.836 E1456.1859
G1 F1712.3 X108.616 Y68.41 E1456.27405
G1 F1756.4 X108.923 Y68.264 E1456.31268
G1 F1679.7 X109.324 Y68.12 E1456.3633
G1 F1560.9 X109.672 Y68.019 E1456.40963
G1 F1431.3 X110.023 Y67.96 E1456.45925
G1 F1447.9 X110.374 Y68.036 E1456.50875
G1 F1569 X110.661 Y68.113 E1456.54654
G1 F1646.5 X110.835 Y68.175 E1456.56893
G1 F1560.9 X110.984 Y68.156 E1456.58814
G1 F1275.5 X111.387 Y68.165 E1456.6512
G1 F1057.8 X111.864 Y68.204 E1456.74149
G1 X111.558 Y67.819 E1456.83427
G1 F1234.6 X111.375 Y67.591 E1456.88153
G1 F1501.5 X111.191 Y67.363 E1456.92047
G1 F1600.9 X110.704 Y67.129 E1456.98782
G1 F1447.9 X110.273 Y66.943 E1457.05252
G1 F1374.9 X110 Y66.785 E1457.0983
G1 X109.728 Y66.942 E1457.14389
G1 F1431.3 X109.4 Y67.081 E1457.19356
G1 F1560.9 X108.966 Y67.283 E1457.25476
G1 F1679.7 X108.585 Y67.473 E1457.30534
G1 F1756.4 X108.196 Y67.682 E1457.35551
G1 F1744.2 X107.566 Y68.067 E1457.43999
G1 F1599.1 X106.767 Y68.596 E1457.55957
G1 F1503 X75.95 Y86.391 E1462.28446
G1 F1419.1 X75.656 Y86.627 E1462.33747
G1 F1172.8 X75.353 Y86.992 E1462.41819
G1 F945.2 X75.088 Y87.309 E1462.50543
G1 X75.499 Y87.338 E1462.59242
G1 F1172.8 X75.896 Y87.437 E1462.66204
G1 F1419.1 X76.271 Y87.474 E1462.71503
G1 F1500 X76.612 Y87.494 E1462.76048
G1 X76.908 Y87.546 E1462.80046
G1 X77.195 Y87.627 E1462.84013
G1 X77.471 Y87.734 E1462.87952
G1 X77.8 Y87.913 E1462.92934
G1 X78.239 Y88.229 E1463.00131
G1 X78.476 Y88.44 E1463.04352
G1 X78.64 Y88.658 E1463.07982
G1 X78.868 Y89.025 E1463.1373
G1 X78.995 Y89.284 E1463.17567
G1 X79.157 Y89.733 E1463.23918
G1 X79.249 Y90.425 E1463.33205
G1 X79.238 Y90.736 E1463.37345
G1 X79.129 Y91.301 E1463.45001
G1 X79.039 Y91.541 E1463.48411
G1 X78.737 Y92.147 E1463.57419
G1 X78.374 Y92.587 E1463.65008
G1 X78.115 Y92.848 E1463.699
G1 X77.361 Y93.265 E1463.81363
G1 X77.101 Y93.356 E1463.85028
G1 X76.417 Y93.472 E1463.94257
G1 X75.894 Y93.442 E1464.01227
G1 X75.596 Y93.395 E1464.0524
G1 X75.323 Y93.323 E1464.08997
G1 X75.029 Y93.21 E1464.13187
G1 X74.745 Y93.066 E1464.17423
G1 X74.491 Y92.904 E1464.21431
G1 X74.259 Y92.72 E1464.25371
G1 X74.018 Y92.479 E1464.29905
G1 X73.722 Y92.106 E1464.3624
G1 F1522.8 X73.478 Y91.614 E1464.43437
G1 F1587.3 X73.33 Y90.997 E1464.51414
G1 F1689.2 X73.312 Y90.672 E1464.5526
G1 F1742.2 X73.328 Y90.18 E1464.60898
G1 F1700.7 X73.359 Y89.874 E1464.64507
G1 F1626.9 X73.432 Y89.508 E1464.69085
G1 F1565.8 X73.575 Y88.954 E1464.76378
G1 F1585.6 X74.014 Y88.511 E1464.84227
G1 F1411.1 X74.151 Y88.228 E1464.88673
G1 F1113.6 X74.289 Y87.944 E1464.94332
G1 F945.8 X74.531 Y87.603 E1465.03155
G1 F951.8 X74.247 Y87.645 E1465.09174
G1 F1086.2 X74.002 Y87.682 E1465.13727
G1 F1249 X73.733 Y87.732 E1465.18099
G1 F1477.8 X73.463 Y87.782 E1465.21806
G1 F1492.5 X72.846 Y88.235 E1465.32041
G1 F1377.4 X72.573 Y88.393 E1465.36611
G1 X72.573 Y88.707 E1465.4116
G1 F1473.5 X72.501 Y89.386 E1465.50408
G1 F1653.8 X72.461 Y90.16 E1465.5976
G1 F1742.2 X72.456 Y90.672 E1465.65625
G1 F1738.1 X72.463 Y90.995 E1465.69334
G1 F1630.4 X72.513 Y91.761 E1465.7873
G1 F1522.8 X72.528 Y92.523 E1465.88717
G1 F1500 X72.528 Y127.89 E1470.59242
G1 F1595.7 X72.468 Y128.892 E1470.71795
G1 F1732.1 X72.454 Y129.348 E1470.77051
G1 F1746.2 X72.46 Y129.99 E1470.84389
G1 F1681.6 X72.486 Y130.446 E1470.89809
G1 F1548 X72.538 Y130.998 E1470.96957
G1 F1417.8 X72.576 Y131.286 E1471.01045
G1 F1368.6 X72.576 Y131.602 E1471.05653
G1 X72.85 Y131.76 E1471.10265
G1 F1472 X73.388 Y132.159 E1471.19346
G1 F1637.6 X73.688 Y132.363 E1471.23767
G1 F1726.1 X74.16 Y132.658 E1471.30202
G1 F1750.3 X74.749 Y132.99 E1471.37911
G1 F1609.4 X75.779 Y133.507 E1471.522
G1 F1500 X106.35 Y151.159 E1476.2185
G1 F1513.6 X106.75 Y151.401 E1476.28014
G1 F1635.8 X107.922 Y152.155 E1476.45016
G1 F1746.2 X108.522 Y152.493 E1476.52886
G1 F1632.2 X109.24 Y152.845 E1476.62663
G1 F1457.7 X109.728 Y153.059 E1476.69957
G1 F1378.7 X110 Y153.216 E1476.74503
G1 F1500 E1470.24503
G0 F9000 X110 Y152.591
G0 X112.171 Y151.555
G0 X112.728 Y151.214
G0 X144.187 Y132.958
G0 X140.454 Y130.455
G0 X142.424 Y126.296
G0 X146.677 Y127.63
G0 X146.988 Y128.169
G0 X146.983 Y91.847
G0 X143.546 Y93.885
G0 X143.136 Y93.438
G1 F1500 E1476.74503
G1 X142.527 Y93.231 E1476.83061
G1 X141.979 Y92.916 E1476.9147
G1 X141.742 Y92.712 E1476.9563
G1 X141.36 Y92.299 E1477.03115
G1 X140.977 Y91.6 E1477.13719
G1 X140.902 Y91.352 E1477.17166
G1 X140.789 Y90.859 E1477.23895
G1 X140.781 Y90.288 E1477.31492
G1 X140.815 Y90.024 E1477.35033
G1 X140.971 Y89.418 E1477.43359
G1 X141.087 Y89.175 E1477.46941
G1 X141.271 Y88.851 E1477.51898
G1 X141.483 Y88.563 E1477.56656
G1 X141.675 Y88.359 E1477.60383
G1 X141.877 Y88.181 E1477.63965
G1 X142.213 Y87.932 E1477.69529
G1 X142.68 Y87.701 E1477.7646
G1 X143.088 Y87.58 E1477.82122
G1 X143.447 Y87.521 E1477.86962
G1 X143.819 Y87.505 E1477.91916
G1 F1532.2 X144.14 Y87.547 E1477.96132
G1 F1594 X144.433 Y87.616 E1477.99901
G1 F1659.3 X144.675 Y87.701 E1478.02986
G1 F1714.3 X145.188 Y87.933 E1478.0954
G1 F1734.1 X145.591 Y88.201 E1478.15109
G1 F1702.6 X145.791 Y88.354 E1478.18061
G1 F1632.2 X146.019 Y88.559 E1478.21809
G1 F1532.2 X146.373 Y88.922 E1478.28413
G1 F1473.5 X146.504 Y89.252 E1478.33222
G1 F1549.6 X146.604 Y89.653 E1478.38544
G1 F1674.1 X146.666 Y90.002 E1478.4277
G1 F1736.1 X146.69 Y90.31 E1478.46321
G1 F1754.4 X146.694 Y90.799 E1478.51883
G1 F1679.7 X146.609 Y91.341 E1478.58401
G1 F1565.8 X146.527 Y91.668 E1478.62698
G1 F1509.1 X146.369 Y92.007 E1478.67644
G1 F1500 X146.13 Y92.357 E1478.73283
G1 X145.89 Y92.621 E1478.78029
G1 X145.665 Y92.824 E1478.82061
G1 X145.413 Y93.008 E1478.86212
G1 X145.136 Y93.168 E1478.90468
G1 X144.856 Y93.292 E1478.94542
G1 X144.517 Y93.396 E1478.9926
G1 X144.077 Y93.476 E1479.05209
G1 X143.792 Y93.506 E1479.09022
G1 X143.136 Y93.438 E1479.17796
G0 F9000 X143.546 Y93.885
G0 X143.352 Y92.453
;TYPE:WALL-OUTER
G1 F1500 X142.961 Y92.325 E1479.2327
G1 X142.523 Y92.081 E1479.2994
G1 X142.183 Y91.715 E1479.36586
G1 X141.889 Y91.186 E1479.44638
G1 X141.785 Y90.708 E1479.51146
G1 X141.779 Y90.284 E1479.56788
G1 X141.926 Y89.732 E1479.64387
G1 X142.17 Y89.292 E1479.71081
G1 X142.433 Y89.013 E1479.76182
G1 X142.878 Y88.685 E1479.83537
G1 X143.429 Y88.523 E1479.91178
G1 X143.917 Y88.502 E1479.97676
G1 X144.319 Y88.572 E1480.03105
G1 X144.778 Y88.766 E1480.09734
G1 X145.109 Y89.012 E1480.15221
G1 X145.369 Y89.284 E1480.20227
G1 X145.655 Y89.8 E1480.28076
G1 X145.763 Y90.262 E1480.34388
G1 X145.769 Y90.702 E1480.40242
G1 X145.657 Y91.184 E1480.46826
G1 X145.44 Y91.631 E1480.53436
G1 X145.117 Y91.985 E1480.59812
G1 X144.777 Y92.234 E1480.65418
G1 X144.397 Y92.402 E1480.70946
G1 X143.823 Y92.5 E1480.78693
G1 X143.352 Y92.453 E1480.8499
G1 F1500 E1474.3499
G0 F9000 X143.546 Y93.885
G0 X141.748 Y93.369
G0 X129.48 Y93.574
G0 X126.058 Y96.006
G1 F1500 E1480.8499
G1 F1480.8 X125.586 Y95.957 E1480.91386
G1 F1460.6 X125.126 Y95.816 E1480.97959
G1 F1420.5 X124.746 Y95.62 E1481.03966
G1 F1396.6 X124.403 Y95.263 E1481.1104
G1 F1439.5 X124.122 Y94.725 E1481.19455
G1 F1488.1 X124.008 Y94.225 E1481.26332
G1 F1497 X124.008 Y93.785 E1481.32197
G1 F1500 X124.152 Y93.218 E1481.3998
G1 X124.392 Y92.808 E1481.46301
G1 X124.656 Y92.517 E1481.51528
G1 X125.094 Y92.191 E1481.58792
G1 X125.673 Y92.023 E1481.66813
G1 X126.148 Y92.001 E1481.73139
G1 X126.544 Y92.075 E1481.78499
G1 X127.002 Y92.266 E1481.851
G1 X127.301 Y92.482 E1481.90008
G1 X127.587 Y92.776 E1481.95465
G1 X127.879 Y93.302 E1482.03468
G1 X127.987 Y93.788 E1482.10092
G1 X127.991 Y94.192 E1482.15467
G1 X127.878 Y94.685 E1482.22196
G1 X127.663 Y95.131 E1482.28783
G1 X127.321 Y95.5 E1482.35477
G1 X126.98 Y95.742 E1482.4104
G1 X126.631 Y95.9 E1482.46136
G1 F1494 X126.058 Y96.006 E1482.5392
G1 F1500 E1476.0392
G0 F9000 X126.001 Y96.6
G0 X124.96 Y96.322
G0 X124.518 Y96.071
G0 X119.529 Y91.303
G0 X111.737 Y74.046
G0 X110.06 Y73
G1 F1500 E1482.5392
G1 X109.576 Y72.953 E1482.60389
G1 X109.148 Y72.808 E1482.66401
G1 X108.749 Y72.581 E1482.72509
G1 X108.413 Y72.217 E1482.79099
G1 X108.123 Y71.697 E1482.8702
G1 X108.008 Y71.234 E1482.93367
G1 X108.008 Y70.782 E1482.99381
G1 X108.147 Y70.225 E1483.07018
G1 X108.4 Y69.792 E1483.1369
G1 X108.67 Y69.504 E1483.18942
G1 X109.111 Y69.182 E1483.26207
G1 X109.653 Y69.023 E1483.33722
G1 X110.15 Y69.001 E1483.4034
G1 X110.553 Y69.078 E1483.45799
G1 X111.002 Y69.266 E1483.52275
G1 X111.267 Y69.455 E1483.56605
G1 X111.588 Y69.776 E1483.62645
G1 X111.88 Y70.303 E1483.7066
G1 X111.987 Y70.762 E1483.76931
G1 X111.993 Y71.205 E1483.82825
G1 X111.883 Y71.68 E1483.89311
G1 X111.663 Y72.132 E1483.95999
G1 X111.336 Y72.487 E1484.02421
G1 X111.016 Y72.722 E1484.07703
G1 X110.623 Y72.899 E1484.13437
G1 X110.06 Y73 E1484.21047
G1 F1500 E1477.71047
G0 F9000 X110.003 Y73.6
G0 X108.009 Y73.887
G0 X100.42 Y91.326
G0 X94.69 Y95.896
G1 F1500 E1484.21047
G1 F1466.3 X94.054 Y96.005 E1484.29829
G1 F1500 X93.596 Y95.957 E1484.35955
G1 X93.18 Y95.825 E1484.41762
G1 X92.756 Y95.587 E1484.48231
G1 X92.414 Y95.219 E1484.54914
G1 X92.119 Y94.695 E1484.62915
G1 X92.009 Y94.208 E1484.69557
G1 X92.01 Y93.793 E1484.75078
G1 X92.149 Y93.224 E1484.82871
G1 X92.385 Y92.817 E1484.8913
G1 X92.67 Y92.504 E1484.94762
G1 X93.103 Y92.188 E1485.01893
G1 X93.654 Y92.026 E1485.09534
G1 X94.148 Y92.001 E1485.16115
G1 X94.563 Y92.081 E1485.21737
G1 X94.998 Y92.26 E1485.27996
G1 X95.312 Y92.492 E1485.3319
G1 X95.598 Y92.798 E1485.38762
G1 X95.876 Y93.295 E1485.46338
G1 X95.987 Y93.761 E1485.52711
G1 X95.993 Y94.202 E1485.58579
G1 F1483.7 X95.867 Y94.736 E1485.65959
G1 F1449.3 X95.671 Y95.179 E1485.72629
G1 F1413.8 X95.321 Y95.546 E1485.79788
G1 F1379.9 X95.074 Y95.743 E1485.84357
G1 F1397.9 X94.69 Y95.896 E1485.90257
G1 F1500 E1479.40257
G0 F9000 X94.929 Y96.426
G0 X94.078 Y96.547
G0 X93.471 Y96.49
G0 X92.96 Y96.322
G0 X92.414 Y96.012
G0 X90.527 Y93.693
G0 X79.493 Y91.75
G0 X76.892 Y92.378
G1 F1500 E1485.90257
G1 X76.363 Y92.464 E1485.97388
G1 X75.904 Y92.442 E1486.03501
G1 X75.531 Y92.343 E1486.08635
G1 X75.153 Y92.152 E1486.1427
G1 X74.834 Y91.899 E1486.19687
G1 X74.445 Y91.41 E1486.28
G1 X74.236 Y90.724 E1486.3754
G1 X74.263 Y90.169 E1486.44933
G1 X74.387 Y89.704 E1486.51335
G1 X74.628 Y89.254 E1486.58127
G1 X74.983 Y88.912 E1486.64685
G1 X75.4 Y88.639 E1486.71316
G1 X75.895 Y88.495 E1486.78174
G1 X76.382 Y88.469 E1486.84663
G1 X76.784 Y88.54 E1486.90094
G1 X77.166 Y88.689 E1486.95549
G1 X77.737 Y89.099 E1487.04901
G1 X78.045 Y89.595 E1487.12668
G1 X78.184 Y89.986 E1487.18189
G1 X78.257 Y90.556 E1487.25834
G1 X78.149 Y91.085 E1487.33017
G1 X77.912 Y91.566 E1487.40151
G1 X77.544 Y92.023 E1487.47957
G1 X76.892 Y92.378 E1487.57834
G1 F1500 E1481.07834
G0 F9000 X76.992 Y92.971
G0 X73.975 Y93.082
G0 X72.894 Y90.956
G0 X72.989 Y127.888
G0 X72.911 Y128.932
G0 X74.194 Y131.037
G0 X75.67 Y132.912
G0 X75.994 Y133.169
G0 X76.848 Y131.403
G1 F1500 E1487.57834
G1 X76.277 Y131.505 E1487.65551
G1 X75.8 Y131.456 E1487.7193
G1 X75.432 Y131.334 E1487.77088
G1 X74.977 Y131.084 E1487.83995
G1 X74.634 Y130.719 E1487.90659
G1 X74.341 Y130.195 E1487.98646
G1 X74.239 Y129.755 E1488.04655
G1 X74.231 Y129.286 E1488.10896
G1 X74.371 Y128.728 E1488.18549
G1 X74.622 Y128.294 E1488.25219
G1 X74.881 Y128.013 E1488.30304
G1 X75.326 Y127.685 E1488.37658
G1 X75.877 Y127.523 E1488.45299
G1 X76.371 Y127.502 E1488.51877
G1 X76.772 Y127.573 E1488.57295
G1 X77.228 Y127.764 E1488.63873
G1 X77.54 Y127.992 E1488.69014
G1 X77.817 Y128.285 E1488.74378
G1 X78.101 Y128.799 E1488.82191
G1 X78.217 Y129.273 E1488.88683
G1 X78.216 Y129.711 E1488.9451
G1 X78.106 Y130.174 E1489.00841
G1 X77.89 Y130.624 E1489.07482
G1 X77.568 Y130.983 E1489.13898
G1 X77.231 Y131.23 E1489.19457
G1 X76.848 Y131.403 E1489.25048
G1 F1500 E1482.75048
G0 F9000 X75.994 Y133.169
G0 X87.848 Y139.899
G0 X92.529 Y129.159
G0 X94.049 Y128.005
G1 F1500 E1489.25048
G1 X93.58 Y127.954 E1489.31324
G1 X93.208 Y127.834 E1489.36524
G1 X92.757 Y127.59 E1489.43346
G1 X92.409 Y127.218 E1489.50124
G1 X92.116 Y126.694 E1489.58111
G1 X92.012 Y126.236 E1489.64359
G1 X92.008 Y125.783 E1489.70386
G1 X92.149 Y125.222 E1489.78082
G1 X92.418 Y124.773 E1489.85045
G1 X92.656 Y124.517 E1489.89696
G1 X93.084 Y124.197 E1489.96805
G1 X93.635 Y124.029 E1490.04469
G1 X94.143 Y124.001 E1490.11238
G1 F1474.9 X94.602 Y124.078 E1490.17535
G1 F1428.6 X95.056 Y124.239 E1490.24264
G1 F1399.3 X95.289 Y124.424 E1490.28507
G1 F1394.1 X95.613 Y124.753 E1490.35117
G1 F1436.8 X95.874 Y125.267 E1490.43124
G1 F1491.1 X95.987 Y125.764 E1490.49945
G1 F1500 X95.993 Y126.204 E1490.558
G1 X95.876 Y126.691 E1490.62463
G1 X95.669 Y127.12 E1490.688
G1 X95.341 Y127.482 E1490.75299
G1 X95.021 Y127.718 E1490.80589
G1 X94.604 Y127.904 E1490.86664
G1 X94.049 Y128.005 E1490.94169
G1 F1500 E1484.44169
G0 F9000 X93.912 Y129.399
G0 X97.395 Y126.762
G0 X101.998 Y129.228
G0 X109.473 Y130.091
G0 X109.502 Y129.492
G1 F1500 E1490.94169
G1 X108.531 Y129.442 E1491.07104
G1 X107.59 Y129.35 E1491.19683
G1 X106.592 Y129.201 E1491.33108
G1 X105.661 Y129.009 E1491.45754
G1 X104.703 Y128.766 E1491.58903
G1 X103.765 Y128.475 E1491.71969
G1 X102.87 Y128.149 E1491.84642
G1 X101.971 Y127.771 E1491.97616
G1 X101.079 Y127.343 E1492.10779
G1 X100.252 Y126.888 E1492.23337
G1 X99.401 Y126.369 E1492.36598
G1 X98.599 Y125.82 E1492.49528
G1 X97.866 Y125.268 E1492.61736
G1 F1445.1 X96.406 Y124.032 E1492.88153
G1 F1394.1 X95.991 Y123.613 E1492.96595
G1 F1408.5 X95.755 Y123.391 E1493.01186
G1 F1457.7 X95.236 Y122.738 E1493.12605
G1 F1495.5 X95.053 Y122.524 E1493.16362
G1 F1500 X94.437 Y121.752 E1493.29502
G1 X93.901 Y121.004 E1493.41744
G1 X93.346 Y120.146 E1493.55339
G1 X92.863 Y119.305 E1493.68242
G1 X92.427 Y118.457 E1493.80927
G1 X92.027 Y117.561 E1493.93982
G1 X91.665 Y116.647 E1494.07061
G1 X91.366 Y115.747 E1494.19678
G1 X91.101 Y114.798 E1494.32786
G1 X90.879 Y113.841 E1494.45856
G1 X90.716 Y112.893 E1494.58654
G1 X90.593 Y111.942 E1494.71411
G1 X90.52 Y110.955 E1494.84578
G1 X90.5 Y110.011 E1494.9714
G1 X90.521 Y109.012 E1495.10434
G1 X90.599 Y108.021 E1495.23659
G1 X90.715 Y107.105 E1495.35943
G1 X90.885 Y106.126 E1495.49162
G1 X91.106 Y105.178 E1495.62113
G1 X91.374 Y104.216 E1495.75399
G1 X91.675 Y103.323 E1495.87936
G1 X92.035 Y102.415 E1496.00931
G1 X92.432 Y101.529 E1496.13847
G1 X92.874 Y100.67 E1496.267
G1 X93.359 Y99.828 E1496.39627
G1 X93.905 Y98.984 E1496.53001
G1 X94.453 Y98.224 E1496.65466
G1 X95.069 Y97.453 E1496.78595
G1 F1489.6 X95.287 Y97.196 E1496.8311
G1 F1447.9 X95.748 Y96.614 E1496.93344
G1 F1412.4 X96.175 Y96.203 E1497.01717
G1 F1400.6 X96.404 Y95.966 E1497.06413
G1 F1445.1 X97.865 Y94.733 E1497.32814
G1 F1500 X98.597 Y94.177 E1497.45043
G1 X99.422 Y93.617 E1497.58308
G1 X100.271 Y93.097 E1497.71554
G1 X101.105 Y92.64 E1497.84206
G1 X101.992 Y92.219 E1497.97269
G1 X102.894 Y91.837 E1498.10301
G1 X103.791 Y91.514 E1498.22984
G1 X104.703 Y91.23 E1498.35692
G1 X105.685 Y90.981 E1498.4917
G1 X106.604 Y90.797 E1498.6164
G1 X107.595 Y90.646 E1498.74976
G1 X108.554 Y90.552 E1498.87796
G1 X109.528 Y90.504 E1499.0077
G1 X110.498 Y90.504 E1499.13675
G1 X111.465 Y90.554 E1499.26557
G1 X112.428 Y90.649 E1499.39431
G1 X113.415 Y90.801 E1499.52717
G1 X114.34 Y90.987 E1499.65269
G1 X115.293 Y91.23 E1499.78354
G1 X116.225 Y91.521 E1499.91343
G1 X117.132 Y91.847 E1500.04166
G1 X118.028 Y92.228 E1500.17119
G1 X118.917 Y92.653 E1500.30229
G1 X119.746 Y93.109 E1500.42816
G1 X120.574 Y93.617 E1500.5574
G1 X121.399 Y94.177 E1500.69005
G1 X122.149 Y94.748 E1500.81546
G1 F1497 X122.922 Y95.392 E1500.94958
G1 F1445.1 X123.626 Y95.999 E1501.07795
G1 F1396.6 X124.048 Y96.43 E1501.16414
G1 F1415.1 X124.298 Y96.707 E1501.21676
G1 F1467.7 X124.699 Y97.194 E1501.30253
G1 F1500 X124.928 Y97.453 E1501.34853
G1 X125.558 Y98.244 E1501.48306
G1 X126.105 Y99.004 E1501.60764
G1 X126.65 Y99.85 E1501.74153
G1 X127.133 Y100.691 E1501.87055
G1 X127.564 Y101.529 E1501.99592
G1 X127.974 Y102.437 E1502.12847
G1 X128.33 Y103.348 E1502.25859
G1 X128.63 Y104.24 E1502.3838
G1 X128.9 Y105.2 E1502.51647
G1 X129.117 Y106.152 E1502.64637
G1 X129.285 Y107.105 E1502.77512
G1 X129.401 Y108.021 E1502.89795
G1 X129.476 Y109.041 E1503.03402
G1 X129.496 Y110.011 E1503.1631
G1 X129.475 Y110.982 E1503.29231
G1 X129.401 Y111.967 E1503.42373
G1 X129.281 Y112.915 E1503.55085
G1 X129.112 Y113.868 E1503.67962
G1 X128.894 Y114.819 E1503.80942
G1 X128.626 Y115.773 E1503.94126
G1 X128.322 Y116.671 E1504.06739
G1 X127.964 Y117.582 E1504.19761
G1 X127.557 Y118.481 E1504.3289
G1 X127.122 Y119.326 E1504.45534
G1 X126.65 Y120.146 E1504.58122
G1 X126.095 Y121.004 E1504.71716
G1 X125.558 Y121.753 E1504.83978
G1 F1488.1 X124.768 Y122.736 E1505.0089
G1 F1412.4 X124.273 Y123.361 E1505.12154
G1 F1377.4 X123.824 Y123.791 E1505.21161
G1 F1400.6 X123.626 Y123.998 E1505.25243
G1 F1447.9 X122.129 Y125.268 E1505.52301
G1 F1500 X121.398 Y125.82 E1505.64487
G1 X120.572 Y126.384 E1505.77794
G1 X119.725 Y126.899 E1505.90982
G1 X118.893 Y127.355 E1506.03604
G1 X118.017 Y127.777 E1506.16541
G1 X117.106 Y128.159 E1506.29683
G1 X116.209 Y128.482 E1506.42367
G1 X115.268 Y128.773 E1506.55471
G1 X114.317 Y129.014 E1506.68523
G1 X113.39 Y129.203 E1506.8111
G1 X112.401 Y129.35 E1506.94412
G1 X111.442 Y129.444 E1507.07232
G1 X110.472 Y129.492 E1507.20152
G1 X109.502 Y129.492 E1507.33057
G1 F1500 E1500.83057
G0 F9000 X109.473 Y130.091
G0 X112.492 Y129.885
G0 X119.572 Y128.649
G0 X122.6 Y126.762
G0 X124.065 Y128.806
G0 X125.578 Y127.953
G1 F1500 E1507.33057
G1 X125.157 Y127.812 E1507.38964
G1 X124.746 Y127.58 E1507.45243
G1 X124.41 Y127.219 E1507.51804
G1 X124.116 Y126.694 E1507.59809
G1 X124.008 Y126.23 E1507.66148
G1 X124.008 Y125.782 E1507.72108
G1 F1489.6 X124.156 Y125.186 E1507.80335
G1 F1436.8 X124.397 Y124.741 E1507.87364
G1 F1396.6 X124.673 Y124.455 E1507.93043
G1 F1404.5 X125.021 Y124.176 E1507.99381
G1 F1443.7 X125.592 Y124.032 E1508.07521
G1 F1488.1 X126.145 Y124.001 E1508.14948
G1 F1500 X126.547 Y124.074 E1508.20384
G1 X126.981 Y124.255 E1508.2664
G1 X127.312 Y124.492 E1508.32056
G1 X127.586 Y124.781 E1508.37354
G1 X127.885 Y125.318 E1508.45531
G1 X127.988 Y125.797 E1508.5205
G1 X127.992 Y126.17 E1508.57012
G1 X127.883 Y126.681 E1508.63964
G1 X127.662 Y127.132 E1508.70645
G1 X127.326 Y127.496 E1508.77236
G1 X127.003 Y127.729 E1508.82534
G1 X126.63 Y127.901 E1508.87999
G1 X126.046 Y128.005 E1508.95891
G1 X125.578 Y127.953 E1509.02155
G1 F1500 E1502.52155
G0 F9000 X124.065 Y128.806
G0 X126.787 Y128.423
G0 X129.025 Y127.717
G0 X140.285 Y129.877
G0 X142.957 Y131.326
G1 F1500 E1509.02155
G1 X142.523 Y131.082 E1509.08779
G1 X142.178 Y130.715 E1509.15481
G1 X141.895 Y130.186 E1509.23462
G1 X141.785 Y129.71 E1509.29962
G1 X141.782 Y129.297 E1509.35457
G1 X141.921 Y128.733 E1509.43185
G1 X142.17 Y128.292 E1509.49922
G1 X142.428 Y128.02 E1509.5491
G1 X142.874 Y127.688 E1509.62307
G1 X143.425 Y127.527 E1509.69944
G1 X143.915 Y127.501 E1509.76472
G1 X144.319 Y127.572 E1509.8193
G1 X144.771 Y127.758 E1509.88432
G1 X145.043 Y127.955 E1509.929
G1 X145.364 Y128.276 E1509.9894
G1 X145.654 Y128.799 E1510.06896
G1 X145.763 Y129.262 E1510.13224
G1 X145.769 Y129.702 E1510.19079
G1 X145.657 Y130.185 E1510.25675
G1 X145.436 Y130.636 E1510.32357
G1 X145.101 Y130.996 E1510.38899
G1 X144.779 Y131.229 E1510.44187
G1 X144.402 Y131.4 E1510.49694
G1 X143.826 Y131.505 E1510.57484
G1 X143.357 Y131.457 E1510.63756
G1 X142.957 Y131.326 E1510.69356
G1 F1500 E1504.19356
G0 F9000 X143.397 Y132.87
G0 X144.187 Y132.958
G0 X112.728 Y151.214
G0 X112.277 Y151.49
G0 X110.115 Y152.567
G0 X110.063 Y151.003
G1 F1500 E1510.69356
G1 X109.577 Y150.957 E1510.7585
G1 X109.208 Y150.834 E1510.81025
G1 X108.748 Y150.584 E1510.8799
G1 X108.409 Y150.218 E1510.94627
G1 X108.117 Y149.696 E1511.02585
G1 X108.008 Y149.231 E1511.08939
G1 X108.008 Y148.782 E1511.14912
G1 X108.147 Y148.226 E1511.22537
G1 X108.403 Y147.792 E1511.29241
G1 X108.66 Y147.513 E1511.34287
G1 X109.104 Y147.184 E1511.41639
G1 X109.637 Y147.029 E1511.49024
G1 X110.132 Y147.004 E1511.55618
G1 X110.548 Y147.073 E1511.61228
G1 X110.979 Y147.254 E1511.67447
G1 X111.299 Y147.481 E1511.72667
G1 X111.584 Y147.778 E1511.78143
G1 X111.878 Y148.298 E1511.8609
G1 X111.987 Y148.767 E1511.92496
G1 X111.993 Y149.205 E1511.98324
G1 X111.883 Y149.68 E1512.04811
G1 X111.663 Y150.133 E1512.11511
G1 X111.326 Y150.496 E1512.181
G1 X111.003 Y150.729 E1512.23399
G1 X110.626 Y150.901 E1512.28912
G1 X110.063 Y151.003 E1512.36524
G1 F1500 E1505.86524
G0 F9000 X110.115 Y152.567
G0 X110 Y154.422
G1 F1500 E1512.36524
G1 X148.468 Y132.207 E1518.27514
G1 X148.468 Y87.789 E1524.18453
G1 X110 Y65.578 E1530.09416
G1 X71.529 Y87.789 E1536.00414
G1 X71.528 Y132.207 E1541.91353
G1 X110 Y154.422 E1547.82389
G1 F1500 E1541.32389
G0 F9000 X110 Y152.591
G0 X112.116 Y150.441
G0 X112.397 Y149.859
G0 X112.533 Y149.262
G0 X112.529 Y148.708
G0 X112.389 Y148.109
G0 X112.029 Y147.46
G0 X111.661 Y147.072
G0 X111.257 Y146.788
G0 X110.702 Y146.553
G0 X110.234 Y146.47
G0 X110.27 Y145.503
G0 X110.298 Y130.972
G0 X110.514 Y131.392
;TYPE:SKIN
G1 F1500 E1547.82389
G1 X111.57 Y131.34 E1547.96455
G1 X112.587 Y131.238 E1548.10053
G1 X113.72 Y131.075 E1548.25282
G1 X114.709 Y130.874 E1548.38708
G1 X115.724 Y130.617 E1548.52638
G1 X116.758 Y130.303 E1548.67015
G1 X117.767 Y129.939 E1548.81285
G1 X118.833 Y129.494 E1548.96654
G1 X119.762 Y129.045 E1549.10381
G1 X120.733 Y128.508 E1549.25143
G1 X121.647 Y127.951 E1549.39383
G1 X122.364 Y127.457 E1549.50967
G1 X122.815 Y128.245 E1549.63046
G1 X123.026 Y128.518 E1549.67636
G1 X123.44 Y128.953 E1549.75626
G1 X123.766 Y129.212 E1549.81165
G1 X124.457 Y129.587 E1549.91625
G1 X125.099 Y129.799 E1550.0062
G1 X125.439 Y129.851 E1550.05196
G1 X126.132 Y129.908 E1550.14446
G1 X126.893 Y129.781 E1550.24711
G1 X127.279 Y129.692 E1550.29981
G1 X127.891 Y129.413 E1550.38929
G1 X128.147 Y129.247 E1550.42988
G1 X128.55 Y128.952 E1550.49633
G1 X128.787 Y128.716 E1550.54083
G1 X129.204 Y128.236 E1550.62542
G1 X129.389 Y127.92 E1550.67413
G1 X129.672 Y127.335 E1550.76059
G1 X129.889 Y126.411 E1550.88686
G1 X129.883 Y125.542 E1551.00248
G1 X129.707 Y124.799 E1551.10406
G1 X129.576 Y124.452 E1551.15341
G1 X129.186 Y123.735 E1551.262
G1 X128.928 Y123.427 E1551.31545
G1 X128.522 Y123.018 E1551.39212
G1 X128.139 Y122.74 E1551.45508
G1 X127.891 Y122.584 E1551.49406
G1 X127.439 Y122.385 E1551.55977
G1 X127.634 Y122.117 E1551.60386
G1 X128.232 Y121.196 E1551.74995
G1 X128.789 Y120.235 E1551.89773
G1 X129.289 Y119.261 E1552.04339
G1 X129.692 Y118.375 E1552.17288
G1 X130.114 Y117.303 E1552.32615
G1 X130.447 Y116.311 E1552.46537
G1 X130.722 Y115.341 E1552.5995
G1 X130.988 Y114.171 E1552.75913
G1 X131.149 Y113.246 E1552.88405
G1 X131.287 Y112.171 E1553.02824
G1 X131.367 Y111.135 E1553.16648
G1 X131.396 Y110.05 E1553.31088
G1 X131.375 Y108.974 E1553.45406
G1 X131.295 Y107.902 E1553.59707
G1 X131.173 Y106.887 E1553.73308
G1 X130.981 Y105.796 E1553.88046
G1 X130.748 Y104.769 E1554.02056
G1 X130.43 Y103.632 E1554.17764
G1 X130.11 Y102.687 E1554.31037
G1 X129.733 Y101.719 E1554.44858
G1 X129.309 Y100.771 E1554.58674
G1 X128.797 Y99.775 E1554.73573
G1 X128.246 Y98.818 E1554.88265
G1 X127.692 Y97.963 E1555.01819
G1 X127.442 Y97.613 E1555.07541
G1 X127.828 Y97.44 E1555.13169
G1 X128.136 Y97.254 E1555.17955
G1 X128.537 Y96.962 E1555.24555
G1 X128.787 Y96.716 E1555.29221
G1 X129.119 Y96.339 E1555.35904
G1 X129.337 Y96.021 E1555.41034
G1 X129.679 Y95.314 E1555.51482
G1 X129.891 Y94.395 E1555.6403
G1 X129.877 Y93.513 E1555.75766
G1 X129.756 Y92.979 E1555.8305
G1 X129.615 Y92.524 E1555.89387
G1 X129.101 Y91.606 E1556.03385
G1 X128.574 Y91.074 E1556.13347
G1 X128.018 Y90.65 E1556.2265
G1 X127.661 Y90.476 E1556.27933
G1 X127.169 Y90.276 E1556.34999
G1 X126.499 Y90.115 E1556.44166
G1 X126.006 Y90.104 E1556.50727
G1 X125.333 Y90.139 E1556.59693
G1 X124.399 Y90.413 E1556.72642
G1 X123.996 Y90.639 E1556.78789
G1 X123.414 Y91.066 E1556.88393
G1 X123.038 Y91.458 E1556.95619
G1 X122.816 Y91.745 E1557.00447
G1 X122.546 Y92.2 E1557.07485
G1 X122.379 Y92.551 E1557.12657
G1 X121.577 Y92.005 E1557.25565
G1 X120.655 Y91.439 E1557.39958
G1 X119.728 Y90.932 E1557.54015
G1 X118.824 Y90.5 E1557.67344
G1 X117.88 Y90.099 E1557.80989
G1 X116.871 Y89.733 E1557.95269
G1 X115.824 Y89.403 E1558.09874
G1 X114.788 Y89.139 E1558.24097
G1 X113.736 Y88.925 E1558.3838
G1 X112.675 Y88.765 E1558.52655
G1 X111.654 Y88.662 E1558.66307
G1 X110.538 Y88.604 E1558.81175
G1 X109.463 Y88.604 E1558.95477
G1 X108.415 Y88.656 E1559.09437
G1 X107.3 Y88.765 E1559.24341
G1 X106.284 Y88.921 E1559.38017
G1 X105.265 Y89.125 E1559.51842
G1 X104.273 Y89.375 E1559.65453
G1 X103.224 Y89.698 E1559.80055
G1 X102.224 Y90.055 E1559.94182
G1 X101.216 Y90.483 E1560.08751
G1 X100.229 Y90.952 E1560.23289
G1 X99.36 Y91.424 E1560.36446
G1 X98.357 Y92.042 E1560.52119
G1 X97.613 Y92.547 E1560.64082
G1 X97.502 Y92.314 E1560.67516
G1 X97.206 Y91.778 E1560.75662
G1 X96.938 Y91.441 E1560.8139
G1 X96.549 Y91.041 E1560.88813
G1 X95.911 Y90.578 E1560.99301
G1 X95.325 Y90.34 E1561.07716
G1 X95.037 Y90.239 E1561.11776
G1 X94.532 Y90.14 E1561.18622
G1 X94.189 Y90.094 E1561.23227
G1 X93.594 Y90.122 E1561.31151
G1 X93.212 Y90.171 E1561.36275
G1 X92.432 Y90.406 E1561.47113
G1 X92.046 Y90.595 E1561.52831
G1 X91.352 Y91.12 E1561.64408
G1 X90.834 Y91.71 E1561.74854
G1 X90.465 Y92.343 E1561.84601
G1 X90.328 Y92.682 E1561.89466
G1 X90.172 Y93.283 E1561.97727
G1 X90.108 Y93.674 E1562.02998
G1 X90.108 Y94.2 E1562.09996
G1 X90.14 Y94.581 E1562.15082
G1 X90.268 Y95.133 E1562.22621
G1 X90.385 Y95.467 E1562.27329
G1 X90.716 Y96.087 E1562.3668
G1 X90.931 Y96.419 E1562.41942
G1 X91.462 Y96.981 E1562.52228
G1 X91.849 Y97.255 E1562.58537
G1 X92.249 Y97.484 E1562.64669
G1 X92.548 Y97.611 E1562.68991
G1 X92.35 Y97.888 E1562.73521
G1 X91.762 Y98.794 E1562.8789
G1 X91.178 Y99.806 E1563.03435
G1 X90.746 Y100.648 E1563.16025
G1 X90.268 Y101.71 E1563.31519
G1 X89.891 Y102.659 E1563.45105
G1 X89.558 Y103.646 E1563.58963
G1 X89.274 Y104.665 E1563.73036
G1 X89.033 Y105.68 E1563.86915
G1 X88.831 Y106.864 E1564.02895
G1 X88.712 Y107.775 E1564.15118
G1 X88.621 Y108.966 E1564.31009
G1 X88.6 Y110.051 E1564.45447
G1 X88.62 Y110.991 E1564.57956
G1 X88.699 Y112.119 E1564.72999
G1 X88.823 Y113.111 E1564.863
G1 X89.007 Y114.177 E1565.00691
G1 X89.253 Y115.234 E1565.1513
G1 X89.537 Y116.276 E1565.29498
G1 X89.893 Y117.339 E1565.44412
G1 X90.255 Y118.249 E1565.57442
G1 X90.739 Y119.336 E1565.73272
G1 X91.192 Y120.211 E1565.86381
G1 X91.703 Y121.105 E1566.0008
G1 X92.336 Y122.081 E1566.15557
G1 X92.547 Y122.374 E1566.20361
G1 X92.233 Y122.5 E1566.24862
G1 X91.938 Y122.682 E1566.29473
G1 X91.493 Y123.01 E1566.36828
G1 X91.249 Y123.235 E1566.41244
G1 X90.941 Y123.571 E1566.47308
G1 X90.75 Y123.851 E1566.51817
G1 X90.479 Y124.321 E1566.59035
G1 X90.32 Y124.709 E1566.64614
G1 X90.141 Y125.41 E1566.74239
G1 X90.108 Y125.737 E1566.78612
G1 X90.112 Y126.43 E1566.87831
G1 X90.286 Y127.194 E1566.98256
G1 X90.44 Y127.587 E1567.03872
G1 X90.855 Y128.322 E1567.15101
G1 X91.444 Y128.971 E1567.26761
G1 X91.862 Y129.266 E1567.33568
G1 X92.388 Y129.554 E1567.41546
G1 X92.928 Y129.741 E1567.49149
G1 X93.213 Y129.819 E1567.5308
G1 X93.903 Y129.898 E1567.6232
G1 X94.319 Y129.891 E1567.67855
G1 X95.053 Y129.747 E1567.77806
G1 X95.422 Y129.624 E1567.82981
G1 X95.932 Y129.398 E1567.90402
G1 X96.564 Y128.945 E1568.00747
G1 X97.146 Y128.328 E1568.12032
G1 X97.409 Y127.879 E1568.18954
G1 X97.613 Y127.449 E1568.25286
G1 X98.334 Y127.942 E1568.36907
G1 X99.255 Y128.504 E1568.51261
G1 X100.213 Y129.034 E1568.65826
G1 X101.194 Y129.506 E1568.8031
G1 X102.226 Y129.938 E1568.95194
G1 X103.177 Y130.283 E1569.08653
G1 X104.148 Y130.582 E1569.2217
G1 X105.277 Y130.869 E1569.37668
G1 X106.244 Y131.066 E1569.50797
G1 X107.325 Y131.231 E1569.65345
G1 X108.387 Y131.334 E1569.7954
G1 X109.405 Y131.388 E1569.93103
G1 X110.514 Y131.392 E1570.07857
G1 F1500 E1563.57857
G0 F9000 X110.515 Y130.892
G0 X112.08 Y130.888
G0 X111.813 Y146.004
G0 X113.74 Y150.068
G1 F1500 E1570.07857
G1 X113.828 Y149.696 E1570.12943
G1 X113.886 Y149.177 E1570.19891
G1 X113.885 Y148.742 E1570.25678
G1 X113.824 Y148.275 E1570.31944
G1 X113.748 Y147.947 E1570.36423
G1 X113.536 Y147.377 E1570.44514
G1 X113.272 Y146.895 E1570.51825
G1 X113.044 Y146.544 E1570.57394
G1 X112.496 Y145.996 E1570.67704
G1 X112.05 Y145.68 E1570.74976
G1 X111.727 Y145.506 E1570.79857
G1 X111.041 Y145.232 E1570.89685
G1 X110.29 Y145.104 E1570.99821
G1 X109.607 Y145.121 E1571.0891
G1 X109.249 Y145.163 E1571.13706
G1 X108.396 Y145.42 E1571.25558
G1 X108.001 Y145.635 E1571.31541
G1 X107.438 Y146.044 E1571.40799
G1 X107.05 Y146.45 E1571.4827
G1 X106.794 Y146.766 E1571.53681
G1 X106.425 Y147.407 E1571.63521
G1 X106.294 Y147.796 E1571.68982
G1 X106.178 Y148.26 E1571.75345
G1 X106.111 Y148.788 E1571.82426
G1 X106.108 Y149.164 E1571.87428
G1 X106.158 Y149.662 E1571.94087
G1 X106.251 Y150.062 E1571.9955
G1 X77.174 Y133.272 E1576.46253
G1 X77.634 Y133.126 E1576.52674
G1 X77.948 Y132.989 E1576.57231
G1 X78.353 Y132.756 E1576.63448
G1 X78.636 Y132.552 E1576.68089
G1 X78.961 Y132.266 E1576.73849
G1 X79.257 Y131.951 E1576.79599
G1 X79.453 Y131.703 E1576.83805
G1 X79.626 Y131.402 E1576.88423
G1 X79.796 Y131.047 E1576.9366
G1 X79.919 Y130.751 E1576.97924
G1 X80.06 Y130.164 E1577.05956
G1 X80.116 Y129.778 E1577.11145
G1 X80.107 Y129.008 E1577.2139
G1 X79.918 Y128.261 E1577.31641
G1 X79.796 Y127.932 E1577.3631
G1 X79.348 Y127.151 E1577.48288
G1 X78.804 Y126.563 E1577.58945
G1 X78.146 Y126.091 E1577.69719
G1 X77.434 Y125.791 E1577.79998
G1 X77.073 Y125.697 E1577.84961
G1 X76.43 Y125.593 E1577.93626
G1 X75.805 Y125.626 E1578.01953
G1 X75.325 Y125.706 E1578.08427
G1 X74.839 Y125.843 E1578.15145
G1 X74.15 Y126.183 E1578.25367
G1 X73.798 Y126.449 E1578.31236
G1 X73.428 Y126.779 E1578.37832
G1 X73.428 Y93.157 E1582.85141
G1 X73.66 Y93.392 E1582.89535
G1 X73.953 Y93.625 E1582.94515
G1 X74.345 Y93.875 E1583.007
G1 X74.613 Y94.01 E1583.04693
G1 X75.042 Y94.176 E1583.10813
G1 X75.41 Y94.275 E1583.15883
G1 X75.84 Y94.34 E1583.21668
G1 X76.2 Y94.36 E1583.26465
G1 X76.596 Y94.353 E1583.31734
G1 X77.358 Y94.218 E1583.4203
G1 X77.727 Y94.09 E1583.47226
G1 X78.477 Y93.673 E1583.58643
G1 X78.872 Y93.388 E1583.65123
G1 X79.366 Y92.792 E1583.75422
G1 X79.532 Y92.557 E1583.79249
G1 X79.848 Y91.936 E1583.88519
G1 X80.003 Y91.524 E1583.94376
G1 X80.13 Y90.845 E1584.03566
G1 X80.157 Y90.456 E1584.08754
G1 X80.045 Y89.567 E1584.20674
G1 X79.821 Y88.93 E1584.29658
G1 X79.653 Y88.59 E1584.34703
G1 X79.403 Y88.178 E1584.41115
G1 X79.138 Y87.827 E1584.46966
G1 X78.756 Y87.493 E1584.53717
G1 X78.282 Y87.157 E1584.61446
G1 X77.846 Y86.917 E1584.68068
G1 X77.474 Y86.77 E1584.73389
G1 X77.217 Y86.697 E1584.76944
G1 X106.263 Y69.92 E1589.23203
G1 X106.178 Y70.259 E1589.27852
G1 X106.111 Y70.788 E1589.34946
G1 X106.108 Y71.164 E1589.39949
G1 X106.158 Y71.662 E1589.46607
G1 X106.245 Y72.047 E1589.51859
G1 X106.338 Y72.352 E1589.56101
G1 X106.481 Y72.662 E1589.60643
G1 X106.714 Y73.083 E1589.67044
G1 X106.931 Y73.424 E1589.72422
G1 X107.426 Y73.942 E1589.81954
G1 X107.804 Y74.234 E1589.88309
G1 X108.415 Y74.571 E1589.97592
G1 X108.958 Y74.754 E1590.05215
G1 X109.28 Y74.833 E1590.09626
G1 X109.89 Y74.896 E1590.17785
G1 X110.234 Y74.888 E1590.22363
G1 X110.94 Y74.774 E1590.31877
G1 X111.272 Y74.681 E1590.36464
G1 X111.932 Y74.398 E1590.46018
G1 X112.597 Y73.917 E1590.56937
G1 X113.04 Y73.44 E1590.65597
G1 X113.236 Y73.186 E1590.69866
G1 X113.384 Y72.934 E1590.73754
G1 X113.565 Y72.57 E1590.79162
G1 X113.737 Y72.089 E1590.85958
G1 X113.829 Y71.694 E1590.91354
G1 X113.889 Y71.124 E1590.98979
G1 X113.885 Y70.728 E1591.04248
G1 X113.833 Y70.324 E1591.09667
G1 X113.743 Y69.934 E1591.14992
G1 X142.816 Y86.719 E1595.61615
G1 X142.35 Y86.863 E1595.68104
G1 X141.703 Y87.183 E1595.77707
G1 X141.344 Y87.452 E1595.83675
G1 X141.019 Y87.741 E1595.89461
G1 X140.789 Y87.99 E1595.93971
G1 X140.517 Y88.358 E1596.00059
G1 X140.279 Y88.77 E1596.06389
G1 X140.119 Y89.109 E1596.11376
G1 X139.912 Y89.92 E1596.22512
G1 X139.88 Y90.261 E1596.27068
G1 X139.894 Y90.966 E1596.3645
G1 X140.072 Y91.732 E1596.46912
G1 X140.204 Y92.064 E1596.51665
G1 X140.652 Y92.858 E1596.63794
G1 X141.205 Y93.453 E1596.74601
G1 X141.532 Y93.707 E1596.8011
G1 X142.2 Y94.065 E1596.90193
G1 X142.708 Y94.241 E1596.97345
G1 X143.062 Y94.334 E1597.02215
G1 X143.782 Y94.412 E1597.1185
G1 X144.231 Y94.361 E1597.17862
G1 X144.663 Y94.285 E1597.23697
G1 X145.222 Y94.11 E1597.3149
G1 X145.541 Y93.967 E1597.36141
G1 X145.949 Y93.73 E1597.42418
G1 X146.236 Y93.52 E1597.4715
G1 X146.565 Y93.221 E1597.53064
G1 X146.568 Y126.774 E1601.99455
G1 X146.152 Y126.412 E1602.06792
G1 X145.944 Y126.26 E1602.10219
G1 X145.49 Y126 E1602.1718
G1 X145.058 Y125.824 E1602.23386
G1 X144.638 Y125.7 E1602.29212
G1 X144.306 Y125.639 E1602.33703
G1 X143.774 Y125.604 E1602.40796
G1 X143.371 Y125.622 E1602.46162
G1 X143.028 Y125.658 E1602.50751
G1 X142.302 Y125.872 E1602.6082
G1 X141.88 Y126.064 E1602.66989
G1 X141.117 Y126.635 E1602.79667
G1 X140.722 Y127.065 E1602.87435
G1 X140.531 Y127.336 E1602.91846
G1 X140.223 Y127.87 E1603.00048
G1 X140.107 Y128.169 E1603.04314
G1 X139.956 Y128.74 E1603.12172
G1 X139.886 Y129.168 E1603.17942
G1 X139.886 Y129.919 E1603.27933
G1 X140.019 Y130.536 E1603.3633
G1 X140.106 Y130.821 E1603.40295
G1 X140.237 Y131.129 E1603.44748
G1 X140.478 Y131.567 E1603.51399
G1 X140.798 Y132.017 E1603.58745
G1 X141.137 Y132.375 E1603.65304
G1 X141.665 Y132.78 E1603.74157
G1 X141.969 Y132.952 E1603.78804
G1 X142.371 Y133.131 E1603.84659
G1 X142.813 Y133.275 E1603.90843
G1 X113.74 Y150.068 E1608.3752
G1 F1500 E1601.8752
G0 F9000 X113.99 Y150.501
G0 X112.728 Y151.214
G0 X112.171 Y151.555
G0 X112.533 Y149.262
G0 X112.529 Y148.708
G0 X112.389 Y148.109
G0 X112.029 Y147.46
G0 X111.661 Y147.072
G0 X111.257 Y146.788
G0 X110.702 Y146.553
G0 X110.176 Y146.461
G0 X109.568 Y146.491
G0 X106.967 Y147.35
G0 X107.7 Y151.494
G0 X78.184 Y134.433
G0 X79.103 Y132.843
G1 F1500 E1608.3752
G1 X81.392 Y135.132 E1608.80587
G0 F9000 X80.892 Y135.997
G0 X75.67 Y132.912
G0 X78.991 Y131.483
G0 X79.776 Y132.102
G1 F1500 X84.738 Y137.063 E1609.73936
G0 F9000 X84.237 Y137.928
G0 X87.582 Y139.86
G0 X88.084 Y138.995
G1 F1500 X80.278 Y131.19 E1611.20795
G0 F9000 X79.354 Y130.816
G0 X79.595 Y129.92
G0 X80.578 Y130.075
G1 F1500 X91.43 Y140.927 E1613.24973
G0 F9000 X90.93 Y141.793
G0 X94.275 Y143.725
G0 X94.776 Y142.859
G1 F1500 X80.52 Y128.603 E1615.93196
G0 F9000 X79.31 Y128.088
G0 X76.955 Y126.182
G0 X77.116 Y125.199
G1 F1500 X73.929 Y122.012 E1616.53159
G0 F9000 X72.928 Y122.012
G0 X72.928 Y123.426
G0 X73.929 Y123.426
G1 F1500 X75.648 Y125.145 E1616.85502
G0 F9000 X75.946 Y126.119
G0 X75.099 Y126.293
G0 X74.504 Y125.416
G1 F1500 X73.929 Y124.84 E1616.9633
G0 F9000 X75.099 Y126.293
G0 X72.911 Y128.932
G0 X72.933 Y128.636
G0 X72.928 Y120.598
G0 X73.929 Y120.598
G1 F1500 X98.12 Y144.789 E1621.51478
G0 F9000 X97.618 Y145.655
G0 X100.966 Y147.588
G0 X101.467 Y146.722
G1 F1500 X73.929 Y119.184 E1626.69599
G0 F9000 X72.928 Y119.184
G0 X72.928 Y117.769
G0 X73.929 Y117.769
G1 F1500 X104.814 Y148.655 E1632.50703
G0 F9000 X104.313 Y149.521
G0 X107.7 Y151.494
G0 X106.668 Y148.367
G0 X105.698 Y148.125
G1 F1500 X73.929 Y116.355 E1638.48439
G0 F9000 X72.928 Y116.355
G0 X72.928 Y114.941
G0 X73.929 Y114.941
G1 F1500 X106.048 Y147.061 E1644.5276
G0 F9000 X106.949 Y147.508
G0 X107.373 Y146.842
G0 X106.606 Y146.204
G1 F1500 X73.929 Y113.527 E1650.6757
G0 F9000 X72.928 Y113.527
G0 X72.928 Y112.112
G0 X73.929 Y112.112
G1 F1500 X90.571 Y128.755 E1653.80695
G0 F9000 X91.654 Y128.464
G0 X92.18 Y128.87
G0 X91.283 Y129.466
G1 F1500 X107.325 Y145.509 E1656.82531
G0 F9000 X107.912 Y146.323
G0 X108.863 Y145.796
G0 X108.192 Y144.962
G1 F1500 X93.599 Y130.369 E1659.57095
G0 F9000 X93.704 Y129.378
G0 X94.741 Y129.3
G0 X94.927 Y130.282
G1 F1500 X109.297 Y144.653 E1662.27473
G0 F9000 X109.277 Y145.673
G0 X110.867 Y145.707
G0 X110.729 Y144.67
G1 F1500 X95.982 Y129.923 E1665.04934
G0 F9000 X94.314 Y129.382
G0 X96.235 Y128.57
G0 X96.838 Y129.365
G1 F1500 X115.783 Y148.31 E1668.6138
G0 F9000 X116.283 Y149.177
G0 X115.387 Y149.694
G0 X114.887 Y148.828
G1 F1500 X114.326 Y148.268 E1668.71926
G0 F9000 X113.026 Y147.482
G0 X112.171 Y151.555
G0 X112.487 Y151.362
G0 X117.181 Y148.658
G0 X116.68 Y147.792
G1 F1500 X97.534 Y128.647 E1672.32144
G0 F9000 X98.399 Y127.38
G0 X100.01 Y128.352
G0 X99.527 Y129.226
G1 F1500 X117.576 Y147.275 E1675.71732
G0 F9000 X118.076 Y148.141
G0 X118.973 Y147.623
G0 X118.473 Y146.757
G1 F1500 X102.162 Y130.446 E1678.7862
G0 F9000 X101.321 Y129.013
G0 X106.006 Y130.511
G0 X104.257 Y131.127
G1 F1500 X119.369 Y146.239 E1681.62948
G0 F9000 X119.869 Y147.106
G0 X120.765 Y146.588
G0 X120.265 Y145.721
G1 F1500 X106.09 Y131.546 E1684.29648
G0 F9000 X106.292 Y130.57
G0 X107.732 Y131.774
G1 F1500 X121.162 Y145.204 E1686.8233
G0 F9000 X121.662 Y146.07
G0 X122.559 Y145.552
G0 X122.059 Y144.686
G1 F1500 X109.254 Y131.881 E1689.23253
G0 F9000 X109.306 Y130.885
G0 X110.622 Y130.887
G0 X110.672 Y131.885
G1 F1500 X122.955 Y144.168 E1691.54355
G0 F9000 X123.455 Y145.035
G0 X124.351 Y144.517
G0 X123.851 Y143.65
G1 F1500 X112.001 Y131.8 E1693.7731
G0 F9000 X113.729 Y130.564
G0 X113.262 Y131.646
G1 F1500 X124.748 Y143.133 E1695.93426
G0 F9000 X125.248 Y143.999
G0 X126.144 Y143.482
G0 X125.644 Y142.615
G1 F1500 X114.464 Y131.434 E1698.03785
G0 F9000 X113.758 Y130.558
G0 X115.608 Y131.164
G1 F1500 X126.54 Y142.097 E1700.09477
G0 F9000 X127.04 Y142.964
G0 X127.937 Y142.446
G0 X127.437 Y141.579
G1 F1500 X116.701 Y130.843 E1702.11473
G0 F9000 X116.408 Y129.886
G0 X118.716 Y128.995
G0 X117.75 Y130.478
G1 F1500 X128.334 Y141.061 E1704.10599
G0 F9000 X128.834 Y141.928
G0 X129.73 Y141.411
G0 X129.23 Y140.544
G1 F1500 X118.755 Y130.069 E1706.07684
G0 F9000 X118.716 Y128.995
G0 X119.289 Y128.718
G0 X119.722 Y129.621
G1 F1500 X130.126 Y140.026 E1708.03442
G0 F9000 X130.626 Y140.893
G0 X131.523 Y140.375
G0 X131.023 Y139.508
G1 F1500 X120.644 Y129.129 E1709.9872
G0 F9000 X119.634 Y128.546
G0 X121.452 Y127.481
G0 X121.533 Y128.604
G1 F1500 X131.919 Y138.99 E1711.94131
G0 F9000 X132.42 Y139.857
G0 X133.317 Y139.34
G0 X132.816 Y138.473
G1 F1500 X124.459 Y130.115 E1713.51375
G0 F9000 X124.065 Y128.806
G0 X126.112 Y129.41
G0 X126.172 Y130.415
G1 F1500 X133.712 Y137.954 E1714.93229
G0 F9000 X134.214 Y138.822
G0 X135.109 Y138.305
G0 X134.608 Y137.437
G1 F1500 X127.359 Y130.188 E1716.29617
G0 F9000 X127.116 Y129.217
G0 X127.777 Y128.893
G0 X128.319 Y129.733
G1 F1500 X135.505 Y136.919 E1717.6482
G0 F9000 X136.006 Y137.787
G0 X136.902 Y137.269
G0 X136.402 Y136.402
G1 F1500 X129.106 Y129.106 E1719.02093
G0 F9000 X128.401 Y128.401
G0 X128.873 Y127.821
G0 X129.734 Y128.319
G1 F1500 X137.298 Y135.883 E1720.44408
G0 F9000 X137.799 Y136.751
G0 X138.695 Y136.234
G0 X138.194 Y135.366
G1 F1500 X130.183 Y127.354 E1721.95143
G0 F9000 X129.211 Y127.126
G0 X129.389 Y126.152
G0 X130.386 Y126.144
G1 F1500 X139.091 Y134.848 E1723.58916
G0 F9000 X139.592 Y135.716
G0 X140.488 Y135.198
G0 X139.987 Y134.33
G1 F1500 X130.113 Y124.456 E1725.44693
G0 F9000 X129.179 Y124.806
G0 X127.922 Y123.199
G0 X128.611 Y121.54
G1 F1500 X140.883 Y133.812 E1727.75588
G0 F9000 X141.384 Y134.681
G0 X144.187 Y132.958
G0 X140.735 Y130.996
G0 X139.753 Y131.268
G1 F1500 X129.129 Y120.644 E1729.75476
G0 F9000 X128.266 Y120.144
G0 X128.728 Y119.262
G0 X129.618 Y119.718
G1 F1500 X139.387 Y129.488 E1731.59287
G0 F9000 X140.457 Y128.802
G0 X139.569 Y128.256
G1 F1500 X130.068 Y118.754 E1733.38055
G0 F9000 X129.158 Y118.342
G0 X129.547 Y117.381
G0 X130.475 Y117.747
G1 F1500 X139.997 Y127.269 E1735.1721
G0 F9000 X140.86 Y127.764
G0 X141.334 Y127.138
G0 X140.602 Y126.46
G1 F1500 X130.843 Y116.701 E1737.00823
G0 F9000 X129.898 Y116.383
G0 X130.203 Y115.339
G0 X131.165 Y115.608
G1 F1500 X141.37 Y125.814 E1738.92837
G0 F9000 X141.41 Y127.057
G0 X142.6 Y126.307
G0 X142.317 Y125.346
G1 F1500 X131.434 Y114.464 E1740.97589
G0 F9000 X130.461 Y114.241
G0 X130.663 Y113.139
G0 X131.65 Y113.265
G1 F1500 X143.503 Y125.118 E1743.206
G0 F9000 X143.544 Y126.117
G0 X145.031 Y126.351
G0 X145.119 Y125.32
G1 F1500 X131.801 Y112.002 E1745.71176
G0 F9000 X130.869 Y111.133
G0 X131.879 Y110.666
G1 F1500 X146.068 Y124.855 E1748.38138
G0 F9000 X147.068 Y124.855
G0 X147.068 Y123.44
G0 X146.068 Y123.44
G1 F1500 X131.88 Y109.252 E1751.05082
G0 F9000 X130.877 Y109.013
G0 X130.719 Y107.298
G0 X131.779 Y107.738
G1 F1500 X146.068 Y122.026 E1753.73917
G0 F9000 X147.068 Y122.026
G0 X147.068 Y120.612
G0 X146.068 Y120.612
G1 F1500 X131.538 Y106.082 E1756.47296
G0 F9000 X130.556 Y106.253
G0 X130.509 Y105.986
G0 X131.122 Y104.252
G1 F1500 X146.068 Y119.198 E1759.28502
G0 F9000 X147.068 Y119.198
G0 X147.068 Y117.783
G0 X146.068 Y117.783
G1 F1500 X130.438 Y102.154 E1762.22567
G0 F9000 X129.508 Y102.516
G0 X128.359 Y100.011
G0 X129.239 Y99.541
G1 F1500 X146.068 Y116.369 E1765.39192
G0 F9000 X147.068 Y116.369
G0 X147.068 Y114.955
G0 X146.068 Y114.955
G1 F1500 X128.654 Y97.541 E1768.66832
G0 F9000 X129.355 Y96.828
G1 F1500 X146.068 Y113.541 E1771.81283
G0 F9000 X147.068 Y113.541
G0 X147.068 Y112.127
G0 X146.068 Y112.127
G1 F1500 X129.915 Y95.974 E1774.85198
G0 F9000 X129.02 Y95.537
G0 X129.31 Y94.704
G0 X130.281 Y94.926
G1 F1500 X146.068 Y110.712 E1777.82218
G0 F9000 X147.068 Y110.712
G0 X147.068 Y109.298
G0 X146.068 Y109.298
G1 F1500 X130.38 Y93.61 E1780.77384
G0 F9000 X129.38 Y93.626
G0 X128.581 Y91.789
G0 X129.543 Y91.359
G1 F1500 X146.068 Y107.884 E1783.88298
G0 F9000 X147.068 Y107.884
G0 X147.068 Y106.47
G0 X146.068 Y106.47
G1 F1500 X113.393 Y73.795 E1790.03071
G0 F9000 X112.648 Y73.13
G0 X112.092 Y73.672
G0 X112.667 Y74.483
G1 F1500 X128.783 Y90.599 E1793.0629
G0 F9000 X127.853 Y91.148
G0 X126.305 Y90.608
G0 X126.383 Y89.613
G1 F1500 X111.779 Y75.009 E1795.81061
G0 F9000 X111.377 Y74.096
G0 X110.512 Y74.342
G0 X110.679 Y75.324
G1 F1500 X125.057 Y89.702 E1798.51579
G0 F9000 X125.329 Y90.664
G0 X124.851 Y90.8
G0 X124.003 Y90.062
G1 F1500 X109.279 Y75.338 E1801.28608
G0 F9000 X109.384 Y74.34
G0 X106.658 Y71.607
G0 X105.662 Y71.721
G1 F1500 X105.107 Y71.166 E1801.3905
G0 F9000 X106.609 Y71.167
G0 X108.438 Y68.022
G0 X103.713 Y70.82
G0 X104.211 Y71.684
G1 F1500 X123.156 Y90.629 E1804.95496
G0 F9000 X122.455 Y91.342
G1 F1500 X103.314 Y72.201 E1808.5563
G0 F9000 X102.816 Y71.338
G0 X101.92 Y71.856
G0 X102.418 Y72.72
G1 F1500 X120.458 Y90.76 E1811.95048
G0 F9000 X119.978 Y91.639
G0 X117.492 Y90.49
G0 X117.834 Y89.55
G1 F1500 X101.521 Y73.237 E1815.01974
G0 F9000 X101.023 Y72.374
G0 X100.127 Y72.891
G0 X100.625 Y73.755
G1 F1500 X115.735 Y88.865 E1817.86265
G0 F9000 X115.77 Y89.912
G0 X113.707 Y89.432
G0 X113.904 Y88.448
G1 F1500 X99.728 Y74.272 E1820.52983
G0 F9000 X99.23 Y73.409
G0 X98.333 Y73.927
G0 X98.832 Y74.791
G1 F1500 X112.263 Y88.221 E1823.05675
G0 F9000 X112.165 Y89.215
G0 X110.687 Y89.111
G0 X110.741 Y88.113
G1 F1500 X97.936 Y75.308 E1825.46598
G0 F9000 X97.438 Y74.444
G0 X96.541 Y74.962
G0 X97.039 Y75.826
G1 F1500 X109.323 Y88.11 E1827.77719
G0 F9000 X109.374 Y89.109
G0 X108.091 Y89.191
G0 X107.994 Y88.195
G1 F1500 X96.142 Y76.343 E1830.00712
G0 F9000 X95.644 Y75.48
G0 X94.748 Y75.997
G0 X95.246 Y76.861
G1 F1500 X106.731 Y88.347 E1832.16809
G0 F9000 X106.884 Y89.338
G0 X105.729 Y89.545
G0 X105.533 Y88.562
G1 F1500 X94.35 Y77.379 E1834.27214
G0 F9000 X93.852 Y76.515
G0 X92.955 Y77.033
G0 X93.453 Y77.897
G1 F1500 X104.387 Y88.831 E1836.32935
G0 F9000 X104.631 Y89.803
G0 X103.589 Y90.111
G0 X103.295 Y89.153
G1 F1500 X92.557 Y78.415 E1838.34968
G0 F9000 X92.058 Y77.551
G0 X91.162 Y78.068
G0 X91.66 Y78.932
G1 F1500 X102.244 Y89.516 E1840.34104
G0 F9000 X102.579 Y90.463
G0 X101.629 Y90.853
G0 X101.243 Y89.929
G1 F1500 X90.764 Y79.451 E1842.31254
G0 F9000 X90.265 Y78.586
G0 X89.369 Y79.103
G0 X89.868 Y79.968
G1 F1500 X100.276 Y90.376 E1844.27078
G0 F9000 X100.703 Y91.281
G0 X99.831 Y91.741
G0 X99.347 Y90.862
G1 F1500 X88.971 Y80.486 E1846.22301
G0 F9000 X88.472 Y79.621
G0 X87.576 Y80.139
G0 X88.074 Y81.003
G1 F1500 X98.461 Y91.39 E1848.1773
G0 F9000 X99.237 Y92.091
G0 X97.385 Y93.242
G0 X95.357 Y90.894
G0 X95.549 Y89.892
G1 F1500 X87.178 Y81.522 E1849.75219
G0 F9000 X86.679 Y80.657
G0 X85.783 Y81.174
G0 X86.282 Y82.039
G1 F1500 X93.852 Y89.61 E1851.17656
G0 F9000 X93.893 Y90.611
G0 X92.928 Y90.776
G0 X92.644 Y89.816
G1 F1500 X85.385 Y82.557 E1852.54232
G0 F9000 X84.886 Y81.692
G0 X83.99 Y82.21
G0 X84.489 Y83.074
G1 F1500 X91.668 Y90.254 E1853.89313
G0 F9000 X92.267 Y91.059
G0 X91.593 Y91.6
G0 X90.888 Y90.888
G1 F1500 X83.592 Y83.592 E1855.26586
G0 F9000 X83.093 Y82.728
G0 X82.197 Y83.245
G0 X82.696 Y84.11
G1 F1500 X90.271 Y91.685 E1856.69107
G0 F9000 X91.567 Y91.629
G0 X90.787 Y92.905
G0 X89.824 Y92.653
G1 F1500 X81.8 Y84.628 E1858.20087
G0 F9000 X81.301 Y83.763
G0 X80.404 Y84.281
G0 X80.903 Y85.146
G1 F1500 X89.612 Y93.854 E1859.83935
G0 F9000 X90.608 Y94.117
G0 X90.739 Y94.945
G0 X89.885 Y95.541
G1 F1500 X80.006 Y85.663 E1861.69797
G0 F9000 X79.507 Y84.798
G0 X75.868 Y87.004
G0 X78.077 Y87.619
G0 X79.11 Y86.181
G1 F1500 X91.382 Y98.453 E1864.00692
G0 F9000 X92.226 Y99.001
G0 X91.732 Y99.85
G0 X90.864 Y99.349
G1 F1500 X80.299 Y88.784 E1865.9947
G0 F9000 X79.371 Y89.146
G0 X79.578 Y89.85
G0 X80.65 Y90.549
G1 F1500 X90.376 Y100.276 E1867.82472
G0 F9000 X91.264 Y100.734
G0 X90.694 Y101.992
G0 X89.931 Y101.244
G1 F1500 X80.45 Y91.763 E1869.60855
G0 F9000 X79.516 Y91.406
G0 X79.389 Y91.738
G0 X80.006 Y92.734
G1 F1500 X89.518 Y102.246 E1871.39821
G0 F9000 X90.448 Y102.614
G0 X90.098 Y103.612
G0 X89.15 Y103.292
G1 F1500 X79.397 Y93.539 E1873.23321
G0 F9000 X79.389 Y91.738
G0 X78.132 Y93.296
G0 X78.613 Y94.169
G1 F1500 X88.832 Y104.389 E1875.15599
G0 F9000 X89.796 Y104.658
G0 X89.533 Y105.755
G0 X88.556 Y105.526
G1 F1500 X77.669 Y94.639 E1877.20435
G0 F9000 X77.339 Y93.696
G0 X75.245 Y93.717
G0 X76.476 Y94.86
G1 F1500 X88.347 Y106.731 E1879.43785
G0 F9000 X89.316 Y107
G0 X89.218 Y107.78
G0 X88.193 Y107.992
G1 F1500 X74.838 Y94.637 E1881.95057
G0 F9000 X75.196 Y93.7
G0 X74.753 Y93.519
G0 X73.929 Y95.142
G1 F1500 X88.115 Y109.328 E1884.61963
G0 F9000 X89.113 Y109.345
G0 X89.115 Y110.723
G0 X88.116 Y110.744
G1 F1500 X73.929 Y96.556 E1887.28898
G0 F9000 X72.928 Y96.556
G0 X72.928 Y97.97
G0 X73.929 Y97.97
G1 F1500 X88.213 Y112.255 E1889.97657
G0 F9000 X89.208 Y112.13
G0 X89.442 Y113.743
G0 X88.453 Y113.909
G1 F1500 X73.929 Y99.385 E1892.70923
G0 F9000 X72.928 Y99.385
G0 X72.928 Y100.799
G0 X73.929 Y100.799
G1 F1500 X88.875 Y115.745 E1895.52129
G0 F9000 X89.838 Y115.479
G0 X90.483 Y117.469
G0 X89.552 Y117.837
G1 F1500 X73.929 Y102.213 E1898.46081
G0 F9000 X72.928 Y102.213
G0 X72.928 Y103.627
G0 X73.929 Y103.627
G1 F1500 X90.753 Y120.451 E1901.62621
G0 F9000 X91.637 Y119.984
G0 X93.233 Y122.607
G0 X91.963 Y123.286
G0 X91.35 Y122.463
G1 F1500 X73.929 Y105.041 E1904.90403
G0 F9000 X72.928 Y105.041
G0 X72.928 Y106.456
G0 X73.929 Y106.456
G1 F1500 X90.638 Y123.165 E1908.04779
G0 F9000 X91.377 Y123.837
G0 X90.945 Y124.509
G0 X90.079 Y124.02
G1 F1500 X73.929 Y107.87 E1911.08637
G0 F9000 X72.928 Y107.87
G0 X72.928 Y109.284
G0 X73.929 Y109.284
G1 F1500 X89.713 Y125.068 E1914.0561
G0 F9000 X90.681 Y125.315
G0 X90.708 Y126.809
G0 X89.612 Y126.382
G1 F1500 X73.929 Y110.698 E1917.00691
G1 F1500 E1910.50691
G0 F9000 X72.928 Y110.698
G0 X72.894 Y90.956
G0 X76.52 Y93.922
G0 X79.718 Y90.464
G0 X76.695 Y87.041
G0 X75.868 Y87.004
G0 X108.438 Y68.022
G0 X106.765 Y72.236
G0 X110.085 Y73.942
G0 X113.046 Y72.492
G0 X113.942 Y72.93
G1 F1500 E1917.00691
G1 X146.068 Y105.056 E1923.05135
G0 F9000 X147.068 Y105.056
G0 X147.068 Y103.641
G0 X146.068 Y103.641
G1 F1500 X114.3 Y71.873 E1929.02842
G0 F9000 X115.251 Y70.228
G0 X115.681 Y70.476
G0 X115.181 Y71.34
G1 F1500 X146.068 Y102.227 E1934.83974
G0 F9000 X147.068 Y102.227
G0 X147.068 Y100.813
G0 X146.068 Y100.813
G1 F1500 X118.527 Y73.273 E1940.02143
G0 F9000 X119.027 Y72.408
G0 X122.373 Y74.34
G0 X121.873 Y75.204
G1 F1500 X146.068 Y99.399 E1944.57366
G0 F9000 X147.068 Y99.399
G0 X147.068 Y97.984
G0 X146.068 Y97.984
G1 F1500 X142.898 Y94.815 E1945.16999
G0 F9000 X143.546 Y93.885
G0 X144.345 Y94.848
G1 F1500 X146.068 Y96.57 E1945.49408
G0 F9000 X147.068 Y96.57
G0 X147.068 Y95.156
G0 X146.068 Y95.156
G1 F1500 X145.47 Y94.559 E1945.6065
G0 F9000 X147.068 Y94.559
G0 X146.983 Y91.847
G0 X144.562 Y92.923
G0 X143.853 Y93.047
G0 X143.246 Y92.99
G0 X142.735 Y92.822
G0 X142.189 Y92.512
G0 X141.829 Y92.127
G0 X140.424 Y89.935
G0 X139.478 Y91.394
G1 F1500 X125.219 Y77.136 E1948.2892
G0 F9000 X125.718 Y76.272
G0 X129.066 Y78.205
G0 X128.566 Y79.069
G1 F1500 X139.411 Y89.914 E1950.32966
G0 F9000 X140.424 Y89.935
G0 X140.568 Y89.375
G0 X139.712 Y88.801
G1 F1500 X131.912 Y81 E1951.79731
G0 F9000 X132.412 Y80.137
G0 X135.759 Y82.07
G0 X135.259 Y82.933
G1 F1500 X140.231 Y87.905 E1952.73278
G0 F9000 X140.892 Y88.705
G0 X141.708 Y87.807
G0 X140.884 Y87.144
G1 F1500 X138.605 Y84.865 E1953.16157
G1 F1500 E1946.66157
;MESH:NONMESH
G0 F300 X138.605 Y84.865 Z1.28
G0 F9000 X139.105 Y84.002
G0 X112.82 Y68.927
G0 X112.16 Y73.697
G0 X107.753 Y73.647
G0 X107.108 Y69.114
G0 X108.438 Y68.022
G0 X75.868 Y87.004
G0 X73.283 Y88.539
G0 X74.192 Y87.807
;TIME_ELAPSED:877.995332
;LAYER:3
;TYPE:WALL-INNER
;MESH:top-fan-holder.stl
G1 F1500 E1953.16157
G1 F891.3 X74.462 Y87.636 E1953.23313
G1 F887 X74.98 Y87.363 E1953.36486
G1 F1500 E1946.86486
G0 F9000 X75.953 Y86.851
G0 X107.336 Y68.794
G0 X107.552 Y72.598
G0 X109.917 Y74.398
G0 X110.131 Y74.014
G1 F1500 E1953.36486
G1 X109.361 Y73.949 E1953.46766
G1 X108.94 Y73.808 E1953.52673
G1 X108.439 Y73.552 E1953.60158
G1 X108.222 Y73.416 E1953.63565
G1 X107.833 Y73.081 E1953.70395
G1 X107.523 Y72.69 E1953.77034
G1 X107.367 Y72.438 E1953.80977
G1 X107.14 Y71.973 E1953.87861
G1 X107.068 Y71.649 E1953.92277
G1 X107.013 Y71.225 E1953.97965
G1 X107.003 Y70.933 E1954.01852
G1 X107.019 Y70.68 E1954.05224
G1 X107.059 Y70.416 E1954.08777
G1 X107.131 Y70.124 E1954.12778
G1 X107.24 Y69.825 E1954.17012
G1 X107.403 Y69.49 E1954.21968
G1 F1530.6 X107.661 Y69.147 E1954.27564
G1 F1616.4 X108.002 Y68.824 E1954.33363
G1 F1720.2 X108.356 Y68.571 E1954.38411
G1 F1766.8 X108.691 Y68.384 E1954.42744
G1 F1742.2 X108.94 Y68.265 E1954.45906
G1 F1685.4 X109.271 Y68.139 E1954.50099
G1 F1574 X109.639 Y68.027 E1954.54976
G1 F1436.8 X110.028 Y67.961 E1954.60457
G1 F1450.7 X110.395 Y68.043 E1954.6563
G1 F1575.6 X110.893 Y68.185 E1954.72188
G1 F1687.3 X111.585 Y68.544 E1954.81409
G1 F1742.2 X111.819 Y68.701 E1954.84637
G1 F1687.3 X112.059 Y68.887 E1954.88228
G1 F1606 X112.276 Y69.082 E1954.91853
G1 F1532.2 X112.472 Y69.306 E1954.9573
G1 F1501.5 X112.629 Y69.558 E1954.99676
G1 F1500 X112.789 Y69.886 E1955.04531
G1 X112.928 Y70.349 E1955.10962
G1 X112.996 Y70.869 E1955.17939
G1 X112.973 Y71.391 E1955.24891
G1 X112.873 Y71.839 E1955.30998
G1 X112.76 Y72.164 E1955.35575
G1 X112.596 Y72.504 E1955.40598
G1 X112.439 Y72.771 E1955.44718
G1 X112.027 Y73.214 E1955.52767
G1 X111.784 Y73.434 E1955.57128
G1 X111.093 Y73.813 E1955.67613
G1 X110.411 Y73.982 E1955.76961
G1 X110.131 Y74.014 E1955.8071
G1 F1500 E1949.3071
G0 F9000 X109.917 Y74.398
G0 X113.422 Y71.495
G0 X112.806 Y68.918
G0 X144.935 Y87.313
G0 X140.765 Y88.788
G0 X140.752 Y91.56
G0 X143.669 Y93.897
G0 X143.043 Y93.441
G1 F1500 E1955.8071
G1 X142.699 Y93.3 E1955.85656
G1 X142.082 Y92.983 E1955.94885
G1 X141.597 Y92.572 E1956.03343
G1 X141.211 Y92.069 E1956.11778
G1 X140.933 Y91.495 E1956.20263
G1 X140.846 Y91.163 E1956.24829
G1 X140.766 Y90.54 E1956.33186
G1 X140.807 Y90.058 E1956.39621
G1 X140.93 Y89.526 E1956.46886
G1 X141.179 Y88.99 E1956.54749
G1 X141.319 Y88.747 E1956.5848
G1 X141.739 Y88.289 E1956.66747
G1 X142.119 Y87.99 E1956.7318
G1 X142.431 Y87.818 E1956.7792
G1 X142.696 Y87.703 E1956.81763
G1 X143.032 Y87.596 E1956.86454
G1 X143.415 Y87.526 E1956.91634
G1 X143.807 Y87.506 E1956.96856
G1 F1530.6 X144.168 Y87.551 E1957.01599
G1 F1597.4 X144.659 Y87.681 E1957.07945
G1 F1694.9 X145.361 Y88.044 E1957.1725
G1 F1744.2 X145.594 Y88.202 E1957.20471
G1 F1698.8 X145.832 Y88.39 E1957.24034
G1 F1618.1 X146.051 Y88.583 E1957.27634
G1 F1469.1 X146.406 Y88.968 E1957.34747
G1 F1454.9 X146.554 Y89.391 E1957.40894
G1 F1612.9 X146.646 Y89.857 E1957.46771
G1 F1718.2 X146.709 Y90.503 E1957.5431
G1 F1734.1 X146.684 Y90.877 E1957.58623
G1 F1666.7 X146.616 Y91.332 E1957.64132
G1 F1551.2 X146.535 Y91.664 E1957.68528
G1 F1500 X146.372 Y92.004 E1957.73545
G1 X146.113 Y92.381 E1957.7963
G1 X145.792 Y92.721 E1957.85851
G1 X145.431 Y93.002 E1957.91937
G1 X145.052 Y93.214 E1957.97714
G1 X144.681 Y93.36 E1958.03019
G1 X144.261 Y93.464 E1958.08775
G1 X143.928 Y93.516 E1958.13259
G1 X143.043 Y93.441 E1958.25075
G1 F1500 E1951.75075
G0 F9000 X143.669 Y93.897
G0 X146.976 Y91.878
G0 X147.068 Y127.984
G0 X147.084 Y128.8
G1 F1500 E1958.25075
G1 F867.1 X147.122 Y129.46 E1958.40291
G1 F1500 E1951.90291
G0 F9000 X147.068 Y127.984
G0 X144.599 Y127.088
G0 X143.959 Y126.959
G0 X143.297 Y126.998
G0 X142.745 Y127.174
G0 X142.197 Y127.478
G0 X141.661 Y128.056
G0 X141.383 Y128.63
G0 X141.24 Y129.443
G0 X140.273 Y129.685
G0 X129.029 Y127.713
G0 X110.511 Y130.492
G1 F1500 E1958.40291
G1 X109.452 Y130.491 E1958.5438
G1 X108.504 Y130.443 E1958.67008
G1 X107.454 Y130.341 E1958.81043
G1 X106.417 Y130.185 E1958.94995
G1 X105.415 Y129.979 E1959.08604
G1 X104.483 Y129.743 E1959.21395
G1 X103.424 Y129.415 E1959.36144
G1 X102.483 Y129.071 E1959.49474
G1 X101.574 Y128.689 E1959.62592
G1 X100.636 Y128.24 E1959.76427
G1 X99.731 Y127.742 E1959.9017
G1 X98.837 Y127.195 E1960.04113
G1 X98.053 Y126.659 E1960.16748
G1 X97.264 Y126.066 E1960.29879
G1 X96.993 Y125.839 E1960.34582
G1 X97.008 Y126.101 E1960.38074
G1 X96.973 Y126.391 E1960.4196
G1 X96.839 Y126.987 E1960.50087
G1 X96.596 Y127.504 E1960.57687
G1 X96.43 Y127.782 E1960.61995
G1 X95.965 Y128.277 E1960.7103
G1 X95.766 Y128.437 E1960.74428
G1 X95.182 Y128.77 E1960.83371
G1 X94.909 Y128.861 E1960.872
G1 X94.251 Y129.017 E1960.96197
G1 X93.384 Y128.952 E1961.07764
G1 X93.04 Y128.86 E1961.12501
G1 X92.374 Y128.516 E1961.22474
G1 X92.161 Y128.367 E1961.25932
G1 X91.798 Y128.04 E1961.32432
G1 X91.435 Y127.57 E1961.40333
G1 X91.155 Y126.99 E1961.48901
G1 X91.068 Y126.649 E1961.53583
G1 X91.001 Y126.085 E1961.61139
G1 X91.023 Y125.589 E1961.67745
G1 X91.166 Y124.974 E1961.76145
G1 X91.5 Y124.299 E1961.86164
G1 X92.064 Y123.685 E1961.97256
G1 X92.344 Y123.49 E1962.01796
G1 X92.681 Y123.304 E1962.06917
G1 X92.921 Y123.204 E1962.10376
G1 X93.376 Y123.056 E1962.16741
G1 X93.639 Y123.025 E1962.20265
G1 X94.153 Y122.999 E1962.27112
G1 X93.624 Y122.334 E1962.38417
G1 X93.071 Y121.562 E1962.51051
G1 X92.52 Y120.711 E1962.64538
G1 X91.99 Y119.793 E1962.78641
G1 X91.514 Y118.865 E1962.92516
G1 X91.097 Y117.929 E1963.06149
G1 X90.73 Y117.002 E1963.19413
G1 X90.403 Y116.017 E1963.33221
G1 X90.127 Y115.025 E1963.4692
G1 X89.893 Y114.011 E1963.60764
G1 X89.724 Y113.022 E1963.74113
G1 X89.604 Y112.098 E1963.86509
G1 X89.52 Y110.976 E1964.01478
G1 X89.5 Y110.032 E1964.1404
G1 X89.524 Y108.934 E1964.28651
G1 X89.607 Y107.895 E1964.42518
G1 X89.733 Y106.913 E1964.5569
G1 X89.893 Y105.985 E1964.68218
G1 X90.142 Y104.91 E1964.82899
G1 X90.411 Y103.945 E1964.96227
G1 X90.731 Y102.992 E1965.09601
G1 X91.114 Y102.025 E1965.23438
G1 X91.535 Y101.087 E1965.37117
G1 X92.007 Y100.171 E1965.50826
G1 X92.479 Y99.351 E1965.63414
G1 X93.051 Y98.462 E1965.77478
G1 X93.625 Y97.66 E1965.90599
G1 X94.14 Y97.015 E1966.0158
G1 X93.335 Y96.94 E1966.12336
G1 X92.923 Y96.8 E1966.18125
G1 X92.439 Y96.552 E1966.2536
G1 X92.134 Y96.344 E1966.30272
G1 X91.906 Y96.145 E1966.34298
G1 X91.712 Y95.938 E1966.38072
G1 X91.432 Y95.57 E1966.44224
G1 X91.094 Y94.86 E1966.54686
G1 X90.995 Y94.056 E1966.65463
G1 X91.033 Y93.548 E1966.7224
G1 X91.17 Y92.973 E1966.80104
G1 X91.498 Y92.302 E1966.90041
G1 X92.052 Y91.691 E1967.01013
G1 X92.317 Y91.504 E1967.05328
G1 X92.785 Y91.254 E1967.12387
G1 X93.447 Y91.04 E1967.21643
G1 X94.217 Y91.001 E1967.31901
G1 X94.972 Y91.148 E1967.42134
G1 X95.646 Y91.494 E1967.52213
G1 X95.861 Y91.652 E1967.55763
G1 X96.21 Y91.958 E1967.61938
G1 X96.572 Y92.44 E1967.69958
G1 X96.845 Y93.008 E1967.78342
G1 X96.927 Y93.349 E1967.83008
G1 X96.999 Y93.901 E1967.90414
G1 X96.985 Y94.167 E1967.93958
G1 X97.26 Y93.937 E1967.98727
G1 X98.057 Y93.334 E1968.12024
G1 X98.906 Y92.76 E1968.25658
G1 X99.772 Y92.23 E1968.39166
G1 X100.637 Y91.756 E1968.52288
G1 X101.578 Y91.306 E1968.66165
G1 X102.552 Y90.897 E1968.80219
G1 X103.491 Y90.559 E1968.93497
G1 X104.483 Y90.253 E1969.07308
G1 X105.437 Y90.012 E1969.20399
G1 X106.452 Y89.809 E1969.3417
G1 X107.456 Y89.655 E1969.47683
G1 X108.504 Y89.553 E1969.61692
G1 X109.528 Y89.503 E1969.75331
G1 X110.549 Y89.505 E1969.88915
G1 X111.493 Y89.553 E1970.0149
G1 X112.54 Y89.655 E1970.15485
G1 X113.578 Y89.814 E1970.29456
G1 X114.564 Y90.012 E1970.42836
G1 X115.589 Y90.275 E1970.56914
G1 X116.569 Y90.58 E1970.70569
G1 X117.451 Y90.898 E1970.83042
G1 X118.423 Y91.307 E1970.97072
G1 X119.36 Y91.756 E1971.10895
G1 X120.207 Y92.221 E1971.2375
G1 X121.155 Y92.802 E1971.38543
G1 X121.939 Y93.334 E1971.51148
G1 X122.79 Y93.979 E1971.65354
G1 X122.988 Y94.147 E1971.68809
G1 X123.018 Y93.681 E1971.75021
G1 X123.059 Y93.416 E1971.78589
G1 X123.162 Y92.997 E1971.84329
G1 X123.403 Y92.489 E1971.9181
G1 X123.562 Y92.224 E1971.95921
G1 X124.031 Y91.719 E1972.0509
G1 X124.23 Y91.559 E1972.08487
G1 X124.807 Y91.238 E1972.17272
G1 X125.378 Y91.062 E1972.25221
G1 X125.639 Y91.025 E1972.28728
G1 X126.24 Y91 E1972.36731
G1 X126.765 Y91.103 E1972.43849
G1 X127.046 Y91.181 E1972.47728
G1 X127.622 Y91.48 E1972.56362
G1 X127.836 Y91.629 E1972.59832
G1 X128.198 Y91.956 E1972.66322
G1 X128.573 Y92.438 E1972.74446
G1 X128.845 Y93.017 E1972.82957
G1 X128.92 Y93.294 E1972.86775
G1 X129.007 Y93.998 E1972.96212
G1 X129.002 Y94.259 E1972.99685
G1 X128.832 Y95.016 E1973.10007
G1 X128.55 Y95.591 E1973.18528
G1 X128.387 Y95.825 E1973.22322
G1 X127.941 Y96.306 E1973.31048
G1 X127.659 Y96.502 E1973.35617
G1 X127.279 Y96.714 E1973.41406
G1 X126.909 Y96.861 E1973.46703
G1 X126.489 Y96.964 E1973.52457
G1 X125.856 Y97.015 E1973.60905
G1 X126.37 Y97.66 E1973.71878
G1 X126.945 Y98.462 E1973.85007
G1 X127.477 Y99.286 E1973.98055
G1 X128.022 Y100.233 E1974.12592
G1 X128.46 Y101.084 E1974.25325
G1 X128.901 Y102.06 E1974.39574
G1 X129.266 Y102.995 E1974.52927
G1 X129.572 Y103.902 E1974.65662
G1 X129.875 Y104.977 E1974.80522
G1 X130.102 Y105.978 E1974.94177
G1 X130.277 Y106.979 E1975.07696
G1 X130.393 Y107.895 E1975.1998
G1 X130.476 Y109.02 E1975.34988
G1 X130.496 Y110.032 E1975.48454
G1 X130.476 Y110.976 E1975.61016
G1 X130.393 Y112.091 E1975.75891
G1 X130.277 Y113.015 E1975.88281
G1 X130.102 Y114.018 E1976.01826
G1 X129.857 Y115.089 E1976.16443
G1 X129.59 Y116.042 E1976.2961
G1 X129.266 Y117.002 E1976.4309
G1 X128.891 Y117.959 E1976.56764
G1 X128.464 Y118.903 E1976.70548
G1 X127.989 Y119.825 E1976.84347
G1 X127.517 Y120.645 E1976.96934
G1 X126.908 Y121.586 E1977.11846
G1 X126.372 Y122.335 E1977.241
G1 X125.849 Y122.992 E1977.35272
G1 X126.396 Y123.032 E1977.42569
G1 X126.764 Y123.103 E1977.47555
G1 X127.164 Y123.242 E1977.53189
G1 X127.56 Y123.446 E1977.59115
G1 X127.862 Y123.652 E1977.63979
G1 X128.09 Y123.852 E1977.68014
G1 X128.284 Y124.058 E1977.71778
G1 X128.553 Y124.41 E1977.77672
G1 X128.816 Y124.944 E1977.85591
G1 X128.914 Y125.237 E1977.89702
G1 X129.005 Y125.965 E1977.99462
G1 X128.993 Y126.283 E1978.03696
G1 X128.835 Y126.999 E1978.13451
G1 X128.566 Y127.562 E1978.21752
G1 X128.423 Y127.781 E1978.25232
G1 X127.959 Y128.288 E1978.34375
G1 X127.743 Y128.457 E1978.38024
G1 X127.1 Y128.806 E1978.47758
G1 X126.381 Y128.992 E1978.57638
G1 X126.102 Y129.012 E1978.61359
G1 X125.352 Y128.943 E1978.7138
G1 X125.003 Y128.837 E1978.76232
G1 X124.439 Y128.552 E1978.84639
G1 X124.22 Y128.42 E1978.88041
G1 X123.872 Y128.112 E1978.94224
G1 X123.703 Y127.926 E1978.97567
G1 X123.419 Y127.549 E1979.03847
G1 X123.144 Y126.96 E1979.12495
G1 X123.069 Y126.649 E1979.16751
G1 X123.001 Y126.108 E1979.24005
G1 X123.009 Y125.835 E1979.27639
G1 X122.794 Y126.017 E1979.31386
G1 X121.943 Y126.659 E1979.45569
G1 X121.092 Y127.238 E1979.59262
G1 X120.224 Y127.766 E1979.72779
G1 X119.362 Y128.239 E1979.8586
G1 X118.447 Y128.68 E1979.99373
G1 X117.445 Y129.1 E1980.13828
G1 X116.505 Y129.437 E1980.27113
G1 X115.514 Y129.742 E1980.40908
G1 X114.563 Y129.984 E1980.53963
G1 X113.58 Y130.185 E1980.67311
G1 X112.537 Y130.341 E1980.81342
G1 X111.493 Y130.443 E1980.95298
G1 X110.511 Y130.492 E1981.08378
G1 F1500 E1974.58378
G0 F9000 X109.99 Y130.972
G0 X110.269 Y145.502
G0 X110.231 Y146.468
G0 X110.824 Y146.588
G0 X111.466 Y146.916
G0 X111.866 Y147.27
G0 X112.169 Y147.669
G0 X112.45 Y148.242
G0 X112.566 Y149.111
G0 X112.397 Y149.859
G0 X112.114 Y150.444
G0 X109.99 Y152.602
G0 X110.033 Y152.049
G1 F1500 E1981.08378
G1 F1467.7 X109.483 Y151.939 E1981.16005
G1 F1632.2 X109.113 Y151.817 E1981.20768
G1 F1732.1 X108.411 Y151.452 E1981.29884
G1 F1742.2 X108.177 Y151.295 E1981.33112
G1 F1687.3 X107.937 Y151.109 E1981.36703
G1 F1606 X107.719 Y150.913 E1981.40346
G1 F1532.2 X107.523 Y150.689 E1981.44222
G1 F1501.5 X107.368 Y150.438 E1981.48143
G1 F1500 X107.208 Y150.11 E1981.52998
G1 X107.069 Y149.649 E1981.59404
G1 X107.013 Y149.225 E1981.65094
G1 X107.002 Y148.932 E1981.68995
G1 X107.018 Y148.68 E1981.72354
G1 X107.059 Y148.416 E1981.75909
G1 X107.131 Y148.124 E1981.7991
G1 X107.24 Y147.825 E1981.84144
G1 X107.403 Y147.489 E1981.89112
G1 X107.559 Y147.226 E1981.93181
G1 X108.065 Y146.688 E1982.03006
G1 X108.256 Y146.542 E1982.06205
G1 X108.812 Y146.236 E1982.14648
G1 X109.455 Y146.04 E1982.23591
G1 X110.031 Y146.005 E1982.31269
G1 X110.292 Y146.014 E1982.34743
G1 X110.874 Y146.124 E1982.42623
G1 X111.125 Y146.223 E1982.46213
G1 X111.734 Y146.545 E1982.55378
G1 X112.191 Y146.949 E1982.63493
G1 X112.473 Y147.306 E1982.69545
G1 X112.629 Y147.558 E1982.73488
G1 X112.858 Y148.028 E1982.80444
G1 X112.928 Y148.349 E1982.84815
G1 X112.996 Y148.869 E1982.91792
G1 X112.972 Y149.391 E1982.98744
G1 X112.872 Y149.839 E1983.04851
G1 X112.76 Y150.164 E1983.09424
G1 X112.596 Y150.504 E1983.14446
G1 F1530.6 X112.329 Y150.86 E1983.20248
G1 F1616.4 X111.989 Y151.179 E1983.26004
G1 F1718.2 X111.642 Y151.426 E1983.30951
G1 F1762.6 X111.243 Y151.65 E1983.36132
G1 F1722.2 X110.896 Y151.807 E1983.40545
G1 F1628.7 X110.483 Y151.941 E1983.45866
G1 F1472 X110.033 Y152.049 E1983.52139
G0 F9000 X109.99 Y152.602
G0 X110 Y153.218
G1 F1379.9 X110.271 Y153.062 E1983.56661
G1 F1472 X110.834 Y152.814 E1983.65002
G1 F1628.7 X111.224 Y152.624 E1983.70317
G1 F1722.2 X111.664 Y152.392 E1983.76081
G1 F1746.2 X112.341 Y151.996 E1983.85044
G1 F1644.7 X112.921 Y151.603 E1983.93545
G1 F1530.6 X113.434 Y151.283 E1984.01428
G1 F1500 X144.022 Y133.621 E1988.7134
G1 F1589 X144.996 Y133.121 E1988.85091
G1 F1724.1 X145.435 Y132.889 E1988.90838
G1 F1750.3 X146.111 Y132.494 E1988.99764
G1 F1648.4 X146.684 Y132.107 E1989.08136
G1 F1469.1 X147.153 Y131.762 E1989.16044
G1 F1381.2 X147.425 Y131.605 E1989.20582
G1 X147.425 Y131.292 E1989.25104
G1 F1445.1 X147.473 Y130.877 E1989.30873
G1 F1570.7 X147.509 Y130.456 E1989.36242
G1 F1462 X147.402 Y130.17 E1989.4041
G1 F1209.7 X147.295 Y129.884 E1989.45447
G1 F1046.8 X147.128 Y129.474 E1989.53888
G1 X146.934 Y129.853 E1989.62005
G1 F1209.7 X146.768 Y130.101 E1989.66928
G1 F1462 X146.602 Y130.35 E1989.71013
G1 F1570.7 X146.531 Y130.662 E1989.75078
G1 F1445.1 X146.398 Y131.048 E1989.80716
G1 F1469.1 X146.097 Y131.365 E1989.86654
G1 F1607.7 X145.677 Y131.751 E1989.93735
G1 F1706.5 X145.395 Y131.936 E1989.97679
G1 F1764.7 X145.015 Y132.15 E1990.02611
G1 F1724.1 X144.668 Y132.306 E1990.07014
G1 F1644.7 X144.253 Y132.433 E1990.1228
G1 F1549.6 X143.772 Y132.503 E1990.1854
G1 F1500 X143.256 Y132.46 E1990.25428
G1 X142.699 Y132.299 E1990.33142
G1 X142.215 Y132.052 E1990.40371
G1 X141.91 Y131.844 E1990.45283
G1 X141.683 Y131.644 E1990.49308
G1 X141.479 Y131.426 E1990.5328
G1 X141.299 Y131.19 E1990.57229
G1 X141.143 Y130.938 E1990.61172
G1 X140.918 Y130.474 E1990.68032
G1 X140.856 Y130.224 E1990.71459
G1 X140.765 Y129.542 E1990.80613
G1 X140.807 Y129.036 E1990.87368
G1 X140.945 Y128.469 E1990.95131
G1 X141.279 Y127.801 E1991.05067
G1 X141.785 Y127.24 E1991.15118
G1 X141.985 Y127.073 E1991.18585
G1 X142.531 Y126.762 E1991.26945
G1 X143.145 Y126.559 E1991.35548
G1 X143.415 Y126.525 E1991.39169
G1 X143.807 Y126.505 E1991.44391
G1 X144.173 Y126.531 E1991.49272
G1 X144.541 Y126.603 E1991.54261
G1 X144.939 Y126.742 E1991.5987
G1 X145.335 Y126.946 E1991.65796
G1 X145.638 Y127.152 E1991.70671
G1 X145.866 Y127.352 E1991.74705
G1 X146.069 Y127.57 E1991.78669
G1 X146.249 Y127.805 E1991.82607
G1 X146.405 Y128.058 E1991.86561
G1 F1313.5 X146.692 Y128.324 E1991.92506
G1 F1067.6 X146.888 Y128.562 E1991.98269
G1 F910.7 X147.084 Y128.8 E1992.05025
G1 X147.205 Y128.489 E1992.12337
G1 F1067.6 X147.326 Y128.178 E1992.18575
G1 F1313.5 X147.468 Y127.813 E1992.24526
G1 F1500 X147.468 Y91.877 E1997.0262
G1 F1618.1 X147.541 Y90.884 E1997.149
G1 F1768.9 X147.547 Y90.564 E1997.18511
G1 F1738.1 X147.526 Y89.8 E1997.27286
G1 F1612.9 X147.48 Y89.178 E1997.35002
G1 F1454.9 X147.425 Y88.705 E1997.41534
G1 F1379.9 X147.425 Y88.391 E1997.46075
G1 X147.153 Y88.234 E1997.50617
G1 F1469.1 X146.67 Y87.881 E1997.58743
G1 F1644.7 X146.097 Y87.499 E1997.67099
G1 F1744.2 X145.786 Y87.308 E1997.71275
G1 F1736.1 X145.114 Y86.934 E1997.80115
G1 F1634 X144.511 Y86.636 E1997.88329
G1 F1530.6 X144.072 Y86.407 E1997.94785
G1 F1501.5 X113.141 Y68.546 E2002.69498
G1 F1606 X112.322 Y67.998 E2002.81743
G1 F1742.2 X111.934 Y67.764 E2002.86933
G1 F1734.1 X111.339 Y67.434 E2002.94763
G1 F1618.1 X110.732 Y67.141 E2003.03075
G1 F1450.7 X110.274 Y66.944 E2003.09934
G1 F1374.9 X110.001 Y66.786 E2003.14512
G1 X109.728 Y66.943 E2003.19083
G1 F1436.8 X109.365 Y67.097 E2003.2456
G1 F1574 X108.905 Y67.312 E2003.30998
G1 F1704.5 X108.274 Y67.642 E2003.39335
G1 F1750.3 X107.657 Y68.003 E2003.47485
G1 F1644.7 X107.067 Y68.404 E2003.56141
G1 F1530.6 X106.571 Y68.713 E2003.6376
G1 F1500 X75.95 Y86.391 E2008.34159
G1 F1482.2 X75.634 Y86.588 E2008.39172
G1 F1288.7 X75.372 Y86.899 E2008.4547
G1 F1083.8 X75.217 Y87.084 E2008.49914
G1 F943.4 X74.98 Y87.363 E2008.57657
G1 X75.332 Y87.368 E2008.65104
G1 F1083.8 X75.572 Y87.391 E2008.69543
G1 F1288.7 X75.898 Y87.482 E2008.74785
G1 F1482.2 X76.271 Y87.474 E2008.79808
G1 F1500 X76.612 Y87.494 E2008.84352
G1 X76.908 Y87.546 E2008.88351
G1 X77.195 Y87.627 E2008.92318
G1 X77.471 Y87.734 E2008.96256
G1 X77.763 Y87.887 E2009.00642
G1 X78.142 Y88.143 E2009.06727
G1 X78.369 Y88.331 E2009.10648
G1 X78.534 Y88.528 E2009.14067
G1 X78.935 Y89.101 E2009.23371
G1 X79.072 Y89.462 E2009.28508
G1 X79.253 Y90.191 E2009.38501
G1 X79.202 Y91.085 E2009.50415
G1 X78.925 Y91.831 E2009.61002
G1 X78.788 Y92.071 E2009.64678
G1 X78.405 Y92.554 E2009.72879
G1 X77.903 Y92.974 E2009.81587
G1 X77.446 Y93.216 E2009.88467
G1 X76.972 Y93.378 E2009.95131
G1 X76.443 Y93.471 E2010.02277
G1 X75.902 Y93.443 E2010.09484
G1 X75.587 Y93.391 E2010.13731
G1 X75.295 Y93.312 E2010.17756
G1 X75.005 Y93.198 E2010.21901
G1 X74.741 Y93.062 E2010.25852
G1 X74.506 Y92.913 E2010.29554
G1 X74.29 Y92.745 E2010.33195
G1 X74.051 Y92.51 E2010.37654
G1 X73.799 Y92.202 E2010.42948
G1 X73.602 Y91.891 E2010.47846
G1 F1506 X73.478 Y91.617 E2010.51831
G1 F1554.4 X73.402 Y91.32 E2010.55767
G1 F1663 X73.304 Y90.704 E2010.63252
G1 F1732.1 X73.326 Y90.158 E2010.69548
G1 F1700.7 X73.361 Y89.851 E2010.73174
G1 F1612.9 X73.454 Y89.402 E2010.78847
G1 F1466.3 X73.571 Y88.989 E2010.84689
G1 F1347.7 X73.809 Y88.597 E2010.9148
G1 F1197.1 X73.919 Y88.297 E2010.96806
G1 F979.8 X74.192 Y87.807 E2011.08232
G1 X73.644 Y87.932 E2011.1968
G1 F1197.1 X73.279 Y88.016 E2011.25924
G1 F1347.7 X72.946 Y88.174 E2011.31382
G1 F1383.8 X72.57 Y88.391 E2011.37642
G1 X72.57 Y88.703 E2011.42142
G1 F1466.3 X72.51 Y89.272 E2011.49929
G1 F1642.9 X72.461 Y90.132 E2011.60392
G1 F1746.2 X72.455 Y90.576 E2011.65467
G1 F1742.2 X72.461 Y90.898 E2011.69156
G1 F1612.9 X72.524 Y91.83 E2011.80713
G1 F1509.1 X72.526 Y109.783 E2014.18128
G1 F1503 X72.528 Y127.736 E2016.56498
G1 F1356.2 X72.634 Y128.11 E2016.62218
G1 F1092.5 X72.795 Y128.524 E2016.70332
G1 F908.5 X72.911 Y128.825 E2016.77417
G1 X73.096 Y128.56 E2016.84516
G1 F1092.5 X73.368 Y128.279 E2016.9166
G1 F1356.2 X73.628 Y127.99 E2016.9738
G1 F1500 X73.877 Y127.626 E2017.03247
G1 X74.197 Y127.282 E2017.09498
G1 X74.564 Y126.994 E2017.15704
G1 X74.872 Y126.822 E2017.20398
G1 X75.145 Y126.703 E2017.2436
G1 X75.48 Y126.595 E2017.29042
G1 X75.864 Y126.525 E2017.34235
G1 X76.453 Y126.495 E2017.42082
G1 X77.143 Y126.642 E2017.51467
G1 X77.382 Y126.739 E2017.54899
G1 X77.784 Y126.944 E2017.60902
G1 X78.022 Y127.088 E2017.64603
G1 X78.436 Y127.472 E2017.72116
G1 X78.767 Y127.896 E2017.79272
G1 X79.051 Y128.462 E2017.87697
G1 X79.131 Y128.726 E2017.91367
G1 X79.235 Y129.492 E2018.01651
G1 X79.218 Y129.795 E2018.05689
G1 X79.065 Y130.506 E2018.15364
G1 X78.757 Y131.14 E2018.24742
G1 X78.565 Y131.381 E2018.28841
G1 X78.245 Y131.721 E2018.35053
G1 X77.883 Y132.002 E2018.4115
G1 X77.503 Y132.214 E2018.46939
G1 X77.133 Y132.361 E2018.52235
G1 X76.713 Y132.464 E2018.57989
G1 X76.225 Y132.503 E2018.64502
G1 F1546.4 X75.707 Y132.43 E2018.71253
G1 F1648.4 X75.338 Y132.316 E2018.75928
G1 F1734.1 X74.635 Y131.952 E2018.85039
G1 F1744.2 X74.402 Y131.794 E2018.8826
G1 F1698.8 X74.164 Y131.606 E2018.91823
G1 F1618.1 X73.945 Y131.413 E2018.95423
G1 F1469.1 X73.59 Y131.028 E2019.02536
G1 F1454.9 X73.442 Y130.605 E2019.08683
G1 F1606 X73.355 Y130.202 E2019.13806
G1 F1623.4 X73.314 Y130.146 E2019.14659
G1 F1333.3 X73.092 Y129.744 E2019.21533
G1 F1079.1 X72.981 Y129.528 E2019.26024
G1 F939.8 X72.883 Y129.282 E2019.31646
G1 X72.771 Y129.528 E2019.37385
G1 F1079.1 X72.675 Y129.771 E2019.42217
G1 F1257.3 X72.574 Y130.025 E2019.46556
G1 F1513.6 X72.473 Y130.28 E2019.50172
G1 F1607.7 X72.516 Y130.818 E2019.56871
G1 F1454.9 X72.572 Y131.291 E2019.63404
G1 F1381.2 X72.572 Y131.604 E2019.67926
G1 X72.843 Y131.761 E2019.72452
G1 F1469.1 X73.326 Y132.115 E2019.80586
G1 F1644.7 X73.899 Y132.497 E2019.88942
G1 F1744.2 X74.21 Y132.688 E2019.93117
G1 F1734.1 X74.968 Y133.109 E2020.03096
G1 F1597.4 X75.89 Y133.571 E2020.15979
G1 F1501.5 X106.853 Y151.451 E2024.91186
G1 F1606 X107.674 Y151.998 E2025.03445
G1 F1742.2 X107.985 Y152.19 E2025.07631
G1 F1732.1 X108.743 Y152.61 E2025.17616
G1 F1632.2 X109.204 Y152.83 E2025.23861
G1 F1467.7 X109.728 Y153.061 E2025.31647
G1 F1379.9 X110 Y153.218 E2025.36189
G1 F1500 E2018.86189
G0 F9000 X110 Y152.591
G0 X107.369 Y151.229
G0 X75.151 Y132.714
G0 X73.775 Y130.259
G0 X73.156 Y128.042
G0 X72.883 Y129.282
G1 F1500 E2025.36189
G1 F863.6 X72.911 Y128.825 E2025.4677
G1 F1500 E2018.9677
G0 F9000 X73.156 Y128.042
G0 X73.775 Y130.259
G0 X74.056 Y130.831
G0 X74.228 Y131.057
G0 X76.209 Y132.9
G0 X76.956 Y131.374
;TYPE:WALL-OUTER
G1 F1500 E2025.4677
G1 X76.392 Y131.514 E2025.54501
G1 X75.703 Y131.456 E2025.637
G1 X75.065 Y131.133 E2025.73213
G1 X74.748 Y130.855 E2025.78823
G1 X74.502 Y130.523 E2025.8432
G1 X74.294 Y130.099 E2025.90603
G1 X74.224 Y129.528 E2025.98257
G1 X74.254 Y129.156 E2026.03222
G1 X74.339 Y128.811 E2026.07949
G1 X74.559 Y128.361 E2026.14613
G1 X74.982 Y127.906 E2026.22878
G1 X75.405 Y127.67 E2026.29323
G1 X75.849 Y127.527 E2026.35528
G1 X76.377 Y127.505 E2026.42559
G1 X76.859 Y127.597 E2026.49087
G1 X77.379 Y127.864 E2026.56864
G1 X77.668 Y128.116 E2026.61965
G1 X77.933 Y128.453 E2026.67669
G1 X78.15 Y128.903 E2026.74316
G1 X78.241 Y129.579 E2026.8339
G1 X78.11 Y130.173 E2026.91483
G1 X77.888 Y130.631 E2026.98254
G1 X77.467 Y131.089 E2027.0653
G1 X76.956 Y131.374 E2027.14315
G1 F1500 E2020.64315
G0 F9000 X76.209 Y132.9
G0 X75.151 Y132.714
G0 X85.737 Y138.695
G0 X86.896 Y139.35
G0 X92.262 Y128.999
G0 X94.164 Y128.014
G1 F1500 E2027.14315
G1 X93.466 Y127.955 E2027.23634
G1 X92.842 Y127.63 E2027.32994
G1 X92.53 Y127.358 E2027.38501
G1 X92.282 Y127.03 E2027.43972
G1 X92.077 Y126.614 E2027.50142
G1 X92 Y126.047 E2027.57754
G1 X92.019 Y125.699 E2027.62391
G1 X92.116 Y125.309 E2027.67738
G1 X92.335 Y124.863 E2027.74348
G1 X92.764 Y124.4 E2027.82746
G1 X93.18 Y124.171 E2027.89063
G1 X93.62 Y124.032 E2027.95202
G1 X94.143 Y124 E2028.02173
G1 F1492.5 X94.676 Y124.106 E2028.09439
G1 F1435.4 X95.228 Y124.374 E2028.1797
G1 F1399.3 X95.482 Y124.607 E2028.22886
G1 F1388.9 X95.715 Y124.884 E2028.28087
G1 F1395.3 X95.923 Y125.354 E2028.35438
G1 F1439.5 X96.014 Y126.072 E2028.45471
G1 F1479.3 X95.876 Y126.691 E2028.54026
G1 F1500 X95.669 Y127.124 E2028.60411
G1 X95.243 Y127.587 E2028.68782
G1 X94.743 Y127.865 E2028.76393
G1 X94.164 Y128.014 E2028.84347
G1 F1500 E2022.34347
G0 F9000 X92.773 Y129.174
G0 X97.012 Y127.703
G0 X97.393 Y126.761
G0 X101.818 Y129.163
G0 X109.473 Y130.091
G0 X109.502 Y129.492
G1 F1500 E2028.84347
G1 X108.531 Y129.442 E2028.97282
G1 X107.58 Y129.349 E2029.09995
G1 X106.592 Y129.201 E2029.23286
G1 X105.661 Y129.009 E2029.35932
G1 X104.703 Y128.766 E2029.49081
G1 X103.765 Y128.475 E2029.62147
G1 X102.87 Y128.149 E2029.7482
G1 X101.971 Y127.771 E2029.87794
G1 X101.079 Y127.343 E2030.00957
G1 X100.251 Y126.888 E2030.13526
G1 X99.401 Y126.369 E2030.26776
G1 X98.599 Y125.82 E2030.39706
G1 X97.866 Y125.268 E2030.51914
G1 X97.26 Y124.757 E2030.6246
G1 F1482.2 X97.072 Y124.613 E2030.65649
G1 F1416.4 X96.521 Y124.151 E2030.75779
G1 F1381.2 X95.97 Y123.593 E2030.8711
G1 F1412.4 X95.698 Y123.289 E2030.92873
G1 F1467.7 X95.303 Y122.81 E2031.01315
G1 F1500 X95.053 Y122.524 E2031.06369
G1 X94.437 Y121.752 E2031.19508
G1 X93.895 Y120.996 E2031.31884
G1 X93.346 Y120.146 E2031.45346
G1 X92.863 Y119.305 E2031.58249
G1 X92.427 Y118.457 E2031.70934
G1 X92.027 Y117.561 E2031.83989
G1 X91.665 Y116.647 E2031.97068
G1 X91.366 Y115.747 E2032.09685
G1 X91.101 Y114.798 E2032.22793
G1 X90.879 Y113.841 E2032.35863
G1 X90.716 Y112.893 E2032.48661
G1 X90.593 Y111.942 E2032.61418
G1 X90.52 Y110.955 E2032.74585
G1 X90.5 Y110.011 E2032.87147
G1 X90.521 Y109.012 E2033.00441
G1 X90.599 Y108.021 E2033.13666
G1 X90.715 Y107.105 E2033.2595
G1 X90.885 Y106.126 E2033.39169
G1 X91.106 Y105.178 E2033.5212
G1 X91.374 Y104.216 E2033.65405
G1 X91.675 Y103.323 E2033.77943
G1 X92.035 Y102.415 E2033.90938
G1 X92.443 Y101.507 E2034.04181
G1 X92.874 Y100.67 E2034.16706
G1 X93.359 Y99.828 E2034.29634
G1 X93.891 Y99.004 E2034.42683
G1 X94.437 Y98.244 E2034.55133
G1 X95.069 Y97.453 E2034.68603
G1 F1495.5 X95.391 Y97.083 E2034.75148
G1 F1462 X95.698 Y96.707 E2034.81774
G1 F1416.4 X95.94 Y96.438 E2034.86871
G1 F1396.6 X96.394 Y95.977 E2034.96116
G1 F1446.5 X97.865 Y94.733 E2035.22695
G1 F1500 X98.597 Y94.177 E2035.34924
G1 X99.428 Y93.613 E2035.48286
G1 X100.271 Y93.097 E2035.61435
G1 X101.104 Y92.64 E2035.74076
G1 X101.997 Y92.215 E2035.87233
G1 X102.893 Y91.837 E2036.00171
G1 X103.787 Y91.514 E2036.12817
G1 X104.729 Y91.223 E2036.25934
G1 X105.685 Y90.981 E2036.39054
G1 X106.604 Y90.797 E2036.51523
G1 X107.581 Y90.647 E2036.64673
G1 X108.554 Y90.552 E2036.7768
G1 X109.528 Y90.503 E2036.90654
G1 X110.498 Y90.504 E2037.03559
G1 X111.465 Y90.554 E2037.16441
G1 X112.428 Y90.649 E2037.29315
G1 X113.415 Y90.801 E2037.42601
G1 X114.34 Y90.987 E2037.55154
G1 X115.293 Y91.23 E2037.68238
G1 X116.23 Y91.521 E2037.81292
G1 X117.131 Y91.847 E2037.94039
G1 X118.025 Y92.225 E2038.06952
G1 X118.917 Y92.653 E2038.20115
G1 X119.746 Y93.109 E2038.32702
G1 X120.574 Y93.617 E2038.45626
G1 X121.399 Y94.177 E2038.58892
G1 X122.149 Y94.747 E2038.71424
G1 F1497 X122.922 Y95.392 E2038.84845
G1 F1443.7 X123.626 Y95.998 E2038.97685
G1 F1388.9 X124.101 Y96.476 E2039.07368
G1 F1400.6 X124.303 Y96.702 E2039.11687
G1 F1442.3 X124.538 Y96.995 E2039.16884
G1 F1483.7 X124.928 Y97.453 E2039.24975
G1 F1500 X125.558 Y98.244 E2039.38428
G1 X126.105 Y99.004 E2039.50886
G1 X126.65 Y99.85 E2039.64274
G1 X127.133 Y100.691 E2039.77177
G1 X127.564 Y101.529 E2039.89714
G1 X127.974 Y102.437 E2040.02968
G1 X128.33 Y103.348 E2040.15981
G1 X128.63 Y104.24 E2040.28501
G1 X128.9 Y105.2 E2040.41769
G1 X129.117 Y106.152 E2040.54759
G1 X129.285 Y107.105 E2040.67633
G1 X129.401 Y108.021 E2040.79917
G1 X129.476 Y109.041 E2040.93524
G1 X129.496 Y110.011 E2041.06432
G1 X129.475 Y110.982 E2041.19353
G1 X129.401 Y111.967 E2041.32494
G1 X129.281 Y112.915 E2041.45207
G1 X129.112 Y113.868 E2041.58084
G1 X128.894 Y114.819 E2041.71064
G1 X128.626 Y115.773 E2041.84248
G1 X128.322 Y116.671 E2041.96861
G1 X127.964 Y117.582 E2042.09883
G1 X127.557 Y118.481 E2042.23012
G1 X127.122 Y119.326 E2042.35656
G1 X126.65 Y120.146 E2042.48243
G1 X126.095 Y121.004 E2042.61838
G1 X125.559 Y121.752 E2042.74081
G1 X124.927 Y122.543 E2042.87551
G1 F1498.5 X124.729 Y122.77 E2042.91562
G1 F1464.8 X124.207 Y123.418 E2043.02898
G1 F1420.5 X123.924 Y123.687 E2043.08384
G1 F1396.6 X123.523 Y124.098 E2043.16588
G1 F1429.9 X122.926 Y124.608 E2043.27546
G1 F1488.1 X122.13 Y125.268 E2043.41413
G1 F1500 X121.398 Y125.82 E2043.5361
G1 X120.572 Y126.384 E2043.66917
G1 X119.725 Y126.899 E2043.80105
G1 X118.893 Y127.355 E2043.92727
G1 X118.015 Y127.778 E2044.05693
G1 X117.106 Y128.159 E2044.18806
G1 X116.209 Y128.482 E2044.3149
G1 X115.268 Y128.773 E2044.44594
G1 X114.317 Y129.014 E2044.57646
G1 X113.39 Y129.203 E2044.70233
G1 X112.401 Y129.35 E2044.83535
G1 X111.442 Y129.444 E2044.96355
G1 X110.472 Y129.492 E2045.09275
G1 X109.502 Y129.492 E2045.2218
G1 F1500 E2038.7218
G0 F9000 X109.473 Y130.091
G0 X117.601 Y129.533
G0 X122.606 Y126.759
G0 X125.93 Y129.399
G0 X125.473 Y127.956
G1 F1500 E2045.2218
G1 X124.845 Y127.636 E2045.31557
G1 X124.554 Y127.382 E2045.36696
G1 X124.303 Y127.063 E2045.42096
G1 X124.069 Y126.59 E2045.49117
G1 X124 Y126.055 E2045.56294
G1 X124.019 Y125.701 E2045.6101
G1 F1476.4 X124.125 Y125.257 E2045.6718
G1 F1419.1 X124.321 Y124.821 E2045.73903
G1 F1385 X124.765 Y124.347 E2045.8326
G1 F1401.9 X125.125 Y124.17 E2045.88971
G1 F1439.5 X125.633 Y124.027 E2045.96287
G1 F1469.1 X126.142 Y124.001 E2046.0321
G1 F1485.1 X126.644 Y124.099 E2046.10083
G1 F1495.5 X127.154 Y124.362 E2046.1774
G1 F1500 X127.47 Y124.639 E2046.2333
G1 X127.709 Y124.953 E2046.2858
G1 X127.922 Y125.393 E2046.35084
G1 X128.015 Y126.091 E2046.44452
G1 X127.888 Y126.655 E2046.52144
G1 X127.665 Y127.132 E2046.59149
G1 X127.231 Y127.597 E2046.67611
G1 X126.724 Y127.876 E2046.7531
G1 X126.18 Y128.011 E2046.82767
G1 X125.473 Y127.956 E2046.92201
G1 F1500 E2040.42201
G0 F9000 X125.93 Y129.399
G0 X129.029 Y127.713
G0 X140.273 Y129.685
G0 X143.155 Y131.409
G1 F1500 E2046.92201
G1 X142.62 Y131.136 E2047.00192
G1 X142.302 Y130.857 E2047.0582
G1 X142.061 Y130.541 E2047.11108
G1 X141.844 Y130.079 E2047.17898
G1 X141.772 Y129.553 E2047.24962
G1 X141.797 Y129.202 E2047.29643
G1 X141.894 Y128.812 E2047.3499
G1 X142.115 Y128.356 E2047.41731
G1 X142.529 Y127.909 E2047.49837
G1 X142.929 Y127.686 E2047.5593
G1 X143.396 Y127.533 E2047.62468
G1 X143.916 Y127.5 E2047.694
G1 X144.418 Y127.599 E2047.76207
G1 X144.931 Y127.863 E2047.83883
G1 X145.246 Y128.139 E2047.89455
G1 X145.485 Y128.452 E2047.94694
G1 X145.702 Y128.898 E2048.01293
G1 X145.788 Y129.6 E2048.10702
G1 X145.658 Y130.183 E2048.18649
G1 X145.436 Y130.641 E2048.2542
G1 X145 Y131.098 E2048.33823
G1 X144.504 Y131.374 E2048.41375
G1 X143.94 Y131.514 E2048.49106
G1 X143.341 Y131.463 E2048.57104
G1 X143.155 Y131.409 E2048.59681
G1 F1500 E2042.09681
G0 F9000 X143.66 Y132.896
G0 X144.811 Y132.723
G0 X112.652 Y151.214
G0 X110.043 Y152.606
G0 X110.168 Y151.014
G1 F1500 E2048.59681
G1 X109.479 Y150.956 E2048.6888
G1 X108.841 Y150.633 E2048.78393
G1 X108.527 Y150.357 E2048.83955
G1 X108.288 Y150.044 E2048.89194
G1 X108.071 Y149.6 E2048.95769
G1 X107.997 Y149.042 E2049.03258
G1 X108.016 Y148.744 E2049.07231
G1 X108.113 Y148.315 E2049.13082
G1 X108.334 Y147.862 E2049.19788
G1 X108.753 Y147.406 E2049.28027
G1 X109.17 Y147.177 E2049.34356
G1 X109.618 Y147.029 E2049.40633
G1 X110.14 Y147.001 E2049.47588
G1 X110.635 Y147.101 E2049.54306
G1 X111.173 Y147.38 E2049.62369
G1 X111.464 Y147.636 E2049.67525
G1 X111.71 Y147.953 E2049.72864
G1 X111.918 Y148.394 E2049.79351
G1 X112.016 Y149.083 E2049.88609
G1 X111.883 Y149.681 E2049.9676
G1 X111.661 Y150.14 E2050.03543
G1 X111.229 Y150.597 E2050.11909
G1 X110.732 Y150.874 E2050.19479
G1 X110.168 Y151.014 E2050.2721
G1 F1500 E2043.7721
G0 F9000 X110.043 Y152.606
G0 X110 Y154.422
G1 F1500 E2050.2721
G1 X148.468 Y132.207 E2056.182
G1 X148.468 Y87.789 E2062.09139
G1 X110.001 Y65.578 E2068.00091
G1 X71.528 Y87.789 E2073.91111
G1 X71.529 Y132.207 E2079.82051
G1 X110 Y154.422 E2085.73075
G1 F1500 E2079.23075
G0 F9000 X110 Y152.591
G0 X112.387 Y151.352
G0 X146.962 Y132.505
G0 X130.957 Y109.009
G0 X125.448 Y95.953
G1 F1500 E2085.73075
G1 F1431.3 X124.807 Y95.657 E2085.82919
G1 F1395.3 X124.514 Y95.389 E2085.88598
G1 F1412.4 X124.296 Y95.1 E2085.93713
G1 F1453.5 X124.073 Y94.615 E2086.01042
G1 F1495.5 X123.997 Y94.042 E2086.08755
G1 F1500 X124.019 Y93.701 E2086.13301
G1 X124.112 Y93.328 E2086.18415
G1 X124.327 Y92.876 E2086.25074
G1 X124.753 Y92.408 E2086.33494
G1 X125.189 Y92.169 E2086.40109
G1 X125.646 Y92.028 E2086.46471
G1 X126.136 Y92.001 E2086.53
G1 X126.662 Y92.111 E2086.6015
G1 X127.159 Y92.365 E2086.67575
G1 X127.466 Y92.638 E2086.73041
G1 X127.709 Y92.952 E2086.78323
G1 X127.927 Y93.406 E2086.85023
G1 X128.013 Y94.081 E2086.94076
G1 X127.883 Y94.681 E2087.02244
G1 X127.661 Y95.139 E2087.09015
G1 X127.232 Y95.596 E2087.17354
G1 X126.732 Y95.874 E2087.24965
G1 X126.169 Y96.014 E2087.32684
G1 F1492.5 X125.448 Y95.953 E2087.42358
G1 F1500 E2080.92358
G0 F9000 X126.767 Y97.527
G0 X128.968 Y95.828
G0 X141.868 Y93.436
G0 X143.243 Y92.456
G1 F1500 E2087.42358
G1 X142.611 Y92.125 E2087.5185
G1 X142.305 Y91.861 E2087.57227
G1 X142.058 Y91.53 E2087.62721
G1 X141.847 Y91.096 E2087.69141
G1 X141.768 Y90.543 E2087.76573
G1 X141.802 Y90.172 E2087.8153
G1 X141.892 Y89.816 E2087.86415
G1 X142.112 Y89.37 E2087.93031
G1 X142.526 Y88.908 E2088.01284
G1 X142.961 Y88.668 E2088.07894
G1 X143.403 Y88.527 E2088.14066
G1 X143.922 Y88.501 E2088.2098
G1 X144.424 Y88.606 E2088.27803
G1 X144.931 Y88.863 E2088.35365
G1 X145.248 Y89.141 E2088.40975
G1 X145.494 Y89.473 E2088.46472
G1 X145.702 Y89.898 E2088.52767
G1 X145.788 Y90.6 E2088.62176
G1 X145.659 Y91.181 E2088.70094
G1 X145.437 Y91.639 E2088.76866
G1 X145.01 Y92.092 E2088.85148
G1 X144.504 Y92.374 E2088.92854
G1 X143.961 Y92.509 E2089.00299
G1 X143.243 Y92.456 E2089.09877
G1 F1500 E2082.59877
G0 F9000 X143.669 Y93.897
G0 X140.312 Y90.677
G0 X143.394 Y87.065
G0 X144.606 Y87.235
G0 X144.935 Y87.313
G0 X112.806 Y68.918
G0 X112.45 Y72.65
G0 X109.917 Y74.398
G0 X110.148 Y73.013
G1 F1500 E2089.09877
G1 X109.471 Y72.951 E2089.18921
G1 X108.849 Y72.639 E2089.28179
G1 X108.532 Y72.36 E2089.33797
G1 X108.286 Y72.043 E2089.39136
G1 X108.078 Y71.602 E2089.45623
G1 X107.997 Y71.045 E2089.53111
G1 X108.03 Y70.656 E2089.58305
G1 X108.115 Y70.311 E2089.63032
G1 X108.335 Y69.86 E2089.69708
G1 X108.767 Y69.398 E2089.78123
G1 X109.18 Y69.171 E2089.84393
G1 X109.624 Y69.027 E2089.90603
G1 X110.146 Y69.001 E2089.97556
G1 X110.648 Y69.106 E2090.04379
G1 X111.155 Y69.363 E2090.11941
G1 X111.469 Y69.639 E2090.17503
G1 X111.708 Y69.952 E2090.22742
G1 X111.925 Y70.396 E2090.29317
G1 X112.016 Y71.089 E2090.38616
G1 X111.884 Y71.681 E2090.46685
G1 X111.654 Y72.139 E2090.53504
G1 X111.243 Y72.591 E2090.61632
G1 X110.729 Y72.875 E2090.69444
G1 X110.148 Y73.013 E2090.77389
G1 F1500 E2084.27389
G0 F9000 X109.917 Y74.398
G0 X108.211 Y73.997
G0 X100.419 Y91.327
G0 X94.164 Y96.013
G1 F1500 E2090.77389
G1 X93.459 Y95.951 E2090.86805
G1 X92.845 Y95.636 E2090.95986
G1 X92.526 Y95.358 E2091.01615
G1 X92.276 Y95.019 E2091.07219
G1 X92.07 Y94.592 E2091.13526
G1 X92 Y94.056 E2091.20718
G1 X92.021 Y93.7 E2091.25462
G1 X92.109 Y93.337 E2091.30431
G1 X92.332 Y92.867 E2091.37353
G1 X92.767 Y92.397 E2091.45873
G1 X93.181 Y92.172 E2091.52141
G1 X93.634 Y92.027 E2091.58469
G1 X94.125 Y92.004 E2091.65009
G1 X94.644 Y92.1 E2091.72031
G1 X95.142 Y92.358 E2091.79492
G1 X95.443 Y92.615 E2091.84758
G1 X95.692 Y92.932 E2091.90121
G1 X95.927 Y93.408 E2091.97183
G1 F1492.5 X96.015 Y94.089 E2092.06364
G1 F1477.8 X95.867 Y94.734 E2092.15301
G1 F1452.1 X95.671 Y95.182 E2092.22021
G1 F1415.1 X95.242 Y95.628 E2092.30748
G1 F1425.9 X94.799 Y95.854 E2092.37708
G1 F1477.8 X94.164 Y96.013 E2092.46548
G1 F1500 E2085.96548
G0 F9000 X93.2 Y97.568
G0 X91.141 Y95.982
G0 X79.513 Y91.628
G0 X76.724 Y92.409
G1 F1500 E2092.46548
G1 X76.382 Y92.464 E2092.51156
G1 X75.904 Y92.442 E2092.57522
G1 X75.512 Y92.334 E2092.62932
G1 X75.155 Y92.151 E2092.68269
G1 X74.862 Y91.922 E2092.73217
G1 X74.533 Y91.52 E2092.80128
G1 X74.357 Y91.146 E2092.85627
G1 X74.232 Y90.615 E2092.92884
G1 X74.259 Y90.161 E2092.98935
G1 X74.421 Y89.588 E2093.06857
G1 X74.709 Y89.178 E2093.13523
G1 X75.089 Y88.81 E2093.2056
G1 X75.549 Y88.594 E2093.27321
G1 X75.899 Y88.495 E2093.32161
G1 X76.382 Y88.469 E2093.38596
G1 X76.784 Y88.54 E2093.44027
G1 X77.158 Y88.686 E2093.49368
G1 X77.662 Y89.026 E2093.57456
G1 X78.081 Y89.633 E2093.67269
G1 X78.252 Y90.279 E2093.7616
G1 X78.215 Y90.865 E2093.83971
G1 X78.002 Y91.451 E2093.92266
G1 X77.708 Y91.828 E2093.98627
G1 X77.371 Y92.12 E2094.04559
G1 X77.082 Y92.283 E2094.08974
G1 X76.724 Y92.409 E2094.14023
G1 F1500 E2087.64023
G0 F9000 X78.248 Y93.217
G0 X73.693 Y92.8
G0 X73.012 Y91.762
G0 X73.019 Y128.117
G0 X77.448 Y126.262
G0 X79.551 Y130.439
G0 X75.678 Y132.861
G0 X75.151 Y132.714
G0 X107.369 Y151.229
G0 X106.661 Y149.614
G0 X106.262 Y150.07
;TYPE:SKIN
G1 F1500 E2094.14023
G1 X77.199 Y133.287 E2098.60517
G1 X77.89 Y133.023 E2098.70359
G1 X78.31 Y132.792 E2098.76736
G1 X78.849 Y132.378 E2098.85778
G1 X79.211 Y132.005 E2098.92693
G1 X79.484 Y131.655 E2098.98598
G1 X79.62 Y131.415 E2099.02268
G1 X79.863 Y130.914 E2099.09676
G1 X79.97 Y130.565 E2099.14533
G1 X80.11 Y129.906 E2099.23496
G1 X80.132 Y129.385 E2099.30433
G1 X80.015 Y128.522 E2099.4202
G1 X79.878 Y128.106 E2099.47847
G1 X79.534 Y127.424 E2099.58009
G1 X79.045 Y126.797 E2099.68588
G1 X78.543 Y126.351 E2099.77521
G1 X78.208 Y126.15 E2099.82719
G1 X77.468 Y125.784 E2099.93702
G1 X76.66 Y125.621 E2100.04668
G1 X76.214 Y125.604 E2100.10606
G1 X75.822 Y125.624 E2100.15828
G1 X75.257 Y125.724 E2100.23462
G1 X74.883 Y125.839 E2100.28668
G1 X74.466 Y126.016 E2100.34694
G1 X74.134 Y126.2 E2100.39744
G1 X73.582 Y126.626 E2100.49021
G1 X73.429 Y126.784 E2100.51947
G1 X73.429 Y93.159 E2104.99296
G1 X73.733 Y93.452 E2105.04913
G1 X73.989 Y93.652 E2105.09235
G1 X74.321 Y93.858 E2105.14433
G1 X74.597 Y93.998 E2105.1855
G1 X75.063 Y94.183 E2105.25221
G1 X75.394 Y94.271 E2105.29777
G1 X75.852 Y94.34 E2105.35939
G1 X76.36 Y94.368 E2105.42708
G1 X76.702 Y94.338 E2105.47276
G1 X77.294 Y94.223 E2105.55299
G1 X77.886 Y94.005 E2105.63692
G1 X78.493 Y93.661 E2105.72974
G1 X79.082 Y93.148 E2105.83366
G1 X79.531 Y92.572 E2105.93082
G1 X79.757 Y92.167 E2105.99252
G1 X80.029 Y91.435 E2106.09641
G1 X80.111 Y90.978 E2106.15818
G1 X80.152 Y90.337 E2106.24364
G1 X80.109 Y89.877 E2106.3051
G1 X79.898 Y89.058 E2106.41762
G1 X79.739 Y88.714 E2106.46804
G1 X79.599 Y88.486 E2106.50363
G1 X79.276 Y88.016 E2106.57951
G1 X79.008 Y87.693 E2106.63534
G1 X78.675 Y87.418 E2106.6928
G1 X78.271 Y87.144 E2106.75774
G1 X77.837 Y86.913 E2106.82315
G1 X77.531 Y86.787 E2106.86718
G1 X77.215 Y86.697 E2106.91089
G1 X106.253 Y69.93 E2111.37189
G1 X106.186 Y70.194 E2111.40813
G1 X106.098 Y70.745 E2111.48236
G1 X106.116 Y71.3 E2111.55624
G1 X106.176 Y71.764 E2111.61849
G1 X106.251 Y72.12 E2111.66689
G1 X106.382 Y72.475 E2111.71723
G1 X106.559 Y72.838 E2111.77096
G1 X106.774 Y73.191 E2111.82595
G1 X107.142 Y73.678 E2111.90716
G1 X107.656 Y74.114 E2111.99683
G1 X108.038 Y74.359 E2112.0572
G1 X108.701 Y74.691 E2112.15585
G1 X109.183 Y74.834 E2112.22274
G1 X109.97 Y74.904 E2112.32785
G1 X110.45 Y74.894 E2112.39173
G1 X111.234 Y74.703 E2112.49908
G1 X111.573 Y74.571 E2112.54748
G1 X112.314 Y74.164 E2112.65996
G1 X112.661 Y73.85 E2112.72222
G1 X112.997 Y73.486 E2112.78812
G1 X113.189 Y73.256 E2112.82798
G1 X113.402 Y72.9 E2112.88317
G1 X113.594 Y72.499 E2112.94232
G1 X113.733 Y72.091 E2112.99967
G1 X113.859 Y71.548 E2113.07383
G1 X113.885 Y70.744 E2113.18085
G1 X113.821 Y70.244 E2113.24791
G1 X113.732 Y69.925 E2113.29197
G1 X142.81 Y86.721 E2117.75951
G1 X142.377 Y86.858 E2117.81993
G1 X142.025 Y87.014 E2117.87115
G1 X141.695 Y87.193 E2117.9211
G1 X141.129 Y87.631 E2118.01632
G1 X140.755 Y88.029 E2118.08898
G1 X140.554 Y88.283 E2118.13207
G1 X140.368 Y88.596 E2118.18051
G1 X140.204 Y88.924 E2118.2293
G1 X140.085 Y89.209 E2118.27039
G1 X139.921 Y89.865 E2118.36035
G1 X139.86 Y90.607 E2118.45939
G1 X139.955 Y91.301 E2118.55259
G1 X140.062 Y91.785 E2118.61853
G1 X140.436 Y92.53 E2118.72944
G1 X140.768 Y92.98 E2118.80383
G1 X141.007 Y93.243 E2118.85111
G1 X141.302 Y93.509 E2118.90396
G1 X141.653 Y93.774 E2118.96247
G1 X142.543 Y94.219 E2119.09485
G1 X142.992 Y94.34 E2119.15672
G1 X143.693 Y94.399 E2119.25031
G1 X144.101 Y94.395 E2119.30459
G1 X144.437 Y94.343 E2119.34983
G1 X144.955 Y94.214 E2119.42085
G1 X145.497 Y93.997 E2119.49852
G1 X145.861 Y93.793 E2119.55403
G1 X146.396 Y93.383 E2119.64371
G1 X146.568 Y93.208 E2119.67635
G1 X146.568 Y126.772 E2124.14173
G1 X146.235 Y126.476 E2124.201
G1 X145.798 Y126.174 E2124.27167
G1 X145.35 Y125.939 E2124.33898
G1 X144.707 Y125.716 E2124.42952
G1 X144.298 Y125.641 E2124.48484
G1 X143.814 Y125.605 E2124.54941
G1 X143.365 Y125.624 E2124.6092
G1 X142.939 Y125.673 E2124.66625
G1 X142.14 Y125.948 E2124.77867
G1 X141.521 Y126.293 E2124.87295
G1 X141.192 Y126.556 E2124.92898
G1 X140.646 Y127.144 E2125.03574
G1 X140.47 Y127.408 E2125.07795
G1 X140.192 Y127.948 E2125.15875
G1 X140.072 Y128.248 E2125.20174
G1 X139.915 Y128.93 E2125.29484
G1 X139.876 Y129.353 E2125.35136
G1 X139.876 Y129.75 E2125.40418
G1 X139.993 Y130.551 E2125.51187
G1 X140.175 Y131.01 E2125.57756
G1 X140.335 Y131.334 E2125.62564
G1 X140.581 Y131.731 E2125.68777
G1 X140.757 Y131.963 E2125.72652
G1 X141.09 Y132.325 E2125.79195
G1 X141.314 Y132.521 E2125.83155
G1 X141.756 Y132.823 E2125.90277
G1 X142.318 Y133.115 E2125.98703
G1 X142.837 Y133.263 E2126.05883
G1 X113.74 Y150.062 E2130.52876
G1 X113.858 Y149.554 E2130.59814
G1 X113.885 Y148.745 E2130.70583
G1 X113.821 Y148.237 E2130.77395
G1 X113.741 Y147.867 E2130.82431
G1 X113.61 Y147.517 E2130.87403
G1 X113.432 Y147.156 E2130.92758
G1 X113.215 Y146.798 E2130.98328
G1 X112.935 Y146.425 E2131.04533
G1 X112.672 Y146.166 E2131.09443
G1 X112.197 Y145.76 E2131.17757
G1 X111.526 Y145.417 E2131.27782
G1 X111.111 Y145.252 E2131.33724
G1 X110.274 Y145.1 E2131.45042
G1 X109.375 Y145.141 E2131.57014
G1 X109.003 Y145.229 E2131.621
G1 X108.432 Y145.418 E2131.70102
G1 X107.814 Y145.757 E2131.7948
G1 X107.409 Y146.06 E2131.86209
G1 X106.996 Y146.508 E2131.94315
G1 X106.803 Y146.744 E2131.98371
G1 X106.612 Y147.058 E2132.03261
G1 X106.43 Y147.428 E2132.08747
G1 X106.27 Y147.86 E2132.14876
G1 X106.186 Y148.188 E2132.1938
G1 X106.094 Y148.764 E2132.2714
G1 X106.116 Y149.301 E2132.34291
G1 X106.171 Y149.751 E2132.40322
G1 X106.262 Y150.07 E2132.44735
G1 F1500 E2125.94735
G0 F9000 X106.661 Y149.614
G0 X108.039 Y146.088
G0 X108.816 Y130.94
G0 X109.444 Y131.392
G1 F1500 E2132.44735
G1 X110.543 Y131.392 E2132.59357
G1 X111.539 Y131.34 E2132.72625
G1 X112.585 Y131.238 E2132.86608
G1 X113.673 Y131.079 E2133.01236
G1 X114.699 Y130.875 E2133.15153
G1 X115.723 Y130.617 E2133.29202
G1 X116.758 Y130.303 E2133.43592
G1 X117.758 Y129.943 E2133.57732
G1 X118.774 Y129.518 E2133.72384
G1 X119.749 Y129.052 E2133.8676
G1 X120.649 Y128.559 E2134.00413
G1 X121.553 Y128.007 E2134.14505
G1 X122.378 Y127.448 E2134.27763
G1 X122.55 Y127.819 E2134.33203
G1 X122.744 Y128.149 E2134.38296
G1 X123.018 Y128.51 E2134.44325
G1 X123.23 Y128.742 E2134.48507
G1 X123.712 Y129.163 E2134.57021
G1 X124.002 Y129.337 E2134.6152
G1 X124.609 Y129.646 E2134.70582
G1 X125.125 Y129.834 E2134.77888
G1 X126.06 Y129.907 E2134.90365
G1 X126.541 Y129.88 E2134.96775
G1 X127.424 Y129.646 E2135.08928
G1 X128.116 Y129.276 E2135.19367
G1 X128.53 Y128.988 E2135.26077
G1 X129.192 Y128.273 E2135.3904
G1 X129.396 Y127.915 E2135.44522
G1 X129.689 Y127.293 E2135.5367
G1 X129.88 Y126.409 E2135.65702
G1 X129.905 Y125.94 E2135.7195
G1 X129.787 Y125.016 E2135.84343
G1 X129.628 Y124.554 E2135.90843
G1 X129.321 Y123.942 E2135.99952
G1 X129 Y123.517 E2136.07038
G1 X128.711 Y123.203 E2136.12716
G1 X128.461 Y122.978 E2136.1719
G1 X127.966 Y122.643 E2136.25142
G1 X127.447 Y122.375 E2136.32913
G1 X127.692 Y122.031 E2136.38532
G1 X128.281 Y121.115 E2136.5302
G1 X128.818 Y120.182 E2136.67342
G1 X129.28 Y119.284 E2136.80778
G1 X129.716 Y118.318 E2136.94878
G1 X130.106 Y117.318 E2137.09158
G1 X130.446 Y116.322 E2137.2316
G1 X130.722 Y115.33 E2137.36858
G1 X130.988 Y114.172 E2137.52666
G1 X131.149 Y113.246 E2137.6517
G1 X131.287 Y112.171 E2137.79589
G1 X131.367 Y111.135 E2137.93413
G1 X131.396 Y110.05 E2138.07853
G1 X131.375 Y108.974 E2138.22171
G1 X131.295 Y107.902 E2138.36473
G1 X131.173 Y106.887 E2138.50074
G1 X130.981 Y105.796 E2138.64811
G1 X130.748 Y104.765 E2138.78874
G1 X130.434 Y103.644 E2138.94362
G1 X130.114 Y102.696 E2139.07673
G1 X129.705 Y101.655 E2139.22553
G1 X129.297 Y100.747 E2139.35797
G1 X128.811 Y99.799 E2139.4997
G1 X128.287 Y98.883 E2139.64009
G1 X127.701 Y97.973 E2139.78409
G1 X127.443 Y97.612 E2139.84312
G1 X127.67 Y97.521 E2139.87566
G1 X128.091 Y97.288 E2139.93968
G1 X128.532 Y96.979 E2140.01132
G1 X129.12 Y96.358 E2140.12509
G1 X129.333 Y96.03 E2140.17713
G1 X129.6 Y95.492 E2140.25703
G1 X129.725 Y95.134 E2140.30748
G1 X129.897 Y94.344 E2140.41504
G1 X129.908 Y93.95 E2140.46748
G1 X129.804 Y93.141 E2140.576
G1 X129.686 Y92.699 E2140.63686
G1 X129.446 Y92.18 E2140.71293
G1 X129.249 Y91.843 E2140.76487
G1 X128.867 Y91.34 E2140.8489
G1 X128.376 Y90.91 E2140.93573
G1 X128.07 Y90.698 E2140.98526
G1 X127.473 Y90.385 E2141.07493
G1 X127.111 Y90.254 E2141.12615
G1 X126.279 Y90.098 E2141.23877
G1 X125.559 Y90.128 E2141.33464
G1 X125.211 Y90.176 E2141.38138
G1 X124.468 Y90.401 E2141.48466
G1 X123.785 Y90.769 E2141.58788
G1 X123.403 Y91.069 E2141.6525
G1 X122.822 Y91.704 E2141.76701
G1 X122.61 Y92.06 E2141.82213
G1 X122.373 Y92.539 E2141.89323
G1 X121.581 Y92.002 E2142.02053
G1 X120.656 Y91.44 E2142.16453
G1 X119.777 Y90.957 E2142.29796
G1 X118.81 Y90.491 E2142.44077
G1 X117.871 Y90.095 E2142.57635
G1 X116.782 Y89.701 E2142.73043
G1 X115.849 Y89.41 E2142.86045
G1 X114.797 Y89.139 E2143.00498
G1 X113.765 Y88.931 E2143.14504
G1 X112.673 Y88.761 E2143.29207
G1 X111.604 Y88.658 E2143.43495
G1 X110.541 Y88.604 E2143.57655
G1 X109.535 Y88.6 E2143.71039
G1 X108.414 Y88.656 E2143.85971
G1 X107.334 Y88.759 E2144.00405
G1 X106.324 Y88.913 E2144.13997
G1 X105.249 Y89.129 E2144.28585
G1 X104.163 Y89.407 E2144.43499
G1 X103.208 Y89.702 E2144.56797
G1 X102.254 Y90.045 E2144.70284
G1 X101.21 Y90.482 E2144.85342
G1 X100.248 Y90.94 E2144.99517
G1 X99.304 Y91.457 E2145.13836
G1 X98.438 Y91.989 E2145.27357
G1 X97.617 Y92.542 E2145.40527
G1 X97.418 Y92.125 E2145.46674
G1 X97.252 Y91.847 E2145.50982
G1 X97.008 Y91.523 E2145.56378
G1 X96.737 Y91.221 E2145.61776
G1 X96.463 Y90.98 E2145.66631
G1 X96.11 Y90.721 E2145.72456
G1 X95.497 Y90.402 E2145.81649
G1 X95.136 Y90.27 E2145.86763
G1 X94.288 Y90.101 E2145.98267
G1 X93.604 Y90.124 E2146.07372
G1 X93.15 Y90.189 E2146.13473
G1 X92.445 Y90.407 E2146.23291
G1 X91.869 Y90.722 E2146.32025
G1 X91.526 Y90.96 E2146.37579
G1 X91.292 Y91.184 E2146.41889
G1 X90.884 Y91.636 E2146.4999
G1 X90.659 Y91.967 E2146.55315
G1 X90.33 Y92.64 E2146.65281
G1 X90.136 Y93.395 E2146.75652
G1 X90.092 Y94.099 E2146.85036
G1 X90.206 Y95.016 E2146.9733
G1 X90.377 Y95.466 E2147.03734
G1 X90.678 Y96.068 E2147.12689
G1 X91.031 Y96.527 E2147.20392
G1 X91.31 Y96.821 E2147.25784
G1 X91.534 Y97.017 E2147.29744
G1 X91.979 Y97.322 E2147.36922
G1 X92.548 Y97.613 E2147.45424
G1 X92.309 Y97.949 E2147.5091
G1 X91.759 Y98.801 E2147.64402
G1 X91.166 Y99.824 E2147.80133
G1 X90.75 Y100.64 E2147.92318
G1 X90.299 Y101.637 E2148.06877
G1 X89.884 Y102.673 E2148.21724
G1 X89.533 Y103.733 E2148.3658
G1 X89.278 Y104.649 E2148.4923
G1 X89.033 Y105.685 E2148.63393
G1 X88.831 Y106.863 E2148.79294
G1 X88.712 Y107.775 E2148.9153
G1 X88.621 Y108.966 E2149.07421
G1 X88.6 Y110.051 E2149.21859
G1 X88.62 Y110.991 E2149.34367
G1 X88.699 Y112.119 E2149.49411
G1 X88.823 Y113.111 E2149.62711
G1 X89.007 Y114.181 E2149.77156
G1 X89.248 Y115.229 E2149.91462
G1 X89.558 Y116.339 E2150.06795
G1 X89.882 Y117.304 E2150.20338
G1 X90.262 Y118.275 E2150.3421
G1 X90.74 Y119.331 E2150.49631
G1 X91.191 Y120.209 E2150.62763
G1 X91.694 Y121.086 E2150.76214
G1 X92.286 Y122.014 E2150.90858
G1 X92.552 Y122.383 E2150.9691
G1 X92.245 Y122.514 E2151.0135
G1 X91.874 Y122.722 E2151.07009
G1 X91.454 Y123.014 E2151.13814
G1 X90.879 Y123.634 E2151.25064
G1 X90.667 Y123.959 E2151.30227
G1 X90.4 Y124.493 E2151.3817
G1 X90.271 Y124.844 E2151.43145
G1 X90.141 Y125.428 E2151.51104
G1 X90.089 Y126.11 E2151.60204
G1 X90.189 Y126.864 E2151.70323
G1 X90.326 Y127.362 E2151.77195
G1 X90.674 Y128.054 E2151.875
G1 X91.125 Y128.652 E2151.97465
G1 X91.616 Y129.082 E2152.06148
G1 X91.921 Y129.294 E2152.11089
G1 X92.614 Y129.653 E2152.21473
G1 X93.128 Y129.831 E2152.2871
G1 X94.096 Y129.903 E2152.41623
G1 X94.476 Y129.879 E2152.46689
G1 X95.26 Y129.7 E2152.57388
G1 X95.631 Y129.545 E2152.62737
G1 X96.223 Y129.216 E2152.71748
G1 X96.554 Y128.955 E2152.77356
G1 X97.143 Y128.336 E2152.88723
G1 X97.382 Y127.937 E2152.94911
G1 X97.614 Y127.449 E2153.021
G1 X98.358 Y127.955 E2153.1407
G1 X99.238 Y128.495 E2153.27806
G1 X100.214 Y129.034 E2153.4264
G1 X101.199 Y129.507 E2153.57177
G1 X102.219 Y129.934 E2153.71888
G1 X103.181 Y130.283 E2153.85503
G1 X104.148 Y130.582 E2153.98969
G1 X105.272 Y130.869 E2154.14402
G1 X106.186 Y131.058 E2154.26819
G1 X107.326 Y131.23 E2154.42157
G1 X108.391 Y131.334 E2154.56394
G1 X109.444 Y131.392 E2154.70424
G1 F1500 E2148.20424
G0 F9000 X109.47 Y130.893
G0 X116.647 Y129.897
G0 X124.863 Y144.129
G0 X141.18 Y133.177
G1 F1500 E2154.70424
G1 X140.081 Y134.277 E2154.91111
G0 F9000 X140.583 Y135.144
G0 X144.811 Y132.723
G0 X141.107 Y131.6
G0 X140.51 Y132.433
G1 F1500 X136.735 Y136.209 E2155.62146
G0 F9000 X137.237 Y137.076
G0 X133.89 Y139.009
G0 X133.388 Y138.141
G1 F1500 X139.919 Y131.61 E2156.85025
G0 F9000 X140.781 Y131.109
G0 X140.431 Y130.085
G0 X139.492 Y130.622
G1 F1500 X130.042 Y140.073 E2158.62834
G0 F9000 X130.544 Y140.941
G0 X127.198 Y142.873
G0 X126.696 Y142.005
G1 F1500 X139.376 Y129.324 E2161.01415
G0 F9000 X140.377 Y129.374
G0 X140.708 Y128.045
G0 X139.943 Y127.344
G1 F1500 X123.35 Y143.937 E2164.13609
G0 F9000 X123.852 Y144.805
G0 X120.506 Y146.737
G0 X120.004 Y145.868
G1 F1500 X146.068 Y119.804 E2169.03997
G0 F9000 X147.068 Y119.804
G0 X147.068 Y118.39
G0 X146.068 Y118.39
G1 F1500 X116.658 Y147.8 E2174.57339
G0 F9000 X117.16 Y148.669
G0 X115.119 Y149.847
G0 X114.415 Y148.629
G1 F1500 X146.068 Y116.976 E2180.52883
G0 F9000 X147.068 Y116.976
G0 X147.068 Y115.562
G0 X146.068 Y115.562
G1 F1500 X114.138 Y147.492 E2186.53639
G0 F9000 X113.074 Y147.556
G0 X112.803 Y147.083
G0 X113.657 Y146.558
G1 F1500 X146.068 Y114.148 E2192.63435
G0 F9000 X147.068 Y114.148
G0 X147.068 Y112.733
G0 X146.068 Y112.733
G1 F1500 X113.006 Y145.795 E2198.85489
G0 F9000 X112.352 Y146.549
G0 X111.734 Y146.085
G0 X112.19 Y145.197
G1 F1500 X127.152 Y130.235 E2201.66996
G0 F9000 X126.534 Y129.366
G0 X125.93 Y129.399
G0 X125.601 Y130.372
G1 F1500 X111.211 Y144.762 E2204.37741
G0 F9000 X110.978 Y145.736
G0 X109.706 Y145.622
G0 X109.947 Y144.611
G1 F1500 X124.439 Y130.12 E2207.10395
G0 F9000 X125.93 Y129.399
G0 X123.338 Y128.108
G0 X123.517 Y129.628
G1 F1500 X108.131 Y145.013 E2209.9987
G0 F9000 X108.607 Y145.893
G0 X106.927 Y147.549
G0 X106.033 Y147.111
G1 F1500 X104.609 Y148.536 E2210.26671
G0 F9000 X102.874 Y148.691
G0 X103.712 Y148.018
G1 F1500 X122.762 Y128.968 E2213.85093
G0 F9000 X123.338 Y128.108
G0 X122.989 Y127.575
G0 X121.983 Y128.333
G1 F1500 X102.815 Y147.5 E2217.45725
G0 F9000 X102.312 Y148.366
G0 X101.416 Y147.849
G0 X101.919 Y146.983
G1 F1500 X118.892 Y130.01 E2220.65068
G0 F9000 X118.509 Y129.089
G0 X116.326 Y129.911
G0 X116.619 Y130.868
G1 F1500 X101.022 Y146.465 E2223.58522
G0 F9000 X100.519 Y147.331
G0 X99.624 Y146.814
G0 X100.126 Y145.948
G1 F1500 X114.686 Y131.388 E2226.32465
G0 F9000 X113.522 Y130.6
G0 X112.972 Y131.687
G1 F1500 X99.229 Y145.43 E2228.91037
G0 F9000 X98.726 Y146.296
G0 X97.83 Y145.778
G0 X98.333 Y144.912
G1 F1500 X111.398 Y131.846 E2231.36861
G0 F9000 X111.348 Y130.851
G0 X109.94 Y130.892
G0 X109.94 Y131.891
G1 F1500 X97.436 Y144.394 E2233.72112
G0 F9000 X96.933 Y145.26
G0 X96.037 Y144.743
G0 X96.54 Y143.876
G1 F1500 X108.573 Y131.844 E2235.985
G0 F9000 X108.624 Y130.85
G0 X106.247 Y130.561
G0 X107.275 Y131.727
G1 F1500 X95.643 Y143.359 E2238.17354
G0 F9000 X95.14 Y144.225
G0 X94.244 Y143.708
G0 X94.747 Y142.841
G1 F1500 X106.046 Y131.542 E2240.29942
G0 F9000 X106.248 Y130.561
G0 X105.9 Y130.49
G0 X104.887 Y131.287
G1 F1500 X93.85 Y142.324 E2242.37601
G0 F9000 X93.348 Y143.19
G0 X92.451 Y142.672
G0 X92.953 Y141.806
G1 F1500 X103.77 Y130.989 E2244.4112
G0 F9000 X104.066 Y130.035
G0 X103.042 Y129.701
G0 X102.703 Y130.642
G1 F1500 X92.058 Y141.288 E2246.41413
G0 F9000 X91.555 Y142.155
G0 X90.658 Y141.637
G0 X91.161 Y140.77
G1 F1500 X101.68 Y130.251 E2248.39325
G0 F9000 X101.189 Y128.949
G0 X100.696 Y129.821
G1 F1500 X90.264 Y140.253 E2250.35601
G0 F9000 X89.761 Y141.119
G0 X88.865 Y140.601
G0 X89.368 Y139.735
G1 F1500 X99.752 Y129.35 E2252.30983
G0 F9000 X100.236 Y128.477
G0 X99.943 Y128.316
G0 X98.847 Y128.841
G1 F1500 X88.471 Y139.217 E2254.26205
G0 F9000 X87.968 Y140.083
G0 X87.073 Y139.567
G0 X87.574 Y138.7
G1 F1500 X97.972 Y128.302 E2256.21841
G0 F9000 X98.537 Y127.475
G0 X97.393 Y126.761
G0 X96.968 Y127.737
G0 X92.773 Y129.174
G0 X94.481 Y130.379
G1 F1500 X86.678 Y138.182 E2257.68653
G0 F9000 X86.175 Y139.048
G0 X85.279 Y138.531
G0 X85.782 Y137.664
G1 F1500 X93.111 Y130.335 E2259.06546
G0 F9000 X92.773 Y129.174
G0 X92.089 Y129.943
G1 F1500 X84.884 Y137.148 E2260.42107
G0 F9000 X84.383 Y138.013
G0 X83.485 Y137.495
G0 X83.988 Y136.629
G1 F1500 X91.221 Y129.396 E2261.78194
G0 F9000 X90.521 Y128.682
G1 F1500 X83.091 Y136.112 E2263.17988
G0 F9000 X82.589 Y136.977
G0 X81.693 Y136.46
G0 X82.195 Y135.594
G1 F1500 X89.989 Y127.8 E2264.6463
G0 F9000 X90.883 Y127.356
G0 X90.657 Y126.579
G0 X89.663 Y126.711
G1 F1500 X81.298 Y135.076 E2266.22016
G0 F9000 X80.796 Y135.942
G0 X79.9 Y135.425
G0 X80.402 Y134.559
G1 F1500 X89.65 Y125.311 E2267.96015
G0 F9000 X90.737 Y125.054
G0 X93.232 Y122.605
G0 X92.098 Y120.785
G0 X91.628 Y121.918
G1 F1500 X79.505 Y134.041 E2270.24106
G0 F9000 X79.003 Y134.907
G0 X78.106 Y134.389
G0 X78.608 Y133.524
G1 F1500 X91.091 Y121.041 E2272.58971
G0 F9000 X91.959 Y120.543
G0 X91.476 Y119.672
G0 X90.588 Y120.13
G1 F1500 X80.568 Y130.15 E2274.47495
G0 F9000 X79.498 Y130.402
G0 X79.058 Y127.619
G0 X80.55 Y128.754
G1 F1500 X90.123 Y119.181 E2276.27609
G0 F9000 X91.215 Y119.166
G0 X90.626 Y117.828
G0 X89.694 Y118.196
G1 F1500 X80.218 Y127.672 E2278.05898
G0 F9000 X79.058 Y127.619
G0 X79.682 Y126.793
G1 F1500 X89.308 Y117.167 E2279.87009
G0 F9000 X90.257 Y116.851
G0 X89.935 Y115.822
G0 X88.97 Y116.091
G1 F1500 X78.989 Y126.072 E2281.74799
G0 F9000 X78.318 Y126.817
G0 X77.896 Y126.552
G0 X78.106 Y125.54
G1 F1500 X88.675 Y114.971 E2283.73652
G0 F9000 X89.494 Y114.048
G0 X89.423 Y113.633
G0 X88.434 Y113.799
G1 F1500 X77.047 Y125.185 E2285.87887
G0 F9000 X76.849 Y126.167
G0 X75.849 Y126.125
G0 X75.68 Y125.138
G1 F1500 X88.251 Y112.567 E2288.24407
G0 F9000 X89.247 Y112.442
G0 X89.135 Y111.196
G0 X88.137 Y111.267
G1 F1500 X73.928 Y125.476 E2290.91746
G0 F9000 X74.529 Y126.554
G0 X73.019 Y128.117
G0 X72.928 Y124.062
G0 X73.928 Y124.062
G1 F1500 X88.103 Y109.887 E2293.58446
G0 F9000 X89.103 Y110.14
G0 X89.159 Y108.491
G0 X88.161 Y108.415
G1 F1500 X73.928 Y122.648 E2296.26236
G0 F9000 X72.928 Y122.648
G0 X72.928 Y121.233
G0 X73.928 Y121.233
G1 F1500 X88.331 Y106.83 E2298.97226
G0 F9000 X89.322 Y106.956
G0 X89.636 Y105.315
G0 X88.661 Y105.087
G1 F1500 X73.928 Y119.819 E2301.74414
G0 F9000 X72.928 Y119.819
G0 X72.928 Y118.405
G0 X73.928 Y118.405
G1 F1500 X89.207 Y103.126 E2304.61885
G0 F9000 X90.156 Y103.444
G0 X91.049 Y101.195
G0 X90.136 Y100.783
G1 F1500 X73.928 Y116.991 E2307.66835
G0 F9000 X72.928 Y116.991
G0 X72.928 Y115.577
G0 X73.928 Y115.577
G1 F1500 X91.684 Y97.82 E2311.0092
G0 F9000 X92.604 Y98.415
G0 X93.226 Y97.401
G0 X91.645 Y96.45
G0 X90.938 Y97.152
G1 F1500 X73.928 Y114.162 E2314.20959
G0 F9000 X72.928 Y114.162
G0 X72.928 Y112.748
G0 X73.928 Y112.748
G1 F1500 X90.29 Y96.386 E2317.28806
G0 F9000 X91.233 Y95.971
G0 X90.868 Y95.325
G0 X89.829 Y95.433
G1 F1500 X73.928 Y111.334 E2320.2798
G0 F9000 X72.928 Y111.334
G0 X72.928 Y109.92
G0 X73.928 Y109.92
G1 F1500 X89.606 Y94.242 E2323.22958
G0 F9000 X90.688 Y93.249
G0 X90.785 Y92.865
G0 X89.815 Y92.619
G1 F1500 X73.928 Y108.506 E2326.21868
G0 F9000 X72.928 Y108.506
G0 X72.928 Y107.091
G0 X73.928 Y107.091
G1 F1500 X106.895 Y74.124 E2332.42135
G0 F9000 X107.59 Y73.395
G0 X107.245 Y72.987
G0 X106.275 Y73.331
G1 F1500 X73.928 Y105.677 E2338.50727
G0 F9000 X72.928 Y105.677
G0 X72.928 Y104.263
G0 X73.928 Y104.263
G1 F1500 X105.809 Y72.382 E2344.50561
G0 F9000 X106.88 Y72.354
G0 X106.614 Y71.19
G0 X105.551 Y71.225
G1 F1500 X73.928 Y102.849 E2350.4555
G0 F9000 X72.928 Y102.849
G0 X72.928 Y101.434
G0 X73.928 Y101.434
G1 F1500 X102.941 Y72.422 E2355.91413
G0 F9000 X102.444 Y71.558
G0 X99.098 Y73.49
G0 X99.595 Y74.353
G1 F1500 X73.928 Y100.02 E2360.74332
G0 F9000 X72.928 Y100.02
G0 X72.928 Y98.606
G0 X73.928 Y98.606
G1 F1500 X78.053 Y94.481 E2361.51943
G0 F9000 X78.248 Y93.217
G0 X74.812 Y93.55
G0 X76.257 Y94.863
G1 F1500 X73.928 Y97.192 E2361.95763
G0 F9000 X72.928 Y97.192
G0 X72.928 Y95.778
G0 X73.928 Y95.778
G1 F1500 X75.017 Y94.689 E2362.16252
G0 F9000 X74.812 Y93.55
G0 X76.815 Y92.934
G0 X79.31 Y91.944
G0 X80.241 Y92.293
G1 F1500 X96.249 Y76.285 E2365.17439
G0 F9000 X95.753 Y75.421
G0 X92.406 Y77.353
G0 X92.903 Y78.217
G1 F1500 X80.643 Y90.477 E2367.48108
G0 F9000 X79.648 Y90.412
G0 X79.493 Y89.493
G0 X80.462 Y89.243
G1 F1500 X89.558 Y80.148 E2369.19238
G0 F9000 X89.061 Y79.284
G0 X85.715 Y81.216
G0 X86.212 Y82.08
G1 F1500 X80.041 Y88.25 E2370.35334
G0 F9000 X78.289 Y87.759
G0 X79.443 Y87.434
G1 F1500 X82.866 Y84.011 E2370.99737
G0 F9000 X82.369 Y83.147
G0 X79.024 Y85.079
G0 X79.521 Y85.942
G1 F1500 X78.797 Y86.666 E2371.13359
G1 F1500 E2364.63359
G0 F9000 X78.132 Y87.652
G0 X79.753 Y90.323
G0 X91.036 Y92.157
G0 X92.599 Y89.834
G1 F1500 E2371.13359
G1 X107.698 Y74.736 E2373.97434
G0 F9000 X107.669 Y73.469
G0 X109.91 Y74.397
G0 X108.651 Y75.197
G1 F1500 X94.25 Y89.598 E2376.68386
G0 F9000 X93.73 Y90.622
G0 X95.42 Y89.842
G1 F1500 X109.865 Y75.397 E2379.40165
G0 F9000 X109.948 Y74.401
G0 X111.567 Y75.11
G1 F1500 X96.377 Y90.3 E2382.25961
G0 F9000 X96.66 Y91.89
G0 X97.153 Y90.937
G1 F1500 X116.176 Y71.914 E2385.83875
G0 F9000 X116.676 Y71.049
G0 X117.353 Y71.44
G0 X115.28 Y71.397
G1 F1500 X114.093 Y72.583 E2386.06199
G0 F9000 X113.149 Y72.254
G0 X112.806 Y68.918
G0 X117.573 Y71.567
G0 X117.073 Y72.432
G1 F1500 X97.83 Y91.674 E2389.68242
G0 F9000 X96.894 Y92.22
G0 X97.39 Y93.238
G0 X101.221 Y91.034
G0 X100.79 Y90.129
G1 F1500 X117.969 Y72.949 E2392.9147
G0 F9000 X118.469 Y72.085
G0 X119.366 Y72.603
G0 X118.866 Y73.467
G1 F1500 X103.132 Y89.201 E2395.87502
G0 F9000 X103.428 Y90.159
G0 X105.343 Y89.622
G0 X105.094 Y88.654
G1 F1500 X119.763 Y73.985 E2398.63496
G0 F9000 X120.263 Y73.121
G0 X121.159 Y73.638
G0 X120.659 Y74.502
G1 F1500 X106.832 Y88.33 E2401.23657
G0 F9000 X106.984 Y89.323
G0 X108.467 Y89.155
G0 X108.419 Y88.157
G1 F1500 X121.556 Y75.02 E2403.70827
G0 F9000 X122.056 Y74.156
G0 X122.953 Y74.674
G0 X122.453 Y75.537
G1 F1500 X109.888 Y88.102 E2406.07234
G0 F9000 X109.886 Y89.103
G0 X111.211 Y89.138
G0 X111.263 Y88.141
G1 F1500 X123.348 Y76.056 E2408.34611
G0 F9000 X123.849 Y75.191
G0 X124.745 Y75.709
G0 X124.245 Y76.573
G1 F1500 X112.571 Y88.248 E2410.54264
G0 F9000 X112.473 Y89.246
G0 X113.649 Y89.42
G0 X113.802 Y88.431
G1 F1500 X125.142 Y77.091 E2412.67624
G0 F9000 X125.642 Y76.227
G0 X126.538 Y76.744
G0 X126.038 Y77.609
G1 F1500 X114.978 Y88.669 E2414.75715
G0 F9000 X114.729 Y89.64
G0 X115.8 Y89.92
G0 X116.096 Y88.965
G1 F1500 X126.935 Y78.126 E2416.79648
G0 F9000 X127.435 Y77.262
G0 X128.332 Y77.78
G0 X127.831 Y78.644
G1 F1500 X117.166 Y89.309 E2418.80308
G0 F9000 X116.825 Y90.249
G0 X117.81 Y90.613
G0 X118.199 Y89.691
G1 F1500 X128.728 Y79.161 E2420.78418
G0 F9000 X129.229 Y78.298
G0 X130.126 Y78.816
G0 X129.625 Y79.679
G1 F1500 X119.186 Y90.118 E2422.74826
G0 F9000 X118.753 Y91.021
G0 X119.652 Y91.459
G0 X120.135 Y90.583
G1 F1500 X130.521 Y80.197 E2424.70236
G0 F9000 X131.021 Y79.333
G0 X131.918 Y79.851
G0 X131.418 Y80.714
G1 F1500 X121.043 Y91.089 E2426.65439
G0 F9000 X120.521 Y91.944
G0 X121.901 Y92.824
G0 X121.922 Y91.624
G1 F1500 X132.315 Y81.232 E2428.60972
G0 F9000 X132.815 Y80.369
G0 X133.71 Y80.886
G0 X133.21 Y81.75
G1 F1500 X125.3 Y89.66 E2430.09796
G0 F9000 X125.655 Y90.625
G0 X126.852 Y90.712
G0 X126.705 Y89.67
G1 F1500 X134.107 Y82.268 E2431.49063
G0 F9000 X134.607 Y81.404
G0 X135.504 Y81.922
G0 X135.004 Y82.785
G1 F1500 X127.799 Y89.99 E2432.84624
G0 F9000 X127.335 Y90.88
G0 X128.323 Y91.525
G0 X128.684 Y90.519
G1 F1500 X135.9 Y83.303 E2434.20391
G0 F9000 X136.4 Y82.439
G0 X137.296 Y82.957
G0 X136.797 Y83.82
G1 F1500 X129.4 Y91.217 E2435.59564
G0 F9000 X128.613 Y91.829
G0 X128.985 Y92.378
G0 X129.949 Y92.082
G1 F1500 X137.693 Y84.338 E2437.05266
G0 F9000 X138.193 Y83.475
G0 X139.09 Y83.993
G0 X138.59 Y84.856
G1 F1500 X130.307 Y93.139 E2438.61108
G0 F9000 X128.985 Y92.378
G0 X129.401 Y94.29
G0 X130.376 Y94.484
G1 F1500 X139.487 Y85.373 E2440.3253
G0 F9000 X139.986 Y84.51
G0 X140.883 Y85.028
G0 X140.383 Y85.891
G1 F1500 X128.3 Y97.975 E2442.59878
G0 F9000 X126.908 Y97.723
G0 X127.974 Y99.343
G0 X128.842 Y98.846
G1 F1500 X141.28 Y86.408 E2444.93896
G0 F9000 X141.779 Y85.546
G0 X144.935 Y87.313
G0 X142.2 Y87.376
G0 X140.478 Y89.694
G0 X139.457 Y89.646
G1 F1500 X129.349 Y99.754 E2446.84076
G0 F9000 X128.459 Y100.208
G0 X128.909 Y101.106
G0 X129.823 Y100.694
G1 F1500 X139.423 Y91.094 E2448.64698
G0 F9000 X140.413 Y90.956
G0 X140.613 Y91.766
G0 X139.718 Y92.213
G1 F1500 X130.253 Y101.678 E2450.4278
G0 F9000 X129.322 Y102.043
G0 X129.697 Y103.019
G0 X130.644 Y102.701
G1 F1500 X140.238 Y93.107 E2452.23289
G0 F9000 X141.04 Y92.509
G0 X140.921 Y93.838
G1 F1500 X130.989 Y103.771 E2454.10166
G0 F9000 X130.026 Y104.042
G0 X130.509 Y105.986
G0 X131.289 Y104.885
G1 F1500 X141.781 Y94.392 E2456.0758
G0 F9000 X141.109 Y92.601
G0 X143.669 Y93.897
G0 X142.785 Y94.803
G1 F1500 X131.533 Y106.055 E2458.19284
G0 F9000 X130.551 Y106.226
G0 X130.732 Y107.401
G0 X131.723 Y107.279
G1 F1500 X144.101 Y94.901 E2460.52174
G0 F9000 X143.656 Y93.896
G0 X146.976 Y91.878
G0 X147.068 Y94.506
G0 X145.911 Y94.506
G1 F1500 X131.847 Y108.569 E2463.16775
G0 F9000 X130.877 Y109.096
G0 X131.894 Y109.937
G1 F1500 X146.068 Y95.763 E2465.83456
G0 F9000 X147.068 Y95.763
G0 X147.068 Y94.505
G0 X145.911 Y94.505
G1 F1500 X146.068 Y94.349 E2465.864
G0 F9000 X147.068 Y94.349
G0 X147.068 Y97.177
G0 X146.068 Y97.177
G1 F1500 X131.849 Y111.396 E2468.53928
G0 F9000 X130.869 Y111.133
G0 X131.689 Y112.97
G1 F1500 X146.068 Y98.591 E2471.24465
G0 F9000 X147.068 Y98.591
G0 X147.068 Y100.005
G0 X146.068 Y100.005
G1 F1500 X131.382 Y114.691 E2474.00779
G0 F9000 X130.409 Y114.468
G0 X129.929 Y116.292
G0 X130.876 Y116.611
G1 F1500 X146.068 Y101.42 E2476.86604
G0 F9000 X147.068 Y101.42
G0 X147.068 Y102.834
G0 X146.068 Y102.834
G1 F1500 X130.004 Y118.898 E2479.88844
G0 F9000 X129.092 Y118.485
G0 X126.764 Y122.605
G0 X127.739 Y123.087
G0 X128.289 Y122.027
G1 F1500 X146.068 Y104.248 E2483.23352
G0 F9000 X147.068 Y104.248
G0 X147.068 Y105.662
G0 X146.068 Y105.662
G1 F1500 X128.966 Y122.764 E2486.45122
G0 F9000 X128.31 Y123.513
G0 X128.79 Y124.061
G0 X129.63 Y123.514
G1 F1500 X146.068 Y107.076 E2489.54399
G0 F9000 X147.068 Y107.076
G0 X147.068 Y108.491
G0 X146.068 Y108.491
G1 F1500 X130.116 Y124.442 E2492.54523
G0 F9000 X128.756 Y124.016
G0 X129.377 Y125.723
G0 X130.371 Y125.601
G1 F1500 X146.068 Y109.905 E2495.49849
G0 F9000 X147.068 Y109.905
G0 X147.068 Y111.319
G0 X146.068 Y111.319
G1 F1500 X130.23 Y127.157 E2498.47838
G1 F1500 E2491.97838
G0 F9000 X129.258 Y126.945
G0 X129.48 Y126.033
G0 X140.566 Y128.106
G0 X141.626 Y125.66
G1 F1500 E2498.47838
G1 X146.068 Y121.219 E2499.31404
G0 F9000 X147.068 Y121.219
G0 X147.068 Y122.633
G0 X146.068 Y122.633
G1 F1500 X143.589 Y125.111 E2499.78036
G0 F9000 X143.639 Y126.113
G0 X144.613 Y126.208
G0 X144.878 Y125.237
G1 F1500 X146.068 Y124.047 E2500.00426
G0 F9000 X147.068 Y124.047
G0 X147.068 Y125.461
G0 X146.068 Y125.461
G1 F1500 X145.876 Y125.653 E2500.04038
G1 F1500 E2493.54038
;MESH:NONMESH
G0 F300 X145.876 Y125.653 Z1.6
G0 F9000 X145.417 Y126.537
G0 X146.976 Y128.111
G0 X146.976 Y91.878
G0 X142.704 Y93.812
G0 X140.357 Y89.936
G0 X143.779 Y87.045
G0 X144.606 Y87.235
G0 X144.935 Y87.313
G0 X112.806 Y68.918
G0 X112.366 Y73.526
G0 X107.945 Y73.783
G0 X106.987 Y69.292
G0 X107.336 Y68.794
G0 X75.868 Y87.004
G0 X73.322 Y88.51
G0 X74.504 Y87.616
;TIME_ELAPSED:1115.212949
;LAYER:4
;TYPE:WALL-INNER
;MESH:top-fan-holder.stl
G1 F1500 E2500.04038
G1 F881.8 X75.025 Y87.343 E2500.17349
G1 F1500 E2493.67349
G0 F9000 X76.017 Y86.949
G0 X77.203 Y87.053
G0 X77.91 Y87.33
G0 X78.688 Y87.89
G0 X79.201 Y88.502
G0 X79.593 Y89.293
G0 X79.759 Y89.979
G0 X79.757 Y129.878
G0 X79.571 Y130.692
G0 X79.174 Y131.514
G0 X78.507 Y132.233
G0 X77.487 Y132.866
G0 X77.303 Y132.293
G1 F1500 E2500.17349
G1 X76.867 Y132.433 E2500.23441
G1 X76.313 Y132.502 E2500.30869
G1 F1506 X75.869 Y132.47 E2500.36767
G1 F1564.1 X75.505 Y132.364 E2500.41604
G1 F1657.5 X74.926 Y132.132 E2500.49114
G1 F1714.3 X74.419 Y131.805 E2500.56137
G1 F1698.8 X74.174 Y131.618 E2500.59758
G1 F1616.4 X73.907 Y131.372 E2500.6424
G1 F1469.1 X73.602 Y131.049 E2500.70275
G1 F1440.9 X73.469 Y130.676 E2500.75759
G1 F1570.7 X73.389 Y130.325 E2500.80333
G1 F1691.1 X73.306 Y129.809 E2500.86501
G1 F1754.4 X73.306 Y129.348 E2500.91744
G1 F1738.1 X73.328 Y129.039 E2500.95301
G1 F1672.2 X73.386 Y128.67 E2500.99759
G1 F1578.9 X73.473 Y128.33 E2501.04194
G1 F1515.2 X73.628 Y127.99 E2501.09116
G1 F1500 X73.872 Y127.632 E2501.1488
G1 X74.196 Y127.279 E2501.21255
G1 X74.633 Y126.952 E2501.28516
G1 X75.078 Y126.732 E2501.3512
G1 X75.463 Y126.602 E2501.40526
G1 X76.11 Y126.479 E2501.49288
G1 X76.447 Y126.488 E2501.53773
G1 X77.16 Y126.646 E2501.63489
G1 X77.581 Y126.816 E2501.6953
G1 X78.067 Y127.136 E2501.77271
G1 X78.264 Y127.298 E2501.80664
G1 X78.699 Y127.757 E2501.89078
G1 X79.048 Y128.465 E2501.99579
G1 X79.208 Y129.139 E2502.08795
G1 X79.217 Y129.794 E2502.1751
G1 X79.059 Y130.506 E2502.27213
G1 X78.764 Y131.124 E2502.36324
G1 X78.571 Y131.37 E2502.40484
G1 X78.255 Y131.71 E2502.46659
G1 X77.894 Y131.995 E2502.52778
G1 X77.581 Y132.171 E2502.57555
G1 X77.303 Y132.293 E2502.61594
G1 F1500 E2496.11594
G0 F9000 X77.487 Y132.866
G0 X110.511 Y131.094
G0 X110.511 Y130.492
G1 F1500 E2502.61594
G1 X109.452 Y130.491 E2502.75683
G1 X108.433 Y130.437 E2502.89259
G1 X107.459 Y130.341 E2503.0228
G1 X106.439 Y130.189 E2503.16
G1 X105.415 Y129.979 E2503.29907
G1 X104.483 Y129.743 E2503.42698
G1 X103.424 Y129.415 E2503.57447
G1 X102.483 Y129.071 E2503.70776
G1 X101.574 Y128.69 E2503.83889
G1 X100.636 Y128.24 E2503.9773
G1 X99.731 Y127.742 E2504.11473
G1 X98.837 Y127.195 E2504.25416
G1 X98.053 Y126.659 E2504.38051
G1 X97.264 Y126.066 E2504.51183
G1 X96.997 Y125.848 E2504.55768
G1 X96.992 Y126.197 E2504.60412
G1 X96.954 Y126.486 E2504.6429
G1 X96.84 Y126.984 E2504.71087
G1 X96.537 Y127.621 E2504.80471
G1 X96.35 Y127.863 E2504.8454
G1 X95.968 Y128.274 E2504.92005
G1 X95.769 Y128.434 E2504.95402
G1 X95.224 Y128.748 E2505.0377
G1 X94.515 Y128.968 E2505.13647
G1 X94.194 Y129.01 E2505.17954
G1 X93.447 Y128.955 E2505.27919
G1 X92.669 Y128.703 E2505.38799
G1 X92.067 Y128.3 E2505.48437
G1 X91.67 Y127.896 E2505.55972
G1 X91.466 Y127.64 E2505.60327
G1 X91.165 Y127.014 E2505.69568
G1 X91.004 Y126.302 E2505.7928
G1 X91.004 Y125.691 E2505.87409
G1 X91.166 Y124.985 E2505.97045
G1 X91.498 Y124.302 E2506.07149
G1 X92.071 Y123.676 E2506.18439
G1 X92.41 Y123.452 E2506.23845
G1 X92.854 Y123.232 E2506.30437
G1 X93.239 Y123.102 E2506.35843
G1 X93.743 Y123.006 E2506.42669
G1 X94.161 Y123.01 E2506.48231
G1 X93.671 Y122.396 E2506.58682
G1 X93.088 Y121.586 E2506.71959
G1 X92.52 Y120.711 E2506.85838
G1 X91.99 Y119.793 E2506.9994
G1 X91.514 Y118.865 E2507.13816
G1 X91.109 Y117.959 E2507.27019
G1 X90.716 Y116.963 E2507.41264
G1 X90.424 Y116.087 E2507.53548
G1 X90.127 Y115.025 E2507.68219
G1 X89.893 Y114.011 E2507.82064
G1 X89.724 Y113.022 E2507.95413
G1 X89.604 Y112.098 E2508.07809
G1 X89.52 Y110.976 E2508.22778
G1 X89.5 Y110.032 E2508.3534
G1 X89.524 Y108.934 E2508.49951
G1 X89.607 Y107.895 E2508.63818
G1 X89.733 Y106.913 E2508.7699
G1 X89.893 Y105.985 E2508.89518
G1 X90.142 Y104.91 E2509.04198
G1 X90.411 Y103.943 E2509.17552
G1 X90.731 Y102.992 E2509.30901
G1 X91.123 Y102.006 E2509.45018
G1 X91.535 Y101.087 E2509.58417
G1 X91.99 Y100.203 E2509.71644
G1 X92.479 Y99.351 E2509.84713
G1 X93.051 Y98.462 E2509.98777
G1 X93.671 Y97.6 E2510.12903
G1 X94.152 Y96.999 E2510.23145
G1 X93.642 Y96.975 E2510.29937
G1 X93.38 Y96.94 E2510.33454
G1 X92.841 Y96.76 E2510.41014
G1 X92.551 Y96.633 E2510.45226
G1 X92.001 Y96.245 E2510.54181
G1 X91.501 Y95.705 E2510.63972
G1 X91.176 Y95.04 E2510.73819
G1 X91.002 Y94.299 E2510.83945
G1 X91.013 Y93.635 E2510.9278
G1 X91.174 Y92.962 E2511.01987
G1 X91.502 Y92.297 E2511.11852
G1 X92.068 Y91.684 E2511.22952
G1 X92.325 Y91.497 E2511.2718
G1 X92.957 Y91.179 E2511.36593
G1 X93.239 Y91.102 E2511.40482
G1 X93.845 Y90.987 E2511.48688
G1 X94.244 Y90.992 E2511.53997
G1 X94.93 Y91.144 E2511.63345
G1 X95.404 Y91.338 E2511.70158
G1 X95.952 Y91.71 E2511.7897
G1 X96.43 Y92.209 E2511.88163
G1 X96.591 Y92.483 E2511.92391
G1 X96.838 Y93.006 E2512.00086
G1 X96.954 Y93.51 E2512.06967
G1 X96.992 Y93.808 E2512.10964
G1 X96.991 Y94.162 E2512.15673
G1 X97.229 Y93.961 E2512.19818
G1 X98.057 Y93.334 E2512.33635
G1 X98.899 Y92.765 E2512.47155
G1 X99.789 Y92.221 E2512.61033
G1 X100.644 Y91.752 E2512.74007
G1 X101.544 Y91.324 E2512.87265
G1 X102.552 Y90.897 E2513.01829
G1 X103.491 Y90.559 E2513.15107
G1 X104.483 Y90.253 E2513.28918
G1 X105.438 Y90.012 E2513.42022
G1 X106.418 Y89.814 E2513.55323
G1 X107.428 Y89.659 E2513.68917
G1 X108.468 Y89.556 E2513.82821
G1 X109.468 Y89.505 E2513.96143
G1 X110.511 Y89.504 E2514.10019
G1 X111.493 Y89.553 E2514.231
G1 X112.542 Y89.655 E2514.37121
G1 X113.578 Y89.814 E2514.51066
G1 X114.564 Y90.012 E2514.64445
G1 X115.589 Y90.275 E2514.78524
G1 X116.569 Y90.58 E2514.92179
G1 X117.451 Y90.898 E2515.04652
G1 X118.442 Y91.318 E2515.18972
G1 X119.359 Y91.756 E2515.32492
G1 X120.207 Y92.221 E2515.45358
G1 X121.155 Y92.802 E2515.60151
G1 X121.939 Y93.334 E2515.72756
G1 X122.767 Y93.961 E2515.86574
G1 X123.005 Y94.162 E2515.90718
G1 X123.004 Y93.808 E2515.95428
G1 X123.042 Y93.51 E2515.99425
G1 X123.158 Y93.005 E2516.06318
G1 X123.403 Y92.489 E2516.13917
G1 X123.562 Y92.224 E2516.18029
G1 X124.036 Y91.714 E2516.27292
G1 X124.286 Y91.512 E2516.31568
G1 X125.031 Y91.147 E2516.42605
G1 X125.929 Y90.969 E2516.54785
G1 X126.333 Y91.012 E2516.6019
G1 X126.927 Y91.143 E2516.68282
G1 X127.368 Y91.319 E2516.74599
G1 X127.974 Y91.724 E2516.84296
G1 X128.417 Y92.205 E2516.92996
G1 X128.591 Y92.483 E2516.97359
G1 X128.825 Y92.969 E2517.04536
G1 X128.984 Y93.639 E2517.13697
G1 X128.993 Y94.298 E2517.22465
G1 X128.83 Y95.011 E2517.32196
G1 X128.501 Y95.689 E2517.42222
G1 X127.955 Y96.295 E2517.53074
G1 X127.669 Y96.495 E2517.57717
G1 X127.31 Y96.696 E2517.63191
G1 X127.079 Y96.792 E2517.66519
G1 X126.543 Y96.961 E2517.73996
G1 X126.09 Y97.002 E2517.80047
G1 X125.835 Y96.986 E2517.83446
G1 X126.325 Y97.6 E2517.93897
G1 X126.945 Y98.462 E2518.08024
G1 X127.477 Y99.286 E2518.21073
G1 X128.022 Y100.233 E2518.35609
G1 X128.46 Y101.084 E2518.48342
G1 X128.891 Y102.037 E2518.62257
G1 X129.255 Y102.964 E2518.75507
G1 X129.592 Y103.968 E2518.89597
G1 X129.875 Y104.977 E2519.03538
G1 X130.102 Y105.978 E2519.17194
G1 X130.277 Y106.979 E2519.30713
G1 X130.393 Y107.895 E2519.42997
G1 X130.476 Y109.02 E2519.58005
G1 X130.496 Y110.032 E2519.71471
G1 X130.476 Y110.976 E2519.84033
G1 X130.393 Y112.091 E2519.98908
G1 X130.277 Y113.015 E2520.11297
G1 X130.102 Y114.018 E2520.24843
G1 X129.857 Y115.089 E2520.3946
G1 X129.574 Y116.093 E2520.53337
G1 X129.266 Y117.002 E2520.66106
G1 X128.891 Y117.959 E2520.79781
G1 X128.464 Y118.903 E2520.93565
G1 X128.006 Y119.793 E2521.06881
G1 X127.476 Y120.712 E2521.20995
G1 X126.908 Y121.587 E2521.34874
G1 X126.325 Y122.396 E2521.4814
G1 X125.836 Y123.007 E2521.58552
G1 X126.334 Y123.012 E2521.65178
G1 X126.79 Y123.107 E2521.71375
G1 X127.061 Y123.193 E2521.75157
G1 X127.416 Y123.345 E2521.80295
G1 X128.004 Y123.753 E2521.89817
G1 X128.497 Y124.296 E2521.99574
G1 X128.828 Y124.973 E2522.096
G1 X128.995 Y125.702 E2522.1955
G1 X128.987 Y126.345 E2522.28105
G1 X128.824 Y127.031 E2522.37485
G1 X128.496 Y127.696 E2522.4735
G1 X127.95 Y128.3 E2522.58182
G1 X127.67 Y128.495 E2522.62722
G1 X127.177 Y128.763 E2522.70187
G1 X126.432 Y128.992 E2522.80557
G1 X126.09 Y129.002 E2522.85108
G1 X125.445 Y128.954 E2522.93713
G1 X124.726 Y128.723 E2523.0376
G1 X124.495 Y128.592 E2523.07293
G1 X124.046 Y128.284 E2523.14537
G1 X123.572 Y127.793 E2523.23617
G1 X123.405 Y127.513 E2523.27954
G1 X123.179 Y127.047 E2523.34845
G1 X123.043 Y126.486 E2523.42524
G1 X123.004 Y126.197 E2523.46404
G1 X123 Y125.848 E2523.51047
G1 X122.732 Y126.066 E2523.55644
G1 X121.943 Y126.659 E2523.68775
G1 X121.092 Y127.238 E2523.82468
G1 X120.207 Y127.775 E2523.96241
G1 X119.36 Y128.24 E2524.09096
G1 X118.427 Y128.689 E2524.22871
G1 X117.445 Y129.1 E2524.37034
G1 X116.505 Y129.437 E2524.50319
G1 X115.514 Y129.742 E2524.64113
G1 X114.56 Y129.985 E2524.77211
G1 X113.578 Y130.186 E2524.90546
G1 X112.537 Y130.341 E2525.04548
G1 X111.493 Y130.443 E2525.18504
G1 X110.511 Y130.492 E2525.31585
G0 F9000 X110.511 Y131.094
G0 X112.532 Y148.734
G0 X112.532 Y149.266
G0 X112.397 Y149.859
G0 X112.114 Y150.444
G0 X110 Y152.591
G0 X110 Y153.216
G1 F1376.1 X110.272 Y153.058 E2525.36146
G1 F1491.1 X111.002 Y152.734 E2525.46836
G1 F1670.4 X111.411 Y152.526 E2525.52318
G1 F1740.1 X112.07 Y152.158 E2525.60974
G1 F1750.3 X112.346 Y151.991 E2525.64652
G1 F1642.9 X112.934 Y151.597 E2525.73249
G1 F1530.6 X113.429 Y151.287 E2525.80864
G1 F1500 X144.116 Y133.565 E2530.52316
G1 F1363.6 X144.388 Y133.292 E2530.57956
G1 F1153 X144.661 Y133.019 E2530.64638
G1 F954.2 X144.969 Y132.644 E2530.74787
G1 X144.485 Y132.622 E2530.8492
G1 F1153 X144.176 Y132.562 E2530.90368
G1 F1363.6 X143.866 Y132.502 E2530.94989
G1 F1500 X143.418 Y132.474 E2531.00961
G1 X143.037 Y132.399 E2531.06127
G1 X142.617 Y132.26 E2531.12013
G1 X142.248 Y132.077 E2531.17493
G1 X141.936 Y131.865 E2531.22511
G1 X141.686 Y131.651 E2531.26889
G1 X141.438 Y131.388 E2531.31698
G1 X141.245 Y131.145 E2531.35827
G1 X140.937 Y130.507 E2531.45252
G1 X140.78 Y129.801 E2531.54874
G1 X140.788 Y129.139 E2531.63682
G1 X140.95 Y128.46 E2531.72969
G1 X141.284 Y127.787 E2531.82965
G1 X141.835 Y127.186 E2531.93812
G1 X142.093 Y126.996 E2531.98075
G1 X142.805 Y126.65 E2532.08607
G1 X143.631 Y126.483 E2532.19818
G1 X143.966 Y126.482 E2532.24275
G1 X144.566 Y126.608 E2532.32432
G1 X144.944 Y126.727 E2532.37704
G1 X145.299 Y126.919 E2532.43073
G1 X145.611 Y127.131 E2532.48092
G1 X145.862 Y127.345 E2532.5248
G1 X146.11 Y127.609 E2532.57299
G1 X146.368 Y127.983 E2532.63344
G1 F1518.2 X146.525 Y128.336 E2532.68422
G1 F1582.3 X146.606 Y128.655 E2532.72573
G1 F1672.2 X146.669 Y129.025 E2532.77052
G1 F1740.1 X146.693 Y129.348 E2532.80767
G1 F1758.5 X146.693 Y129.813 E2532.86044
G1 F1691.1 X146.604 Y130.34 E2532.92351
G1 F1570.7 X146.529 Y130.669 E2532.96638
G1 F1442.3 X146.396 Y131.046 E2533.02169
G1 F1464.8 X146.104 Y131.356 E2533.07971
G1 F1599.1 X145.883 Y131.562 E2533.11741
G1 F1412.4 X145.734 Y131.919 E2533.17207
G1 F1116.9 X145.558 Y132.204 E2533.23192
G1 F943.4 X145.387 Y132.427 E2533.29136
G1 F948.8 X145.688 Y132.392 E2533.3551
G1 F1123.6 X146.029 Y132.341 E2533.41634
G1 F1412.4 X146.446 Y132.269 E2533.47613
G1 F1599.1 X146.696 Y132.099 E2533.51386
G1 F1464.8 X147.152 Y131.762 E2533.5911
G1 F1379.9 X147.425 Y131.605 E2533.63665
G1 X147.425 Y131.291 E2533.68205
G1 F1442.3 X147.472 Y130.886 E2533.73847
G1 F1570.7 X147.51 Y130.443 E2533.79496
G1 F1685.4 X147.536 Y129.97 E2533.85105
G1 F1750.3 X147.543 Y129.348 E2533.92197
G1 F1740.1 X147.531 Y128.927 E2533.97027
G1 F1621.6 X147.48 Y128.118 E2534.07003
G1 F1518.2 X147.468 Y127.732 E2534.12079
G1 F1504.5 X147.471 Y109.809 E2536.49812
G1 F1513.6 X147.474 Y91.886 E2538.86115
G1 F1619.9 X147.536 Y90.97 E2538.97425
G1 F1750.3 X147.543 Y90.348 E2539.04517
G1 F1698.8 X147.51 Y89.553 E2539.13865
G1 F1572.3 X147.473 Y89.118 E2539.19406
G1 F1445.1 X147.425 Y88.704 E2539.25161
G1 F1381.2 X147.425 Y88.391 E2539.29683
G1 X147.153 Y88.234 E2539.34221
G1 F1470.6 X146.68 Y87.885 E2539.42198
G1 F1650.2 X146.031 Y87.457 E2539.51599
G1 F1746.2 X145.388 Y87.08 E2539.60118
G1 F1646.5 X144.457 Y86.608 E2539.72769
G1 F1524.4 X143.738 Y86.213 E2539.83508
G1 F1500 X113.424 Y68.71 E2544.49206
G1 F1390.2 X112.853 Y68.472 E2544.58086
G1 F1161 X112.473 Y68.406 E2544.64716
G1 F951.8 X112.04 Y68.33 E2544.73933
G1 X112.24 Y68.7 E2544.82752
G1 F1161 X112.391 Y69.054 E2544.89367
G1 F1390.2 X112.759 Y69.831 E2545.01709
G1 F1500 X112.87 Y70.146 E2545.06152
G1 X112.954 Y70.51 E2545.11122
G1 X112.992 Y70.848 E2545.15647
G1 X112.992 Y71.148 E2545.19638
G1 X112.954 Y71.486 E2545.24164
G1 X112.87 Y71.85 E2545.29134
G1 X112.756 Y72.17 E2545.33653
G1 X112.529 Y72.64 E2545.40597
G1 X112.35 Y72.863 E2545.44401
G1 X111.935 Y73.304 E2545.52458
G1 X111.72 Y73.465 E2545.56031
G1 X111.195 Y73.757 E2545.64023
G1 X110.493 Y73.973 E2545.73795
G1 X110.231 Y74.004 E2545.77305
G1 X109.481 Y73.964 E2545.87297
G1 X108.83 Y73.756 E2545.96389
G1 X108.515 Y73.605 E2546.01037
G1 X108.005 Y73.247 E2546.09327
G1 X107.567 Y72.787 E2546.17777
G1 X107.405 Y72.513 E2546.22012
G1 X107.237 Y72.165 E2546.27153
G1 X107.126 Y71.85 E2546.31596
G1 X107.042 Y71.486 E2546.36566
G1 X107.004 Y71.148 E2546.41091
G1 X107.004 Y70.848 E2546.45083
G1 X107.042 Y70.51 E2546.49608
G1 X107.126 Y70.146 E2546.54578
G1 X107.24 Y69.825 E2546.5911
G1 X107.403 Y69.49 E2546.64066
G1 F1529.1 X107.662 Y69.144 E2546.69707
G1 F1602.6 X108.087 Y68.745 E2546.76966
G1 F1706.5 X108.364 Y68.564 E2546.80836
G1 F1754.4 X108.884 Y68.293 E2546.87506
G1 F1687.3 X109.247 Y68.144 E2546.92146
G1 F1504.5 X110.006 Y67.941 E2547.02568
G1 F1454.9 X110.332 Y68.021 E2547.07172
G1 F1590.7 X110.798 Y68.159 E2547.13269
G1 F1359.9 X111.045 Y68.117 E2547.16946
G1 F1065.3 X111.558 Y68.138 E2547.26564
G1 F932.3 X111.786 Y68.171 E2547.31495
G1 X111.648 Y67.982 E2547.36505
G1 F1065.3 X111.468 Y67.755 E2547.41931
G1 F1252.1 X111.288 Y67.527 E2547.46561
G1 F1503 X111.121 Y67.327 E2547.50021
G1 F1590.7 X110.679 Y67.114 E2547.56176
G1 F1454.9 X110.27 Y66.934 E2547.62305
G1 F1390.2 X110 Y66.778 E2547.66782
G1 X109.731 Y66.933 E2547.71238
G1 F1504.5 X108.934 Y67.299 E2547.82871
G1 F1687.3 X108.478 Y67.532 E2547.88928
G1 F1754.4 X107.941 Y67.83 E2547.95914
G1 F1756.4 X107.667 Y67.997 E2547.9956
G1 F1646.5 X107.068 Y68.403 E2548.0833
G1 F1529.1 X106.571 Y68.713 E2548.15975
G1 F1500 X76.298 Y86.19 E2552.81027
G1 F1464.8 X75.655 Y86.589 E2552.91336
G1 F1232.5 X75.342 Y86.965 E2552.99258
G1 F964.6 X75.025 Y87.343 E2553.09463
G1 X75.491 Y87.371 E2553.19121
G1 F1232.5 X75.973 Y87.454 E2553.2704
G1 F1464.8 X76.521 Y87.475 E2553.34511
G1 F1500 X76.917 Y87.548 E2553.39868
G1 X77.195 Y87.627 E2553.43713
G1 X77.471 Y87.734 E2553.47652
G1 X77.805 Y87.917 E2553.52718
G1 X78.169 Y88.181 E2553.58701
G1 X78.427 Y88.419 E2553.63371
G1 X78.745 Y88.791 E2553.69882
G1 X79.066 Y89.447 E2553.79598
G1 X79.22 Y90.041 E2553.87762
G1 X79.23 Y90.773 E2553.97501
G1 X79.115 Y91.377 E2554.05681
G1 X78.737 Y92.153 E2554.17165
G1 X78.34 Y92.621 E2554.2533
G1 X77.887 Y92.989 E2554.33094
G1 X77.214 Y93.314 E2554.43037
G1 X76.478 Y93.472 E2554.53052
G1 X75.9 Y93.443 E2554.60752
G1 X75.578 Y93.39 E2554.65093
G1 X75.29 Y93.31 E2554.6907
G1 X75.005 Y93.198 E2554.73144
G1 X74.741 Y93.062 E2554.77095
G1 X74.496 Y92.904 E2554.80973
G1 X74.188 Y92.66 E2554.86201
G1 X73.867 Y92.311 E2554.92509
G1 X73.627 Y91.946 E2554.98321
G1 F1527.5 X73.464 Y91.56 E2555.03795
G1 F1594 X73.327 Y90.982 E2555.11232
G1 F1694.9 X73.309 Y90.656 E2555.15076
G1 F1746.2 X73.325 Y90.174 E2555.20587
G1 F1698.8 X73.362 Y89.841 E2555.24523
G1 F1559.3 X73.508 Y89.208 E2555.32837
G1 F1421.8 X73.596 Y88.96 E2555.36531
G1 F1489.6 X74.046 Y88.481 E2555.45336
G1 F1407.1 X74.162 Y88.162 E2555.5015
G1 F1123.6 X74.347 Y87.85 E2555.56592
G1 F954.8 X74.504 Y87.616 E2555.62482
G1 X74.218 Y87.66 E2555.6853
G1 F1123.6 X73.854 Y87.721 E2555.75085
G1 F1407.1 X73.452 Y87.791 E2555.80872
G1 F1489.6 X72.845 Y88.234 E2555.90939
G1 F1378.7 X72.572 Y88.392 E2555.95505
G1 X72.572 Y88.705 E2556.00036
G1 F1469.1 X72.505 Y89.342 E2556.08736
G1 F1648.4 X72.46 Y90.154 E2556.18582
G1 F1730.1 X72.461 Y90.978 E2556.28086
G1 F1635.8 X72.51 Y91.704 E2556.36963
G1 F1527.5 X72.528 Y92.276 E2556.4444
G1 F1500 X72.528 Y127.736 E2561.16202
G1 F1515.2 X72.518 Y128.11 E2561.21129
G1 F1618.1 X72.465 Y128.946 E2561.3146
G1 F1738.1 X72.454 Y129.348 E2561.36078
G1 F1746.2 X72.46 Y129.97 E2561.43186
G1 F1683.5 X72.485 Y130.423 E2561.48564
G1 F1570.7 X72.525 Y130.896 E2561.54595
G1 F1440.9 X72.572 Y131.291 E2561.60105
G1 F1379.9 X72.572 Y131.605 E2561.64645
G1 X72.844 Y131.762 E2561.69187
G1 F1469.1 X73.32 Y132.112 E2561.77213
G1 F1650.2 X73.959 Y132.534 E2561.86473
G1 F1754.4 X74.405 Y132.803 E2561.92398
G1 F1756.4 X74.686 Y132.957 E2561.96039
G1 F1618.1 X75.588 Y133.4 E2562.08432
G1 F1509.1 X91.079 Y142.343 E2564.44975
G1 F1503 X106.57 Y151.286 E2566.8247
G1 F1378.7 X107.16 Y151.525 E2566.91684
G1 F1144.2 X107.543 Y151.591 E2566.98463
G1 F944 X107.95 Y151.661 E2567.07193
G1 X107.761 Y151.314 E2567.15547
G1 F1144.2 X107.607 Y150.957 E2567.22328
G1 F1378.7 X107.236 Y150.165 E2567.34987
G1 F1500 X107.126 Y149.85 E2567.39426
G1 X107.042 Y149.486 E2567.44396
G1 X107.004 Y149.148 E2567.48921
G1 X107.004 Y148.848 E2567.52913
G1 X107.042 Y148.51 E2567.57438
G1 X107.126 Y148.146 E2567.62408
G1 X107.24 Y147.825 E2567.6694
G1 X107.468 Y147.355 E2567.73889
G1 X107.648 Y147.132 E2567.77702
G1 X108.073 Y146.68 E2567.85956
G1 X108.302 Y146.505 E2567.89791
G1 X108.871 Y146.223 E2567.98239
G1 X109.121 Y146.125 E2568.01812
G1 X109.854 Y145.985 E2568.1174
G1 X110.18 Y145.98 E2568.16078
G1 X110.924 Y146.136 E2568.26191
G1 X111.424 Y146.351 E2568.33432
G1 X111.996 Y146.749 E2568.42703
G1 X112.434 Y147.216 E2568.51221
G1 X112.591 Y147.484 E2568.55353
G1 X112.759 Y147.831 E2568.60482
G1 X112.87 Y148.146 E2568.64926
G1 X112.954 Y148.51 E2568.69896
G1 X112.992 Y148.848 E2568.74421
G1 X112.992 Y149.148 E2568.78412
G1 X112.954 Y149.486 E2568.82937
G1 X112.87 Y149.85 E2568.87907
G1 X112.757 Y150.171 E2568.92434
G1 X112.592 Y150.507 E2568.97414
G1 F1530.6 X112.335 Y150.849 E2569.02992
G1 F1600.9 X111.921 Y151.241 E2569.10099
G1 F1700.7 X111.632 Y151.43 E2569.14151
G1 F1762.6 X111.321 Y151.606 E2569.18197
G1 F1738.1 X111.06 Y151.732 E2569.21525
G1 F1670.4 X110.631 Y151.895 E2569.27008
G1 F1556 X110.055 Y152.048 E2569.34651
G1 F1498.5 X109.642 Y151.971 E2569.40246
G1 F1580.6 X109.183 Y151.822 E2569.46339
G1 F1421.8 X108.765 Y151.843 E2569.52213
G1 F1123.6 X108.451 Y151.834 E2569.57792
G1 F945.2 X108.154 Y151.79 E2569.64131
G1 X108.333 Y152.039 E2569.70606
G1 F1123.6 X108.546 Y152.311 E2569.76742
G1 F1421.8 X108.816 Y152.639 E2569.82705
G1 F1580.6 X109.361 Y152.9 E2569.90334
G1 F1438.2 X109.727 Y153.058 E2569.95866
G1 F1376.1 X110 Y153.216 E2570.0044
G1 F1500 E2563.5044
G0 F9000 X110 Y152.591
G0 X143.977 Y133.04
G0 X144.969 Y132.644
G1 F1500 E2570.0044
G1 F871.1 X145.387 Y132.427 E2570.1123
G1 F1500 E2563.6123
G0 F9000 X143.977 Y133.04
G0 X143.119 Y132.995
G0 X142.178 Y132.679
G0 X141.453 Y132.187
G0 X140.838 Y131.536
G0 X140.429 Y130.693
G0 X140.243 Y129.878
G0 X140.243 Y129.45
G0 X142.956 Y94.003
G0 X143.146 Y93.437
G1 F1500 E2570.1123
G1 X142.433 Y93.193 E2570.21256
G1 X141.834 Y92.798 E2570.30801
G1 X141.297 Y92.243 E2570.41076
G1 X140.942 Y91.518 E2570.51815
G1 X140.78 Y90.802 E2570.61582
G1 X140.78 Y90.197 E2570.69631
G1 X140.937 Y89.489 E2570.79279
G1 X141.238 Y88.869 E2570.88448
G1 X141.424 Y88.632 E2570.92456
G1 X141.748 Y88.28 E2570.98821
G1 X141.938 Y88.105 E2571.02258
G1 X142.186 Y87.952 E2571.06134
G1 X142.63 Y87.731 E2571.12733
G1 X143.015 Y87.602 E2571.18135
G1 X143.519 Y87.506 E2571.2496
G1 F1524.4 X144.106 Y87.528 E2571.3265
G1 F1589 X144.662 Y87.684 E2571.39903
G1 F1698.8 X145.168 Y87.927 E2571.46497
G1 F1756.4 X145.573 Y88.188 E2571.51971
G1 F1700.7 X145.826 Y88.378 E2571.55684
G1 F1616.4 X146.093 Y88.625 E2571.60175
G1 F1470.6 X146.397 Y88.946 E2571.66174
G1 F1445.1 X146.531 Y89.333 E2571.7183
G1 F1572.3 X146.604 Y89.656 E2571.76033
G1 F1676 X146.669 Y90.025 E2571.80494
G1 F1740.1 X146.693 Y90.348 E2571.84208
G1 F1758.5 X146.693 Y90.807 E2571.89417
G1 F1681.6 X146.609 Y91.341 E2571.95832
G1 F1565.8 X146.527 Y91.668 E2572.00129
G1 F1509.1 X146.369 Y92.007 E2572.05075
G1 F1500 X146.119 Y92.369 E2572.10928
G1 X145.803 Y92.71 E2572.17113
G1 X145.442 Y92.995 E2572.23232
G1 X145.13 Y93.171 E2572.27998
G1 X144.855 Y93.291 E2572.3199
G1 X144.423 Y93.431 E2572.38031
G1 X144.125 Y93.496 E2572.42089
G1 X143.866 Y93.502 E2572.45536
G1 X143.418 Y93.474 E2572.51508
G1 X143.146 Y93.437 E2572.5516
G0 F9000 X142.956 Y94.003
G0 X143.412 Y92.472
;TYPE:WALL-OUTER
G1 F1500 X142.852 Y92.276 E2572.63053
G1 X142.449 Y92 E2572.69551
G1 X142.116 Y91.648 E2572.75998
G1 X141.882 Y91.149 E2572.8333
G1 X141.781 Y90.686 E2572.89635
G1 X141.785 Y90.272 E2572.95143
G1 X141.891 Y89.82 E2573.0132
G1 X142.112 Y89.37 E2573.0799
G1 X142.544 Y88.891 E2573.16571
G1 X143.135 Y88.597 E2573.25353
G1 X143.706 Y88.488 E2573.33087
G1 X143.903 Y88.49 E2573.35708
G1 X144.428 Y88.606 E2573.42861
G1 X144.706 Y88.726 E2573.46889
G1 X145.096 Y88.99 E2573.53155
G1 X145.434 Y89.349 E2573.59715
G1 X145.657 Y89.812 E2573.66552
G1 X145.769 Y90.291 E2573.73096
G1 X145.761 Y90.735 E2573.79004
G1 X145.657 Y91.184 E2573.85136
G1 X145.438 Y91.635 E2573.91806
G1 X145.019 Y92.085 E2573.99986
G1 X144.594 Y92.325 E2574.0648
G1 X144.022 Y92.51 E2574.14478
G1 X143.412 Y92.472 E2574.22609
G1 F1500 E2567.72609
G0 F9000 X142.905 Y93.986
G0 X126.899 Y97.439
G0 X126.242 Y96.01
G1 F1500 E2574.22609
G1 F1479.3 X125.641 Y95.971 E2574.30734
G1 F1457.7 X125.065 Y95.791 E2574.38995
G1 F1417.8 X124.702 Y95.568 E2574.44992
G1 F1413.8 X124.329 Y95.19 E2574.52488
G1 F1454.9 X124.129 Y94.734 E2574.59318
G1 F1486.6 X124.004 Y94.206 E2574.66601
G1 F1500 X124.004 Y93.786 E2574.72189
G1 X124.112 Y93.328 E2574.78449
G1 X124.327 Y92.876 E2574.85109
G1 X124.764 Y92.396 E2574.93745
G1 X125.355 Y92.103 E2575.02521
G1 X126.028 Y91.972 E2575.11642
G1 X126.633 Y92.096 E2575.19858
G1 X126.93 Y92.226 E2575.24172
G1 X127.317 Y92.491 E2575.30412
G1 X127.657 Y92.851 E2575.37
G1 X127.886 Y93.335 E2575.44123
G1 X127.991 Y93.81 E2575.50595
G1 X127.991 Y94.19 E2575.55651
G1 X127.884 Y94.678 E2575.62297
G1 X127.662 Y95.132 E2575.69021
G1 X127.236 Y95.591 E2575.77352
G1 X126.819 Y95.825 E2575.83714
G1 F1494 X126.242 Y96.01 E2575.91807
G1 F1500 E2569.41807
G0 F9000 X126.899 Y97.439
G0 X127.435 Y97.246
G0 X128.208 Y96.813
G0 X128.949 Y96.014
G0 X129.346 Y95.192
G0 X129.532 Y94.378
G0 X129.532 Y93.622
G0 X129.346 Y92.807
G0 X128.937 Y91.964
G0 X128.588 Y91.595
G0 X110.129 Y74.606
G0 X110.233 Y73.01
G1 F1500 E2575.91807
G1 X109.637 Y72.967 E2575.99757
G1 X109.107 Y72.795 E2576.0717
G1 X108.686 Y72.508 E2576.13949
G1 X108.348 Y72.151 E2576.2049
G1 X108.113 Y71.683 E2576.27457
G1 X108.004 Y71.209 E2576.33927
G1 X108.004 Y70.787 E2576.39542
G1 X108.113 Y70.316 E2576.45974
G1 X108.334 Y69.863 E2576.52679
G1 X108.778 Y69.386 E2576.61349
G1 X109.362 Y69.096 E2576.70024
G1 X110.031 Y68.969 E2576.79083
G1 X110.652 Y69.106 E2576.87544
G1 X110.93 Y69.226 E2576.91572
G1 X111.318 Y69.488 E2576.97801
G1 X111.658 Y69.849 E2577.04398
G1 X111.883 Y70.317 E2577.11307
G1 X111.992 Y70.787 E2577.17726
G1 X111.992 Y71.209 E2577.2334
G1 X111.883 Y71.683 E2577.29811
G1 X111.655 Y72.135 E2577.36546
G1 X111.261 Y72.572 E2577.44374
G1 X110.842 Y72.813 E2577.50804
G1 X110.233 Y73.01 E2577.5932
G1 F1500 E2571.0932
G0 F9000 X110.129 Y74.606
G0 X91.836 Y91.139
G0 X91.051 Y91.986
G0 X90.654 Y92.808
G0 X90.468 Y93.622
G0 X90.468 Y94.378
G0 X90.654 Y95.193
G0 X91.063 Y96.036
G0 X91.678 Y96.687
G0 X92.265 Y97.086
G0 X93.103 Y97.435
G0 X94.23 Y96.008
G1 F1500 E2577.5932
G1 X93.635 Y95.967 E2577.67255
G1 X93.1 Y95.792 E2577.74743
G1 X92.67 Y95.494 E2577.81704
G1 X92.337 Y95.145 E2577.88121
G1 X92.107 Y94.652 E2577.95359
G1 X92.009 Y94.226 E2578.01174
G1 X92.006 Y93.798 E2578.06869
G1 X92.112 Y93.328 E2578.13279
G1 X92.334 Y92.865 E2578.2011
G1 X92.782 Y92.382 E2578.28874
G1 X93.351 Y92.101 E2578.37317
G1 X94.028 Y91.972 E2578.46486
G1 X94.63 Y92.098 E2578.54669
G1 X94.952 Y92.239 E2578.59345
G1 X95.32 Y92.49 E2578.65272
G1 X95.648 Y92.839 E2578.71643
G1 X95.875 Y93.303 E2578.78516
G1 X95.992 Y93.784 E2578.85101
G1 X95.992 Y94.206 E2578.90716
G1 F1485.1 X95.867 Y94.736 E2578.98033
G1 F1450.7 X95.669 Y95.182 E2579.04746
G1 F1413.8 X95.246 Y95.624 E2579.13381
G1 F1420.5 X94.876 Y95.817 E2579.19244
G1 F1472 X94.23 Y96.008 E2579.28377
G1 F1500 E2572.78377
G0 F9000 X93.103 Y97.435
G0 X77.185 Y93.94
G0 X76.87 Y92.373
G1 F1500 E2579.28377
G1 X76.397 Y92.463 E2579.34783
G1 X75.903 Y92.442 E2579.41361
G1 X75.508 Y92.332 E2579.46816
G1 X75.156 Y92.151 E2579.52082
G1 X74.745 Y91.825 E2579.59061
G1 X74.422 Y91.336 E2579.66858
G1 X74.232 Y90.708 E2579.75587
G1 X74.259 Y90.161 E2579.82873
G1 X74.392 Y89.7 E2579.89256
G1 X74.536 Y89.414 E2579.93516
G1 X74.835 Y89.036 E2579.99928
G1 X75.173 Y88.775 E2580.05609
G1 X75.646 Y88.556 E2580.12544
G1 X76.253 Y88.443 E2580.20758
G1 X76.788 Y88.541 E2580.27994
G1 X77.166 Y88.689 E2580.33395
G1 X77.633 Y89.028 E2580.41073
G1 X77.9 Y89.348 E2580.46617
G1 X78.136 Y89.829 E2580.53745
G1 X78.222 Y90.173 E2580.58463
G1 X78.231 Y90.653 E2580.6485
G1 X78.158 Y91.064 E2580.70403
G1 X77.9 Y91.595 E2580.78257
G1 X77.652 Y91.888 E2580.83364
G1 X77.356 Y92.131 E2580.88459
G1 X76.87 Y92.373 E2580.95682
G1 F1500 E2574.45682
G0 F9000 X77.185 Y93.94
G0 X79.757 Y129.122
G0 X79.757 Y129.878
G0 X79.571 Y130.692
G0 X79.174 Y131.514
G0 X78.574 Y132.161
G0 X77.825 Y132.723
G0 X77.044 Y131.326
G1 F1500 E2580.95682
G1 X76.47 Y131.51 E2581.03702
G1 X75.867 Y131.471 E2581.11741
G1 X75.319 Y131.29 E2581.19419
G1 X74.906 Y131.008 E2581.26072
G1 X74.568 Y130.649 E2581.32632
G1 X74.336 Y130.179 E2581.39605
G1 X74.239 Y129.735 E2581.45651
G1 X74.231 Y129.294 E2581.5152
G1 X74.336 Y128.818 E2581.58005
G1 X74.557 Y128.364 E2581.64722
G1 X74.995 Y127.888 E2581.73328
G1 X75.589 Y127.595 E2581.8214
G1 X76.27 Y127.472 E2581.91346
G1 X76.856 Y127.599 E2581.99323
G1 X77.128 Y127.712 E2582.03242
G1 X77.547 Y127.996 E2582.09976
G1 X77.884 Y128.352 E2582.16498
G1 X78.11 Y128.835 E2582.23593
G1 X78.215 Y129.31 E2582.30065
G1 X78.211 Y129.724 E2582.35573
G1 X78.106 Y130.174 E2582.4172
G1 X77.889 Y130.625 E2582.48379
G1 X77.473 Y131.084 E2582.5662
G1 X77.044 Y131.326 E2582.63173
G1 F1500 E2576.13173
G0 F9000 X77.825 Y132.723
G0 X94.147 Y129.607
G0 X94.251 Y128.01
G1 F1500 E2582.63173
G1 X93.649 Y127.973 E2582.71197
G1 X93.088 Y127.785 E2582.79069
G1 X92.683 Y127.505 E2582.85619
G1 X92.339 Y127.145 E2582.92244
G1 X92.106 Y126.649 E2582.99534
G1 X92.005 Y126.186 E2583.05839
G1 X92.005 Y125.806 E2583.10895
G1 X92.112 Y125.318 E2583.17541
G1 X92.335 Y124.863 E2583.24282
G1 X92.778 Y124.386 E2583.32943
G1 X93.362 Y124.096 E2583.41618
G1 X93.93 Y123.988 E2583.4931
G1 X94.128 Y123.99 E2583.51944
G1 F1491.1 X94.677 Y124.109 E2583.59463
G1 F1457.7 X94.975 Y124.227 E2583.63851
G1 F1412.4 X95.295 Y124.426 E2583.69175
G1 F1391.5 X95.669 Y124.809 E2583.76852
G1 F1424.5 X95.872 Y125.26 E2583.83781
G1 F1469.1 X95.993 Y125.793 E2583.91205
G1 F1489.6 X95.992 Y126.212 E2583.96818
G1 F1500 X95.876 Y126.691 E2584.03375
G1 X95.669 Y127.12 E2584.09712
G1 X95.248 Y127.583 E2584.18038
G1 X94.842 Y127.813 E2584.24246
G1 X94.251 Y128.01 E2584.32534
G1 F1500 E2577.82534
G0 F9000 X94.147 Y129.607
G0 X109.449 Y131.091
G0 X109.528 Y129.493
G1 F1500 E2584.32534
G1 X108.531 Y129.442 E2584.45815
G1 X107.57 Y129.347 E2584.58663
G1 X106.579 Y129.198 E2584.71995
G1 X105.661 Y129.009 E2584.84465
G1 X104.703 Y128.766 E2584.97614
G1 X103.765 Y128.475 E2585.1068
G1 X102.87 Y128.149 E2585.23352
G1 X101.971 Y127.771 E2585.36327
G1 X101.079 Y127.343 E2585.49489
G1 X100.251 Y126.888 E2585.62059
G1 X99.401 Y126.369 E2585.75308
G1 X98.599 Y125.82 E2585.88239
G1 X97.845 Y125.25 E2586.00814
G1 F1443.7 X96.464 Y124.087 E2586.25771
G1 F1391.5 X95.984 Y123.605 E2586.35526
G1 F1417.8 X95.682 Y123.268 E2586.41896
G1 F1472 X95.317 Y122.826 E2586.49667
G1 F1500 X95.068 Y122.543 E2586.54682
G1 X94.437 Y121.752 E2586.68144
G1 X93.901 Y121.004 E2586.80386
G1 X93.346 Y120.146 E2586.93981
G1 X92.863 Y119.305 E2587.06884
G1 X92.427 Y118.457 E2587.1957
G1 X92.027 Y117.561 E2587.32624
G1 X91.665 Y116.647 E2587.45703
G1 X91.366 Y115.747 E2587.5832
G1 X91.101 Y114.798 E2587.71428
G1 X90.879 Y113.841 E2587.84499
G1 X90.716 Y112.893 E2587.97296
G1 X90.593 Y111.942 E2588.10053
G1 X90.52 Y110.955 E2588.2322
G1 X90.5 Y110.011 E2588.35782
G1 X90.521 Y109.012 E2588.49076
G1 X90.599 Y108.021 E2588.62301
G1 X90.715 Y107.105 E2588.74585
G1 X90.885 Y106.126 E2588.87804
G1 X91.106 Y105.178 E2589.00755
G1 X91.374 Y104.216 E2589.14041
G1 X91.675 Y103.323 E2589.26578
G1 X92.035 Y102.415 E2589.39573
G1 X92.443 Y101.507 E2589.52816
G1 X92.874 Y100.67 E2589.65342
G1 X93.359 Y99.828 E2589.78269
G1 X93.891 Y99.004 E2589.91318
G1 X94.453 Y98.224 E2590.04108
G1 X95.069 Y97.453 E2590.17237
G1 F1466.3 X95.698 Y96.706 E2590.30528
G1 F1415.1 X95.944 Y96.434 E2590.357
G1 F1396.6 X96.4 Y95.97 E2590.44996
G1 F1446.5 X97.865 Y94.733 E2590.71449
G1 F1500 X98.597 Y94.177 E2590.83678
G1 X99.422 Y93.617 E2590.96944
G1 X100.271 Y93.097 E2591.10189
G1 X101.105 Y92.64 E2591.22841
G1 X101.992 Y92.219 E2591.35904
G1 X102.893 Y91.837 E2591.48923
G1 X103.787 Y91.514 E2591.6157
G1 X104.729 Y91.223 E2591.74686
G1 X105.685 Y90.981 E2591.87806
G1 X106.604 Y90.797 E2592.00275
G1 X107.595 Y90.646 E2592.13612
G1 X108.554 Y90.552 E2592.26432
G1 X109.528 Y90.504 E2592.39405
G1 X110.498 Y90.504 E2592.5231
G1 X111.465 Y90.554 E2592.65193
G1 X112.428 Y90.649 E2592.78067
G1 X113.415 Y90.801 E2592.91353
G1 X114.34 Y90.987 E2593.03905
G1 X115.293 Y91.23 E2593.1699
G1 X116.23 Y91.521 E2593.30043
G1 X117.132 Y91.847 E2593.42803
G1 X118.028 Y92.228 E2593.55756
G1 X118.917 Y92.653 E2593.68865
G1 X119.746 Y93.109 E2593.81453
G1 X120.574 Y93.617 E2593.94377
G1 X121.399 Y94.177 E2594.07642
G1 X122.149 Y94.748 E2594.20183
G1 F1497 X122.922 Y95.392 E2594.33595
G1 F1445.1 X123.625 Y96 E2594.46431
G1 F1395.3 X124.011 Y96.388 E2594.54258
G1 F1417.8 X124.314 Y96.728 E2594.60668
G1 F1472 X124.94 Y97.467 E2594.73798
G1 F1500 X125.581 Y98.274 E2594.87509
G1 X126.105 Y99.004 E2594.99464
G1 X126.65 Y99.85 E2595.12853
G1 X127.133 Y100.691 E2595.25755
G1 X127.564 Y101.529 E2595.38292
G1 X127.974 Y102.437 E2595.51547
G1 X128.33 Y103.348 E2595.64559
G1 X128.63 Y104.24 E2595.7708
G1 X128.9 Y105.2 E2595.90347
G1 X129.117 Y106.152 E2596.03338
G1 X129.285 Y107.105 E2596.16212
G1 X129.401 Y108.021 E2596.28496
G1 X129.476 Y109.041 E2596.42102
G1 X129.496 Y110.011 E2596.5501
G1 X129.475 Y110.982 E2596.67931
G1 X129.401 Y111.967 E2596.81073
G1 X129.281 Y112.915 E2596.93786
G1 X129.112 Y113.868 E2597.06662
G1 X128.894 Y114.819 E2597.19643
G1 X128.626 Y115.773 E2597.32826
G1 X128.322 Y116.671 E2597.45439
G1 X127.964 Y117.582 E2597.58461
G1 X127.557 Y118.481 E2597.7159
G1 X127.122 Y119.326 E2597.84234
G1 X126.65 Y120.146 E2597.96822
G1 X126.095 Y121.004 E2598.10417
G1 X125.559 Y121.752 E2598.22659
G1 X124.944 Y122.525 E2598.35801
G1 F1489.6 X124.703 Y122.809 E2598.40791
G1 F1450.7 X124.237 Y123.392 E2598.51058
G1 F1415.1 X123.932 Y123.679 E2598.56964
G1 F1396.6 X123.523 Y124.098 E2598.65331
G1 F1440.9 X122.13 Y125.268 E2598.90525
G1 F1500 X121.398 Y125.82 E2599.02722
G1 X120.572 Y126.384 E2599.16029
G1 X119.725 Y126.899 E2599.29217
G1 X118.893 Y127.355 E2599.41839
G1 X118.017 Y127.777 E2599.54776
G1 X117.106 Y128.159 E2599.67918
G1 X116.209 Y128.482 E2599.80602
G1 X115.268 Y128.773 E2599.93706
G1 X114.317 Y129.014 E2600.06758
G1 X113.39 Y129.203 E2600.19345
G1 X112.401 Y129.35 E2600.32647
G1 X111.442 Y129.444 E2600.45467
G1 X110.472 Y129.492 E2600.58387
G1 X109.528 Y129.493 E2600.70946
G1 F1500 E2594.20946
G0 F9000 X109.449 Y131.091
G0 X112.014 Y130.917
G0 X125.123 Y129.484
G0 X125.631 Y127.969
G1 F1500 E2600.70946
G1 X125.09 Y127.789 E2600.78532
G1 X124.67 Y127.493 E2600.85368
G1 X124.348 Y127.158 E2600.9155
G1 X124.113 Y126.681 E2600.98624
G1 X124.004 Y126.204 E2601.05134
G1 X124.004 Y125.787 E2601.10681
G1 F1477.8 X124.126 Y125.258 E2601.18012
G1 F1420.5 X124.321 Y124.821 E2601.24735
G1 F1382.5 X124.787 Y124.323 E2601.3458
G1 F1404.5 X125.287 Y124.107 E2601.42319
G1 F1466.3 X125.93 Y123.988 E2601.51219
G1 F1500 X126.128 Y123.99 E2601.53853
G1 X126.628 Y124.095 E2601.6065
G1 X126.922 Y124.222 E2601.64911
G1 X127.31 Y124.485 E2601.71147
G1 X127.661 Y124.857 E2601.77952
G1 X127.872 Y125.296 E2601.84432
G1 X127.993 Y125.789 E2601.91185
G1 X127.991 Y126.186 E2601.96467
G1 X127.883 Y126.681 E2602.03208
G1 X127.662 Y127.131 E2602.09877
G1 X127.254 Y127.578 E2602.17929
G1 X126.821 Y127.823 E2602.24548
G1 X126.247 Y128.01 E2602.32579
G1 X125.631 Y127.969 E2602.40793
G1 F1500 E2595.90793
G0 F9000 X125.123 Y129.484
G0 X142.36 Y132.803
G0 X142.868 Y131.289
G1 F1500 E2602.40793
G1 X142.45 Y131.005 E2602.47516
G1 X142.116 Y130.639 E2602.54108
G1 X141.888 Y130.179 E2602.60939
G1 X141.781 Y129.691 E2602.67585
G1 X141.782 Y129.297 E2602.72827
G1 X141.886 Y128.835 E2602.79127
G1 X142.108 Y128.369 E2602.85995
G1 X142.541 Y127.896 E2602.94526
G1 X143.142 Y127.595 E2603.03468
G1 X143.8 Y127.474 E2603.12369
G1 X144.36 Y127.586 E2603.19967
G1 X144.692 Y127.715 E2603.24706
G1 X145.097 Y127.991 E2603.31226
G1 X145.434 Y128.349 E2603.37767
G1 X145.657 Y128.812 E2603.44604
G1 X145.769 Y129.291 E2603.51149
G1 X145.761 Y129.735 E2603.57057
G1 X145.657 Y130.185 E2603.63201
G1 X145.434 Y130.639 E2603.69931
G1 X145.005 Y131.093 E2603.78241
G1 X144.594 Y131.325 E2603.8452
G1 X144.018 Y131.51 E2603.92568
G1 X143.416 Y131.472 E2604.00593
G1 X142.868 Y131.289 E2604.0828
G1 F1500 E2597.5828
G0 F9000 X142.36 Y132.803
G0 X110.14 Y152.607
G0 X110.244 Y151.01
G1 F1500 E2604.0828
G1 X109.635 Y150.971 E2604.16399
G1 X109.097 Y150.79 E2604.2395
G1 X108.681 Y150.507 E2604.30644
G1 X108.339 Y150.148 E2604.37241
G1 X108.113 Y149.679 E2604.44167
G1 X108.004 Y149.209 E2604.50586
G1 X108.004 Y148.787 E2604.562
G1 X108.114 Y148.312 E2604.62687
G1 X108.342 Y147.861 E2604.6941
G1 X108.771 Y147.391 E2604.77876
G1 X109.373 Y147.097 E2604.86789
G1 X110.037 Y146.972 E2604.95778
G1 X110.651 Y147.105 E2605.04136
G1 X110.911 Y147.216 E2605.07897
G1 X111.314 Y147.488 E2605.14366
G1 X111.649 Y147.847 E2605.20898
G1 X111.883 Y148.313 E2605.27836
G1 X111.992 Y148.787 E2605.34307
G1 X111.992 Y149.209 E2605.39921
G1 X111.883 Y149.68 E2605.46353
G1 X111.661 Y150.135 E2605.53088
G1 X111.236 Y150.591 E2605.61381
G1 X110.824 Y150.823 E2605.67672
G1 X110.244 Y151.01 E2605.75779
G1 F1500 E2599.25779
G0 F9000 X110.14 Y152.607
G0 X110 Y154.422
G1 F1500 E2605.75779
G1 X148.468 Y132.207 E2611.66769
G1 X148.468 Y87.789 E2617.57708
G1 X110 Y65.578 E2623.48671
G1 X71.528 Y87.789 E2629.3968
G1 X71.529 Y132.207 E2635.3062
G1 X110 Y154.422 E2641.21644
G0 F9000 X110 Y152.591
G0 X106.046 Y150.292
G0 X105.845 Y150.638
;TYPE:FILL
G1 F3000 X72.728 Y117.52 E2647.44742
G0 F9000 X73.129 Y117.52
G0 X73.129 Y115.163
G0 X72.728 Y115.163
G1 F3000 X106.818 Y149.253 E2653.86138
G0 F9000 X106.407 Y149.253
G0 X106.468 Y148.622
G0 X106.573 Y148.16
G0 X106.899 Y147.163
G0 X107.261 Y147.338
G1 F3000 X72.728 Y112.805 E2660.35868
G0 F9000 X73.129 Y112.805
G0 X73.129 Y110.448
G0 X72.728 Y110.448
G1 F3000 X108.478 Y146.198 E2667.08497
G0 F9000 X108.301 Y145.84
G0 X108.865 Y145.628
G0 X109.931 Y145.424
G0 X110.563 Y145.449
G0 X110.478 Y145.841
G1 F3000 X93.82 Y129.183 E2670.21913
G0 F9000 X93.794 Y129.584
G0 X94.318 Y129.57
G0 X95.895 Y129.058
G0 X95.698 Y128.703
G1 F3000 X116.359 Y149.364 E2674.10645
G0 F9000 X116.161 Y149.019
G0 X114.667 Y149.882
G0 X114.864 Y150.226
G1 F3000 X113.152 Y148.514 E2674.42856
G0 F9000 X113.549 Y148.424
G0 X117.656 Y148.156
G0 X117.853 Y148.5
G1 F3000 X96.826 Y127.474 E2678.38465
G0 F9000 X97.191 Y127.651
G0 X99.405 Y128.245
G0 X99.614 Y127.904
G1 F3000 X119.348 Y147.638 E2682.09756
G0 F9000 X119.15 Y147.293
G0 X120.645 Y146.43
G0 X120.842 Y146.774
G1 F3000 X103.814 Y129.746 E2685.30133
G0 F9000 X103.695 Y130.129
G0 X106.824 Y130.852
G0 X106.883 Y130.458
G1 F3000 X122.337 Y145.911 E2688.20888
G0 F9000 X122.14 Y145.567
G0 X123.634 Y144.704
G0 X123.831 Y145.048
G1 F3000 X109.472 Y130.69 E2690.9104
G0 F9000 X109.452 Y131.092
G0 X111.797 Y131.02
G0 X111.758 Y130.617
G1 F3000 X125.325 Y144.185 E2693.46309
G0 F9000 X125.128 Y143.842
G0 X126.623 Y142.979
G0 X126.82 Y143.322
G1 F3000 X113.834 Y130.337 E2695.90628
G0 F9000 X113.912 Y130.73
G0 X115.856 Y130.268
G0 X115.738 Y129.883
G1 F3000 X128.314 Y142.459 E2698.27243
G0 F9000 X128.117 Y142.116
G0 X129.612 Y141.253
G0 X129.809 Y141.597
G1 F3000 X117.505 Y129.292 E2700.58749
G0 F9000 X117.641 Y129.666
G0 X119.311 Y128.929
G0 X119.139 Y128.569
G1 F3000 X131.303 Y140.733 E2702.87612
G0 F9000 X131.106 Y140.39
G0 X132.601 Y139.527
G0 X132.798 Y139.871
G1 F3000 X120.66 Y127.732 E2705.15995
G0 F9000 X120.87 Y128.077
G0 X122.329 Y127.123
G0 X122.086 Y126.801
G1 F3000 X134.292 Y139.007 E2707.45648
G0 F9000 X134.096 Y138.664
G0 X135.59 Y137.802
G0 X135.787 Y138.145
G1 F3000 X126.751 Y129.109 E2709.15659
G0 F9000 X126.873 Y129.491
G0 X127.955 Y128.942
G0 X128.552 Y128.531
G0 X128.257 Y128.257
G1 F3000 X137.281 Y137.281 E2710.85443
G0 F9000 X137.085 Y136.939
G0 X138.579 Y136.076
G0 X138.776 Y136.419
G1 F3000 X129.098 Y126.74 E2712.67542
G0 F9000 X129.49 Y126.83
G0 X129.532 Y125.622
G0 X129.346 Y124.807
G0 X128.937 Y123.964
G0 X128.588 Y123.595
G0 X127.124 Y122.318
G0 X126.798 Y122.083
G1 F3000 X140.27 Y135.555 E2715.21015
G0 F9000 X140.074 Y135.213
G0 X141.568 Y134.35
G0 X141.765 Y134.693
G1 F3000 X127.735 Y120.662 E2717.84995
G0 F9000 X128.084 Y120.863
G0 X128.924 Y119.322
G0 X128.569 Y119.139
G1 F3000 X143.116 Y133.686 E2720.58694
G0 F9000 X143.018 Y133.513
G0 X141.453 Y132.187
G0 X140.838 Y131.536
G0 X140.429 Y130.693
G0 X140.279 Y130.032
G0 X140.261 Y128.773
G0 X140.649 Y128.862
G1 F3000 X129.284 Y117.496 E2722.72533
G0 F9000 X129.66 Y117.644
G0 X130.268 Y115.845
G0 X129.881 Y115.736
G1 F3000 X141.453 Y127.308 E2724.90258
G0 F9000 X141.16 Y127.037
G0 X141.525 Y126.715
G0 X142.845 Y126.026
G0 X142.919 Y126.417
G1 F3000 X130.337 Y113.834 E2727.26995
G0 F9000 X130.73 Y113.904
G0 X131.018 Y111.788
G0 X130.617 Y111.758
G1 F3000 X146.044 Y127.184 E2730.17241
G0 F9000 X146.302 Y126.942
G0 X146.871 Y126.05
G0 X147.268 Y126.05
G1 F3000 X130.685 Y109.467 E2733.29246
G0 F9000 X131.088 Y109.458
G0 X130.858 Y106.818
G0 X130.462 Y106.887
G1 F3000 X147.268 Y123.693 E2736.45447
G0 F9000 X146.871 Y123.693
G0 X146.871 Y121.335
G0 X147.268 Y121.335
G1 F3000 X129.757 Y103.824 E2739.74913
G0 F9000 X130.135 Y103.698
G0 X129.181 Y101.408
G0 X128.238 Y99.404
G0 X127.892 Y99.602
G1 F3000 X147.268 Y118.978 E2743.39468
G0 F9000 X146.871 Y118.978
G0 X146.871 Y116.62
G0 X147.268 Y116.62
G1 F3000 X127.479 Y96.831 E2747.11793
G0 F9000 X127.674 Y97.182
G0 X128.107 Y96.883
G0 X129.079 Y95.883
G0 X128.709 Y95.704
G1 F3000 X147.268 Y114.263 E2750.60977
G0 F9000 X146.871 Y114.263
G0 X146.871 Y111.905
G0 X147.268 Y111.905
G1 F3000 X129.188 Y93.826 E2754.01138
G0 F9000 X129.593 Y93.826
G0 X129.346 Y92.807
G0 X128.937 Y91.964
G0 X128.322 Y91.313
G0 X127.663 Y90.865
G0 X126.243 Y90.38
G0 X126.154 Y90.792
G1 F3000 X109.529 Y74.167 E2757.13934
G0 F9000 X109.503 Y74.565
G0 X110.347 Y74.566
G0 X111.72 Y74.156
G0 X111.524 Y73.804
G1 F3000 X147.268 Y109.548 E2763.86449
G0 F9000 X146.871 Y109.548
G0 X146.871 Y107.19
G0 X147.268 Y107.19
G1 F3000 X112.735 Y72.657 E2770.3618
G0 F9000 X113.102 Y72.835
G0 X113.346 Y72.192
G0 X113.451 Y71.73
G0 X113.593 Y70.742
G0 X113.177 Y70.742
G1 F3000 X147.268 Y104.833 E2776.77594
G0 F9000 X146.871 Y104.833
G0 X146.871 Y102.475
G0 X147.268 Y102.475
G1 F3000 X114.155 Y69.362 E2783.00608
G0 F9000 X113.955 Y69.707
G0 X119.535 Y72.929
G0 X119.734 Y72.584
G1 F3000 X147.268 Y100.118 E2788.18654
G0 F9000 X146.871 Y100.118
G0 X146.871 Y97.76
G0 X147.268 Y97.76
G1 F3000 X143.147 Y93.639 E2788.96189
G0 F9000 X143.018 Y94.024
G0 X144.096 Y94.062
G0 X145.411 Y93.703
G0 X145.215 Y93.35
G1 F3000 X147.268 Y95.403 E2789.34816
G0 F9000 X146.871 Y95.403
G0 X142.178 Y93.679
G0 X141.453 Y93.187
G0 X140.838 Y92.536
G0 X140.262 Y91.234
G0 X140.653 Y91.145
G1 F3000 X125.313 Y75.805 E2792.23435
G0 F9000 X125.114 Y76.15
G0 X130.693 Y79.371
G0 X130.892 Y79.027
G1 F3000 X140.924 Y89.059 E2794.12185
G0 F9000 X140.566 Y88.886
G0 X140.826 Y88.486
G0 X141.048 Y88.246
G0 X141.855 Y87.45
G0 X142.034 Y87.812
G1 F3000 X136.47 Y82.248 E2795.1687
G0 F9000 X136.272 Y82.591
G0 X141.851 Y85.812
G0 X142.049 Y85.469
G1 F3000 X143.106 Y86.527 E2795.36767
G0 F9000 X143.102 Y86.534
G0 X124.865 Y90.628
G0 X124.116 Y90.932
G0 X124.291 Y91.286
G1 F3000 X103.641 Y70.636 E2799.25292
G0 F9000 X103.839 Y70.981
G0 X102.345 Y71.844
G0 X102.147 Y71.499
G1 F3000 X123.167 Y92.52 E2803.20788
G0 F9000 X122.81 Y92.347
G0 X120.595 Y91.755
G0 X120.386 Y92.096
G1 F3000 X100.652 Y72.362 E2806.92078
G0 F9000 X100.85 Y72.707
G0 X99.355 Y73.57
G0 X99.157 Y73.224
G1 F3000 X116.15 Y90.218 E2810.11807
G0 F9000 X116.262 Y89.858
G0 X113.174 Y89.148
G0 X113.115 Y89.54
G1 F3000 X97.663 Y74.088 E2813.02533
G0 F9000 X97.861 Y74.433
G0 X96.366 Y75.296
G0 X96.168 Y74.95
G1 F3000 X110.522 Y89.305 E2815.7261
G0 F9000 X110.541 Y88.908
G0 X108.2 Y88.981
G0 X108.238 Y89.378
G1 F3000 X94.673 Y75.813 E2818.27832
G0 F9000 X94.871 Y76.159
G0 X93.376 Y77.022
G0 X93.178 Y76.676
G1 F3000 X106.164 Y89.661 E2820.72151
G0 F9000 X106.087 Y89.27
G0 X104.141 Y89.733
G0 X104.257 Y90.112
G1 F3000 X91.684 Y77.539 E2823.0871
G0 F9000 X91.882 Y77.884
G0 X90.387 Y78.748
G0 X90.189 Y78.402
G1 F3000 X102.492 Y90.705 E2825.40188
G0 F9000 X102.358 Y90.334
G0 X100.688 Y91.071
G0 X100.86 Y91.43
G1 F3000 X88.695 Y79.265 E2827.6907
G0 F9000 X88.893 Y79.61
G0 X87.398 Y80.473
G0 X87.2 Y80.128
G1 F3000 X99.336 Y92.263 E2829.97396
G0 F9000 X99.129 Y91.923
G0 X97.67 Y92.878
G0 X97.909 Y93.194
G1 F3000 X85.706 Y80.991 E2832.26993
G0 F9000 X85.904 Y81.336
G0 X84.409 Y82.199
G0 X84.211 Y81.853
G1 F3000 X93.257 Y90.899 E2833.97191
G0 F9000 X93.183 Y90.505
G0 X91.971 Y91.076
G0 X91.448 Y91.469
G0 X91.739 Y91.739
G1 F3000 X82.716 Y82.716 E2835.66957
G0 F9000 X82.914 Y83.062
G0 X81.42 Y83.924
G0 X81.222 Y83.579
G1 F3000 X90.899 Y93.257 E2837.49037
G0 F9000 X90.51 Y93.168
G0 X90.468 Y94.378
G0 X90.654 Y95.193
G0 X91.063 Y96.036
G0 X91.412 Y96.405
G0 X92.879 Y97.679
G0 X93.183 Y97.898
G1 F3000 X79.727 Y84.442 E2840.02209
G0 F9000 X79.925 Y84.788
G0 X78.43 Y85.651
G0 X78.232 Y85.305
G1 F3000 X92.263 Y99.335 E2842.66189
G0 F9000 X91.917 Y99.135
G0 X91.077 Y100.677
G0 X91.427 Y100.857
G1 F3000 X76.92 Y86.35 E2845.39135
G0 F9000 X76.994 Y86.48
G0 X78.688 Y87.89
G0 X79.201 Y88.502
G0 X79.593 Y89.293
G0 X79.727 Y89.848
G0 X79.754 Y91.228
G0 X79.361 Y91.149
G1 F3000 X90.71 Y102.498 E2847.52664
G0 F9000 X90.341 Y102.353
G0 X89.733 Y104.152
G0 X90.115 Y104.26
G1 F3000 X78.54 Y92.685 E2849.70445
G0 F9000 X78.852 Y92.948
G0 X78.321 Y93.342
G0 X77.135 Y93.95
G0 X77.057 Y93.559
G1 F3000 X89.664 Y106.166 E2852.07643
G0 F9000 X89.27 Y106.096
G0 X88.982 Y108.21
G0 X89.38 Y108.24
G1 F3000 X73.816 Y92.676 E2855.00476
G0 F9000 X73.521 Y92.87
G0 X73.129 Y93.945
G0 X72.728 Y93.945
G1 F3000 X89.311 Y110.529 E2858.12491
G0 F9000 X88.912 Y110.538
G0 X89.142 Y113.183
G0 X89.539 Y113.114
G1 F3000 X72.728 Y96.303 E2861.28786
G0 F9000 X73.129 Y96.303
G0 X73.129 Y98.66
G0 X72.728 Y98.66
G1 F3000 X90.245 Y116.178 E2864.58374
G0 F9000 X89.866 Y116.304
G0 X90.819 Y118.592
G0 X91.759 Y120.592
G0 X92.104 Y120.394
G1 F3000 X72.728 Y101.018 E2868.22929
G0 F9000 X73.129 Y101.018
G0 X73.129 Y103.375
G0 X72.728 Y103.375
G1 F3000 X92.525 Y123.172 E2871.95405
G0 F9000 X92.349 Y122.816
G0 X91.933 Y123.078
G0 X90.922 Y124.115
G0 X91.287 Y124.292
G1 F3000 X72.728 Y105.733 E2875.44588
G0 F9000 X73.129 Y105.733
G0 X73.129 Y108.09
G0 X72.728 Y108.09
G1 F3000 X90.809 Y126.172 E2878.84788
G0 F9000 X90.407 Y126.172
G0 X79.738 Y128.763
G0 X79.344 Y128.852
G1 F3000 X94.691 Y144.198 E2881.73529
G0 F9000 X94.891 Y143.853
G0 X100.469 Y147.073
G0 X100.268 Y147.418
G1 F3000 X72.728 Y119.878 E2886.91687
G0 F9000 X73.129 Y119.878
G0 X73.129 Y122.235
G0 X72.728 Y122.235
G1 F3000 X76.865 Y126.373 E2887.69534
G0 F9000 X76.949 Y125.984
G0 X76.275 Y125.901
G0 X75.316 Y126.085
G0 X74.612 Y126.298
G0 X74.787 Y126.652
G1 F3000 X72.728 Y124.593 E2888.08273
G0 F9000 X73.129 Y124.593
G0 X77.888 Y126.365
G0 X78.547 Y126.813
G0 X79.162 Y127.464
G0 X79.571 Y128.307
G0 X79.757 Y129.122
G0 X79.757 Y129.734
G0 X79.435 Y131.113
G0 X79.073 Y130.938
G1 F3000 X89.113 Y140.978 E2889.97174
G0 F9000 X89.314 Y140.632
G0 X83.736 Y137.412
G0 X83.535 Y137.758
G1 F3000 X77.963 Y132.186 E2891.02009
G0 F9000 X78.158 Y132.537
G0 X76.882 Y133.455
G0 X76.879 Y133.459
G1 F3000 X77.958 Y134.538 E2891.22311
G1 F1500 E2884.72311
G0 F9000 X78.159 Y134.192
G0 X89.377 Y105.831
G0 X90.468 Y93.622
G0 X90.654 Y92.808
G0 X90.975 Y92.142
G0 X106.449 Y71.57
G0 X106.844 Y71.481
G1 F1500 E2891.22311
G1 F3000 X105.135 Y69.773 E2891.54456
G0 F9000 X105.507 Y70.899
G1 F1500 E2885.04456
;MESH:NONMESH
G0 F300 X105.507 Y70.899 Z1.92
G0 F9000 X73.322 Y88.506
G0 X74.541 Y87.597
;TIME_ELAPSED:1240.920249
;LAYER:5
;TYPE:WALL-INNER
;MESH:top-fan-holder.stl
G1 F1500 E2891.54456
G1 F883.4 X74.973 Y87.368 E2891.65501
G1 F1500 E2885.15501
G0 F9000 X75.953 Y86.851
G0 X74.274 Y88.854
G0 X72.894 Y90.813
G0 X73.02 Y128.124
G0 X77.166 Y126.175
G0 X78.352 Y128.069
G0 X78.623 Y128.647
G0 X78.757 Y129.234
G0 X78.757 Y129.957
G0 X78.547 Y130.511
G0 X77.367 Y132.692
G0 X77.319 Y132.288
G1 F1500 E2891.65501
G1 X76.963 Y132.399 E2891.70462
G1 X76.649 Y132.462 E2891.74723
G1 X76.252 Y132.497 E2891.80025
G1 F1527.5 X75.792 Y132.451 E2891.86065
G1 F1614.6 X75.316 Y132.309 E2891.92204
G1 F1726.1 X74.921 Y132.128 E2891.97227
G1 F1756.4 X74.426 Y131.809 E2892.03918
G1 F1698.8 X74.169 Y131.613 E2892.07715
G1 F1609.4 X73.883 Y131.349 E2892.12541
G1 F1466.3 X73.596 Y131.045 E2892.18231
G1 F1447.9 X73.463 Y130.651 E2892.23963
G1 F1574 X73.393 Y130.341 E2892.27992
G1 F1689.2 X73.306 Y129.811 E2892.34337
G1 F1754.4 X73.306 Y129.232 E2892.40923
G1 F1664.8 X73.349 Y128.716 E2892.4713
G1 F1538.5 X73.478 Y128.3 E2892.5278
G1 F1500 X73.609 Y128.031 E2892.5676
G1 X73.793 Y127.736 E2892.61386
G1 X74.073 Y127.405 E2892.67154
G1 X74.353 Y127.157 E2892.7213
G1 X74.661 Y126.946 E2892.77097
G1 X75.057 Y126.742 E2892.83023
G1 X75.418 Y126.611 E2892.88132
G1 X75.742 Y126.539 E2892.92548
G1 X76.103 Y126.504 E2892.97373
G1 X76.604 Y126.524 E2893.04044
G1 X77.15 Y126.64 E2893.1147
G1 X77.477 Y126.745 E2893.16039
G1 X78.067 Y127.136 E2893.25456
G1 X78.265 Y127.298 E2893.2886
G1 X78.691 Y127.761 E2893.3723
G1 X78.842 Y128.025 E2893.41276
G1 X79.053 Y128.489 E2893.48057
G1 X79.209 Y129.145 E2893.57028
G1 X79.214 Y129.864 E2893.66594
G1 X79.173 Y130.159 E2893.70557
G1 X78.962 Y130.712 E2893.78431
G1 X78.837 Y130.964 E2893.82174
G1 X78.584 Y131.374 E2893.88583
G1 X78.375 Y131.591 E2893.92591
G1 X78.095 Y131.839 E2893.97568
G1 X77.876 Y132.001 E2894.01192
G1 X77.643 Y132.141 E2894.04808
G1 X77.319 Y132.288 E2894.09541
G1 F1500 E2887.59541
G0 F9000 X77.367 Y132.692
G0 X75.65 Y132.909
G0 X100.759 Y147.378
G0 X107.35 Y130.812
G0 X110.511 Y130.492
G1 F1500 E2894.09541
G1 X109.452 Y130.491 E2894.2363
G1 X108.433 Y130.437 E2894.37206
G1 X107.459 Y130.341 E2894.50227
G1 X106.416 Y130.185 E2894.64258
G1 X105.415 Y129.979 E2894.77854
G1 X104.483 Y129.743 E2894.90645
G1 X103.424 Y129.415 E2895.05394
G1 X102.483 Y129.071 E2895.18724
G1 X101.574 Y128.689 E2895.31841
G1 X100.662 Y128.253 E2895.4529
G1 X99.732 Y127.742 E2895.59408
G1 X98.875 Y127.22 E2895.72758
G1 X98.053 Y126.659 E2895.85998
G1 X97.264 Y126.066 E2895.99129
G1 X96.991 Y125.838 E2896.03861
G1 X96.992 Y126.268 E2896.09582
G1 X96.894 Y126.804 E2896.16831
G1 X96.738 Y127.212 E2896.22642
G1 X96.606 Y127.477 E2896.26581
G1 X96.404 Y127.796 E2896.31604
G1 X96.159 Y128.08 E2896.36594
G1 X95.785 Y128.413 E2896.43256
G1 X95.3 Y128.717 E2896.50872
G1 X94.578 Y128.951 E2896.60969
G1 X93.789 Y129.01 E2896.71495
G1 X93.077 Y128.861 E2896.81173
G1 X92.734 Y128.75 E2896.85969
G1 X92.013 Y128.267 E2896.97515
G1 X91.523 Y127.72 E2897.07285
G1 X91.392 Y127.491 E2897.10795
G1 X91.162 Y127.002 E2897.17984
G1 X91.008 Y126.34 E2897.27027
G1 X91.005 Y125.657 E2897.36114
G1 X91.049 Y125.333 E2897.40464
G1 X91.311 Y124.654 E2897.50146
G1 X91.639 Y124.125 E2897.58427
G1 X91.849 Y123.905 E2897.62473
G1 X92.129 Y123.656 E2897.67458
G1 X92.436 Y123.446 E2897.72407
G1 X92.832 Y123.242 E2897.78333
G1 X93.194 Y123.111 E2897.83455
G1 X93.518 Y123.039 E2897.87871
G1 X93.879 Y123.004 E2897.92696
G1 X94.162 Y123.011 E2897.96462
G1 X93.624 Y122.334 E2898.07967
G1 X93.048 Y121.527 E2898.21157
G1 X92.52 Y120.711 E2898.34088
G1 X91.989 Y119.793 E2898.48197
G1 X91.514 Y118.865 E2898.62067
G1 X91.109 Y117.959 E2898.75269
G1 X90.716 Y116.963 E2898.89515
G1 X90.424 Y116.087 E2899.01799
G1 X90.127 Y115.025 E2899.1647
G1 X89.893 Y114.011 E2899.30315
G1 X89.724 Y113.022 E2899.43664
G1 X89.604 Y112.098 E2899.5606
G1 X89.52 Y110.976 E2899.71029
G1 X89.5 Y110.032 E2899.83591
G1 X89.524 Y108.934 E2899.98202
G1 X89.607 Y107.895 E2900.12069
G1 X89.733 Y106.913 E2900.25241
G1 X89.893 Y105.985 E2900.37769
G1 X90.142 Y104.91 E2900.52449
G1 X90.411 Y103.945 E2900.65777
G1 X90.731 Y102.992 E2900.79152
G1 X91.109 Y102.037 E2900.92816
G1 X91.535 Y101.087 E2901.06668
G1 X91.99 Y100.203 E2901.19895
G1 X92.519 Y99.286 E2901.33979
G1 X93.051 Y98.462 E2901.47028
G1 X93.625 Y97.66 E2901.60149
G1 X94.145 Y97.007 E2901.71254
G1 X93.561 Y96.969 E2901.7904
G1 X93.077 Y96.862 E2901.85635
G1 X92.662 Y96.706 E2901.91533
G1 X92.16 Y96.365 E2901.99607
G1 X91.956 Y96.204 E2902.03065
G1 X91.49 Y95.684 E2902.12354
G1 X91.221 Y95.136 E2902.20476
G1 X91.133 Y94.884 E2902.24027
G1 X91.003 Y94.295 E2902.32052
G1 X91.011 Y93.58 E2902.41565
G1 X91.068 Y93.296 E2902.45418
G1 X91.3 Y92.679 E2902.54188
G1 X91.581 Y92.217 E2902.61382
G1 X91.749 Y92.002 E2902.65012
G1 X92.16 Y91.63 E2902.72387
G1 X92.373 Y91.481 E2902.75846
G1 X93.007 Y91.159 E2902.85306
G1 X93.696 Y90.997 E2902.94722
G1 X94.421 Y91.025 E2903.04375
G1 X95.052 Y91.176 E2903.13007
G1 X95.32 Y91.285 E2903.16856
G1 X95.827 Y91.625 E2903.24978
G1 X96.058 Y91.815 E2903.28957
G1 X96.359 Y92.143 E2903.34879
G1 X96.551 Y92.39 E2903.39042
G1 X96.836 Y93.003 E2903.48035
G1 X96.955 Y93.517 E2903.55054
G1 X96.992 Y93.808 E2903.58957
G1 X96.993 Y94.16 E2903.6364
G1 X97.226 Y93.964 E2903.67691
G1 X98.057 Y93.334 E2903.81565
G1 X98.899 Y92.765 E2903.95085
G1 X99.789 Y92.221 E2904.08962
G1 X100.676 Y91.736 E2904.22411
G1 X101.544 Y91.324 E2904.35194
G1 X102.552 Y90.897 E2904.49758
G1 X103.491 Y90.559 E2904.63035
G1 X104.483 Y90.253 E2904.76847
G1 X105.453 Y90.008 E2904.90157
G1 X106.418 Y89.814 E2905.03252
G1 X107.456 Y89.655 E2905.17223
G1 X108.462 Y89.556 E2905.30671
G1 X109.528 Y89.503 E2905.44871
G1 X110.549 Y89.505 E2905.58455
G1 X111.493 Y89.553 E2905.7103
G1 X112.537 Y89.655 E2905.84985
G1 X113.578 Y89.814 E2905.98996
G1 X114.524 Y90.003 E2906.1183
G1 X115.589 Y90.275 E2906.26453
G1 X116.569 Y90.58 E2906.40108
G1 X117.451 Y90.898 E2906.52582
G1 X118.427 Y91.311 E2906.66681
G1 X119.359 Y91.756 E2906.80422
G1 X120.269 Y92.257 E2906.94242
G1 X121.155 Y92.802 E2907.08081
G1 X121.939 Y93.334 E2907.20686
G1 X122.79 Y93.98 E2907.349
G1 X123.005 Y94.162 E2907.38648
G1 X123.004 Y93.732 E2907.44368
G1 X123.103 Y93.196 E2907.5162
G1 X123.258 Y92.787 E2907.57439
G1 X123.386 Y92.531 E2907.61247
G1 X123.588 Y92.206 E2907.66338
G1 X123.833 Y91.919 E2907.71358
G1 X124.129 Y91.657 E2907.76617
G1 X124.35 Y91.494 E2907.80271
G1 X124.868 Y91.224 E2907.88042
G1 X125.103 Y91.13 E2907.91409
G1 X125.695 Y91.005 E2907.99459
G1 X126.375 Y91.014 E2908.08507
G1 X127.057 Y91.177 E2908.17835
G1 X127.342 Y91.304 E2908.21987
G1 X127.981 Y91.728 E2908.32189
G1 X128.474 Y92.276 E2908.41996
G1 X128.607 Y92.511 E2908.45588
G1 X128.829 Y92.986 E2908.52564
G1 X128.985 Y93.646 E2908.61586
G1 X128.99 Y94.364 E2908.71139
G1 X128.93 Y94.698 E2908.75654
G1 X128.677 Y95.368 E2908.85182
G1 X128.321 Y95.909 E2908.93798
G1 X128.147 Y96.091 E2908.97148
G1 X127.867 Y96.34 E2909.02133
G1 X127.657 Y96.495 E2909.05605
G1 X127.245 Y96.739 E2909.11975
G1 X126.625 Y96.936 E2909.2063
G1 X125.857 Y97.015 E2909.30902
G1 X126.37 Y97.66 E2909.41866
G1 X126.945 Y98.462 E2909.54995
G1 X127.517 Y99.351 E2909.69059
G1 X128.006 Y100.203 E2909.82128
G1 X128.46 Y101.084 E2909.95314
G1 X128.891 Y102.037 E2910.09229
G1 X129.254 Y102.963 E2910.22461
G1 X129.579 Y103.923 E2910.35945
G1 X129.875 Y104.977 E2910.5051
G1 X130.102 Y105.978 E2910.64166
G1 X130.277 Y106.979 E2910.77685
G1 X130.393 Y107.895 E2910.89969
G1 X130.476 Y109.02 E2911.04977
G1 X130.496 Y110.032 E2911.18443
G1 X130.476 Y110.976 E2911.31005
G1 X130.393 Y112.091 E2911.4588
G1 X130.277 Y113.015 E2911.58269
G1 X130.102 Y114.018 E2911.71815
G1 X129.857 Y115.089 E2911.86432
G1 X129.574 Y116.093 E2912.00309
G1 X129.266 Y117.002 E2912.13078
G1 X128.898 Y117.942 E2912.26508
G1 X128.464 Y118.903 E2912.40537
G1 X128.006 Y119.793 E2912.53853
G1 X127.476 Y120.712 E2912.67967
G1 X126.908 Y121.586 E2912.81835
G1 X126.303 Y122.425 E2912.95596
G1 X125.838 Y123.006 E2913.05496
G1 X126.223 Y123.012 E2913.10619
G1 X126.522 Y123.049 E2913.14627
G1 X126.925 Y123.141 E2913.20127
G1 X127.302 Y123.282 E2913.25482
G1 X127.948 Y123.704 E2913.35748
G1 X128.437 Y124.236 E2913.45361
G1 X128.577 Y124.45 E2913.48763
G1 X128.834 Y124.995 E2913.5678
G1 X128.993 Y125.702 E2913.6642
G1 X128.992 Y126.314 E2913.74563
G1 X128.956 Y126.627 E2913.78754
G1 X128.694 Y127.326 E2913.88686
G1 X128.328 Y127.921 E2913.97979
G1 X127.769 Y128.426 E2914.08002
G1 X127.395 Y128.655 E2914.13836
G1 X127.159 Y128.766 E2914.17306
G1 X126.623 Y128.936 E2914.24787
G1 X125.824 Y129.019 E2914.35474
G1 X124.991 Y128.843 E2914.46801
G1 X124.671 Y128.713 E2914.51396
G1 X124.04 Y128.283 E2914.61555
G1 X123.637 Y127.854 E2914.69385
G1 X123.445 Y127.604 E2914.73579
G1 X123.157 Y126.988 E2914.82626
G1 X123.041 Y126.482 E2914.89532
G1 X123.004 Y126.197 E2914.93356
G1 X123.004 Y125.84 E2914.98105
G1 X122.77 Y126.036 E2915.02166
G1 X121.943 Y126.659 E2915.15941
G1 X121.159 Y127.195 E2915.28576
G1 X120.265 Y127.742 E2915.4252
G1 X119.399 Y128.219 E2915.55673
G1 X118.427 Y128.689 E2915.70037
G1 X117.445 Y129.1 E2915.842
G1 X116.505 Y129.437 E2915.97485
G1 X115.514 Y129.742 E2916.1128
G1 X114.517 Y129.994 E2916.24961
G1 X113.578 Y130.186 E2916.37712
G1 X112.537 Y130.341 E2916.51714
G1 X111.493 Y130.443 E2916.6567
G1 X110.511 Y130.492 E2916.78751
G1 F1500 E2910.28751
G0 F9000 X109.426 Y130.971
G0 X108.759 Y145.717
G0 X107.955 Y151.666
G1 F1500 E2916.78751
G1 F875.1 X108.317 Y151.893 E2916.88494
G0 F9000 X106.94 Y151.039
G0 X110 Y152.591
G0 X110 Y153.217
G1 F1378.7 X110.271 Y153.06 E2916.93028
G1 F1449.3 X110.711 Y152.867 E2916.99643
G1 F1583.9 X111.09 Y152.688 E2917.04924
G1 F1702.6 X111.782 Y152.326 E2917.14078
G1 F1746.2 X112.288 Y152.023 E2917.20818
G1 F1612.9 X113.103 Y151.479 E2917.32942
G1 F1509.1 X128.618 Y142.518 E2919.69879
G1 F1503 X144.133 Y133.556 E2922.07776
G1 F1396.6 X144.444 Y133.291 E2922.13614
G1 F1150.3 X144.727 Y132.947 E2922.21342
G1 F938.1 X144.981 Y132.639 E2922.29835
G1 X144.583 Y132.619 E2922.38312
G1 F1150.3 X144.205 Y132.536 E2922.45026
G1 F1396.6 X143.799 Y132.498 E2922.50853
G1 F1500 X143.337 Y132.468 E2922.57012
G1 X142.853 Y132.361 E2922.63607
G1 X142.336 Y132.137 E2922.71103
G1 X141.936 Y131.865 E2922.77538
G1 X141.673 Y131.637 E2922.82169
G1 X141.413 Y131.353 E2922.87291
G1 X141.23 Y131.119 E2922.91244
G1 X140.937 Y130.513 E2923.00199
G1 X140.785 Y129.832 E2923.09482
G1 X140.78 Y129.186 E2923.18076
G1 X140.816 Y128.873 E2923.22268
G1 X141.076 Y128.18 E2923.32115
G1 X141.36 Y127.712 E2923.39398
G1 X141.548 Y127.478 E2923.43392
G1 X142.025 Y127.05 E2923.51918
G1 X142.77 Y126.664 E2923.63081
G1 X143.461 Y126.499 E2923.72532
G1 X143.996 Y126.512 E2923.79652
G1 X144.29 Y126.548 E2923.83593
G1 X144.698 Y126.64 E2923.89157
G1 X144.949 Y126.72 E2923.92662
G1 X145.209 Y126.861 E2923.96597
G1 X145.605 Y127.129 E2924.02958
G1 X145.863 Y127.35 E2924.07478
G1 X146.127 Y127.634 E2924.12637
G1 X146.384 Y128.011 E2924.18707
G1 F1518.2 X146.529 Y128.344 E2924.23481
G1 F1582.3 X146.608 Y128.659 E2924.27577
G1 F1672.2 X146.669 Y129.032 E2924.32087
G1 F1742.2 X146.693 Y129.352 E2924.35763
G1 F1758.5 X146.693 Y129.94 E2924.42436
G1 F1694.9 X146.629 Y130.288 E2924.46602
G1 F1498.5 X146.419 Y131 E2924.56488
G1 F1434 X146.199 Y131.269 E2924.61324
G1 F1570.7 X145.892 Y131.557 E2924.66672
G1 F1664.8 X145.788 Y131.64 E2924.68267
G1 F1491.1 X145.649 Y131.91 E2924.72331
G1 F1223.5 X145.521 Y132.137 E2924.76582
G1 F992.1 X145.24 Y132.509 E2924.8596
G1 X145.709 Y132.454 E2924.95459
G1 F1242.8 X146.052 Y132.401 E2925.01032
G1 F1519.8 X146.307 Y132.362 E2925.04419
G1 F1580.6 X146.873 Y131.971 E2925.13105
G1 F1434 X147.151 Y131.762 E2925.17945
G1 F1377.4 X147.424 Y131.604 E2925.22515
G1 X147.424 Y131.29 E2925.27064
G1 F1498.5 X147.512 Y130.451 E2925.38299
G1 F1689.2 X147.536 Y130.09 E2925.42573
G1 F1750.3 X147.543 Y129.352 E2925.50988
G1 F1742.2 X147.532 Y128.935 E2925.55766
G1 F1623.4 X147.48 Y128.13 E2925.65682
G1 F1518.2 X147.468 Y127.767 E2925.70456
G1 F1500 X147.468 Y92.29 E2930.42444
G1 F1521.3 X147.482 Y91.888 E2930.47721
G1 F1634 X147.536 Y91.09 E2930.57489
G1 F1750.3 X147.543 Y90.352 E2930.65904
G1 F1742.2 X147.532 Y89.935 E2930.70682
G1 F1612.9 X147.474 Y89.13 E2930.80668
G1 F1447.9 X147.426 Y88.704 E2930.86577
G1 F1382.5 X147.426 Y88.391 E2930.91095
G1 X147.154 Y88.234 E2930.95628
G1 F1466.3 X146.705 Y87.904 E2931.03212
G1 F1642.9 X146.025 Y87.455 E2931.1311
G1 F1756.4 X145.501 Y87.14 E2931.20056
G1 F1760.6 X145.22 Y86.986 E2931.23689
G1 F1612.9 X144.274 Y86.521 E2931.36731
G1 F1500 X113.455 Y68.729 E2936.10169
G1 F1419.1 X112.905 Y68.476 E2936.18683
G1 F1194.3 X112.502 Y68.405 E2936.25521
G1 F960.9 X112.029 Y68.324 E2936.35487
G1 X112.245 Y68.725 E2936.44946
G1 F1194.3 X112.401 Y69.104 E2936.51794
G1 F1419.1 X112.763 Y69.839 E2936.63316
G1 F1500 X112.871 Y70.149 E2936.67683
G1 X112.955 Y70.518 E2936.72718
G1 X112.992 Y70.852 E2936.77189
G1 X112.992 Y71.268 E2936.82723
G1 X112.964 Y71.558 E2936.86599
G1 X112.893 Y71.804 E2936.90006
G1 X112.738 Y72.212 E2936.95812
G1 X112.606 Y72.476 E2936.99739
G1 X112.343 Y72.894 E2937.06309
G1 X112.147 Y73.091 E2937.10006
G1 X111.743 Y73.443 E2937.17135
G1 X111.251 Y73.739 E2937.24774
G1 X110.555 Y73.951 E2937.34454
G1 X109.983 Y74.002 E2937.42094
G1 X109.696 Y73.998 E2937.45913
G1 X108.981 Y73.836 E2937.55666
G1 X108.664 Y73.707 E2937.60219
G1 X108.015 Y73.266 E2937.70658
G1 X107.542 Y72.749 E2937.79981
G1 X107.392 Y72.491 E2937.83951
G1 X107.236 Y72.167 E2937.88735
G1 X107.125 Y71.85 E2937.93204
G1 X107.041 Y71.482 E2937.98226
G1 X107.004 Y71.148 E2938.02696
G1 X107.004 Y70.732 E2938.08231
G1 X107.103 Y70.196 E2938.15482
G1 X107.258 Y69.788 E2938.21289
G1 X107.386 Y69.531 E2938.25109
G1 X107.569 Y69.236 E2938.29727
G1 F1560.9 X107.875 Y68.934 E2938.35224
G1 F1659.3 X108.316 Y68.596 E2938.41907
G1 F1716.2 X108.864 Y68.304 E2938.49127
G1 F1696.8 X109.205 Y68.158 E2938.53489
G1 F1612.9 X109.523 Y68.06 E2938.57606
G1 F1516.7 X109.951 Y67.956 E2938.63402
G1 F1460.6 X110.224 Y67.996 E2938.67172
G1 F1536.9 X110.699 Y68.13 E2938.7358
G1 F1376.1 X111.151 Y68.073 E2938.80187
G1 F1083 X111.469 Y68.083 E2938.86049
G1 F934.6 X111.698 Y68.118 E2938.90996
G1 X111.559 Y67.927 E2938.9604
G1 F1083 X111.345 Y67.656 E2939.02402
G1 F1376.1 X111.031 Y67.282 E2939.09484
G1 F1491.1 X110.273 Y66.943 E2939.20597
G1 F1374.9 X110 Y66.785 E2939.25176
G1 X109.728 Y66.942 E2939.29734
G1 F1466.3 X109.182 Y67.18 E2939.37841
G1 F1612.9 X108.881 Y67.324 E2939.41969
G1 F1696.8 X108.452 Y67.546 E2939.4765
G1 F1736.1 X107.71 Y67.976 E2939.57508
G1 F1609.4 X106.887 Y68.531 E2939.69816
G1 F1500 X75.95 Y86.391 E2944.45066
G1 F1485.1 X75.633 Y86.586 E2944.50067
G1 F1347.7 X75.457 Y86.795 E2944.54113
G1 F1153.8 X75.28 Y87.005 E2944.58863
G1 F964.6 X74.973 Y87.368 E2944.68698
G1 X75.447 Y87.38 E2944.78508
G1 F1242.8 X75.898 Y87.484 E2944.8594
G1 F1485.1 X76.271 Y87.474 E2944.90954
G1 F1500 X76.615 Y87.495 E2944.95539
G1 X76.907 Y87.547 E2944.99485
G1 X77.192 Y87.627 E2945.03423
G1 X77.58 Y87.779 E2945.08967
G1 X78.037 Y88.062 E2945.16118
G1 X78.365 Y88.358 E2945.21996
G1 X78.588 Y88.61 E2945.26473
G1 X78.936 Y89.106 E2945.34534
G1 X79.062 Y89.402 E2945.38814
G1 X79.228 Y90.132 E2945.48774
G1 X79.231 Y90.754 E2945.57049
G1 X79.099 Y91.414 E2945.66003
G1 X78.738 Y92.147 E2945.76874
G1 X78.277 Y92.7 E2945.86452
G1 X78.072 Y92.864 E2945.89945
G1 X77.534 Y93.186 E2945.98286
G1 X76.886 Y93.404 E2946.07382
G1 X76.621 Y93.438 E2946.10937
G1 X76.218 Y93.462 E2946.16308
G1 X75.864 Y93.441 E2946.21026
G1 X75.573 Y93.389 E2946.24959
G1 X75.289 Y93.309 E2946.28884
G1 X75.013 Y93.202 E2946.32822
G1 X74.75 Y93.068 E2946.36749
G1 X74.494 Y92.904 E2946.40794
G1 X74.253 Y92.711 E2946.44902
G1 X74.041 Y92.503 E2946.48853
G1 X73.869 Y92.302 E2946.52372
G1 X73.722 Y92.094 E2946.55761
G1 F1513.6 X73.568 Y91.801 E2946.60125
G1 F1557.6 X73.443 Y91.449 E2946.64911
G1 F1628.7 X73.37 Y91.119 E2946.69052
G1 F1689.2 X73.312 Y90.652 E2946.74611
G1 F1722.2 X73.325 Y90.186 E2946.80014
G1 F1702.6 X73.359 Y89.856 E2946.83902
G1 F1625.1 X73.435 Y89.489 E2946.88504
G1 F1522.8 X73.567 Y89.02 E2946.94889
G1 F1483.7 X73.816 Y88.712 E2947.00216
G1 F1427.2 X74.035 Y88.498 E2947.04498
G1 F1255.2 X74.164 Y88.225 E2947.09298
G1 F1082.3 X74.294 Y87.951 E2947.1489
G1 F948.8 X74.541 Y87.597 E2947.23969
G1 F960.3 X74.225 Y87.643 E2947.30605
G1 F1098.9 X74.002 Y87.677 E2947.34702
G1 F1363.6 X73.493 Y87.766 E2947.42264
G1 F1564.1 X73.141 Y88.014 E2947.47758
G1 F1432.7 X72.849 Y88.235 E2947.52859
G1 F1372.4 X72.575 Y88.394 E2947.57465
G1 X72.575 Y88.709 E2947.62046
G1 F1469.1 X72.503 Y89.362 E2947.70969
G1 F1653.8 X72.46 Y90.169 E2947.80721
G1 F1742.2 X72.457 Y90.544 E2947.85017
G1 F1706.5 X72.477 Y91.208 E2947.92785
G1 F1594 X72.519 Y92.011 E2948.02852
G1 F1513.6 X72.528 Y92.475 E2948.08971
G1 F1500 X72.529 Y128.129 E2952.83313
G1 F1619.9 X72.454 Y129.232 E2952.96933
G1 F1746.2 X72.46 Y129.97 E2953.05367
G1 F1618.1 X72.522 Y130.86 E2953.1637
G1 F1447.9 X72.57 Y131.292 E2953.22361
G1 F1382.5 X72.57 Y131.605 E2953.26879
G1 X72.842 Y131.762 E2953.31413
G1 F1466.3 X73.291 Y132.092 E2953.38997
G1 F1642.9 X73.968 Y132.54 E2953.48857
G1 F1756.4 X74.499 Y132.859 E2953.55895
G1 F1760.6 X74.78 Y133.014 E2953.59533
G1 F1644.7 X75.448 Y133.336 E2953.6853
G1 F1527.5 X76.001 Y133.637 E2953.76756
G1 F1500 X106.548 Y151.273 E2958.46023
G1 F1412.4 X107.092 Y151.516 E2958.54441
G1 F1184.8 X107.497 Y151.585 E2958.61361
G1 F956 X107.955 Y151.666 E2958.71069
G1 X107.747 Y151.275 E2958.80314
G1 F1184.8 X107.591 Y150.895 E2958.87233
G1 F1412.4 X107.236 Y150.167 E2958.98676
G1 F1500 X107.125 Y149.85 E2959.03145
G1 X107.041 Y149.482 E2959.08167
G1 X107.004 Y149.148 E2959.12637
G1 X107.004 Y148.732 E2959.18172
G1 X107.031 Y148.443 E2959.22034
G1 X107.103 Y148.196 E2959.25456
G1 X107.258 Y147.788 E2959.31263
G1 X107.386 Y147.532 E2959.35071
G1 X107.569 Y147.236 E2959.39701
G1 X107.748 Y146.993 E2959.43716
G1 X108.219 Y146.583 E2959.52024
G1 X108.437 Y146.446 E2959.55449
G1 X108.992 Y146.161 E2959.6375
G1 X109.687 Y146.002 E2959.73235
G1 X110.365 Y146.014 E2959.82256
G1 X111.031 Y146.165 E2959.91342
G1 X111.411 Y146.346 E2959.96941
G1 X111.969 Y146.725 E2960.05916
G1 X112.453 Y147.243 E2960.15347
G1 X112.607 Y147.511 E2960.19459
G1 X112.763 Y147.839 E2960.24292
G1 X112.871 Y148.15 E2960.28672
G1 X112.955 Y148.518 E2960.33693
G1 X112.992 Y148.852 E2960.38164
G1 X112.992 Y149.268 E2960.43699
G1 X112.893 Y149.804 E2960.5095
G1 X112.738 Y150.213 E2960.56769
G1 X112.606 Y150.476 E2960.60684
G1 F1506 X112.418 Y150.766 E2960.65264
G1 F1569 X112.12 Y151.062 E2960.70606
G1 F1677.9 X111.794 Y151.316 E2960.75521
G1 F1746.2 X111.358 Y151.59 E2960.81406
G1 F1742.2 X111.076 Y151.727 E2960.84997
G1 F1681.6 X110.725 Y151.858 E2960.89443
G1 F1583.9 X110.422 Y151.953 E2960.93444
G1 F1449.3 X109.971 Y152.046 E2960.99785
G1 F1462 X109.565 Y151.951 E2961.05476
G1 F1590.7 X109.316 Y151.875 E2961.08743
G1 F1363.6 X108.842 Y151.935 E2961.15735
G1 F1070.7 X108.522 Y151.923 E2961.21703
G1 F930.5 X108.317 Y151.893 E2961.26147
G1 X108.441 Y152.064 E2961.30677
G1 F1070.7 X108.655 Y152.334 E2961.37098
G1 F1363.6 X108.985 Y152.725 E2961.44586
G1 F1590.7 X109.219 Y152.837 E2961.47841
G1 F1462 X109.728 Y153.059 E2961.5542
G1 F1378.7 X110 Y153.217 E2961.59974
G1 F1500 E2955.09974
G0 F9000 X110 Y152.591
G0 X113.171 Y150.904
G0 X144.19 Y132.956
G0 X140.483 Y130.589
G0 X142.003 Y126.536
G0 X146.463 Y127.318
G0 X147 Y128.24
G0 X147.061 Y91.412
G0 X144.892 Y92.832
G0 X142.732 Y93.745
G0 X142.716 Y93.323
G1 F1500 E2961.59974
G1 X142.448 Y93.206 E2961.63864
G1 X141.933 Y92.863 E2961.72096
G1 X141.731 Y92.698 E2961.75566
G1 X141.271 Y92.192 E2961.84664
G1 X140.944 Y91.53 E2961.94487
G1 X140.784 Y90.839 E2962.03924
G1 X140.782 Y90.142 E2962.13197
G1 X140.822 Y89.842 E2962.17223
G1 X141.034 Y89.288 E2962.25115
G1 X141.161 Y89.032 E2962.28917
G1 X141.422 Y88.614 E2962.35473
G1 X141.625 Y88.405 E2962.39349
G1 X141.905 Y88.157 E2962.44325
G1 X142.213 Y87.946 E2962.49292
G1 X142.608 Y87.742 E2962.55207
G1 X142.97 Y87.611 E2962.60329
G1 X143.294 Y87.54 E2962.64741
G1 X143.656 Y87.504 E2962.69581
G1 X143.996 Y87.512 E2962.74106
G1 F1536.9 X144.285 Y87.572 E2962.77938
G1 F1614.6 X144.783 Y87.722 E2962.84367
G1 F1714.3 X145.079 Y87.872 E2962.88229
G1 F1756.4 X145.567 Y88.185 E2962.94816
G1 F1698.8 X145.827 Y88.383 E2962.98656
G1 F1609.4 X146.113 Y88.647 E2963.03482
G1 F1466.3 X146.4 Y88.951 E2963.09172
G1 F1447.9 X146.534 Y89.342 E2963.14869
G1 F1575.6 X146.606 Y89.659 E2963.18986
G1 F1677.9 X146.669 Y90.032 E2963.23485
G1 F1742.2 X146.693 Y90.352 E2963.27161
G1 F1758.5 X146.693 Y90.94 E2963.33834
G1 F1694.9 X146.629 Y91.288 E2963.38
G1 F1590.7 X146.5 Y91.707 E2963.435
G1 F1521.3 X146.381 Y91.976 E2963.47358
G1 F1500 X146.198 Y92.269 E2963.51954
G1 X145.923 Y92.592 E2963.57598
G1 X145.643 Y92.839 E2963.62565
G1 X145.433 Y92.995 E2963.66046
G1 X145.205 Y93.134 E2963.69598
G1 X144.871 Y93.287 E2963.74486
G1 X144.515 Y93.399 E2963.79451
G1 X144.199 Y93.462 E2963.83738
G1 X143.799 Y93.498 E2963.89081
G1 X143.476 Y93.501 E2963.93378
G1 X142.716 Y93.323 E2964.03763
G0 F9000 X142.982 Y92.363
;TYPE:WALL-OUTER
G1 F1500 X142.449 Y92 E2964.12343
G1 X142.104 Y91.626 E2964.19112
G1 X141.889 Y91.184 E2964.25651
G1 X141.785 Y90.724 E2964.31925
G1 X141.779 Y90.138 E2964.39722
G1 X141.985 Y89.601 E2964.47374
G1 X142.235 Y89.208 E2964.53571
G1 X142.611 Y88.866 E2964.60333
G1 X143.125 Y88.601 E2964.68026
G1 X143.572 Y88.503 E2964.74115
G1 X144.024 Y88.513 E2964.80129
G1 X144.578 Y88.643 E2964.877
G1 X145.091 Y88.988 E2964.95925
G1 X145.445 Y89.369 E2965.02844
G1 X145.66 Y89.819 E2965.09479
G1 X145.769 Y90.296 E2965.15989
G1 X145.761 Y90.883 E2965.23799
G1 X145.561 Y91.401 E2965.31186
G1 X145.315 Y91.795 E2965.37366
G1 X144.946 Y92.121 E2965.43916
G1 X144.628 Y92.315 E2965.48872
G1 X144.161 Y92.462 E2965.55386
G1 X143.625 Y92.503 E2965.62538
G1 X142.982 Y92.363 E2965.71293
G1 F1500 E2959.21293
G0 F9000 X142.67 Y93.731
G0 X140.463 Y91.664
G0 X129.123 Y95.546
G0 X125.856 Y96.009
G1 F1500 E2965.71293
G1 F1486.6 X125.164 Y95.859 E2965.80798
G1 F1432.7 X124.689 Y95.561 E2965.88608
G1 F1412.4 X124.315 Y95.169 E2965.96263
G1 F1449.3 X124.128 Y94.738 E2966.02732
G1 F1483.7 X124.004 Y94.209 E2966.10041
G1 F1500 X124.004 Y93.64 E2966.17611
G1 X124.209 Y93.101 E2966.25283
G1 X124.46 Y92.698 E2966.31599
G1 X124.854 Y92.358 E2966.38523
G1 X125.352 Y92.099 E2966.45991
G1 X125.814 Y92.004 E2966.52266
G1 X126.25 Y92.015 E2966.58068
G1 X126.794 Y92.136 E2966.65482
G1 X127.319 Y92.492 E2966.73921
G1 X127.671 Y92.875 E2966.80842
G1 X127.886 Y93.335 E2966.87597
G1 X127.987 Y93.776 E2966.93616
G1 X127.993 Y94.358 E2967.0136
G1 X127.796 Y94.874 E2967.08708
G1 X127.542 Y95.282 E2967.15102
G1 X127.173 Y95.619 E2967.2175
G1 X126.87 Y95.803 E2967.26466
G1 X126.391 Y95.962 E2967.33181
G1 X125.856 Y96.009 E2967.40326
G1 F1500 E2960.90326
G0 F9000 X127.189 Y97.177
G0 X124.984 Y96.366
G0 X124.325 Y95.918
G0 X121.388 Y92.38
G0 X111.564 Y74.133
G0 X109.868 Y73.009
G1 F1500 E2967.40326
G1 X109.192 Y72.858 E2967.49541
G1 X108.68 Y72.506 E2967.57807
G1 X108.333 Y72.126 E2967.64654
G1 X108.113 Y71.685 E2967.7121
G1 X108.004 Y71.207 E2967.77733
G1 X108.004 Y70.64 E2967.85276
G1 X108.209 Y70.101 E2967.92948
G1 X108.459 Y69.7 E2967.99235
G1 X108.835 Y69.366 E2968.05926
G1 X109.35 Y69.1 E2968.13638
G1 X109.791 Y69.003 E2968.19645
G1 X110.254 Y69.013 E2968.25806
G1 X110.801 Y69.143 E2968.33286
G1 X111.319 Y69.488 E2968.41566
G1 X111.672 Y69.874 E2968.48525
G1 X111.884 Y70.319 E2968.55083
G1 X111.992 Y70.793 E2968.61551
G1 X111.992 Y71.34 E2968.68828
G1 X111.787 Y71.901 E2968.76774
G1 X111.53 Y72.297 E2968.83055
G1 X111.172 Y72.62 E2968.8947
G1 X110.874 Y72.801 E2968.94108
G1 X110.387 Y72.962 E2969.00932
G1 X109.868 Y73.009 E2969.07866
G1 F1500 E2962.57866
G0 F9000 X111.244 Y74.159
G0 X108.319 Y74.077
G0 X100.471 Y91.302
G0 X94.935 Y95.841
G1 F1500 E2969.07866
G1 F1382.5 X94.445 Y95.965 E2969.15162
G1 F1469.1 X94.318 Y95.968 E2969.16887
G1 F1500 X93.855 Y96.01 E2969.23072
G1 X93.211 Y95.866 E2969.31852
G1 X92.686 Y95.511 E2969.40283
G1 X92.324 Y95.12 E2969.47372
G1 X92.112 Y94.672 E2969.53966
G1 X92.009 Y94.225 E2969.60069
G1 X92.006 Y93.637 E2969.67892
G1 X92.198 Y93.13 E2969.75104
G1 X92.45 Y92.712 E2969.81598
G1 X92.839 Y92.363 E2969.88551
G1 X93.37 Y92.098 E2969.96446
G1 X93.795 Y92.006 E2970.02231
G1 X94.251 Y92.015 E2970.08299
G1 X94.788 Y92.138 E2970.15628
G1 X95.322 Y92.489 E2970.2413
G1 X95.671 Y92.882 E2970.31123
G1 X95.875 Y93.303 E2970.37346
G1 X95.992 Y93.79 E2970.4401
G1 F1486.6 X95.992 Y94.356 E2970.51608
G1 F1457.7 X95.775 Y94.953 E2970.60304
G1 F1423.1 X95.581 Y95.287 E2970.6572
G1 F1386.3 X95.159 Y95.682 E2970.74041
G1 F1350.1 X94.935 Y95.841 E2970.78101
G1 F1500 E2964.28101
G0 F9000 X95.205 Y96.301
G0 X94.5 Y96.497
G0 X93.822 Y96.555
G0 X92.984 Y96.366
G0 X92.325 Y95.918
G0 X92.069 Y95.642
G0 X90.531 Y93.551
G0 X79.494 Y91.743
G0 X77.097 Y92.283
G1 F1500 E2970.78101
G1 X76.63 Y92.431 E2970.84618
G1 X76.102 Y92.468 E2970.9166
G1 X75.701 Y92.397 E2970.97078
G1 X75.33 Y92.252 E2971.02377
G1 X74.991 Y92.035 E2971.07732
G1 X74.741 Y91.789 E2971.12399
G1 X74.504 Y91.472 E2971.17664
G1 X74.315 Y91.02 E2971.24182
G1 X74.243 Y90.582 E2971.30088
G1 X74.258 Y90.168 E2971.35599
G1 X74.393 Y89.681 E2971.42323
G1 X74.701 Y89.186 E2971.50079
G1 X74.987 Y88.912 E2971.55348
G1 X75.337 Y88.677 E2971.60957
G1 X75.888 Y88.495 E2971.68677
G1 X76.383 Y88.469 E2971.75271
G1 X76.78 Y88.54 E2971.80637
G1 X77.299 Y88.743 E2971.88051
G1 X77.741 Y89.141 E2971.95964
G1 X78.089 Y89.649 E2972.04156
G1 X78.231 Y90.279 E2972.12748
G1 X78.229 Y90.681 E2972.18097
G1 X78.15 Y91.077 E2972.23469
G1 X77.913 Y91.564 E2972.30674
G1 X77.566 Y91.997 E2972.38057
G1 X77.097 Y92.283 E2972.45365
G1 F1500 E2965.95365
G0 F9000 X77.4 Y92.799
G0 X74.5 Y93.455
G0 X72.894 Y90.813
G0 X73.02 Y128.124
G0 X77.373 Y126.225
G0 X78.623 Y128.647
G0 X78.757 Y129.234
G0 X78.757 Y129.957
G0 X78.547 Y130.511
G0 X77.367 Y132.692
G0 X77.074 Y131.317
G1 F1500 E2972.45365
G1 X76.611 Y131.461 E2972.51816
G1 X76.078 Y131.51 E2972.58937
G1 X75.422 Y131.357 E2972.67898
G1 X74.904 Y131.007 E2972.76215
G1 X74.55 Y130.626 E2972.83134
G1 X74.34 Y130.179 E2972.89705
G1 X74.239 Y129.735 E2972.95763
G1 X74.231 Y129.143 E2973.0364
G1 X74.433 Y128.601 E2973.11335
G1 X74.683 Y128.2 E2973.17622
G1 X75.062 Y127.865 E2973.24351
G1 X75.574 Y127.601 E2973.32015
G1 X76.017 Y127.502 E2973.38054
G1 X76.476 Y127.516 E2973.44164
G1 X77.023 Y127.638 E2973.5162
G1 X77.547 Y127.996 E2973.60063
G1 X77.893 Y128.372 E2973.66861
G1 X78.097 Y128.799 E2973.73157
G1 X78.211 Y129.276 E2973.79681
G1 X78.217 Y129.862 E2973.87478
G1 X78.011 Y130.399 E2973.9513
G1 X77.766 Y130.787 E2974.01235
G1 X77.4 Y131.121 E2974.07827
G1 X77.074 Y131.317 E2974.12888
G1 F1500 E2967.62888
G0 F9000 X77.367 Y132.692
G0 X75.65 Y132.909
G0 X88.894 Y140.527
G0 X93.932 Y129.489
G0 X94.388 Y127.959
G1 F1500 E2974.12888
G1 X93.847 Y128.007 E2974.20113
G1 X93.2 Y127.864 E2974.28929
G1 X92.676 Y127.502 E2974.37402
G1 X92.321 Y127.118 E2974.44359
G1 X92.106 Y126.653 E2974.51175
G1 X92.009 Y126.224 E2974.57026
G1 X92.003 Y125.655 E2974.64597
G1 X92.2 Y125.125 E2974.72119
G1 X92.461 Y124.698 E2974.78777
G1 X92.839 Y124.363 E2974.85497
G1 X93.348 Y124.101 E2974.93113
G1 X93.792 Y124.002 E2974.99165
G1 X94.24 Y124.014 E2975.05128
G1 F1485.1 X94.833 Y124.14 E2975.13274
G1 F1428.6 X95.322 Y124.443 E2975.2131
G1 F1387.6 X95.682 Y124.828 E2975.2889
G1 F1420.5 X95.874 Y125.262 E2975.35558
G1 F1477.8 X95.992 Y125.794 E2975.42916
G1 F1500 X95.992 Y126.364 E2975.50499
G1 X95.786 Y126.901 E2975.58151
G1 X95.538 Y127.296 E2975.64356
G1 X95.168 Y127.623 E2975.70926
G1 X94.843 Y127.816 E2975.75954
G1 X94.388 Y127.959 E2975.823
G1 F1500 E2969.323
G0 F9000 X95.523 Y129.049
G0 X97.382 Y126.755
G0 X101.895 Y129.28
G0 X109.528 Y130.094
G0 X109.528 Y129.493
G1 F1500 E2975.823
G1 X108.531 Y129.442 E2975.95581
G1 X107.57 Y129.347 E2976.08429
G1 X106.592 Y129.201 E2976.21584
G1 X105.661 Y129.009 E2976.34231
G1 X104.703 Y128.766 E2976.4738
G1 X103.765 Y128.475 E2976.60446
G1 X102.87 Y128.149 E2976.73118
G1 X101.971 Y127.771 E2976.86093
G1 X101.079 Y127.343 E2976.99255
G1 X100.252 Y126.888 E2977.11813
G1 X99.401 Y126.369 E2977.25074
G1 X98.599 Y125.82 E2977.38005
G1 X97.866 Y125.268 E2977.50213
G1 F1440.9 X96.479 Y124.103 E2977.75299
G1 F1388.9 X95.978 Y123.6 E2977.85499
G1 F1413.8 X95.698 Y123.289 E2977.91407
G1 F1463.4 X95.406 Y122.93 E2977.97717
G1 F1495.5 X95.053 Y122.524 E2978.04896
G1 F1500 X94.437 Y121.752 E2978.18036
G1 X93.901 Y121.004 E2978.30278
G1 X93.346 Y120.146 E2978.43873
G1 X92.863 Y119.305 E2978.56776
G1 X92.427 Y118.457 E2978.69462
G1 X92.027 Y117.561 E2978.82516
G1 X91.665 Y116.647 E2978.95595
G1 X91.366 Y115.747 E2979.08212
G1 X91.101 Y114.798 E2979.2132
G1 X90.879 Y113.841 E2979.34391
G1 X90.716 Y112.893 E2979.47188
G1 X90.593 Y111.942 E2979.59945
G1 X90.52 Y110.955 E2979.73112
G1 X90.5 Y110.011 E2979.85674
G1 X90.521 Y109.012 E2979.98968
G1 X90.599 Y108.021 E2980.12193
G1 X90.715 Y107.105 E2980.24477
G1 X90.885 Y106.126 E2980.37696
G1 X91.106 Y105.178 E2980.50647
G1 X91.374 Y104.216 E2980.63933
G1 X91.675 Y103.323 E2980.7647
G1 X92.035 Y102.415 E2980.89465
G1 X92.443 Y101.507 E2981.02708
G1 X92.874 Y100.67 E2981.15234
G1 X93.359 Y99.828 E2981.28161
G1 X93.891 Y99.004 E2981.4121
G1 X94.437 Y98.244 E2981.5366
G1 X95.069 Y97.453 E2981.6713
G1 F1408.5 X95.648 Y96.698 E2981.80611
G1 F1355 X95.895 Y96.476 E2981.85502
G1 F1392.8 X96.373 Y95.999 E2981.95178
G1 F1449.3 X97.865 Y94.733 E2982.22121
G1 F1500 X98.597 Y94.177 E2982.34351
G1 X99.422 Y93.617 E2982.47616
G1 X100.271 Y93.097 E2982.60862
G1 X101.105 Y92.64 E2982.73514
G1 X101.992 Y92.219 E2982.86576
G1 X102.893 Y91.837 E2982.99596
G1 X103.787 Y91.514 E2983.12242
G1 X104.729 Y91.223 E2983.25359
G1 X105.685 Y90.981 E2983.38479
G1 X106.604 Y90.797 E2983.50948
G1 X107.581 Y90.647 E2983.64098
G1 X108.554 Y90.552 E2983.77105
G1 X109.528 Y90.503 E2983.90079
G1 X110.498 Y90.504 E2984.02984
G1 X111.465 Y90.554 E2984.15867
G1 X112.428 Y90.649 E2984.28741
G1 X113.415 Y90.801 E2984.42026
G1 X114.34 Y90.987 E2984.54579
G1 X115.293 Y91.23 E2984.67663
G1 X116.23 Y91.521 E2984.80717
G1 X117.132 Y91.847 E2984.93477
G1 X118.056 Y92.241 E2985.0684
G1 X118.917 Y92.653 E2985.19539
G1 X119.746 Y93.109 E2985.32127
G1 X120.593 Y93.63 E2985.45356
G1 X121.399 Y94.177 E2985.58316
G1 X122.131 Y94.733 E2985.70545
G1 F1495.5 X122.923 Y95.391 E2985.84285
G1 F1440.9 X123.585 Y95.959 E2985.96365
G1 F1394.1 X124.012 Y96.391 E2986.05061
G1 F1415.1 X124.298 Y96.707 E2986.11071
G1 F1466.3 X124.594 Y97.071 E2986.17457
G1 F1497 X124.943 Y97.472 E2986.24543
G1 F1500 X125.558 Y98.244 E2986.37675
G1 X126.105 Y99.004 E2986.50132
G1 X126.65 Y99.85 E2986.63521
G1 X127.133 Y100.691 E2986.76423
G1 X127.564 Y101.529 E2986.8896
G1 X127.974 Y102.437 E2987.02215
G1 X128.33 Y103.348 E2987.15227
G1 X128.63 Y104.24 E2987.27748
G1 X128.9 Y105.2 E2987.41015
G1 X129.117 Y106.152 E2987.54006
G1 X129.285 Y107.105 E2987.6688
G1 X129.401 Y108.021 E2987.79164
G1 X129.476 Y109.041 E2987.9277
G1 X129.496 Y110.011 E2988.05678
G1 X129.475 Y110.982 E2988.18599
G1 X129.401 Y111.967 E2988.31741
G1 X129.281 Y112.915 E2988.44454
G1 X129.112 Y113.868 E2988.5733
G1 X128.894 Y114.819 E2988.70311
G1 X128.626 Y115.773 E2988.83494
G1 X128.322 Y116.671 E2988.96107
G1 X127.972 Y117.565 E2989.0888
G1 X127.557 Y118.481 E2989.22259
G1 X127.122 Y119.326 E2989.34903
G1 X126.65 Y120.146 E2989.4749
G1 X126.095 Y121.004 E2989.61085
G1 X125.559 Y121.752 E2989.73328
G1 X124.928 Y122.543 E2989.86789
G1 X124.671 Y122.833 E2989.91945
G1 F1467.7 X124.298 Y123.29 E2989.99965
G1 F1412.4 X124.023 Y123.595 E2990.05768
G1 F1396.6 X123.624 Y123.996 E2990.13851
G1 F1450.7 X122.902 Y124.619 E2990.26969
G1 F1500 X122.13 Y125.268 E2990.40387
G1 X121.379 Y125.833 E2990.5289
G1 X120.572 Y126.384 E2990.6589
G1 X119.725 Y126.899 E2990.79078
G1 X118.917 Y127.343 E2990.91344
G1 X118.017 Y127.777 E2991.04637
G1 X117.106 Y128.159 E2991.1778
G1 X116.209 Y128.482 E2991.30463
G1 X115.268 Y128.773 E2991.43568
G1 X114.317 Y129.014 E2991.5662
G1 X113.39 Y129.203 E2991.69206
G1 X112.401 Y129.35 E2991.82508
G1 X111.442 Y129.444 E2991.95328
G1 X110.472 Y129.492 E2992.08249
G1 X109.528 Y129.493 E2992.20808
G1 F1500 E2985.70808
G0 F9000 X109.528 Y130.094
G0 X117.601 Y129.533
G0 X122.612 Y126.754
G0 X125.4 Y129.344
G0 X125.842 Y128.007
G1 F1500 E2992.20808
G1 X125.207 Y127.863 E2992.29471
G1 X124.666 Y127.493 E2992.3819
G1 X124.336 Y127.136 E2992.44658
G1 X124.112 Y126.672 E2992.51513
G1 X124.004 Y126.208 E2992.57851
G1 F1486.6 X124.004 Y125.644 E2992.65422
G1 F1460.6 X124.22 Y125.051 E2992.74045
G1 F1424.5 X124.416 Y124.707 E2992.79592
G1 F1416.4 X124.788 Y124.355 E2992.86807
G1 F1449.3 X125.286 Y124.122 E2992.94378
G1 F1485.1 X125.791 Y124.002 E2993.01353
G1 F1500 X126.253 Y124.013 E2993.07501
G1 X126.788 Y124.135 E2993.14801
G1 X127.31 Y124.485 E2993.23163
G1 X127.674 Y124.879 E2993.30299
G1 X127.873 Y125.298 E2993.3647
G1 X127.993 Y125.8 E2993.43337
G1 X127.992 Y126.364 E2993.5084
G1 X127.782 Y126.91 E2993.58623
G1 X127.518 Y127.31 E2993.64999
G1 X127.194 Y127.6 E2993.70784
G1 X126.852 Y127.812 E2993.76138
G1 X126.386 Y127.959 E2993.82638
G1 X125.842 Y128.007 E2993.89904
G1 F1500 E2987.39904
G0 F9000 X125.4 Y129.344
G0 X129.131 Y127.531
G0 X140.288 Y129.895
G0 X143.071 Y131.385
G1 F1500 E2993.89904
G1 X142.898 Y131.31 E2993.92412
G1 X142.449 Y131.005 E2993.99634
G1 X142.103 Y130.617 E2994.0655
G1 X141.89 Y130.178 E2994.13042
G1 X141.781 Y129.692 E2994.19668
G1 X141.78 Y129.135 E2994.27079
G1 X141.991 Y128.594 E2994.34804
G1 X142.233 Y128.204 E2994.4091
G1 X142.621 Y127.864 E2994.47774
G1 X143.133 Y127.599 E2994.55444
G1 X143.567 Y127.506 E2994.61349
G1 X144.023 Y127.513 E2994.67416
G1 X144.589 Y127.648 E2994.75158
G1 X145.092 Y127.989 E2994.83242
G1 X145.446 Y128.37 E2994.90161
G1 X145.66 Y128.819 E2994.96779
G1 X145.769 Y129.296 E2995.03288
G1 X145.761 Y129.883 E2995.11099
G1 X145.561 Y130.401 E2995.18486
G1 X145.315 Y130.794 E2995.24654
G1 X144.97 Y131.1 E2995.30789
G1 X144.643 Y131.304 E2995.35917
G1 X144.166 Y131.461 E2995.42598
G1 X143.632 Y131.509 E2995.49731
G1 X143.071 Y131.385 E2995.57375
G1 F1500 E2989.07375
G0 F9000 X142.77 Y132.753
G0 X144.19 Y132.956
G0 X112.779 Y151.105
G0 X109.986 Y152.606
G0 X109.851 Y151.01
G1 F1500 E2995.57375
G1 X109.194 Y150.857 E2995.66349
G1 X108.676 Y150.507 E2995.74666
G1 X108.325 Y150.123 E2995.81588
G1 X108.112 Y149.682 E2995.88103
G1 X108.004 Y149.207 E2995.94584
G1 X108.004 Y148.66 E2996.01862
G1 X108.207 Y148.104 E2996.09736
G1 X108.465 Y147.7 E2996.16114
G1 X108.851 Y147.36 E2996.22957
G1 X109.346 Y147.103 E2996.30377
G1 X109.814 Y147.004 E2996.36741
G1 X110.229 Y147.013 E2996.42264
G1 X110.793 Y147.139 E2996.49952
G1 X111.33 Y147.502 E2996.58576
G1 X111.664 Y147.871 E2996.65197
G1 X111.883 Y148.316 E2996.71796
G1 X111.992 Y148.792 E2996.78292
G1 X111.992 Y149.36 E2996.85849
G1 X111.786 Y149.901 E2996.93551
G1 X111.536 Y150.297 E2996.99781
G1 X111.194 Y150.6 E2997.0586
G1 X110.852 Y150.816 E2997.11241
G1 X110.388 Y150.961 E2997.17709
G1 X109.851 Y151.01 E2997.24883
G1 F1500 E2990.74883
G0 F9000 X109.986 Y152.606
G0 X110 Y154.422
G1 F1500 E2997.24883
G1 X148.468 Y132.207 E3003.15872
G1 X148.468 Y87.789 E3009.06812
G1 X110 Y65.578 E3014.97775
G1 X71.529 Y87.789 E3020.88772
G1 X71.528 Y132.207 E3026.79712
G1 X110 Y154.422 E3032.70747
G1 F1500 E3026.20747
G0 F9000 X110 Y152.591
G0 X111.958 Y150.648
G0 X112.273 Y150.141
G0 X112.532 Y149.457
G0 X112.532 Y148.734
G0 X112.398 Y148.147
G0 X112.127 Y147.569
G0 X111.674 Y147.081
G0 X111.016 Y146.636
G0 X110.259 Y146.472
G0 X110.3 Y145.514
G0 X110.328 Y130.972
G0 X110.506 Y131.392
;TYPE:SKIN
G1 F1500 E3032.70747
G1 X111.539 Y131.34 E3032.84508
G1 X112.585 Y131.238 E3032.9849
G1 X113.673 Y131.083 E3033.13111
G1 X114.747 Y130.867 E3033.27686
G1 X115.732 Y130.617 E3033.41206
G1 X116.759 Y130.303 E3033.55493
G1 X117.75 Y129.947 E3033.69502
G1 X118.799 Y129.505 E3033.84647
G1 X119.708 Y129.072 E3033.98042
G1 X120.706 Y128.522 E3034.13202
G1 X121.654 Y127.943 E3034.27981
G1 X122.38 Y127.447 E3034.39678
G1 X122.661 Y128.061 E3034.48662
G1 X122.94 Y128.422 E3034.54732
G1 X123.374 Y128.886 E3034.63184
G1 X123.614 Y129.082 E3034.67307
G1 X124.25 Y129.511 E3034.77513
G1 X124.719 Y129.698 E3034.84231
G1 X125.486 Y129.872 E3034.94694
G1 X125.922 Y129.91 E3035.00517
G1 X126.644 Y129.842 E3035.10165
G1 X126.99 Y129.762 E3035.14889
G1 X127.498 Y129.595 E3035.22004
G1 X127.843 Y129.433 E3035.27074
G1 X128.33 Y129.12 E3035.34776
G1 X128.846 Y128.677 E3035.43824
G1 X129.126 Y128.335 E3035.49704
G1 X129.495 Y127.73 E3035.59132
G1 X129.836 Y126.837 E3035.7185
G1 X129.886 Y126.38 E3035.77966
G1 X129.88 Y125.552 E3035.88982
G1 X129.694 Y124.723 E3036.00285
G1 X129.356 Y124 E3036.10903
G1 X129.134 Y123.663 E3036.16272
G1 X128.684 Y123.164 E3036.25211
G1 X128.327 Y122.876 E3036.31314
G1 X127.755 Y122.498 E3036.40435
G1 X127.446 Y122.379 E3036.44841
G1 X127.648 Y122.097 E3036.49456
G1 X128.228 Y121.205 E3036.63611
G1 X128.801 Y120.215 E3036.78829
G1 X129.269 Y119.305 E3036.92443
G1 X129.728 Y118.286 E3037.07311
G1 X130.106 Y117.327 E3037.21025
G1 X130.443 Y116.319 E3037.35166
G1 X130.722 Y115.332 E3037.48811
G1 X130.988 Y114.172 E3037.64644
G1 X131.149 Y113.246 E3037.77149
G1 X131.287 Y112.171 E3037.91568
G1 X131.367 Y111.135 E3038.05392
G1 X131.396 Y110.05 E3038.19832
G1 X131.375 Y108.974 E3038.3415
G1 X131.295 Y107.902 E3038.48452
G1 X131.173 Y106.887 E3038.62052
G1 X130.981 Y105.796 E3038.7679
G1 X130.746 Y104.752 E3038.91027
G1 X130.442 Y103.668 E3039.06005
G1 X130.09 Y102.631 E3039.20575
G1 X129.742 Y101.741 E3039.33288
G1 X129.309 Y100.771 E3039.4742
G1 X128.783 Y99.747 E3039.62736
G1 X128.288 Y98.884 E3039.75972
G1 X127.645 Y97.888 E3039.91744
G1 X127.447 Y97.614 E3039.96242
G1 X127.721 Y97.502 E3040.0018
G1 X128.125 Y97.262 E3040.06432
G1 X128.427 Y97.045 E3040.11379
G1 X128.751 Y96.756 E3040.17155
G1 X129.07 Y96.423 E3040.2329
G1 X129.51 Y95.705 E3040.34493
G1 X129.792 Y94.955 E3040.45154
G1 X129.888 Y94.492 E3040.51444
G1 X129.883 Y93.556 E3040.63897
G1 X129.673 Y92.676 E3040.75933
G1 X129.418 Y92.12 E3040.84071
G1 X129.215 Y91.762 E3040.89547
G1 X128.764 Y91.253 E3040.98594
G1 X128.486 Y90.978 E3041.03797
G1 X127.798 Y90.526 E3041.14748
G1 X127.271 Y90.295 E3041.22404
G1 X126.607 Y90.144 E3041.31463
G1 X126.27 Y90.113 E3041.35965
G1 X125.602 Y90.106 E3041.44853
G1 X124.849 Y90.264 E3041.55089
G1 X124.518 Y90.391 E3041.59806
G1 X123.852 Y90.734 E3041.69772
G1 X123.551 Y90.963 E3041.74804
G1 X123.231 Y91.246 E3041.80487
G1 X122.87 Y91.664 E3041.87835
G1 X122.604 Y92.084 E3041.94449
G1 X122.384 Y92.546 E3042.01257
G1 X121.595 Y92.013 E3042.13925
G1 X120.722 Y91.478 E3042.27547
G1 X119.781 Y90.961 E3042.41831
G1 X118.862 Y90.517 E3042.55409
G1 X117.779 Y90.059 E3042.71053
G1 X116.813 Y89.713 E3042.84704
G1 X115.853 Y89.414 E3042.98081
G1 X114.789 Y89.139 E3043.12702
G1 X113.731 Y88.925 E3043.27063
G1 X112.669 Y88.761 E3043.41359
G1 X111.605 Y88.658 E3043.55581
G1 X110.541 Y88.604 E3043.69755
G1 X109.507 Y88.6 E3043.83511
G1 X108.459 Y88.652 E3043.97471
G1 X107.333 Y88.759 E3044.12519
G1 X106.266 Y88.925 E3044.26885
G1 X105.262 Y89.125 E3044.40505
G1 X104.163 Y89.407 E3044.55599
G1 X103.208 Y89.702 E3044.68897
G1 X102.224 Y90.055 E3044.82805
G1 X101.208 Y90.487 E3044.97493
G1 X100.298 Y90.915 E3045.10872
G1 X99.351 Y91.433 E3045.25233
G1 X98.424 Y91.996 E3045.39662
G1 X97.611 Y92.545 E3045.52713
G1 X97.402 Y92.093 E3045.59339
G1 X97.278 Y91.869 E3045.62745
G1 X97.046 Y91.563 E3045.67854
G1 X96.615 Y91.099 E3045.76279
G1 X96.351 Y90.892 E3045.80742
G1 X95.732 Y90.48 E3045.90635
G1 X95.355 Y90.328 E3045.96043
G1 X94.506 Y90.12 E3046.07672
G1 X93.701 Y90.099 E3046.18385
G1 X93.348 Y90.153 E3046.23136
G1 X92.696 Y90.31 E3046.32058
G1 X91.946 Y90.685 E3046.43214
G1 X91.578 Y90.936 E3046.49141
G1 X91.12 Y91.361 E3046.57453
G1 X90.819 Y91.737 E3046.63861
G1 X90.494 Y92.268 E3046.72143
G1 X90.206 Y93.026 E3046.82931
G1 X90.114 Y93.501 E3046.89368
G1 X90.104 Y94.193 E3046.98575
G1 X90.129 Y94.516 E3047.02886
G1 X90.263 Y95.123 E3047.11156
G1 X90.396 Y95.504 E3047.16524
G1 X90.619 Y95.958 E3047.23254
G1 X90.864 Y96.335 E3047.29235
G1 X91.335 Y96.862 E3047.38639
G1 X91.647 Y97.101 E3047.43868
G1 X92.219 Y97.497 E3047.53123
G1 X92.546 Y97.62 E3047.57771
G1 X92.309 Y97.948 E3047.63155
G1 X91.76 Y98.796 E3047.76595
G1 X91.19 Y99.78 E3047.91724
G1 X90.75 Y100.64 E3048.04576
G1 X90.284 Y101.669 E3048.19604
G1 X89.887 Y102.671 E3048.33943
G1 X89.537 Y103.722 E3048.4868
G1 X89.278 Y104.649 E3048.61485
G1 X89.033 Y105.685 E3048.75649
G1 X88.831 Y106.863 E3048.9155
G1 X88.712 Y107.775 E3049.03786
G1 X88.621 Y108.966 E3049.19677
G1 X88.6 Y110.051 E3049.34115
G1 X88.62 Y110.991 E3049.46623
G1 X88.699 Y112.119 E3049.61667
G1 X88.823 Y113.111 E3049.74967
G1 X89.007 Y114.177 E3049.89359
G1 X89.253 Y115.234 E3050.03797
G1 X89.537 Y116.276 E3050.18166
G1 X89.857 Y117.239 E3050.31666
G1 X90.254 Y118.251 E3050.46129
G1 X90.693 Y119.238 E3050.605
G1 X91.194 Y120.216 E3050.7512
G1 X91.694 Y121.086 E3050.8847
G1 X92.287 Y122.01 E3051.03076
G1 X92.546 Y122.373 E3051.09009
G1 X92.03 Y122.639 E3051.16732
G1 X91.571 Y122.952 E3051.24124
G1 X91.233 Y123.247 E3051.30092
G1 X90.907 Y123.588 E3051.36369
G1 X90.482 Y124.302 E3051.47423
G1 X90.204 Y125.037 E3051.57878
G1 X90.104 Y125.512 E3051.64336
G1 X90.108 Y126.446 E3051.76762
G1 X90.304 Y127.293 E3051.88328
G1 X90.57 Y127.864 E3051.96708
G1 X90.777 Y128.23 E3052.02303
G1 X91.231 Y128.746 E3052.11446
G1 X91.497 Y129.004 E3052.16376
G1 X92.313 Y129.552 E3052.29453
G1 X92.776 Y129.717 E3052.35993
G1 X93.5 Y129.877 E3052.45857
G1 X93.903 Y129.904 E3052.51231
G1 X94.505 Y129.859 E3052.59262
G1 X94.895 Y129.792 E3052.64527
G1 X95.666 Y129.54 E3052.75318
G1 X96.206 Y129.208 E3052.83752
G1 X96.448 Y129.023 E3052.87804
G1 X96.752 Y128.755 E3052.93196
G1 X97.118 Y128.341 E3053.00547
G1 X97.366 Y127.951 E3053.06696
G1 X97.622 Y127.451 E3053.14169
G1 X98.377 Y127.969 E3053.26351
G1 X99.263 Y128.511 E3053.40169
G1 X100.247 Y129.051 E3053.55102
G1 X101.192 Y129.504 E3053.69044
G1 X102.219 Y129.934 E3053.83856
G1 X103.181 Y130.283 E3053.97471
G1 X104.148 Y130.582 E3054.10937
G1 X105.277 Y130.869 E3054.26435
G1 X106.258 Y131.07 E3054.39758
G1 X107.282 Y131.223 E3054.53532
G1 X108.373 Y131.334 E3054.68122
G1 X109.406 Y131.388 E3054.81884
G1 X110.506 Y131.392 E3054.96518
G1 F1500 E3048.46518
G0 F9000 X110.507 Y130.892
G0 X109.426 Y130.971
G0 X108.759 Y145.717
G0 X106.251 Y150.063
G1 F1500 E3054.96518
G1 X77.17 Y133.271 E3059.4328
G1 X77.586 Y133.145 E3059.49063
G1 X78.105 Y132.91 E3059.56643
G1 X78.333 Y132.774 E3059.60175
G1 X78.696 Y132.507 E3059.6617
G1 X78.964 Y132.275 E3059.70885
G1 X79.212 Y132.016 E3059.75656
G1 X79.422 Y131.728 E3059.80398
G1 X79.621 Y131.402 E3059.85479
G1 X79.785 Y131.07 E3059.90406
G1 X79.956 Y130.626 E3059.96736
G1 X80.066 Y130.255 E3060.01884
G1 X80.111 Y129.933 E3060.0621
G1 X80.107 Y129.056 E3060.17877
G1 X79.908 Y128.205 E3060.29505
G1 X79.548 Y127.437 E3060.40789
G1 X79.351 Y127.151 E3060.45409
G1 X78.962 Y126.725 E3060.53084
G1 X78.724 Y126.498 E3060.5746
G1 X78.032 Y126.026 E3060.68604
G1 X77.645 Y125.842 E3060.74305
G1 X76.729 Y125.617 E3060.86854
G1 X76.073 Y125.606 E3060.95582
G1 X75.537 Y125.66 E3061.02749
G1 X75.161 Y125.749 E3061.0789
G1 X74.64 Y125.942 E3061.15282
G1 X74.192 Y126.175 E3061.22
G1 X73.746 Y126.487 E3061.29241
G1 X73.429 Y126.776 E3061.34948
G1 X73.428 Y93.168 E3065.82071
G1 X73.652 Y93.384 E3065.86211
G1 X73.964 Y93.632 E3065.91513
G1 X74.252 Y93.821 E3065.96096
G1 X74.646 Y94.023 E3066.01987
G1 X75.005 Y94.161 E3066.07103
G1 X75.365 Y94.265 E3066.12089
G1 X75.75 Y94.332 E3066.17288
G1 X76.222 Y94.36 E3066.23578
G1 X76.705 Y94.332 E3066.30015
G1 X77.091 Y94.281 E3066.35195
G1 X77.938 Y93.989 E3066.47114
G1 X78.487 Y93.667 E3066.55582
G1 X78.876 Y93.38 E3066.62013
G1 X79.379 Y92.781 E3066.72419
G1 X79.553 Y92.519 E3066.76604
G1 X79.857 Y91.909 E3066.85671
G1 X80.001 Y91.519 E3066.91202
G1 X80.125 Y90.846 E3067.00307
G1 X80.12 Y90.012 E3067.11402
G1 X79.928 Y89.167 E3067.22931
G1 X79.782 Y88.799 E3067.28198
G1 X79.602 Y88.487 E3067.3299
G1 X79.294 Y88.051 E3067.40092
G1 X78.959 Y87.679 E3067.46752
G1 X78.616 Y87.371 E3067.52885
G1 X77.939 Y86.95 E3067.63491
G1 X77.474 Y86.77 E3067.70125
G1 X77.217 Y86.697 E3067.7368
G1 X106.243 Y69.942 E3072.19562
G1 X106.104 Y70.688 E3072.29657
G1 X106.104 Y71.144 E3072.35724
G1 X106.154 Y71.635 E3072.4229
G1 X106.244 Y72.041 E3072.47823
G1 X106.399 Y72.499 E3072.54255
G1 X106.578 Y72.876 E3072.59808
G1 X106.75 Y73.177 E3072.6442
G1 X106.948 Y73.436 E3072.68757
G1 X107.233 Y73.745 E3072.7435
G1 X107.502 Y74.006 E3072.79336
G1 X108.088 Y74.403 E3072.88753
G1 X108.519 Y74.648 E3072.95349
G1 X109.569 Y74.89 E3073.09684
G1 X110.041 Y74.899 E3073.15965
G1 X110.701 Y74.837 E3073.24784
G1 X111.412 Y74.628 E3073.34644
G1 X111.777 Y74.472 E3073.39924
G1 X112.236 Y74.192 E3073.47078
G1 X112.735 Y73.771 E3073.55763
G1 X112.942 Y73.566 E3073.59639
G1 X113.162 Y73.278 E3073.64461
G1 X113.366 Y72.951 E3073.69588
G1 X113.559 Y72.574 E3073.75223
G1 X113.745 Y72.095 E3073.82059
G1 X113.849 Y71.732 E3073.87083
G1 X113.89 Y71.308 E3073.9275
G1 X113.892 Y70.852 E3073.98817
G1 X113.842 Y70.371 E3074.05251
G1 X113.745 Y69.935 E3074.11193
G1 X142.81 Y86.715 E3078.57691
G1 X142.192 Y86.942 E3078.6645
G1 X141.808 Y87.138 E3078.72186
G1 X141.345 Y87.451 E3078.79621
G1 X141.03 Y87.727 E3078.85193
G1 X140.791 Y87.973 E3078.89756
G1 X140.596 Y88.232 E3078.94069
G1 X140.394 Y88.557 E3078.9916
G1 X140.209 Y88.918 E3079.04557
G1 X140.028 Y89.392 E3079.11307
G1 X139.926 Y89.741 E3079.16144
G1 X139.88 Y90.089 E3079.20814
G1 X139.885 Y90.822 E3079.30566
G1 X139.925 Y91.111 E3079.34448
G1 X140.085 Y91.797 E3079.43819
G1 X140.413 Y92.504 E3079.54188
G1 X140.641 Y92.841 E3079.59602
G1 X141.12 Y93.359 E3079.68988
G1 X141.428 Y93.608 E3079.74257
G1 X142.014 Y93.995 E3079.836
G1 X142.497 Y94.203 E3079.90596
G1 X143.144 Y94.345 E3079.99409
G1 X143.435 Y94.391 E3080.03328
G1 X143.877 Y94.394 E3080.09209
G1 X144.334 Y94.347 E3080.15321
G1 X144.738 Y94.267 E3080.208
G1 X145.127 Y94.151 E3080.26201
G1 X145.778 Y93.857 E3080.35704
G1 X146.247 Y93.509 E3080.43474
G1 X146.567 Y93.216 E3080.49246
G1 X146.568 Y126.77 E3084.9565
G1 X146.151 Y126.412 E3085.02962
G1 X145.715 Y126.116 E3085.09973
G1 X145.292 Y125.885 E3085.16385
G1 X144.892 Y125.759 E3085.21964
G1 X144.492 Y125.671 E3085.27413
G1 X144.063 Y125.615 E3085.33169
G1 X143.641 Y125.604 E3085.38785
G1 X143.262 Y125.618 E3085.43831
G1 X142.447 Y125.82 E3085.55002
G1 X141.819 Y126.133 E3085.64337
G1 X141.459 Y126.352 E3085.69943
G1 X140.904 Y126.844 E3085.79811
G1 X140.677 Y127.111 E3085.84473
G1 X140.273 Y127.766 E3085.94711
G1 X139.937 Y128.652 E3086.07318
G1 X139.882 Y129.116 E3086.13534
G1 X139.888 Y129.944 E3086.2455
G1 X140.052 Y130.678 E3086.34556
G1 X140.189 Y131.031 E3086.39594
G1 X140.462 Y131.602 E3086.48014
G1 X140.724 Y131.931 E3086.53609
G1 X141.047 Y132.282 E3086.59956
G1 X141.387 Y132.578 E3086.65953
G1 X141.856 Y132.901 E3086.73529
G1 X142.577 Y133.212 E3086.83976
G1 X142.819 Y133.274 E3086.87299
G1 X113.752 Y150.057 E3091.3384
G1 X113.892 Y149.307 E3091.4399
G1 X113.889 Y148.792 E3091.50842
G1 X113.837 Y148.356 E3091.56684
G1 X113.748 Y147.955 E3091.62148
G1 X113.593 Y147.5 E3091.68543
G1 X113.401 Y147.088 E3091.74591
G1 X113.245 Y146.82 E3091.78716
G1 X113.038 Y146.554 E3091.832
G1 X112.546 Y146.033 E3091.92734
G1 X111.765 Y145.505 E3092.05276
G1 X111.331 Y145.313 E3092.1159
G1 X110.465 Y145.115 E3092.23409
G1 X109.567 Y145.107 E3092.35356
G1 X108.979 Y145.237 E3092.43368
G1 X108.608 Y145.339 E3092.48487
G1 X107.764 Y145.782 E3092.61168
G1 X107.089 Y146.366 E3092.73043
G1 X106.819 Y146.737 E3092.79147
G1 X106.618 Y147.061 E3092.8422
G1 X106.436 Y147.42 E3092.89575
G1 X106.246 Y147.909 E3092.96554
G1 X106.146 Y148.267 E3093.015
G1 X106.106 Y148.692 E3093.07179
G1 X106.104 Y149.144 E3093.13192
G1 X106.154 Y149.635 E3093.19758
G1 X106.251 Y150.063 E3093.25597
G1 F1500 E3086.75597
G0 F9000 X106.733 Y149.934
G0 X107.727 Y147.859
G0 X108.042 Y147.352
G0 X108.534 Y146.916
G0 X109.169 Y146.592
G0 X109.738 Y146.468
G0 X110.309 Y146.474
G0 X112.865 Y147.041
G0 X112.779 Y151.105
G0 X144.19 Y132.956
G0 X141.808 Y132.263
G0 X141.194 Y133.164
G1 F1500 E3093.25597
G1 X140.078 Y134.28 E3093.46594
G0 F9000 X140.579 Y135.146
G0 X144.19 Y132.956
G0 X141.245 Y131.763
G0 X140.508 Y132.435
G1 F1500 X136.731 Y136.212 E3094.17658
G0 F9000 X137.232 Y137.079
G0 X133.885 Y139.012
G0 X133.384 Y138.145
G1 F1500 X139.914 Y131.615 E3095.40518
G0 F9000 X140.712 Y130.967
G0 X140.498 Y130.379
G0 X139.52 Y130.595
G1 F1500 X130.038 Y140.077 E3097.1892
G0 F9000 X130.54 Y140.944
G0 X127.194 Y142.876
G0 X126.692 Y142.009
G1 F1500 X139.383 Y129.318 E3099.57698
G0 F9000 X140.382 Y129.213
G0 X140.684 Y128.083
G0 X139.948 Y127.339
G1 F1500 X123.345 Y143.941 E3102.7007
G0 F9000 X123.847 Y144.808
G0 X120.5 Y146.741
G0 X119.998 Y145.874
G1 F1500 X146.068 Y119.804 E3107.60571
G0 F9000 X147.068 Y119.804
G0 X147.068 Y118.39
G0 X146.068 Y118.39
G1 F1500 X116.651 Y147.807 E3113.14046
G0 F9000 X117.153 Y148.674
G0 X115.119 Y149.849
G0 X114.414 Y148.63
G1 F1500 X146.068 Y116.976 E3119.09608
G0 F9000 X147.068 Y116.976
G0 X147.068 Y115.562
G0 X146.068 Y115.562
G1 F1500 X114.123 Y147.507 E3125.10646
G0 F9000 X113.181 Y147.833
G0 X112.816 Y147.075
G0 X113.667 Y146.548
G1 F1500 X146.068 Y114.148 E3131.20254
G0 F9000 X147.068 Y114.148
G0 X147.068 Y112.733
G0 X146.068 Y112.733
G1 F1500 X113.011 Y145.791 E3137.42224
G0 F9000 X112.282 Y146.475
G0 X111.635 Y146.014
G0 X112.197 Y145.19
G1 F1500 X127.153 Y130.234 E3140.23618
G0 F9000 X126.862 Y129.28
G0 X125.653 Y129.391
G0 X125.585 Y130.388
G1 F1500 X111.201 Y144.772 E3142.94249
G0 F9000 X109.436 Y145.648
G0 X109.949 Y144.61
G1 F1500 X124.433 Y130.125 E3145.66772
G0 F9000 X124.811 Y129.201
G0 X124.083 Y128.797
G0 X123.519 Y129.625
G1 F1500 X108.103 Y145.041 E3148.5682
G0 F9000 X108.569 Y145.929
G0 X106.858 Y147.71
G0 X106.033 Y147.111
G1 F1500 X104.607 Y148.537 E3148.8365
G0 F9000 X104.105 Y149.402
G0 X103.209 Y148.884
G0 X103.711 Y148.019
G1 F1500 X122.762 Y128.968 E3152.42091
G0 F9000 X123.999 Y128.739
G0 X122.612 Y126.754
G0 X121.431 Y127.495
G0 X121.994 Y128.322
G1 F1500 X102.814 Y147.502 E3156.02958
G0 F9000 X102.312 Y148.366
G0 X101.415 Y147.848
G0 X101.917 Y146.984
G1 F1500 X118.892 Y130.01 E3159.22329
G0 F9000 X119.257 Y128.734
G0 X116.324 Y129.912
G0 X116.617 Y130.87
G1 F1500 X101.021 Y146.467 E3162.15774
G0 F9000 X100.519 Y147.331
G0 X99.622 Y146.813
G0 X100.124 Y145.949
G1 F1500 X114.684 Y131.389 E3164.89717
G0 F9000 X113.522 Y130.6
G0 X112.972 Y131.687
G1 F1500 X99.228 Y145.431 E3167.48307
G0 F9000 X98.726 Y146.296
G0 X97.83 Y145.778
G0 X98.331 Y144.914
G1 F1500 X111.398 Y131.847 E3169.9416
G0 F9000 X111.348 Y130.851
G0 X109.943 Y130.891
G0 X109.941 Y131.89
G1 F1500 X97.434 Y144.396 E3172.29467
G0 F9000 X96.933 Y145.26
G0 X96.037 Y144.743
G0 X96.538 Y143.879
G1 F1500 X108.571 Y131.845 E3174.55874
G0 F9000 X108.623 Y130.85
G0 X106.714 Y130.636
G0 X107.276 Y131.726
G1 F1500 X95.642 Y143.36 E3176.74766
G0 F9000 X95.14 Y144.225
G0 X94.243 Y143.707
G0 X94.745 Y142.843
G1 F1500 X106.051 Y131.537 E3178.87485
G0 F9000 X106.252 Y130.562
G0 X105.953 Y130.5
G0 X104.887 Y131.287
G1 F1500 X93.849 Y142.325 E3180.95163
G0 F9000 X93.347 Y143.19
G0 X92.45 Y142.672
G0 X92.952 Y141.807
G1 F1500 X103.77 Y130.989 E3182.98701
G0 F9000 X104.066 Y130.035
G0 X103.043 Y129.701
G0 X102.704 Y130.642
G1 F1500 X92.055 Y141.29 E3184.9905
G0 F9000 X91.553 Y142.154
G0 X90.657 Y141.637
G0 X91.159 Y140.772
G1 F1500 X101.681 Y130.25 E3186.97019
G0 F9000 X101.205 Y128.957
G0 X100.696 Y129.821
G1 F1500 X90.262 Y140.255 E3188.93333
G0 F9000 X89.761 Y141.119
G0 X88.864 Y140.601
G0 X89.366 Y139.737
G1 F1500 X99.752 Y129.351 E3190.88743
G0 F9000 X100.235 Y128.475
G0 X99.366 Y127.989
G0 X98.846 Y128.843
G1 F1500 X88.469 Y139.219 E3192.83974
G0 F9000 X87.967 Y140.084
G0 X87.071 Y139.566
G0 X87.572 Y138.702
G1 F1500 X97.969 Y128.305 E3194.79592
G0 F9000 X98.537 Y127.475
G0 X97.382 Y126.755
G0 X95.523 Y129.049
G0 X94.499 Y130.361
G1 F1500 X86.676 Y138.184 E3196.26779
G0 F9000 X86.174 Y139.048
G0 X85.278 Y138.531
G0 X85.78 Y137.666
G1 F1500 X93.137 Y130.309 E3197.652
G0 F9000 X93.353 Y129.333
G0 X92.961 Y129.246
G0 X92.053 Y129.978
G1 F1500 X84.883 Y137.148 E3199.00102
G0 F9000 X84.381 Y138.013
G0 X83.485 Y137.495
G0 X83.987 Y136.631
G1 F1500 X91.205 Y129.413 E3200.35907
G0 F9000 X91.817 Y128.617
G0 X91.585 Y128.39
G0 X90.511 Y128.692
G1 F1500 X83.09 Y136.113 E3201.75531
G0 F9000 X82.588 Y136.978
G0 X81.693 Y136.461
G0 X82.193 Y135.596
G1 F1500 X89.99 Y127.799 E3203.2223
G0 F9000 X90.74 Y126.952
G0 X90.642 Y126.532
G0 X89.657 Y126.718
G1 F1500 X81.297 Y135.078 E3204.79521
G0 F9000 X80.795 Y135.942
G0 X79.898 Y135.424
G0 X80.4 Y134.56
G1 F1500 X89.626 Y125.334 E3206.53107
G0 F9000 X90.607 Y125.631
G0 X93.228 Y122.597
G0 X92.098 Y120.785
G0 X91.631 Y121.915
G1 F1500 X79.504 Y134.043 E3208.81283
G0 F9000 X79.003 Y134.908
G0 X78.105 Y134.389
G0 X78.607 Y133.525
G1 F1500 X91.092 Y121.04 E3211.16185
G0 F9000 X91.958 Y120.543
G0 X91.479 Y119.675
G0 X90.587 Y120.13
G1 F1500 X80.588 Y130.13 E3213.04324
G0 F9000 X79.6 Y129.993
G0 X79.578 Y128.968
G0 X80.553 Y128.751
G1 F1500 X90.121 Y119.183 E3214.84343
G0 F9000 X91.036 Y118.776
G0 X90.327 Y117.061
G0 X89.695 Y118.194
G1 F1500 X80.216 Y127.674 E3216.62698
G0 F9000 X78.336 Y126.834
G0 X79.692 Y126.784
G1 F1500 X89.306 Y117.169 E3218.43593
G0 F9000 X90.258 Y116.854
G0 X89.935 Y115.826
G0 X88.968 Y116.093
G1 F1500 X78.991 Y126.07 E3220.31308
G0 F9000 X78.401 Y126.879
G0 X77.856 Y126.508
G0 X78.127 Y125.52
G1 F1500 X88.677 Y114.97 E3222.29803
G0 F9000 X89.494 Y114.048
G0 X89.423 Y113.633
G0 X88.434 Y113.799
G1 F1500 X77.051 Y125.181 E3224.43963
G0 F9000 X76.83 Y126.157
G0 X75.595 Y126.162
G0 X75.677 Y125.142
G1 F1500 X88.251 Y112.567 E3226.80549
G0 F9000 X89.247 Y112.442
G0 X89.135 Y111.196
G0 X88.137 Y111.267
G1 F1500 X73.928 Y125.476 E3229.47888
G0 F9000 X74.499 Y126.579
G0 X73.02 Y128.124
G0 X72.928 Y124.062
G0 X73.928 Y124.062
G1 F1500 X88.103 Y109.887 E3232.14587
G0 F9000 X89.103 Y110.14
G0 X89.159 Y108.491
G0 X88.161 Y108.415
G1 F1500 X73.928 Y122.648 E3234.82378
G0 F9000 X72.928 Y122.648
G0 X72.928 Y121.233
G0 X73.928 Y121.233
G1 F1500 X88.331 Y106.83 E3237.53367
G0 F9000 X89.322 Y106.956
G0 X89.636 Y105.315
G0 X88.661 Y105.087
G1 F1500 X73.928 Y119.819 E3240.30556
G0 F9000 X72.928 Y119.819
G0 X72.928 Y118.405
G0 X73.928 Y118.405
G1 F1500 X89.207 Y103.126 E3243.18027
G0 F9000 X90.156 Y103.444
G0 X91.05 Y101.194
G0 X90.136 Y100.783
G1 F1500 X73.928 Y116.991 E3246.22977
G0 F9000 X72.928 Y116.991
G0 X72.928 Y115.577
G0 X73.928 Y115.577
G1 F1500 X91.718 Y97.787 E3249.57692
G0 F9000 X92.295 Y96.942
G0 X91.681 Y96.498
G0 X90.93 Y97.16
G1 F1500 X73.928 Y114.162 E3252.7758
G0 F9000 X72.928 Y114.162
G0 X72.928 Y112.748
G0 X73.928 Y112.748
G1 F1500 X90.295 Y96.381 E3255.85522
G0 F9000 X90.947 Y95.487
G0 X90.73 Y94.917
G0 X89.839 Y95.423
G1 F1500 X73.928 Y111.334 E3258.84884
G0 F9000 X72.928 Y111.334
G0 X72.928 Y109.92
G0 X73.928 Y109.92
G1 F1500 X89.606 Y94.242 E3261.79862
G0 F9000 X90.604 Y94.19
G0 X90.771 Y92.948
G0 X89.836 Y92.598
G1 F1500 X73.928 Y108.506 E3264.79167
G0 F9000 X72.928 Y108.506
G0 X72.928 Y107.091
G0 X73.928 Y107.091
G1 F1500 X106.901 Y74.118 E3270.99547
G0 F9000 X107.599 Y73.406
G0 X106.963 Y72.521
G0 X106.265 Y73.34
G1 F1500 X73.928 Y105.677 E3277.0796
G0 F9000 X72.928 Y105.677
G0 X72.928 Y104.263
G0 X73.928 Y104.263
G1 F1500 X105.826 Y72.365 E3283.08114
G0 F9000 X106.72 Y71.872
G0 X106.604 Y71.075
G0 X105.473 Y71.304
G1 F1500 X73.928 Y102.849 E3289.01626
G0 F9000 X72.928 Y102.849
G0 X72.928 Y101.434
G0 X73.928 Y101.434
G1 F1500 X102.933 Y72.43 E3294.47339
G0 F9000 X102.434 Y71.564
G0 X99.089 Y73.495
G0 X99.588 Y74.361
G1 F1500 X73.928 Y100.02 E3299.30116
G0 F9000 X72.928 Y100.02
G0 X72.928 Y98.606
G0 X73.928 Y98.606
G1 F1500 X78.048 Y94.486 E3300.07633
G0 F9000 X77.701 Y93.552
G0 X76.247 Y93.861
G0 X76.265 Y94.855
G1 F1500 X73.928 Y97.192 E3300.51603
G0 F9000 X72.928 Y97.192
G0 X72.928 Y95.778
G0 X73.928 Y95.778
G1 F1500 X75.02 Y94.685 E3300.72159
G0 F9000 X75.292 Y93.724
G0 X77.318 Y92.777
G0 X79.535 Y91.315
G0 X80.208 Y92.326
G1 F1500 X96.241 Y76.293 E3303.73816
G0 F9000 X95.744 Y75.426
G0 X92.398 Y77.358
G0 X92.896 Y78.224
G1 F1500 X80.623 Y90.497 E3306.0473
G0 F9000 X79.533 Y91.327
G0 X79.487 Y89.468
G0 X80.459 Y89.247
G1 F1500 X89.551 Y80.155 E3307.75793
G0 F9000 X89.053 Y79.289
G0 X85.706 Y81.221
G0 X86.205 Y82.087
G1 F1500 X80.041 Y88.25 E3308.91758
G0 F9000 X79.184 Y88.762
G0 X77.64 Y87.372
G0 X79.426 Y87.451
G1 F1500 X82.859 Y84.018 E3309.56349
G0 F9000 X82.361 Y83.152
G0 X79.016 Y85.083
G0 X79.514 Y85.949
G1 F1500 X78.753 Y86.71 E3309.70667
G1 F1500 E3303.20667
G0 F9000 X77.64 Y87.372
G0 X75.868 Y87.004
G0 X87.367 Y80.376
G0 X92.644 Y90.784
G0 X92.615 Y89.818
G1 F1500 E3309.70667
G1 X107.694 Y74.739 E3312.54375
G0 F9000 X108.256 Y73.914
G0 X108.654 Y75.194
G1 F1500 X94.234 Y89.614 E3315.25684
G0 F9000 X94.209 Y90.611
G0 X94.63 Y90.663
G0 X95.435 Y89.827
G1 F1500 X109.867 Y75.395 E3317.97219
G0 F9000 X111.244 Y74.159
G0 X111.579 Y75.097
G1 F1500 X96.372 Y90.304 E3320.83336
G0 F9000 X95.817 Y91.136
G0 X97.151 Y90.94
G1 F1500 X116.175 Y71.916 E3324.41268
G0 F9000 X116.677 Y71.05
G0 X117.573 Y71.568
G0 X117.071 Y72.433
G1 F1500 X97.835 Y91.67 E3328.03198
G0 F9000 X98.45 Y92.585
G0 X101.213 Y91.039
G0 X100.785 Y90.134
G1 F1500 X117.968 Y72.951 E3331.26492
G0 F9000 X118.47 Y72.086
G0 X119.367 Y72.604
G0 X118.865 Y73.468
G1 F1500 X103.132 Y89.202 E3334.22515
G0 F9000 X103.428 Y90.159
G0 X105.345 Y89.622
G0 X105.096 Y88.651
G1 F1500 X119.761 Y73.986 E3336.98433
G0 F9000 X120.263 Y73.121
G0 X121.16 Y73.639
G0 X120.658 Y74.504
G1 F1500 X106.831 Y88.33 E3339.58576
G0 F9000 X106.983 Y89.323
G0 X108.485 Y89.153
G0 X108.421 Y88.154
G1 F1500 X121.554 Y75.021 E3342.0567
G0 F9000 X122.056 Y74.156
G0 X122.953 Y74.674
G0 X122.451 Y75.539
G1 F1500 X109.888 Y88.102 E3344.4204
G0 F9000 X109.886 Y89.103
G0 X111.211 Y89.138
G0 X111.263 Y88.141
G1 F1500 X123.348 Y76.056 E3346.69417
G0 F9000 X123.85 Y75.192
G0 X124.745 Y75.709
G0 X124.244 Y76.574
G1 F1500 X112.571 Y88.248 E3348.89051
G0 F9000 X112.473 Y89.246
G0 X113.649 Y89.42
G0 X113.802 Y88.43
G1 F1500 X125.141 Y77.092 E3351.02382
G0 F9000 X125.643 Y76.227
G0 X126.538 Y76.744
G0 X126.038 Y77.609
G1 F1500 X114.976 Y88.67 E3353.10502
G0 F9000 X114.727 Y89.639
G0 X115.798 Y89.92
G0 X116.095 Y88.966
G1 F1500 X126.934 Y78.127 E3355.14435
G0 F9000 X127.435 Y77.262
G0 X128.332 Y77.779
G0 X127.831 Y78.644
G1 F1500 X117.167 Y89.308 E3357.15076
G0 F9000 X116.83 Y90.25
G0 X117.805 Y90.615
G0 X118.197 Y89.692
G1 F1500 X128.727 Y79.162 E3359.13196
G0 F9000 X129.228 Y78.297
G0 X130.125 Y78.815
G0 X129.623 Y79.68
G1 F1500 X119.185 Y90.119 E3361.09594
G0 F9000 X118.752 Y91.021
G0 X119.65 Y91.458
G0 X120.133 Y90.585
G1 F1500 X130.52 Y80.198 E3363.05023
G0 F9000 X131.022 Y79.333
G0 X131.918 Y79.85
G0 X131.417 Y80.716
G1 F1500 X121.045 Y91.087 E3365.0016
G0 F9000 X120.519 Y91.941
G0 X121.761 Y92.729
G0 X121.921 Y91.625
G1 F1500 X132.313 Y81.233 E3366.95683
G0 F9000 X132.815 Y80.368
G0 X133.712 Y80.886
G0 X133.21 Y81.751
G1 F1500 X125.301 Y89.66 E3368.44489
G0 F9000 X125.368 Y90.665
G0 X126.495 Y90.631
G0 X126.718 Y89.656
G1 F1500 X134.106 Y82.268 E3369.83493
G0 F9000 X134.608 Y81.403
G0 X135.505 Y81.921
G0 X135.003 Y82.786
G1 F1500 X127.805 Y89.984 E3371.18922
G0 F9000 X127.042 Y90.756
G0 X128.138 Y91.35
G0 X128.689 Y90.514
G1 F1500 X135.9 Y83.304 E3372.54585
G0 F9000 X136.402 Y82.439
G0 X137.298 Y82.956
G0 X136.796 Y83.821
G1 F1500 X129.403 Y91.215 E3373.93693
G0 F9000 X128.395 Y91.588
G0 X129.95 Y92.082
G1 F1500 X137.693 Y84.339 E3375.39375
G0 F9000 X138.195 Y83.474
G0 X139.091 Y83.991
G0 X138.589 Y84.856
G1 F1500 X130.304 Y93.142 E3376.95265
G0 F9000 X129.331 Y93.373
G0 X129.39 Y94.466
G0 X130.388 Y94.472
G1 F1500 X139.486 Y85.374 E3378.66442
G0 F9000 X139.988 Y84.509
G0 X140.885 Y85.027
G0 X140.383 Y85.892
G1 F1500 X128.302 Y97.972 E3380.93734
G0 F9000 X127.186 Y98.108
G0 X127.975 Y99.344
G0 X128.843 Y98.846
G1 F1500 X141.279 Y86.409 E3383.27724
G0 F9000 X141.781 Y85.544
G0 X144.426 Y87.122
G0 X140.524 Y89.499
G0 X139.432 Y89.671
G1 F1500 X129.349 Y99.754 E3385.17433
G0 F9000 X127.997 Y99.382
G0 X129.309 Y102.006
G0 X129.823 Y100.694
G1 F1500 X139.42 Y91.097 E3386.97998
G0 F9000 X140.434 Y91.101
G0 X140.495 Y91.362
G0 X139.725 Y92.206
G1 F1500 X130.255 Y101.676 E3388.76174
G0 F9000 X129.322 Y102.04
G0 X129.589 Y102.72
G0 X130.643 Y102.702
G1 F1500 X140.227 Y93.118 E3390.56495
G0 F9000 X140.922 Y93.837
G1 F1500 X130.989 Y103.77 E3392.43382
G0 F9000 X130.027 Y104.038
G0 X130.509 Y105.986
G0 X131.289 Y104.884
G1 F1500 X141.754 Y94.419 E3394.40279
G0 F9000 X142.732 Y93.745
G0 X143.021 Y93.809
G0 X142.806 Y94.782
G1 F1500 X131.533 Y106.055 E3396.52378
G0 F9000 X130.551 Y106.226
G0 X130.732 Y107.401
G0 X131.723 Y107.279
G1 F1500 X144.132 Y94.87 E3398.8585
G0 F9000 X144.985 Y93.67
G0 X145.382 Y93.489
G0 X145.866 Y94.55
G1 F1500 X131.847 Y108.569 E3401.49615
G0 F9000 X130.877 Y109.096
G0 X131.894 Y109.937
G1 F1500 X146.068 Y95.763 E3404.16295
G0 F9000 X147.068 Y95.763
G0 X147.061 Y91.412
G0 X145.382 Y93.489
G0 X145.866 Y94.55
G1 F1500 X146.068 Y94.349 E3404.20087
G0 F9000 X147.068 Y94.349
G0 X147.068 Y97.177
G0 X146.068 Y97.177
G1 F1500 X131.849 Y111.396 E3406.87614
G0 F9000 X130.869 Y111.133
G0 X131.689 Y112.97
G1 F1500 X146.068 Y98.591 E3409.58151
G0 F9000 X147.068 Y98.591
G0 X147.068 Y100.005
G0 X146.068 Y100.005
G1 F1500 X131.382 Y114.691 E3412.34465
G0 F9000 X130.409 Y114.468
G0 X129.927 Y116.297
G0 X130.872 Y116.615
G1 F1500 X146.068 Y101.42 E3415.20365
G0 F9000 X147.068 Y101.42
G0 X147.068 Y102.834
G0 X146.068 Y102.834
G1 F1500 X130 Y118.901 E3418.22671
G0 F9000 X129.09 Y118.49
G0 X127.523 Y121.376
G0 X128.382 Y121.934
G1 F1500 X146.068 Y104.248 E3421.5543
G0 F9000 X147.068 Y104.248
G0 X147.068 Y105.662
G0 X146.068 Y105.662
G1 F1500 X128.979 Y122.751 E3424.76955
G0 F9000 X128.316 Y123.499
G0 X129.633 Y123.511
G1 F1500 X146.068 Y107.076 E3427.86176
G0 F9000 X147.068 Y107.076
G0 X147.068 Y108.491
G0 X146.068 Y108.491
G1 F1500 X130.12 Y124.438 E3430.86225
G0 F9000 X128.386 Y123.578
G0 X129.386 Y125.623
G0 X130.377 Y125.596
G1 F1500 X146.068 Y109.905 E3433.81447
G0 F9000 X147.068 Y109.905
G0 X147.068 Y111.319
G0 X146.068 Y111.319
G1 F1500 X130.263 Y127.124 E3436.78815
G1 F1500 E3430.28815
G0 F9000 X129.327 Y126.775
G0 X129.472 Y126.328
G0 X140.327 Y128.758
G0 X141.604 Y125.682
G1 F1500 E3436.78815
G1 X146.068 Y121.219 E3437.62794
G0 F9000 X147.068 Y121.219
G0 X147.068 Y122.633
G0 X146.068 Y122.633
G1 F1500 X143.595 Y125.106 E3438.09323
G0 F9000 X143.642 Y126.106
G0 X144.652 Y126.219
G0 X144.873 Y125.242
G1 F1500 X146.068 Y124.047 E3438.31807
G0 F9000 X147.068 Y124.047
G0 X147.068 Y125.497
G0 X146.032 Y125.497
G1 F1500 X145.887 Y125.642 E3438.34535
G1 F1500 E3431.84535
G0 F9000 X145.496 Y126.57
G0 X147 Y128.24
G0 X147.061 Y91.412
G0 X143.235 Y93.917
G0 X140.324 Y90.797
G0 X143.191 Y87.091
G0 X144.426 Y87.122
G0 X112.785 Y68.908
G0 X113.158 Y72.235
G0 X114.088 Y72.588
G1 F1500 E3438.34535
G1 X115.278 Y71.398 E3438.56925
G1 F1500 E3432.06925
;MESH:NONMESH
G0 F300 X115.278 Y71.398 Z2.24
G0 F9000 X115.78 Y70.533
G0 X112.785 Y68.908
G0 X113.433 Y71.527
G0 X111.489 Y73.063
G0 X111.076 Y73.307
G0 X110.5 Y73.497
G0 X107.782 Y73.664
G0 X107.194 Y68.92
G0 X75.868 Y87.004
G0 X73.33 Y88.509
G0 X74.526 Y87.606
;TIME_ELAPSED:1473.680460
;LAYER:6
;TYPE:WALL-INNER
;MESH:top-fan-holder.stl
G1 F1500 E3438.56925
G1 F887.6 X74.885 Y87.409 E3438.66132
G1 F867.6 X75.254 Y87.232 E3438.75546
G1 F1500 E3432.25546
G0 F9000 X75.97 Y86.841
G0 X74.274 Y88.854
G0 X73.899 Y89.467
G0 X72.976 Y91.567
G0 X73.001 Y128.222
G0 X76.505 Y126.032
G0 X78.349 Y128.066
G0 X78.623 Y128.645
G0 X78.757 Y129.234
G0 X78.757 Y129.968
G0 X78.462 Y130.718
G0 X78.101 Y131.22
G0 X76.091 Y132.945
G0 X75.569 Y132.875
G0 X76.607 Y133.523
G0 X77.325 Y132.283
G1 F1500 E3438.75546
G1 X76.969 Y132.399 E3438.80527
G1 X76.543 Y132.472 E3438.86277
G1 X76.075 Y132.484 E3438.92506
G1 F1536.9 X75.711 Y132.424 E3438.97296
G1 F1614.6 X75.213 Y132.274 E3439.03724
G1 F1714.3 X74.917 Y132.124 E3439.07587
G1 F1756.4 X74.436 Y131.815 E3439.14082
G1 F1698.8 X74.173 Y131.617 E3439.1795
G1 F1609.4 X73.888 Y131.352 E3439.22775
G1 F1466.3 X73.597 Y131.046 E3439.28522
G1 F1446.5 X73.463 Y130.651 E3439.34277
G1 F1577.3 X73.389 Y130.324 E3439.38519
G1 F1691.1 X73.306 Y129.809 E3439.44675
G1 F1754.4 X73.306 Y129.348 E3439.49918
G1 F1738.1 X73.328 Y129.039 E3439.53475
G1 F1672.2 X73.386 Y128.67 E3439.57933
G1 F1577.3 X73.478 Y128.317 E3439.62548
G1 F1513.6 X73.602 Y128.049 E3439.66441
G1 F1500 X73.737 Y127.829 E3439.69876
G1 X73.916 Y127.585 E3439.73902
G1 X74.137 Y127.346 E3439.78232
G1 X74.452 Y127.07 E3439.83804
G1 X74.928 Y126.789 E3439.91158
G1 X75.38 Y126.625 E3439.97555
G1 X75.679 Y126.551 E3440.01653
G1 X76.198 Y126.476 E3440.08629
G1 X76.518 Y126.493 E3440.12893
G1 X77.291 Y126.679 E3440.2347
G1 X77.547 Y126.791 E3440.27188
G1 X78.064 Y127.136 E3440.35457
G1 X78.261 Y127.298 E3440.3885
G1 X78.627 Y127.693 E3440.46014
G1 X78.777 Y127.907 E3440.49491
G1 X79.05 Y128.47 E3440.57815
G1 X79.216 Y129.197 E3440.67736
G1 X79.215 Y129.977 E3440.78114
G1 X79.114 Y130.319 E3440.82858
G1 X78.899 Y130.868 E3440.90702
G1 X78.76 Y131.092 E3440.94209
G1 X78.54 Y131.396 E3440.99202
G1 X78.324 Y131.635 E3441.03487
G1 X78.099 Y131.835 E3441.07492
G1 X77.856 Y132.012 E3441.11492
G1 X77.616 Y132.152 E3441.15189
G1 X77.325 Y132.283 E3441.19434
G1 F1500 E3434.69434
G0 F9000 X76.607 Y133.523
G0 X100.759 Y147.378
G0 X107.387 Y130.817
G0 X110.511 Y130.492
G1 F1500 E3441.19434
G1 X109.452 Y130.491 E3441.33523
G1 X108.468 Y130.441 E3441.46631
G1 X107.45 Y130.34 E3441.60241
G1 X106.417 Y130.185 E3441.74138
G1 X105.415 Y129.979 E3441.87748
G1 X104.483 Y129.743 E3442.00538
G1 X103.424 Y129.415 E3442.15288
G1 X102.483 Y129.071 E3442.28617
G1 X101.539 Y128.673 E3442.42247
G1 X100.597 Y128.219 E3442.56159
G1 X99.732 Y127.742 E3442.69301
G1 X98.809 Y127.177 E3442.83698
G1 X98.053 Y126.659 E3442.95891
G1 X97.264 Y126.066 E3443.09022
G1 X96.991 Y125.838 E3443.13754
G1 X96.992 Y126.272 E3443.19528
G1 X96.884 Y126.83 E3443.27089
G1 X96.709 Y127.269 E3443.33377
G1 X96.54 Y127.581 E3443.38097
G1 X96.324 Y127.885 E3443.43059
G1 X96.124 Y128.112 E3443.47084
G1 X95.779 Y128.423 E3443.53263
G1 X95.229 Y128.743 E3443.61729
G1 X94.507 Y128.968 E3443.7179
G1 X93.632 Y128.984 E3443.83433
G1 X92.943 Y128.82 E3443.92856
G1 X92.654 Y128.692 E3443.97061
G1 X92.026 Y128.279 E3444.0706
G1 X91.567 Y127.775 E3444.1613
G1 X91.383 Y127.476 E3444.208
G1 X91.161 Y126.991 E3444.27897
G1 X91.004 Y126.303 E3444.37285
G1 X91.004 Y125.694 E3444.45387
G1 X91.167 Y124.978 E3444.55157
G1 X91.44 Y124.42 E3444.63421
G1 X91.715 Y124.055 E3444.69501
G1 X91.906 Y123.852 E3444.73209
G1 X92.218 Y123.576 E3444.78751
G1 X92.58 Y123.331 E3444.84567
G1 X93.278 Y123.082 E3444.94426
G1 X93.848 Y122.994 E3445.02099
G1 X94.156 Y123.003 E3445.06199
G1 X93.671 Y122.396 E3445.16536
G1 X93.048 Y121.527 E3445.30761
G1 X92.52 Y120.711 E3445.43691
G1 X91.997 Y119.806 E3445.57598
G1 X91.514 Y118.865 E3445.71669
G1 X91.109 Y117.959 E3445.84872
G1 X90.716 Y116.963 E3445.99117
G1 X90.424 Y116.087 E3446.11402
G1 X90.127 Y115.025 E3446.26073
G1 X89.893 Y114.011 E3446.39918
G1 X89.724 Y113.022 E3446.53267
G1 X89.604 Y112.098 E3446.65663
G1 X89.52 Y110.976 E3446.80632
G1 X89.5 Y110.032 E3446.93194
G1 X89.524 Y108.934 E3447.07805
G1 X89.607 Y107.895 E3447.21672
G1 X89.733 Y106.913 E3447.34843
G1 X89.893 Y105.985 E3447.47372
G1 X90.142 Y104.91 E3447.62052
G1 X90.426 Y103.897 E3447.76049
G1 X90.745 Y102.955 E3447.8928
G1 X91.109 Y102.036 E3448.02431
G1 X91.535 Y101.087 E3448.1627
G1 X92.007 Y100.171 E3448.2998
G1 X92.519 Y99.286 E3448.43582
G1 X93.051 Y98.462 E3448.56631
G1 X93.626 Y97.66 E3448.6976
G1 X94.169 Y96.977 E3448.81368
G1 X93.851 Y96.984 E3448.856
G1 X93.482 Y96.947 E3448.90534
G1 X93.074 Y96.856 E3448.96095
G1 X92.7 Y96.717 E3449.01403
G1 X92.091 Y96.322 E3449.1106
G1 X91.909 Y96.15 E3449.14392
G1 X91.487 Y95.685 E3449.22746
G1 X91.157 Y94.983 E3449.33066
G1 X91.002 Y94.296 E3449.42436
G1 X91.013 Y93.635 E3449.51231
G1 X91.174 Y92.962 E3449.60437
G1 X91.44 Y92.422 E3449.68446
G1 X91.824 Y91.923 E3449.76823
G1 X92.328 Y91.487 E3449.85689
G1 X92.573 Y91.342 E3449.89476
G1 X93.305 Y91.071 E3449.99861
G1 X93.991 Y90.981 E3450.09065
G1 X94.268 Y90.994 E3450.12755
G1 X95.058 Y91.176 E3450.2354
G1 X95.333 Y91.289 E3450.27496
G1 X95.835 Y91.633 E3450.35592
G1 X96.054 Y91.815 E3450.3938
G1 X96.351 Y92.134 E3450.45179
G1 X96.545 Y92.382 E3450.49368
G1 X96.821 Y92.966 E3450.57962
G1 X96.955 Y93.514 E3450.65467
G1 X96.992 Y93.808 E3450.69409
G1 X96.992 Y94.161 E3450.74106
G1 X97.226 Y93.964 E3450.78175
G1 X98.057 Y93.334 E3450.92049
G1 X98.899 Y92.765 E3451.05569
G1 X99.789 Y92.221 E3451.19446
G1 X100.676 Y91.736 E3451.32896
G1 X101.544 Y91.324 E3451.45678
G1 X102.552 Y90.897 E3451.60242
G1 X103.491 Y90.559 E3451.7352
G1 X104.483 Y90.253 E3451.87331
G1 X105.466 Y90.005 E3452.00819
G1 X106.418 Y89.814 E3452.13736
G1 X107.456 Y89.655 E3452.27707
G1 X108.446 Y89.557 E3452.40942
G1 X109.489 Y89.504 E3452.54836
G1 X110.549 Y89.505 E3452.68939
G1 X111.493 Y89.553 E3452.81514
G1 X112.551 Y89.657 E3452.95658
G1 X113.578 Y89.814 E3453.0948
G1 X114.563 Y90.012 E3453.22846
G1 X115.589 Y90.275 E3453.36937
G1 X116.569 Y90.58 E3453.50592
G1 X117.451 Y90.898 E3453.63066
G1 X118.427 Y91.311 E3453.77165
G1 X119.359 Y91.756 E3453.90906
G1 X120.228 Y92.232 E3454.04088
G1 X121.103 Y92.768 E3454.17739
G1 X121.939 Y93.334 E3454.31171
G1 X122.767 Y93.961 E3454.44988
G1 X123.005 Y94.162 E3454.49133
G1 X123.004 Y93.808 E3454.53842
G1 X123.042 Y93.51 E3454.57839
G1 X123.158 Y93.006 E3454.6472
G1 X123.423 Y92.445 E3454.72974
G1 X123.702 Y92.072 E3454.79171
G1 X123.87 Y91.884 E3454.82525
G1 X124.343 Y91.466 E3454.90923
G1 X124.665 Y91.302 E3454.95731
G1 X125.345 Y91.066 E3455.05307
G1 X125.98 Y90.982 E3455.13829
G1 X126.297 Y90.993 E3455.18049
G1 X127.068 Y91.179 E3455.286
G1 X127.324 Y91.291 E3455.32318
G1 X127.976 Y91.728 E3455.4276
G1 X128.509 Y92.314 E3455.53299
G1 X128.823 Y92.968 E3455.62951
G1 X128.985 Y93.647 E3455.72238
G1 X128.991 Y94.347 E3455.81551
G1 X128.928 Y94.706 E3455.864
G1 X128.655 Y95.409 E3455.96433
G1 X128.284 Y95.938 E3456.05029
G1 X128.099 Y96.135 E3456.08625
G1 X127.876 Y96.335 E3456.1261
G1 X127.632 Y96.512 E3456.1662
G1 X127.244 Y96.735 E3456.22574
G1 X126.624 Y96.939 E3456.31258
G1 X126.319 Y96.972 E3456.35339
G1 X125.832 Y96.983 E3456.4182
G1 X126.325 Y97.6 E3456.52327
G1 X126.902 Y98.4 E3456.6545
G1 X127.517 Y99.351 E3456.80517
G1 X127.989 Y100.171 E3456.93104
G1 X128.46 Y101.084 E3457.06772
G1 X128.891 Y102.037 E3457.20687
G1 X129.257 Y102.97 E3457.34021
G1 X129.587 Y103.949 E3457.47765
G1 X129.875 Y104.977 E3457.61969
G1 X130.102 Y105.978 E3457.75624
G1 X130.277 Y106.979 E3457.89143
G1 X130.393 Y107.895 E3458.01427
G1 X130.476 Y109.02 E3458.16435
G1 X130.496 Y110.032 E3458.29901
G1 X130.476 Y110.976 E3458.42463
G1 X130.393 Y112.091 E3458.57338
G1 X130.277 Y113.015 E3458.69728
G1 X130.102 Y114.018 E3458.83273
G1 X129.857 Y115.089 E3458.9789
G1 X129.574 Y116.093 E3459.11768
G1 X129.266 Y117.002 E3459.24536
G1 X128.884 Y117.976 E3459.38456
G1 X128.464 Y118.903 E3459.51995
G1 X128.006 Y119.793 E3459.65312
G1 X127.517 Y120.645 E3459.78381
G1 X126.908 Y121.586 E3459.93293
G1 X126.373 Y122.335 E3460.05539
G1 X125.848 Y122.994 E3460.16748
G1 X126.398 Y123.018 E3460.24073
G1 X126.934 Y123.142 E3460.31392
G1 X127.338 Y123.293 E3460.3713
G1 X127.954 Y123.715 E3460.47064
G1 X128.413 Y124.2 E3460.55948
G1 X128.577 Y124.45 E3460.59926
G1 X128.842 Y125.027 E3460.68373
G1 X128.992 Y125.703 E3460.77585
G1 X128.989 Y126.372 E3460.86486
G1 X128.929 Y126.705 E3460.90987
G1 X128.645 Y127.432 E3461.01371
G1 X128.22 Y128.03 E3461.11132
G1 X127.759 Y128.43 E3461.19252
G1 X127.387 Y128.655 E3461.25036
G1 X127.101 Y128.783 E3461.29204
G1 X126.528 Y128.96 E3461.37183
G1 X125.66 Y128.984 E3461.48735
G1 X124.946 Y128.821 E3461.58479
G1 X124.676 Y128.71 E3461.62362
G1 X124.052 Y128.295 E3461.72333
G1 X123.645 Y127.866 E3461.802
G1 X123.443 Y127.607 E3461.8457
G1 X123.157 Y126.982 E3461.93714
G1 X123.044 Y126.489 E3462.00443
G1 X123.004 Y126.197 E3462.04364
G1 X123 Y125.848 E3462.09007
G1 X122.732 Y126.066 E3462.13604
G1 X121.943 Y126.659 E3462.26735
G1 X121.159 Y127.195 E3462.3937
G1 X120.207 Y127.775 E3462.54201
G1 X119.399 Y128.219 E3462.66466
G1 X118.427 Y128.689 E3462.8083
G1 X117.445 Y129.1 E3462.94993
G1 X116.505 Y129.437 E3463.08278
G1 X115.514 Y129.742 E3463.22073
G1 X114.551 Y129.987 E3463.35293
G1 X113.578 Y130.186 E3463.48505
G1 X112.537 Y130.341 E3463.62508
G1 X111.538 Y130.44 E3463.75864
G1 X110.511 Y130.492 E3463.89544
G1 F1500 E3457.39544
G0 F9000 X110.041 Y130.972
G0 X110.2 Y145.484
G0 X110.173 Y146.443
G0 X111.016 Y146.636
G0 X111.674 Y147.081
G0 X112.124 Y147.566
G0 X112.398 Y148.145
G0 X112.532 Y148.734
G0 X112.532 Y149.468
G0 X112.237 Y150.218
G0 X111.945 Y150.625
G0 X110 Y152.591
G0 X110 Y153.211
G1 F1500 E3463.89544
G1 F1366.1 X110.274 Y153.053 E3463.94165
G1 F1421.8 X110.585 Y152.923 E3463.98896
G1 F1559.3 X111.099 Y152.684 E3464.06151
G1 F1700.7 X111.782 Y152.325 E3464.15205
G1 F1744.2 X112.291 Y152.023 E3464.21976
G1 F1606 X113.266 Y151.381 E3464.36482
G1 F1500 X144.363 Y133.424 E3469.14221
G1 F1350.1 X144.551 Y133.186 E3469.18704
G1 F1124.4 X144.739 Y132.948 E3469.24087
G1 F941.6 X144.991 Y132.634 E3469.3262
G1 X144.59 Y132.611 E3469.41132
G1 F1124.4 X144.343 Y132.542 E3469.45684
G1 F1350.1 X144.095 Y132.472 E3469.49493
G1 F1500 X143.627 Y132.483 E3469.55721
G1 X143.261 Y132.449 E3469.60611
G1 X142.849 Y132.357 E3469.66227
G1 X142.337 Y132.137 E3469.73641
G1 X141.945 Y131.873 E3469.79929
G1 X141.685 Y131.65 E3469.84486
G1 X141.421 Y131.366 E3469.89645
G1 X141.224 Y131.116 E3469.93879
G1 X140.955 Y130.536 E3470.02385
G1 X140.78 Y129.831 E3470.12049
G1 X140.78 Y129.303 E3470.19074
G1 X140.818 Y129.01 E3470.23004
G1 X140.946 Y128.473 E3470.30349
G1 X141.203 Y127.939 E3470.38233
G1 X141.583 Y127.436 E3470.4662
G1 X142.001 Y127.07 E3470.54012
G1 X142.335 Y126.838 E3470.59422
G1 X143.111 Y126.567 E3470.70357
G1 X143.625 Y126.494 E3470.77264
G1 X143.879 Y126.48 E3470.80649
G1 X144.177 Y126.519 E3470.84647
G1 X144.709 Y126.643 E3470.91914
G1 X144.954 Y126.722 E3470.95339
G1 X145.209 Y126.861 E3470.99203
G1 X145.605 Y127.129 E3471.05565
G1 X145.863 Y127.35 E3471.10084
G1 X146.127 Y127.634 E3471.15243
G1 X146.384 Y128.011 E3471.21313
G1 F1519.8 X146.528 Y128.345 E3471.26089
G1 F1582.3 X146.606 Y128.655 E3471.30121
G1 F1672.2 X146.669 Y129.025 E3471.346
G1 F1740.1 X146.693 Y129.348 E3471.38314
G1 F1758.5 X146.693 Y129.946 E3471.451
G1 F1689.2 X146.623 Y130.315 E3471.49538
G1 F1495.5 X146.415 Y131.01 E3471.59218
G1 F1457.7 X146.087 Y131.377 E3471.65956
G1 F1602.6 X145.856 Y131.586 E3471.69836
G1 F1428.6 X145.679 Y131.943 E3471.75402
G1 F1135.5 X145.52 Y132.204 E3471.80773
G1 F955.4 X145.323 Y132.464 E3471.87586
G1 X145.648 Y132.424 E3471.94426
G1 F1135.5 X145.981 Y132.376 E3472.00339
G1 F1428.6 X146.387 Y132.31 E3472.06085
G1 F1602.6 X146.724 Y132.077 E3472.11187
G1 F1457.7 X147.152 Y131.762 E3472.18462
G1 F1378.7 X147.424 Y131.604 E3472.23015
G1 X147.424 Y131.291 E3472.27546
G1 F1495.5 X147.509 Y130.485 E3472.38361
G1 F1683.5 X147.536 Y130.094 E3472.43007
G1 F1750.3 X147.543 Y129.348 E3472.51512
G1 F1740.1 X147.531 Y128.927 E3472.56342
G1 F1623.4 X147.481 Y128.13 E3472.66159
G1 F1519.8 X147.468 Y127.767 E3472.70929
G1 F1500 X147.468 Y92.449 E3477.40801
G1 F1513.6 X147.477 Y91.958 E3477.47276
G1 F1625.1 X147.536 Y91.094 E3477.5791
G1 F1750.3 X147.543 Y90.348 E3477.66416
G1 F1698.8 X147.51 Y89.552 E3477.75775
G1 F1498.5 X147.426 Y88.704 E3477.87124
G1 F1382.5 X147.426 Y88.391 E3477.91642
G1 X147.154 Y88.234 E3477.96175
G1 F1466.3 X146.705 Y87.904 E3478.03759
G1 F1642.9 X146.025 Y87.455 E3478.13657
G1 F1756.4 X145.501 Y87.14 E3478.20603
G1 F1760.6 X145.22 Y86.986 E3478.24235
G1 F1641.1 X144.523 Y86.648 E3478.33655
G1 F1524.4 X143.861 Y86.285 E3478.43539
G1 F1500 X113.464 Y68.733 E3483.10519
G1 F1404.5 X112.887 Y68.479 E3483.19476
G1 F1171.9 X112.479 Y68.408 E3483.26529
G1 F950.6 X112.041 Y68.332 E3483.35861
G1 X112.242 Y68.706 E3483.44775
G1 F1171.9 X112.401 Y69.088 E3483.51821
G1 F1404.5 X112.766 Y69.849 E3483.63813
G1 F1500 X112.87 Y70.15 E3483.6805
G1 X112.954 Y70.514 E3483.7302
G1 X112.992 Y70.852 E3483.77545
G1 X112.992 Y71.272 E3483.83133
G1 X112.962 Y71.575 E3483.87184
G1 X112.885 Y71.83 E3483.90728
G1 X112.644 Y72.433 E3483.99367
G1 X112.222 Y73.029 E3484.09083
G1 X111.741 Y73.449 E3484.17578
G1 X111.222 Y73.744 E3484.2552
G1 X110.541 Y73.965 E3484.35046
G1 X109.659 Y73.987 E3484.46783
G1 X108.938 Y73.822 E3484.56624
G1 X108.656 Y73.699 E3484.60717
G1 X108.038 Y73.28 E3484.7065
G1 X107.547 Y72.763 E3484.80136
G1 X107.383 Y72.476 E3484.84534
G1 X107.227 Y72.14 E3484.89462
G1 X107.127 Y71.849 E3484.93556
G1 X107.043 Y71.489 E3484.98474
G1 X107.004 Y71.148 E3485.0304
G1 X107.004 Y70.848 E3485.07031
G1 X107.042 Y70.51 E3485.11556
G1 X107.126 Y70.146 E3485.16526
G1 X107.238 Y69.829 E3485.20999
G1 X107.366 Y69.565 E3485.24903
G1 X107.518 Y69.316 E3485.28784
G1 F1521.3 X107.713 Y69.081 E3485.3279
G1 F1589 X107.934 Y68.884 E3485.36508
G1 F1674.1 X108.415 Y68.515 E3485.43734
G1 F1734.1 X108.729 Y68.357 E3485.47779
G1 F1716.2 X109.177 Y68.173 E3485.53411
G1 F1623.4 X109.459 Y68.075 E3485.57081
G1 F1476.4 X110.015 Y67.94 E3485.64815
G1 F1464.8 X110.395 Y68.034 E3485.70148
G1 F1587.3 X110.68 Y68.123 E3485.73901
G1 F1363.6 X111.158 Y68.065 E3485.80948
G1 F1070.7 X111.478 Y68.077 E3485.86917
G1 F929.9 X111.684 Y68.107 E3485.91384
G1 X111.559 Y67.936 E3485.95929
G1 F1070.7 X111.344 Y67.666 E3486.02363
G1 F1363.6 X111.014 Y67.274 E3486.09861
G1 F1498.5 X110.27 Y66.934 E3486.20755
G1 F1388.9 X110 Y66.778 E3486.25235
G1 X109.731 Y66.934 E3486.29704
G1 F1476.4 X109.155 Y67.192 E3486.38235
G1 F1663 X108.372 Y67.587 E3486.48759
G1 F1773 X108.083 Y67.745 E3486.52466
G1 X107.81 Y67.91 E3486.56056
G1 F1619.9 X106.845 Y68.555 E3486.70356
G1 F1500 X75.999 Y86.363 E3491.44212
G1 F1332.1 X75.698 Y86.682 E3491.50782
G1 F1087.7 X75.476 Y86.957 E3491.57266
G1 F918.6 X75.254 Y87.232 E3491.64944
G1 X75.571 Y87.295 E3491.71966
G1 F1087.7 X75.889 Y87.358 E3491.77913
G1 F1332.1 X76.313 Y87.472 E3491.84491
G1 F1500 X76.619 Y87.495 E3491.88573
G1 X76.911 Y87.547 E3491.92519
G1 X77.195 Y87.627 E3491.96445
G1 X77.471 Y87.734 E3492.00383
G1 X77.775 Y87.896 E3492.04966
G1 X78.083 Y88.108 E3492.0994
G1 X78.323 Y88.314 E3492.14148
G1 X78.527 Y88.53 E3492.18101
G1 X78.753 Y88.841 E3492.23215
G1 X78.969 Y89.237 E3492.29217
G1 X79.08 Y89.476 E3492.32722
G1 X79.221 Y90.053 E3492.40625
G1 X79.23 Y90.774 E3492.50218
G1 X79.115 Y91.379 E3492.58411
G1 X78.739 Y92.144 E3492.69751
G1 X78.318 Y92.644 E3492.78447
G1 X77.751 Y93.056 E3492.87772
G1 X77.508 Y93.186 E3492.91438
G1 X76.897 Y93.401 E3493.00056
G1 X76.618 Y93.438 E3493.038
G1 X76.218 Y93.461 E3493.0913
G1 X75.868 Y93.442 E3493.13794
G1 X75.572 Y93.39 E3493.17792
G1 X75.278 Y93.306 E3493.2186
G1 X75.006 Y93.199 E3493.25748
G1 X74.759 Y93.073 E3493.29437
G1 X74.499 Y92.909 E3493.33527
G1 X74.239 Y92.701 E3493.37957
G1 X74.031 Y92.493 E3493.4187
G1 X73.812 Y92.214 E3493.46589
G1 X73.579 Y91.834 E3493.52519
G1 F1533.7 X73.449 Y91.494 E3493.57256
G1 F1606 X73.328 Y90.989 E3493.63708
G1 F1698.8 X73.309 Y90.656 E3493.67627
G1 F1746.2 X73.325 Y90.174 E3493.73138
G1 F1702.6 X73.359 Y89.856 E3493.76886
G1 F1625.1 X73.435 Y89.489 E3493.81489
G1 F1522.8 X73.567 Y89.02 E3493.87874
G1 F1483.7 X73.816 Y88.712 E3493.93201
G1 F1421.8 X74.023 Y88.509 E3493.9727
G1 F1246.9 X74.153 Y88.229 E3494.02211
G1 F1076 X74.284 Y87.948 E3494.07961
G1 F945.8 X74.526 Y87.606 E3494.16801
G1 F953 X74.239 Y87.648 E3494.22875
G1 F1084.6 X74.003 Y87.684 E3494.27267
G1 F1246.9 X73.74 Y87.731 E3494.31543
G1 F1480.8 X73.477 Y87.778 E3494.35144
G1 F1562.5 X73.141 Y88.014 E3494.40388
G1 F1432.7 X72.849 Y88.235 E3494.45489
G1 F1372.4 X72.575 Y88.394 E3494.50096
G1 X72.575 Y88.709 E3494.54676
G1 F1469.1 X72.503 Y89.362 E3494.636
G1 F1653.8 X72.46 Y90.154 E3494.73171
G1 F1730.1 X72.461 Y90.978 E3494.82675
G1 F1644.7 X72.506 Y91.638 E3494.90702
G1 F1533.7 X72.528 Y92.129 E3494.97097
G1 F1500 X72.528 Y127.796 E3499.71613
G1 F1513.6 X72.519 Y128.091 E3499.75504
G1 F1616.4 X72.465 Y128.946 E3499.86081
G1 F1738.1 X72.454 Y129.348 E3499.90698
G1 F1746.2 X72.46 Y129.97 E3499.97807
G1 F1683.5 X72.485 Y130.423 E3500.03185
G1 F1500 X72.571 Y131.292 E3500.14802
G1 F1381.2 X72.571 Y131.605 E3500.19325
G1 X72.843 Y131.762 E3500.23862
G1 F1466.3 X73.296 Y132.095 E3500.31514
G1 F1609.4 X73.616 Y132.315 E3500.36329
G1 F1698.8 X73.979 Y132.547 E3500.4139
G1 F1756.4 X74.495 Y132.856 E3500.48224
G1 F1760.6 X74.776 Y133.01 E3500.51856
G1 F1655.6 X75.37 Y133.298 E3500.59813
G1 F1536.9 X75.81 Y133.525 E3500.66241
G1 F1500 X106.525 Y151.26 E3505.38103
G1 F1415.1 X107.106 Y151.527 E3505.4712
G1 F1187.6 X107.514 Y151.598 E3505.54078
G1 F958.5 X107.974 Y151.678 E3505.638
G1 X107.761 Y151.288 E3505.73052
G1 F1187.6 X107.601 Y150.907 E3505.79996
G1 F1415.1 X107.383 Y150.476 E3505.86807
G1 F1500 X107.227 Y150.14 E3505.91735
G1 X107.127 Y149.85 E3505.95816
G1 X107.043 Y149.489 E3506.00748
G1 X107.004 Y149.148 E3506.05314
G1 X107.004 Y148.848 E3506.09305
G1 X107.042 Y148.51 E3506.1383
G1 X107.126 Y148.146 E3506.188
G1 X107.238 Y147.829 E3506.23273
G1 X107.366 Y147.565 E3506.27176
G1 X107.518 Y147.316 E3506.31057
G1 X107.804 Y146.95 E3506.37237
G1 X108.3 Y146.508 E3506.46076
G1 X108.582 Y146.332 E3506.50498
G1 X109.311 Y146.071 E3506.608
G1 X109.898 Y145.988 E3506.68687
G1 X110.239 Y145.982 E3506.73224
G1 X111.045 Y146.167 E3506.84226
G1 X111.341 Y146.296 E3506.88522
G1 X111.973 Y146.728 E3506.98707
G1 X112.452 Y147.243 E3507.08064
G1 X112.61 Y147.518 E3507.12283
G1 X112.766 Y147.85 E3507.17164
G1 X112.87 Y148.15 E3507.21388
G1 X112.954 Y148.514 E3507.26358
G1 X112.992 Y148.852 E3507.30883
G1 X112.992 Y149.272 E3507.36471
G1 X112.885 Y149.829 E3507.44016
G1 X112.71 Y150.269 E3507.50316
G1 X112.539 Y150.582 E3507.55061
G1 F1525.9 X112.31 Y150.875 E3507.59925
G1 F1599.1 X112.07 Y151.102 E3507.64047
G1 F1694.9 X111.726 Y151.371 E3507.69189
G1 F1752.3 X111.355 Y151.588 E3507.74083
G1 F1740.1 X111.081 Y151.722 E3507.77581
G1 F1683.5 X110.731 Y151.856 E3507.82024
G1 F1559.3 X110.319 Y151.978 E3507.87523
G1 F1472 X109.941 Y152.036 E3507.92708
G1 F1516.7 X109.487 Y151.924 E3507.9886
G1 F1600.9 X109.295 Y151.866 E3508.01361
G1 F1374.9 X108.844 Y151.923 E3508.07959
G1 F1083 X108.526 Y151.913 E3508.13821
G1 F934 X108.297 Y151.879 E3508.18768
G1 X108.436 Y152.069 E3508.23798
G1 F1083 X108.649 Y152.34 E3508.30149
G1 F1321.6 X108.977 Y152.728 E3508.37821
G1 F1423.1 X109.726 Y153.052 E3508.49264
G1 F1366.1 X110 Y153.211 E3508.53892
G1 F1500 E3502.03892
G0 F9000 X110 Y152.591
G0 X112.65 Y151.207
G0 X144.187 Y132.961
G0 X140.366 Y130.073
G0 X142.891 Y126.148
G0 X147.001 Y128.246
G0 X147.117 Y91.057
G0 X144.301 Y93.395
G0 X142.143 Y93.489
G0 X142.712 Y93.319
G1 F1500 E3508.53892
G1 X142.469 Y93.216 E3508.57403
G1 X141.804 Y92.78 E3508.67982
G1 X141.265 Y92.191 E3508.78604
G1 X140.939 Y91.499 E3508.88781
G1 X140.784 Y90.84 E3508.97788
G1 X140.783 Y90.184 E3509.06515
G1 X140.937 Y89.487 E3509.16012
G1 X141.142 Y89.065 E3509.22253
G1 X141.285 Y88.829 E3509.25925
G1 X141.465 Y88.585 E3509.29958
G1 X141.685 Y88.346 E3509.3428
G1 X142.001 Y88.07 E3509.39862
G1 X142.476 Y87.79 E3509.47198
G1 X142.928 Y87.625 E3509.53599
G1 X143.229 Y87.551 E3509.57723
G1 X143.626 Y87.494 E3509.63059
G1 F1524.4 X144.173 Y87.534 E3509.70239
G1 F1612.9 X144.697 Y87.696 E3509.77025
G1 F1728.1 X145.079 Y87.872 E3509.81882
G1 F1756.4 X145.567 Y88.185 E3509.88469
G1 F1698.8 X145.827 Y88.383 E3509.92308
G1 F1609.4 X146.113 Y88.647 E3509.97134
G1 F1466.3 X146.4 Y88.951 E3510.02824
G1 F1449.3 X146.536 Y89.352 E3510.08655
G1 F1577.3 X146.604 Y89.656 E3510.12596
G1 F1674.1 X146.667 Y90.021 E3510.17011
G1 F1740.1 X146.693 Y90.348 E3510.20773
G1 F1758.5 X146.693 Y90.948 E3510.27582
G1 F1691.1 X146.622 Y91.314 E3510.31982
G1 F1578.9 X146.477 Y91.766 E3510.37981
G1 F1513.6 X146.316 Y92.082 E3510.42657
G1 F1500 X146.1 Y92.386 E3510.47619
G1 X145.876 Y92.635 E3510.52075
G1 X145.651 Y92.835 E3510.5608
G1 X145.408 Y93.012 E3510.60079
G1 X145.168 Y93.152 E3510.63776
G1 X144.877 Y93.283 E3510.68021
G1 X144.521 Y93.399 E3510.73003
G1 X144.234 Y93.468 E3510.7693
G1 X143.429 Y93.489 E3510.87643
G1 X142.712 Y93.319 E3510.97447
G0 F9000 X142.975 Y92.358
;TYPE:WALL-OUTER
G1 F1500 X142.443 Y91.995 E3511.06015
G1 X142.107 Y91.628 E3511.12635
G1 X141.889 Y91.176 E3511.19311
G1 X141.781 Y90.686 E3511.25987
G1 X141.785 Y90.275 E3511.31455
G1 X141.888 Y89.82 E3511.37661
G1 X142.062 Y89.459 E3511.42993
G1 X142.301 Y89.136 E3511.48339
G1 X142.728 Y88.762 E3511.5589
G1 X143.313 Y88.549 E3511.64173
G1 X143.86 Y88.47 E3511.71526
G1 X144.578 Y88.643 E3511.81352
G1 X145.091 Y88.988 E3511.89576
G1 X145.446 Y89.37 E3511.96514
G1 X145.659 Y89.821 E3512.0315
G1 X145.769 Y90.293 E3512.09598
G1 X145.761 Y90.889 E3512.17528
G1 X145.535 Y91.452 E3512.25599
G1 X145.251 Y91.853 E3512.32136
G1 X144.947 Y92.123 E3512.37545
G1 X144.613 Y92.318 E3512.42691
G1 X144.137 Y92.466 E3512.49323
G1 X143.535 Y92.482 E3512.57335
G1 X142.975 Y92.358 E3512.64965
G1 F1500 E3506.14965
G0 F9000 X142.637 Y92.855
G0 X140.469 Y91.667
G0 X129.021 Y95.721
G0 X125.759 Y95.982
G1 F1500 E3512.64965
G1 F1485.1 X125.165 Y95.856 E3512.73124
G1 F1431.3 X124.693 Y95.565 E3512.80856
G1 F1413.8 X124.316 Y95.173 E3512.88533
G1 F1453.5 X124.127 Y94.722 E3512.95247
G1 F1486.6 X124.004 Y94.208 E3513.02341
G1 F1500 X124.004 Y93.786 E3513.07955
G1 X124.112 Y93.328 E3513.14216
G1 X124.304 Y92.935 E3513.20035
G1 X124.529 Y92.635 E3513.25024
G1 X124.967 Y92.257 E3513.32721
G1 X125.546 Y92.05 E3513.40902
G1 X126.087 Y91.972 E3513.48174
G1 X126.794 Y92.136 E3513.57829
G1 X127.318 Y92.491 E3513.6625
G1 X127.673 Y92.876 E3513.73217
G1 X127.886 Y93.338 E3513.79985
G1 X127.991 Y93.815 E3513.86483
G1 X127.993 Y94.348 E3513.93574
G1 X127.763 Y94.944 E3514.02073
G1 X127.495 Y95.324 E3514.0826
G1 X127.177 Y95.619 E3514.14031
G1 X126.863 Y95.802 E3514.18866
G1 X126.362 Y95.971 E3514.259
G1 X125.759 Y95.982 E3514.33924
G1 F1500 E3507.83924
G0 F9000 X126.767 Y97.528
G0 X124.326 Y95.919
G0 X119.577 Y91.327
G0 X111.558 Y74.132
G0 X109.784 Y72.984
G1 F1500 E3514.33924
G1 X109.195 Y72.855 E3514.41946
G1 X108.679 Y72.511 E3514.50196
G1 X108.332 Y72.129 E3514.57062
G1 X108.114 Y71.677 E3514.63738
G1 X108.004 Y71.206 E3514.70173
G1 X108.004 Y70.787 E3514.75748
G1 X108.112 Y70.318 E3514.82151
G1 X108.289 Y69.954 E3514.87535
G1 X108.529 Y69.635 E3514.92846
G1 X108.954 Y69.261 E3515.00378
G1 X109.545 Y69.048 E3515.08736
G1 X110.094 Y68.973 E3515.16108
G1 X110.807 Y69.143 E3515.25859
G1 X111.317 Y69.491 E3515.34074
G1 X111.671 Y69.871 E3515.40983
G1 X111.884 Y70.325 E3515.47655
G1 X111.992 Y70.791 E3515.54019
G1 X111.992 Y71.372 E3515.61748
G1 X111.754 Y71.955 E3515.70126
G1 X111.471 Y72.353 E3515.76623
G1 X111.179 Y72.615 E3515.81842
G1 X110.847 Y72.81 E3515.86965
G1 X110.367 Y72.965 E3515.93676
G1 X109.784 Y72.984 E3516.01436
G1 F1500 E3509.51436
G0 F9000 X109.803 Y73.59
G0 X108.319 Y74.073
G0 X100.365 Y91.356
G0 X94.362 Y95.97
G1 F1500 E3516.01436
G1 F1482.2 X93.762 Y95.986 E3516.09517
G1 F1500 X93.209 Y95.861 E3516.1706
G1 X92.67 Y95.498 E3516.25705
G1 X92.323 Y95.123 E3516.32503
G1 X92.107 Y94.648 E3516.39445
G1 X92.005 Y94.19 E3516.45687
G1 X92.006 Y93.793 E3516.50969
G1 X92.112 Y93.328 E3516.57314
G1 X92.283 Y92.968 E3516.62616
G1 X92.532 Y92.636 E3516.68138
G1 X92.951 Y92.261 E3516.75618
G1 X93.547 Y92.05 E3516.8403
G1 X94.084 Y91.973 E3516.91247
G1 X94.793 Y92.138 E3517.00932
G1 X95.317 Y92.49 E3517.0933
G1 X95.66 Y92.86 E3517.16042
G1 X95.884 Y93.332 E3517.22993
G1 X95.992 Y93.79 E3517.29254
G1 F1491.1 X95.992 Y94.362 E3517.36909
G1 F1473.5 X95.765 Y94.984 E3517.45877
G1 F1425.9 X95.532 Y95.343 E3517.51867
G1 F1386.3 X95.193 Y95.656 E3517.58508
G1 F1405.8 X94.901 Y95.81 E3517.63195
G1 F1445.1 X94.362 Y95.97 E3517.70959
G1 F1500 E3511.20959
G0 F9000 X93.231 Y97.525
G0 X90.992 Y95.779
G0 X79.495 Y91.746
G0 X76.631 Y92.43
G1 F1500 E3517.70959
G1 X76.099 Y92.467 E3517.78054
G1 X75.695 Y92.396 E3517.83511
G1 X75.333 Y92.252 E3517.88694
G1 X74.984 Y92.032 E3517.94183
G1 X74.696 Y91.744 E3517.99602
G1 X74.399 Y91.257 E3518.0719
G1 X74.232 Y90.708 E3518.14825
G1 X74.259 Y90.165 E3518.22058
G1 X74.393 Y89.681 E3518.28739
G1 X74.7 Y89.188 E3518.36466
G1 X74.983 Y88.912 E3518.41725
G1 X75.305 Y88.699 E3518.46861
G1 X75.832 Y88.487 E3518.54419
G1 X76.396 Y88.47 E3518.61926
G1 X76.784 Y88.54 E3518.67171
G1 X77.159 Y88.686 E3518.72525
G1 X77.561 Y88.963 E3518.7902
G1 X77.845 Y89.263 E3518.84516
G1 X78.12 Y89.778 E3518.92283
G1 X78.223 Y90.177 E3518.97765
G1 X78.231 Y90.653 E3519.04099
G1 X78.158 Y91.065 E3519.09665
G1 X77.912 Y91.566 E3519.17091
G1 X77.633 Y91.908 E3519.22963
G1 X77.16 Y92.251 E3519.30736
G1 X76.631 Y92.43 E3519.38166
G1 F1500 E3512.88166
G0 F9000 X76.826 Y93.002
G0 X73.911 Y93.026
G0 X72.976 Y91.567
G0 X73.001 Y128.222
G0 X77.186 Y126.18
G0 X78.349 Y128.066
G0 X78.623 Y128.645
G0 X78.757 Y129.234
G0 X78.757 Y129.968
G0 X78.462 Y130.718
G0 X78.101 Y131.22
G0 X77.248 Y131.889
G0 X77.064 Y131.316
G1 F1500 E3519.38166
G1 X76.591 Y131.47 E3519.44784
G1 X75.984 Y131.486 E3519.52862
G1 X75.419 Y131.353 E3519.60585
G1 X74.908 Y131.011 E3519.68765
G1 X74.553 Y130.63 E3519.75693
G1 X74.337 Y130.176 E3519.82382
G1 X74.239 Y129.735 E3519.88392
G1 X74.231 Y129.294 E3519.9426
G1 X74.337 Y128.811 E3520.00839
G1 X74.541 Y128.423 E3520.06671
G1 X74.753 Y128.136 E3520.11418
G1 X75.181 Y127.761 E3520.18989
G1 X75.765 Y127.549 E3520.27254
G1 X76.295 Y127.472 E3520.34379
G1 X77.018 Y127.635 E3520.4424
G1 X77.543 Y127.996 E3520.52716
G1 X77.89 Y128.375 E3520.59553
G1 X78.097 Y128.799 E3520.6583
G1 X78.215 Y129.311 E3520.7282
G1 X78.217 Y129.867 E3520.80217
G1 X77.985 Y130.448 E3520.8854
G1 X77.702 Y130.85 E3520.95081
G1 X77.395 Y131.123 E3521.00547
G1 X77.064 Y131.316 E3521.05644
G1 F1500 E3514.55644
G0 F9000 X77.248 Y131.889
G0 X77.713 Y131.564
G0 X79.714 Y129.872
G0 X90.992 Y127.778
G0 X94.374 Y127.968
G1 F1500 E3521.05644
G1 X93.784 Y127.984 E3521.13496
G1 X93.202 Y127.861 E3521.2141
G1 X92.683 Y127.509 E3521.29753
G1 X92.325 Y127.127 E3521.36719
G1 X92.106 Y126.645 E3521.43762
G1 X92.005 Y126.186 E3521.50015
G1 X92.009 Y125.771 E3521.55536
G1 X92.107 Y125.344 E3521.61365
G1 X92.275 Y124.982 E3521.66674
G1 X92.531 Y124.634 E3521.72422
G1 X92.946 Y124.266 E3521.79801
G1 X93.559 Y124.048 E3521.88457
G1 X94.078 Y123.971 E3521.95437
G1 F1485.1 X94.839 Y124.142 E3522.05918
G1 F1429.9 X95.293 Y124.426 E3522.13391
G1 F1388.9 X95.682 Y124.828 E3522.21429
G1 F1420.5 X95.873 Y125.269 E3522.28181
G1 F1467.7 X95.992 Y125.797 E3522.3554
G1 F1483.7 X95.992 Y126.367 E3522.43206
G1 F1495.5 X95.76 Y126.952 E3522.51604
G1 F1500 X95.474 Y127.354 E3522.58168
G1 X95.159 Y127.629 E3522.63731
G1 X94.835 Y127.816 E3522.68708
G1 X94.374 Y127.968 E3522.75166
G1 F1500 E3516.25166
G0 F9000 X94.557 Y128.54
G0 X97.138 Y127.439
G0 X97.378 Y126.75
G0 X101.73 Y129.284
G0 X109.528 Y130.094
G0 X109.528 Y129.493
G1 F1500 E3522.75166
G1 X108.531 Y129.442 E3522.88447
G1 X107.57 Y129.347 E3523.01295
G1 X106.592 Y129.201 E3523.1445
G1 X105.661 Y129.009 E3523.27097
G1 X104.703 Y128.766 E3523.40246
G1 X103.765 Y128.475 E3523.53312
G1 X102.87 Y128.149 E3523.65984
G1 X101.971 Y127.771 E3523.78959
G1 X101.079 Y127.343 E3523.92122
G1 X100.252 Y126.888 E3524.04679
G1 X99.423 Y126.384 E3524.17587
G1 X98.599 Y125.82 E3524.30871
G1 X97.866 Y125.268 E3524.43079
G1 F1440.9 X96.479 Y124.103 E3524.68165
G1 F1388.9 X95.983 Y123.605 E3524.78264
G1 F1416.4 X95.682 Y123.269 E3524.8462
G1 F1466.3 X95.412 Y122.937 E3524.90444
G1 F1495.5 X95.053 Y122.524 E3524.97746
G1 F1500 X94.437 Y121.752 E3525.10886
G1 X93.901 Y121.004 E3525.23129
G1 X93.346 Y120.146 E3525.36723
G1 X92.863 Y119.305 E3525.49626
G1 X92.427 Y118.457 E3525.62312
G1 X92.027 Y117.561 E3525.75366
G1 X91.665 Y116.647 E3525.88445
G1 X91.366 Y115.747 E3526.01062
G1 X91.101 Y114.798 E3526.14171
G1 X90.879 Y113.841 E3526.27241
G1 X90.716 Y112.893 E3526.40038
G1 X90.593 Y111.942 E3526.52796
G1 X90.52 Y110.955 E3526.65963
G1 X90.5 Y110.011 E3526.78524
G1 X90.521 Y109.012 E3526.91818
G1 X90.599 Y108.021 E3527.05043
G1 X90.715 Y107.105 E3527.17327
G1 X90.885 Y106.126 E3527.30547
G1 X91.106 Y105.178 E3527.43497
G1 X91.374 Y104.216 E3527.56783
G1 X91.675 Y103.323 E3527.6932
G1 X92.035 Y102.415 E3527.82315
G1 X92.443 Y101.507 E3527.95559
G1 X92.874 Y100.67 E3528.08084
G1 X93.359 Y99.828 E3528.21011
G1 X93.891 Y99.004 E3528.3406
G1 X94.453 Y98.224 E3528.4685
G1 X95.068 Y97.453 E3528.59971
G1 X95.272 Y97.221 E3528.64081
G1 F1459.1 X95.695 Y96.703 E3528.73228
G1 F1401.9 X95.897 Y96.475 E3528.77564
G1 F1395.3 X96.244 Y96.133 E3528.84532
G1 F1400.6 X96.37 Y95.996 E3528.87184
G1 F1445.1 X97.865 Y94.733 E3529.14211
G1 F1500 X98.597 Y94.177 E3529.2644
G1 X99.422 Y93.617 E3529.39706
G1 X100.271 Y93.097 E3529.52951
G1 X101.105 Y92.64 E3529.65603
G1 X101.992 Y92.219 E3529.78666
G1 X102.893 Y91.837 E3529.91685
G1 X103.787 Y91.514 E3530.04332
G1 X104.729 Y91.223 E3530.17449
G1 X105.685 Y90.981 E3530.30568
G1 X106.604 Y90.797 E3530.43037
G1 X107.581 Y90.647 E3530.56188
G1 X108.554 Y90.552 E3530.69194
G1 X109.528 Y90.504 E3530.82168
G1 X110.498 Y90.504 E3530.95073
G1 X111.465 Y90.554 E3531.07955
G1 X112.428 Y90.649 E3531.20829
G1 X113.415 Y90.801 E3531.34115
G1 X114.34 Y90.987 E3531.46668
G1 X115.293 Y91.23 E3531.59752
G1 X116.23 Y91.521 E3531.72805
G1 X117.132 Y91.847 E3531.85565
G1 X118.028 Y92.228 E3531.98519
G1 X118.917 Y92.653 E3532.11628
G1 X119.746 Y93.109 E3532.24216
G1 X120.576 Y93.618 E3532.37169
G1 X121.399 Y94.177 E3532.50405
G1 X122.149 Y94.748 E3532.62946
G1 F1495.5 X122.922 Y95.392 E3532.76371
G1 F1443.7 X123.593 Y95.968 E3532.88595
G1 F1395.3 X124.024 Y96.402 E3532.97343
G1 F1413.8 X124.298 Y96.706 E3533.0312
G1 F1463.4 X124.591 Y97.067 E3533.0946
G1 F1495.5 X124.943 Y97.472 E3533.1662
G1 F1500 X125.558 Y98.244 E3533.29752
G1 X126.115 Y99.02 E3533.4246
G1 X126.65 Y99.85 E3533.55597
G1 X127.133 Y100.691 E3533.685
G1 X127.564 Y101.529 E3533.81037
G1 X127.974 Y102.437 E3533.94292
G1 X128.33 Y103.348 E3534.07304
G1 X128.63 Y104.24 E3534.19824
G1 X128.9 Y105.2 E3534.33092
G1 X129.117 Y106.152 E3534.46082
G1 X129.285 Y107.105 E3534.58956
G1 X129.401 Y108.021 E3534.7124
G1 X129.476 Y109.041 E3534.84847
G1 X129.496 Y110.011 E3534.97755
G1 X129.475 Y110.982 E3535.10676
G1 X129.401 Y111.967 E3535.23817
G1 X129.281 Y112.915 E3535.3653
G1 X129.112 Y113.868 E3535.49407
G1 X128.894 Y114.819 E3535.62387
G1 X128.626 Y115.773 E3535.75571
G1 X128.322 Y116.671 E3535.88184
G1 X127.964 Y117.582 E3536.01206
G1 X127.557 Y118.481 E3536.14335
G1 X127.122 Y119.326 E3536.26979
G1 X126.65 Y120.146 E3536.39566
G1 X126.095 Y121.004 E3536.53161
G1 X125.559 Y121.752 E3536.65404
G1 X124.927 Y122.543 E3536.78874
G1 F1495.5 X124.669 Y122.84 E3536.84124
G1 F1454.9 X124.302 Y123.294 E3536.92131
G1 F1401.9 X124.108 Y123.511 E3536.96275
G1 F1390.2 X123.627 Y123.998 E3537.06101
G1 F1442.3 X122.922 Y124.604 E3537.18964
G1 F1497 X122.13 Y125.268 E3537.32741
G1 F1500 X121.379 Y125.833 E3537.45244
G1 X120.572 Y126.384 E3537.58244
G1 X119.725 Y126.899 E3537.71432
G1 X118.917 Y127.343 E3537.83698
G1 X118.017 Y127.777 E3537.96991
G1 X117.106 Y128.159 E3538.10134
G1 X116.209 Y128.482 E3538.22818
G1 X115.268 Y128.773 E3538.35922
G1 X114.317 Y129.014 E3538.48974
G1 X113.39 Y129.203 E3538.6156
G1 X112.401 Y129.35 E3538.74863
G1 X111.442 Y129.444 E3538.87682
G1 X110.472 Y129.492 E3539.00603
G1 X109.528 Y129.493 E3539.13162
G1 F1500 E3532.63162
G0 F9000 X109.528 Y130.094
G0 X117.601 Y129.533
G0 X122.602 Y126.76
G0 X126.407 Y129.37
G0 X125.741 Y127.98
G1 F1500 E3539.13162
G1 X125.208 Y127.859 E3539.20434
G1 X124.669 Y127.497 E3539.29072
G1 X124.335 Y127.14 E3539.35576
G1 X124.113 Y126.666 E3539.42539
G1 X124.004 Y126.207 E3539.48816
G1 X124.004 Y125.785 E3539.5443
G1 F1486.6 X124.129 Y125.261 E3539.61661
G1 F1445.1 X124.294 Y124.902 E3539.67118
G1 F1412.4 X124.518 Y124.603 E3539.72396
G1 F1421.8 X124.9 Y124.251 E3539.79687
G1 F1463.4 X125.497 Y124.062 E3539.88226
G1 F1495.5 X125.989 Y123.984 E3539.94874
G1 F1500 X126.173 Y123.992 E3539.97324
G1 X126.793 Y124.135 E3540.05789
G1 X127.306 Y124.485 E3540.14051
G1 X127.675 Y124.879 E3540.21233
G1 X127.88 Y125.32 E3540.27703
G1 X127.987 Y125.776 E3540.33934
G1 X127.992 Y126.374 E3540.4189
G1 X127.755 Y126.952 E3540.50201
G1 X127.478 Y127.349 E3540.56642
G1 X127.171 Y127.621 E3540.62098
G1 X126.841 Y127.813 E3540.67178
G1 X126.365 Y127.969 E3540.73842
G1 X125.741 Y127.98 E3540.82145
G1 F1500 E3534.32145
G0 F9000 X126.407 Y129.37
G0 X129.021 Y127.734
G0 X140.28 Y129.802
G0 X142.975 Y131.361
G1 F1500 E3540.82145
G1 X142.452 Y131.008 E3540.9054
G1 X142.101 Y130.619 E3540.9751
G1 X141.89 Y130.169 E3541.04122
G1 X141.78 Y129.71 E3541.10402
G1 X141.78 Y129.286 E3541.16043
G1 X141.885 Y128.838 E3541.22165
G1 X142.06 Y128.467 E3541.27622
G1 X142.298 Y128.143 E3541.3297
G1 X142.718 Y127.77 E3541.40444
G1 X143.315 Y127.551 E3541.48904
G1 X143.858 Y127.47 E3541.56208
G1 X144.591 Y127.65 E3541.66249
G1 X145.091 Y127.988 E3541.74279
G1 X145.446 Y128.37 E3541.81216
G1 X145.658 Y128.815 E3541.87774
G1 X145.769 Y129.29 E3541.94264
G1 X145.761 Y129.891 E3542.0226
G1 X145.521 Y130.471 E3542.10611
G1 X145.252 Y130.851 E3542.16805
G1 X144.973 Y131.1 E3542.2178
G1 X144.624 Y131.313 E3542.2722
G1 X144.144 Y131.47 E3542.33939
G1 X143.536 Y131.486 E3542.42031
G1 X142.975 Y131.361 E3542.49677
G1 F1500 E3535.99677
G0 F9000 X142.638 Y131.856
G0 X144.187 Y132.961
G0 X112.65 Y151.207
G0 X109.839 Y152.541
G0 X109.76 Y150.986
G1 F1500 E3542.49677
G1 X109.195 Y150.853 E3542.57399
G1 X108.679 Y150.51 E3542.65643
G1 X108.324 Y150.128 E3542.7258
G1 X108.113 Y149.674 E3542.79241
G1 X108.004 Y149.206 E3542.85634
G1 X108.004 Y148.787 E3542.91208
G1 X108.112 Y148.318 E3542.97611
G1 X108.29 Y147.953 E3543.03014
G1 X108.534 Y147.634 E3543.08357
G1 X108.951 Y147.264 E3543.15774
G1 X109.549 Y147.047 E3543.24237
G1 X110.08 Y146.973 E3543.3137
G1 X110.798 Y147.139 E3543.41174
G1 X111.319 Y147.491 E3543.49539
G1 X111.663 Y147.87 E3543.56349
G1 X111.884 Y148.321 E3543.63031
G1 X111.992 Y148.791 E3543.69447
G1 X111.992 Y149.371 E3543.77163
G1 X111.759 Y149.952 E3543.85491
G1 X111.473 Y150.356 E3543.92076
G1 X111.197 Y150.6 E3543.96977
G1 X110.844 Y150.815 E3544.02476
G1 X110.367 Y150.97 E3544.09149
G1 X109.76 Y150.986 E3544.17227
G1 F1500 E3537.67227
G0 F9000 X109.839 Y152.541
G0 X110 Y154.422
G1 F1500 E3544.17227
G1 X148.468 Y132.207 E3550.08217
G1 X148.468 Y87.789 E3555.99156
G1 X110 Y65.578 E3561.90119
G1 X71.529 Y87.789 E3567.81117
G1 X71.528 Y132.207 E3573.72056
G1 X110 Y154.422 E3579.63092
G1 F1500 E3573.13092
G0 F9000 X110 Y152.591
G0 X111.876 Y150.72
G0 X112.237 Y150.218
G0 X112.532 Y149.468
G0 X112.532 Y148.734
G0 X112.398 Y148.145
G0 X112.124 Y147.566
G0 X111.674 Y147.081
G0 X111.016 Y146.636
G0 X110.173 Y146.443
G0 X110.2 Y145.484
G0 X110.228 Y130.972
G0 X110.51 Y131.392
;TYPE:SKIN
G1 F1500 E3579.63092
G1 X111.595 Y131.336 E3579.77546
G1 X112.59 Y131.238 E3579.90848
G1 X113.668 Y131.083 E3580.05337
G1 X114.736 Y130.866 E3580.19836
G1 X115.751 Y130.611 E3580.33759
G1 X116.759 Y130.303 E3580.47782
G1 X117.758 Y129.943 E3580.61909
G1 X118.785 Y129.514 E3580.76717
G1 X119.807 Y129.018 E3580.9183
G1 X120.648 Y128.559 E3581.04577
G1 X121.645 Y127.951 E3581.20113
G1 X122.381 Y127.445 E3581.31995
G1 X122.575 Y127.874 E3581.38259
G1 X122.742 Y128.173 E3581.42815
G1 X122.958 Y128.449 E3581.47478
G1 X123.354 Y128.866 E3581.55129
G1 X123.64 Y129.1 E3581.60045
G1 X124.26 Y129.51 E3581.69934
G1 X124.718 Y129.698 E3581.76521
G1 X125.565 Y129.878 E3581.88041
G1 X126.444 Y129.868 E3581.99736
G1 X126.837 Y129.81 E3582.05021
G1 X127.518 Y129.591 E3582.14538
G1 X127.83 Y129.437 E3582.19167
G1 X128.35 Y129.112 E3582.27325
G1 X128.695 Y128.808 E3582.33443
G1 X128.979 Y128.512 E3582.389
G1 X129.382 Y127.946 E3582.48144
G1 X129.533 Y127.63 E3582.52803
G1 X129.789 Y126.965 E3582.62284
G1 X129.888 Y126.425 E3582.69587
G1 X129.889 Y125.603 E3582.80523
G1 X129.737 Y124.906 E3582.90014
G1 X129.596 Y124.5 E3582.95732
G1 X129.319 Y123.937 E3583.0408
G1 X129.127 Y123.648 E3583.08696
G1 X128.578 Y123.073 E3583.19273
G1 X128.362 Y122.903 E3583.2293
G1 X127.797 Y122.514 E3583.32056
G1 X127.447 Y122.375 E3583.37066
G1 X127.696 Y122.027 E3583.42759
G1 X128.225 Y121.208 E3583.5573
G1 X128.805 Y120.206 E3583.71133
G1 X129.273 Y119.298 E3583.84723
G1 X129.733 Y118.268 E3583.99731
G1 X130.105 Y117.328 E3584.1318
G1 X130.431 Y116.355 E3584.26832
G1 X130.722 Y115.329 E3584.41021
G1 X130.988 Y114.172 E3584.56815
G1 X131.149 Y113.246 E3584.6932
G1 X131.287 Y112.171 E3584.83739
G1 X131.367 Y111.135 E3584.97563
G1 X131.396 Y110.05 E3585.12003
G1 X131.375 Y108.974 E3585.26321
G1 X131.295 Y107.902 E3585.40622
G1 X131.173 Y106.887 E3585.54223
G1 X130.981 Y105.796 E3585.68961
G1 X130.748 Y104.765 E3585.83023
G1 X130.454 Y103.702 E3585.97697
G1 X130.102 Y102.663 E3586.12291
G1 X129.738 Y101.733 E3586.25578
G1 X129.297 Y100.747 E3586.39948
G1 X128.797 Y99.775 E3586.5449
G1 X128.285 Y98.88 E3586.68208
G1 X127.645 Y97.889 E3586.83903
G1 X127.445 Y97.613 E3586.88437
G1 X127.72 Y97.496 E3586.92413
G1 X128.12 Y97.264 E3586.98565
G1 X128.484 Y96.995 E3587.04587
G1 X128.73 Y96.774 E3587.08986
G1 X128.995 Y96.486 E3587.14193
G1 X129.383 Y95.927 E3587.23246
G1 X129.513 Y95.678 E3587.26983
G1 X129.78 Y95.01 E3587.36554
G1 X129.885 Y94.52 E3587.43221
G1 X129.883 Y93.609 E3587.55341
G1 X129.744 Y92.937 E3587.6447
G1 X129.646 Y92.618 E3587.6891
G1 X129.332 Y91.957 E3587.78646
G1 X129.109 Y91.633 E3587.83879
G1 X128.745 Y91.237 E3587.91035
G1 X128.462 Y90.97 E3587.96211
G1 X127.858 Y90.558 E3588.05938
G1 X127.4 Y90.33 E3588.12744
G1 X126.491 Y90.113 E3588.25178
G1 X126.015 Y90.072 E3588.31534
G1 X125.336 Y90.155 E3588.40635
G1 X125.044 Y90.213 E3588.44595
G1 X124.238 Y90.499 E3588.55973
G1 X123.921 Y90.671 E3588.60772
G1 X123.641 Y90.881 E3588.65428
G1 X123.266 Y91.215 E3588.72109
G1 X123.011 Y91.49 E3588.77098
G1 X122.748 Y91.844 E3588.82966
G1 X122.575 Y92.136 E3588.87481
G1 X122.379 Y92.543 E3588.93491
G1 X121.597 Y92.013 E3589.06059
G1 X120.685 Y91.457 E3589.20269
G1 X119.769 Y90.953 E3589.34179
G1 X118.799 Y90.492 E3589.48467
G1 X117.772 Y90.055 E3589.63316
G1 X116.793 Y89.706 E3589.77143
G1 X115.853 Y89.414 E3589.90238
G1 X114.805 Y89.143 E3590.0464
G1 X113.765 Y88.93 E3590.18763
G1 X112.606 Y88.757 E3590.34353
G1 X111.605 Y88.658 E3590.47736
G1 X110.546 Y88.604 E3590.61843
G1 X109.459 Y88.604 E3590.76305
G1 X108.383 Y88.656 E3590.90636
G1 X107.341 Y88.762 E3591.04571
G1 X106.268 Y88.925 E3591.1901
G1 X105.269 Y89.124 E3591.32562
G1 X104.166 Y89.407 E3591.47711
G1 X103.185 Y89.709 E3591.61367
G1 X102.245 Y90.049 E3591.74666
G1 X101.225 Y90.479 E3591.89392
G1 X100.18 Y90.976 E3592.04787
G1 X99.321 Y91.446 E3592.17814
G1 X98.421 Y92 E3592.31875
G1 X97.615 Y92.542 E3592.44797
G1 X97.404 Y92.1 E3592.51313
G1 X97.235 Y91.806 E3592.55824
G1 X97.036 Y91.55 E3592.60138
G1 X96.625 Y91.117 E3592.68081
G1 X96.38 Y90.916 E3592.72297
G1 X95.744 Y90.484 E3592.82526
G1 X95.33 Y90.316 E3592.8847
G1 X94.553 Y90.132 E3592.99093
G1 X94.025 Y90.064 E3593.06175
G1 X93.2 Y90.177 E3593.17254
G1 X92.873 Y90.268 E3593.21769
G1 X92.096 Y90.562 E3593.32822
G1 X91.718 Y90.812 E3593.38851
G1 X91.313 Y91.168 E3593.46025
G1 X91.055 Y91.431 E3593.50927
G1 X90.666 Y91.955 E3593.59609
G1 X90.318 Y92.67 E3593.70188
G1 X90.152 Y93.353 E3593.79539
G1 X90.104 Y93.68 E3593.83936
G1 X90.105 Y94.229 E3593.9124
G1 X90.129 Y94.497 E3593.9482
G1 X90.306 Y95.286 E3594.05578
G1 X90.615 Y95.962 E3594.15466
G1 X90.863 Y96.333 E3594.21403
G1 X91.275 Y96.791 E3594.29599
G1 X91.514 Y97.013 E3594.33939
G1 X92.234 Y97.501 E3594.45511
G1 X92.549 Y97.616 E3594.49972
G1 X92.293 Y97.972 E3594.55806
G1 X91.763 Y98.792 E3594.68796
G1 X91.166 Y99.824 E3594.84657
G1 X90.75 Y100.64 E3594.96843
G1 X90.299 Y101.637 E3595.11401
G1 X89.883 Y102.678 E3595.26315
G1 X89.537 Y103.723 E3595.4096
G1 X89.278 Y104.649 E3595.53753
G1 X89.033 Y105.685 E3595.67916
G1 X88.831 Y106.863 E3595.83817
G1 X88.712 Y107.775 E3595.96053
G1 X88.621 Y108.966 E3596.11944
G1 X88.6 Y110.03 E3596.26102
G1 X88.62 Y110.991 E3596.3889
G1 X88.699 Y112.119 E3596.53934
G1 X88.823 Y113.111 E3596.67234
G1 X89.007 Y114.177 E3596.81626
G1 X89.253 Y115.234 E3596.96064
G1 X89.537 Y116.276 E3597.10433
G1 X89.857 Y117.239 E3597.23934
G1 X90.258 Y118.26 E3597.38527
G1 X90.683 Y119.216 E3597.52446
G1 X91.202 Y120.232 E3597.67624
G1 X91.694 Y121.086 E3597.80737
G1 X92.302 Y122.037 E3597.95754
G1 X92.551 Y122.382 E3598.01414
G1 X92.16 Y122.531 E3598.06981
G1 X91.61 Y122.906 E3598.15837
G1 X91.31 Y123.175 E3598.21198
G1 X91.031 Y123.469 E3598.2659
G1 X90.673 Y123.934 E3598.34397
G1 X90.306 Y124.707 E3598.45782
G1 X90.104 Y125.601 E3598.57975
G1 X90.109 Y126.428 E3598.68978
G1 X90.317 Y127.311 E3598.81047
G1 X90.633 Y127.993 E3598.91047
G1 X90.84 Y128.303 E3598.96006
G1 X91.231 Y128.746 E3599.03867
G1 X91.515 Y129.018 E3599.09099
G1 X92.297 Y129.54 E3599.21608
G1 X92.78 Y129.714 E3599.28438
G1 X93.576 Y129.878 E3599.3925
G1 X94.456 Y129.868 E3599.50959
G1 X94.849 Y129.805 E3599.56254
G1 X95.606 Y129.557 E3599.66852
G1 X96.223 Y129.201 E3599.76329
G1 X96.458 Y129.017 E3599.80299
G1 X96.733 Y128.774 E3599.85182
G1 X97.029 Y128.442 E3599.91099
G1 X97.27 Y128.104 E3599.96622
G1 X97.626 Y127.457 E3600.06447
G1 X98.419 Y127.994 E3600.19188
G1 X99.295 Y128.531 E3600.32858
G1 X100.155 Y129.003 E3600.4591
G1 X101.198 Y129.507 E3600.61321
G1 X102.219 Y129.934 E3600.76044
G1 X103.181 Y130.283 E3600.89659
G1 X104.143 Y130.582 E3601.03061
G1 X105.217 Y130.853 E3601.17798
G1 X106.245 Y131.07 E3601.31776
G1 X107.322 Y131.231 E3601.46264
G1 X108.392 Y131.334 E3601.60565
G1 X109.405 Y131.388 E3601.74061
G1 X110.51 Y131.392 E3601.88762
G1 F1500 E3595.38762
G0 F9000 X110.511 Y130.892
G0 X109.426 Y130.971
G0 X108.367 Y145.878
G0 X106.255 Y150.065
G1 F1500 E3601.88762
G1 X77.172 Y133.272 E3606.35553
G1 X77.598 Y133.139 E3606.41491
G1 X78.031 Y132.95 E3606.47776
G1 X78.34 Y132.768 E3606.52547
G1 X78.668 Y132.528 E3606.57954
G1 X78.955 Y132.273 E3606.63062
G1 X79.271 Y131.92 E3606.69365
G1 X79.495 Y131.608 E3606.74475
G1 X79.709 Y131.271 E3606.79786
G1 X80.055 Y130.353 E3606.92838
G1 X80.112 Y129.896 E3606.98965
G1 X80.108 Y129.105 E3607.09489
G1 X79.964 Y128.416 E3607.18853
G1 X79.878 Y128.138 E3607.22725
G1 X79.64 Y127.613 E3607.30394
G1 X79.398 Y127.203 E3607.36728
G1 X78.94 Y126.704 E3607.45739
G1 X78.706 Y126.488 E3607.49975
G1 X78.032 Y126.026 E3607.60847
G1 X77.654 Y125.84 E3607.66451
G1 X76.663 Y125.598 E3607.80023
G1 X76.302 Y125.58 E3607.84832
G1 X75.971 Y125.596 E3607.89241
G1 X75.556 Y125.657 E3607.94821
G1 X75.068 Y125.78 E3608.01517
G1 X74.584 Y125.952 E3608.0835
G1 X73.883 Y126.366 E3608.19181
G1 X73.429 Y126.765 E3608.27223
G1 X73.429 Y93.164 E3612.74252
G1 X73.639 Y93.368 E3612.78147
G1 X73.967 Y93.636 E3612.83782
G1 X74.272 Y93.83 E3612.88591
G1 X74.636 Y94.018 E3612.94042
G1 X74.951 Y94.143 E3612.98551
G1 X75.363 Y94.262 E3613.04256
G1 X75.761 Y94.332 E3613.09632
G1 X76.221 Y94.36 E3613.15763
G1 X76.697 Y94.332 E3613.22107
G1 X77.118 Y94.277 E3613.27756
G1 X77.89 Y94.001 E3613.38663
G1 X78.274 Y93.79 E3613.44492
G1 X78.694 Y93.486 E3613.5139
G1 X78.995 Y93.224 E3613.56699
G1 X79.347 Y92.815 E3613.63878
G1 X79.568 Y92.496 E3613.69041
G1 X79.848 Y91.931 E3613.7743
G1 X80 Y91.524 E3613.8321
G1 X80.128 Y90.839 E3613.92481
G1 X80.118 Y90.071 E3614.027
G1 X80.074 Y89.752 E3614.06984
G1 X79.935 Y89.188 E3614.14712
G1 X79.771 Y88.83 E3614.19951
G1 X79.548 Y88.417 E3614.26195
G1 X79.211 Y87.951 E3614.33846
G1 X78.98 Y87.696 E3614.38424
G1 X78.585 Y87.357 E3614.45349
G1 X78.242 Y87.129 E3614.50828
G1 X77.783 Y86.89 E3614.57713
G1 X77.527 Y86.79 E3614.61369
G1 X77.213 Y86.698 E3614.65723
G1 X106.25 Y69.933 E3619.11798
G1 X106.164 Y70.299 E3619.168
G1 X106.107 Y70.793 E3619.23416
G1 X106.104 Y71.144 E3619.28086
G1 X106.154 Y71.639 E3619.34705
G1 X106.249 Y72.05 E3619.40317
G1 X106.39 Y72.472 E3619.46236
G1 X106.564 Y72.847 E3619.51736
G1 X106.791 Y73.24 E3619.57774
G1 X106.963 Y73.452 E3619.61406
G1 X107.46 Y73.973 E3619.70985
G1 X108.263 Y74.513 E3619.83859
G1 X108.702 Y74.695 E3619.90182
G1 X109.36 Y74.841 E3619.99149
G1 X109.73 Y74.884 E3620.04105
G1 X110.59 Y74.861 E3620.1555
G1 X110.994 Y74.761 E3620.21087
G1 X111.409 Y74.629 E3620.26881
G1 X111.714 Y74.5 E3620.31287
G1 X112.242 Y74.194 E3620.39406
G1 X112.73 Y73.774 E3620.47971
G1 X112.968 Y73.527 E3620.52535
G1 X113.356 Y72.983 E3620.61425
G1 X113.527 Y72.647 E3620.6644
G1 X113.718 Y72.163 E3620.73363
G1 X113.845 Y71.756 E3620.79035
G1 X113.89 Y71.311 E3620.84985
G1 X113.893 Y70.852 E3620.91092
G1 X113.837 Y70.356 E3620.97733
G1 X113.742 Y69.933 E3621.03501
G1 X142.802 Y86.711 E3625.49927
G1 X142.127 Y86.956 E3625.59481
G1 X141.434 Y87.368 E3625.70207
G1 X141.105 Y87.653 E3625.75998
G1 X140.726 Y88.063 E3625.83426
G1 X140.549 Y88.31 E3625.87469
G1 X140.353 Y88.63 E3625.92461
G1 X140.138 Y89.069 E3625.98965
G1 X140.018 Y89.456 E3626.04355
G1 X139.881 Y90.123 E3626.13414
G1 X139.885 Y90.931 E3626.24164
G1 X140.085 Y91.778 E3626.35742
G1 X140.399 Y92.484 E3626.46022
G1 X140.646 Y92.85 E3626.51896
G1 X141.123 Y93.362 E3626.61206
G1 X141.422 Y93.606 E3626.66341
G1 X141.987 Y93.983 E3626.75377
G1 X142.355 Y94.155 E3626.80781
G1 X143.234 Y94.366 E3626.92808
G1 X143.603 Y94.384 E3626.97723
G1 X144.125 Y94.368 E3627.04671
G1 X144.403 Y94.347 E3627.0838
G1 X144.803 Y94.252 E3627.13849
G1 X145.195 Y94.122 E3627.19344
G1 X145.583 Y93.95 E3627.2499
G1 X145.89 Y93.77 E3627.29725
G1 X146.221 Y93.53 E3627.35164
G1 X146.568 Y93.222 E3627.41337
G1 X146.568 Y126.787 E3631.87888
G1 X146.103 Y126.376 E3631.96144
G1 X145.715 Y126.116 E3632.02358
G1 X145.304 Y125.891 E3632.08592
G1 X144.951 Y125.773 E3632.13544
G1 X144.344 Y125.636 E3632.21822
G1 X143.909 Y125.577 E3632.27662
G1 X143.529 Y125.6 E3632.32727
G1 X143.09 Y125.66 E3632.38622
G1 X142.741 Y125.734 E3632.43368
G1 X142.126 Y125.958 E3632.52076
G1 X141.876 Y126.068 E3632.5571
G1 X141.547 Y126.266 E3632.60819
G1 X140.929 Y126.807 E3632.71746
G1 X140.456 Y127.433 E3632.82184
G1 X140.096 Y128.166 E3632.93049
G1 X139.905 Y128.972 E3633.04069
G1 X139.881 Y129.261 E3633.07927
G1 X139.885 Y129.942 E3633.16987
G1 X140.048 Y130.664 E3633.26834
G1 X140.176 Y130.997 E3633.31581
G1 X140.347 Y131.361 E3633.36931
G1 X140.506 Y131.659 E3633.41425
G1 X140.746 Y131.958 E3633.46526
G1 X141.06 Y132.294 E3633.52644
G1 X141.442 Y132.621 E3633.59334
G1 X141.866 Y132.903 E3633.66108
G1 X142.569 Y133.207 E3633.76298
G1 X142.825 Y133.273 E3633.79815
G1 X113.747 Y150.064 E3638.26536
G1 X113.892 Y149.309 E3638.36764
G1 X113.892 Y148.852 E3638.42844
G1 X113.842 Y148.361 E3638.4941
G1 X113.747 Y147.947 E3638.55061
G1 X113.602 Y147.517 E3638.61098
G1 X113.403 Y147.099 E3638.67258
G1 X113.243 Y146.819 E3638.71548
G1 X113.01 Y146.522 E3638.7657
G1 X112.728 Y146.216 E3638.82106
G1 X112.516 Y146.016 E3638.85984
G1 X111.907 Y145.589 E3638.95879
G1 X111.612 Y145.424 E3639.00376
G1 X111.266 Y145.296 E3639.05284
G1 X110.341 Y145.08 E3639.17921
G1 X109.838 Y145.087 E3639.24614
G1 X109.247 Y145.171 E3639.32556
G1 X108.919 Y145.253 E3639.37054
G1 X108.21 Y145.51 E3639.47087
G1 X107.789 Y145.768 E3639.53656
G1 X107.132 Y146.328 E3639.65141
G1 X106.767 Y146.817 E3639.73259
G1 X106.579 Y147.129 E3639.78105
G1 X106.404 Y147.488 E3639.83419
G1 X106.244 Y147.949 E3639.89911
G1 X106.154 Y148.357 E3639.95469
G1 X106.106 Y148.793 E3640.01305
G1 X106.107 Y149.208 E3640.06826
G1 X106.159 Y149.64 E3640.12615
G1 X106.255 Y150.065 E3640.18412
G1 F1500 E3633.68412
G0 F9000 X106.736 Y149.936
G0 X107.213 Y151.092
G0 X78.194 Y134.44
G0 X79.112 Y132.852
G1 F1500 E3640.18412
G1 X81.392 Y135.132 E3640.61309
G0 F9000 X80.891 Y135.997
G0 X75.569 Y132.875
G0 X79.291 Y130.969
G0 X79.765 Y132.091
G1 F1500 X84.738 Y137.064 E3641.54875
G0 F9000 X84.237 Y137.929
G0 X87.584 Y139.862
G0 X88.085 Y138.997
G1 F1500 X80.276 Y131.187 E3643.01809
G0 F9000 X79.293 Y130.961
G0 X80.591 Y130.089
G1 F1500 X91.432 Y140.93 E3645.0578
G0 F9000 X90.931 Y141.795
G0 X94.278 Y143.727
G0 X94.779 Y142.862
G1 F1500 X80.515 Y128.598 E3647.74154
G0 F9000 X79.54 Y128.81
G0 X76.871 Y126.166
G0 X77.109 Y125.192
G1 F1500 X73.929 Y122.012 E3648.33985
G0 F9000 X72.928 Y122.012
G0 X72.928 Y123.426
G0 X73.929 Y123.426
G1 F1500 X75.642 Y125.14 E3648.66224
G0 F9000 X75.786 Y126.131
G0 X74.849 Y126.391
G0 X74.491 Y125.403
G1 F1500 X73.929 Y124.84 E3648.76808
G0 F9000 X74.8 Y126.409
G0 X73.001 Y128.222
G0 X72.928 Y120.598
G0 X73.929 Y120.598
G1 F1500 X98.126 Y144.795 E3653.32069
G0 F9000 X97.625 Y145.66
G0 X100.972 Y147.593
G0 X101.473 Y146.728
G1 F1500 X73.929 Y119.184 E3658.50303
G0 F9000 X72.928 Y119.184
G0 X72.928 Y117.769
G0 X73.929 Y117.769
G1 F1500 X104.82 Y148.661 E3664.31519
G0 F9000 X106.604 Y148.853
G0 X106.673 Y148.326
G0 X105.668 Y148.094
G1 F1500 X73.929 Y116.355 E3670.28681
G0 F9000 X72.928 Y116.355
G0 X72.928 Y114.941
G0 X73.929 Y114.941
G1 F1500 X106.055 Y147.068 E3676.33134
G0 F9000 X106.951 Y147.503
G0 X107.402 Y146.805
G0 X106.603 Y146.201
G1 F1500 X73.929 Y113.527 E3682.47888
G0 F9000 X72.928 Y113.527
G0 X72.928 Y112.112
G0 X73.929 Y112.112
G1 F1500 X90.534 Y128.718 E3685.60317
G0 F9000 X91.569 Y128.37
G0 X91.835 Y128.632
G0 X91.281 Y129.465
G1 F1500 X107.32 Y145.504 E3688.62087
G0 F9000 X107.974 Y146.262
G0 X108.545 Y145.92
G0 X108.21 Y144.98
G1 F1500 X93.607 Y130.376 E3691.36849
G0 F9000 X94.449 Y129.371
G0 X94.942 Y130.297
G1 F1500 X109.303 Y144.658 E3694.07048
G0 F9000 X109.438 Y145.65
G0 X110.48 Y145.626
G0 X110.71 Y144.651
G1 F1500 X95.981 Y129.922 E3696.8417
G0 F9000 X94.37 Y129.371
G0 X96.166 Y128.614
G0 X96.83 Y129.357
G1 F1500 X115.783 Y148.31 E3700.40767
G0 F9000 X116.283 Y149.177
G0 X115.386 Y149.695
G0 X114.886 Y148.828
G1 F1500 X114.402 Y148.343 E3700.49883
G0 F9000 X115.233 Y149.783
G0 X117.18 Y148.659
G0 X116.68 Y147.792
G1 F1500 X97.526 Y128.639 E3704.10251
G0 F9000 X98.748 Y127.613
G0 X100.018 Y128.358
G0 X99.534 Y129.233
G1 F1500 X117.576 Y147.274 E3707.49698
G0 F9000 X118.076 Y148.141
G0 X118.973 Y147.623
G0 X118.472 Y146.756
G1 F1500 X102.163 Y130.447 E3710.56548
G0 F9000 X102.502 Y129.506
G0 X106.108 Y130.532
G0 X104.257 Y131.127
G1 F1500 X119.369 Y146.239 E3713.40877
G0 F9000 X119.869 Y147.106
G0 X120.766 Y146.588
G0 X120.265 Y145.721
G1 F1500 X106.094 Y131.55 E3716.07501
G0 F9000 X106.297 Y130.571
G0 X107.732 Y131.774
G1 F1500 X121.162 Y145.204 E3718.60184
G0 F9000 X121.661 Y146.071
G0 X122.559 Y145.553
G0 X122.059 Y144.686
G1 F1500 X109.254 Y131.881 E3721.01107
G0 F9000 X109.306 Y130.885
G0 X110.621 Y130.887
G0 X110.671 Y131.885
G1 F1500 X122.955 Y144.168 E3723.32218
G0 F9000 X123.455 Y145.035
G0 X124.351 Y144.518
G0 X123.851 Y143.65
G1 F1500 X112.001 Y131.8 E3725.55173
G0 F9000 X113.539 Y130.597
G0 X113.262 Y131.647
G1 F1500 X124.748 Y143.133 E3727.7128
G0 F9000 X125.248 Y144
G0 X126.144 Y143.483
G0 X125.644 Y142.615
G1 F1500 X114.463 Y131.433 E3729.81657
G0 F9000 X113.522 Y130.6
G0 X115.362 Y130.194
G0 X115.606 Y131.163
G1 F1500 X126.541 Y142.097 E3731.87387
G0 F9000 X127.041 Y142.965
G0 X127.938 Y142.447
G0 X127.438 Y141.58
G1 F1500 X116.702 Y130.844 E3733.89383
G0 F9000 X116.409 Y129.886
G0 X117.414 Y129.536
G0 X117.75 Y130.478
G1 F1500 X128.334 Y141.062 E3735.88518
G0 F9000 X128.834 Y141.929
G0 X129.731 Y141.411
G0 X129.23 Y140.544
G1 F1500 X118.754 Y130.068 E3737.85622
G0 F9000 X119.646 Y128.541
G0 X119.717 Y129.617
G1 F1500 X130.127 Y140.026 E3739.81474
G0 F9000 X130.628 Y140.893
G0 X131.523 Y140.377
G0 X131.023 Y139.509
G1 F1500 X120.645 Y129.13 E3741.76743
G0 F9000 X119.937 Y128.381
G0 X121.454 Y127.48
G0 X121.534 Y128.605
G1 F1500 X131.92 Y138.991 E3743.72153
G0 F9000 X132.42 Y139.859
G0 X133.317 Y139.341
G0 X132.817 Y138.473
G1 F1500 X124.483 Y130.14 E3745.28946
G0 F9000 X124.23 Y128.895
G0 X126.407 Y129.37
G0 X126.128 Y130.371
G1 F1500 X133.713 Y137.956 E3746.71656
G0 F9000 X134.213 Y138.823
G0 X135.11 Y138.305
G0 X134.609 Y137.438
G1 F1500 X127.347 Y130.176 E3748.08289
G0 F9000 X126.425 Y129.37
G0 X128.314 Y129.728
G1 F1500 X135.506 Y136.92 E3749.43605
G0 F9000 X136.007 Y137.787
G0 X136.903 Y137.27
G0 X136.402 Y136.402
G1 F1500 X129.104 Y129.104 E3750.80915
G0 F9000 X128.4 Y128.4
G0 X128.92 Y127.738
G0 X129.732 Y128.318
G1 F1500 X137.299 Y135.885 E3752.23287
G0 F9000 X137.8 Y136.752
G0 X138.696 Y136.235
G0 X138.196 Y135.367
G1 F1500 X130.176 Y127.348 E3753.74172
G0 F9000 X129.248 Y126.987
G0 X129.39 Y126.139
G0 X130.387 Y126.144
G1 F1500 X139.091 Y134.849 E3755.37945
G0 F9000 X139.592 Y135.717
G0 X140.489 Y135.199
G0 X139.988 Y134.331
G1 F1500 X130.109 Y124.452 E3757.23816
G0 F9000 X129.166 Y124.782
G0 X127.614 Y122.996
G0 X128.611 Y121.54
G1 F1500 X140.885 Y133.814 E3759.54749
G0 F9000 X141.386 Y134.682
G0 X144.187 Y132.961
G0 X140.655 Y130.843
G0 X139.75 Y131.265
G1 F1500 X129.13 Y120.644 E3761.54571
G0 F9000 X128.267 Y120.144
G0 X128.731 Y119.262
G0 X129.618 Y119.718
G1 F1500 X139.382 Y129.483 E3763.38288
G0 F9000 X140.38 Y129.483
G0 X140.478 Y128.709
G0 X139.562 Y128.249
G1 F1500 X130.066 Y118.752 E3765.16962
G0 F9000 X129.156 Y118.342
G0 X129.547 Y117.384
G0 X130.476 Y117.748
G1 F1500 X139.986 Y127.258 E3766.95891
G0 F9000 X140.933 Y127.629
G0 X141.295 Y127.156
G0 X140.588 Y126.446
G1 F1500 X130.842 Y116.7 E3768.7926
G0 F9000 X129.899 Y116.381
G0 X130.203 Y115.337
G0 X131.163 Y115.607
G1 F1500 X141.356 Y125.8 E3770.71039
G0 F9000 X141.792 Y126.72
G0 X142.666 Y126.294
G0 X142.324 Y125.353
G1 F1500 X131.433 Y114.463 E3772.75941
G0 F9000 X130.461 Y114.24
G0 X130.663 Y113.139
G0 X131.65 Y113.265
G1 F1500 X143.488 Y125.103 E3774.9867
G0 F9000 X143.564 Y126.098
G0 X144.796 Y126.252
G0 X145.088 Y125.289
G1 F1500 X131.801 Y112.002 E3777.48662
G0 F9000 X130.869 Y111.133
G0 X131.879 Y110.666
G1 F1500 X146.068 Y124.855 E3780.15625
G0 F9000 X147.068 Y124.855
G0 X147.068 Y123.441
G0 X146.068 Y123.441
G1 F1500 X131.88 Y109.252 E3782.82578
G0 F9000 X130.877 Y109.013
G0 X130.719 Y107.298
G0 X131.779 Y107.737
G1 F1500 X146.068 Y122.027 E3785.51432
G0 F9000 X147.068 Y122.027
G0 X147.068 Y120.613
G0 X146.068 Y120.613
G1 F1500 X131.537 Y106.082 E3788.2483
G0 F9000 X130.556 Y106.253
G0 X130.509 Y105.986
G0 X131.127 Y104.257
G1 F1500 X146.068 Y119.198 E3791.05941
G0 F9000 X147.068 Y119.198
G0 X147.068 Y117.784
G0 X146.068 Y117.784
G1 F1500 X130.442 Y102.158 E3793.99941
G0 F9000 X129.511 Y102.522
G0 X128.357 Y100.008
G0 X129.239 Y99.54
G1 F1500 X146.068 Y116.37 E3797.16584
G0 F9000 X147.068 Y116.37
G0 X147.068 Y114.956
G0 X146.068 Y114.956
G1 F1500 X128.634 Y97.521 E3800.4461
G0 F9000 X127.184 Y98.107
G0 X126.763 Y97.391
G0 X129.253 Y94.993
G0 X129.355 Y96.828
G1 F1500 X146.068 Y113.542 E3803.59071
G0 F9000 X147.068 Y113.542
G0 X147.068 Y112.127
G0 X146.068 Y112.127
G1 F1500 X129.919 Y95.978 E3806.62911
G0 F9000 X129.253 Y94.993
G0 X130.304 Y94.948
G1 F1500 X146.068 Y110.713 E3809.59516
G0 F9000 X147.068 Y110.713
G0 X147.068 Y109.299
G0 X146.068 Y109.299
G1 F1500 X130.378 Y93.608 E3812.54729
G0 F9000 X129.272 Y94.945
G0 X127.952 Y91.228
G0 X129.462 Y91.278
G1 F1500 X146.068 Y107.885 E3815.67177
G0 F9000 X147.068 Y107.885
G0 X147.068 Y106.47
G0 X146.068 Y106.47
G1 F1500 X113.391 Y73.793 E3821.81987
G0 F9000 X112.673 Y74.489
G1 F1500 X128.732 Y90.549 E3824.84143
G0 F9000 X127.952 Y91.228
G0 X126.437 Y90.615
G0 X126.366 Y89.597
G1 F1500 X111.784 Y75.014 E3827.5851
G0 F9000 X111.39 Y74.095
G0 X110.528 Y74.365
G0 X110.706 Y75.351
G1 F1500 X125.056 Y89.701 E3830.28502
G0 F9000 X125.064 Y90.733
G0 X124.452 Y90.953
G0 X124.002 Y90.061
G1 F1500 X109.273 Y75.332 E3833.05624
G0 F9000 X109.463 Y74.353
G0 X106.669 Y71.65
G0 X105.594 Y71.653
G1 F1500 X105.11 Y71.169 E3833.14731
G0 F9000 X106.604 Y71.143
G0 X107.187 Y68.923
G0 X103.716 Y70.823
G0 X104.213 Y71.686
G1 F1500 X123.163 Y90.636 E3836.71271
G0 F9000 X122.46 Y91.347
G1 F1500 X103.317 Y72.204 E3840.31442
G0 F9000 X102.82 Y71.341
G0 X101.923 Y71.858
G0 X102.42 Y72.722
G1 F1500 X120.461 Y90.763 E3843.70879
G0 F9000 X119.978 Y91.639
G0 X117.491 Y90.487
G0 X117.829 Y89.545
G1 F1500 X101.524 Y73.239 E3846.77663
G0 F9000 X101.027 Y72.376
G0 X100.13 Y72.893
G0 X100.628 Y73.758
G1 F1500 X115.736 Y88.866 E3849.61917
G0 F9000 X115.335 Y89.796
G0 X113.706 Y89.432
G0 X113.904 Y88.448
G1 F1500 X99.731 Y74.275 E3852.28579
G0 F9000 X99.234 Y73.411
G0 X98.337 Y73.929
G0 X98.834 Y74.793
G1 F1500 X112.262 Y88.22 E3854.81214
G0 F9000 X112.165 Y89.215
G0 X110.689 Y89.111
G0 X110.741 Y88.114
G1 F1500 X97.938 Y75.31 E3857.22109
G0 F9000 X97.441 Y74.446
G0 X96.544 Y74.964
G0 X97.041 Y75.828
G1 F1500 X109.323 Y88.11 E3859.53192
G0 F9000 X109.374 Y89.109
G0 X108.09 Y89.19
G0 X107.992 Y88.193
G1 F1500 X96.145 Y76.346 E3861.76091
G0 F9000 X95.647 Y75.481
G0 X94.751 Y75.999
G0 X95.248 Y76.863
G1 F1500 X106.733 Y88.348 E3863.92179
G0 F9000 X106.885 Y89.338
G0 X105.73 Y89.545
G0 X105.533 Y88.562
G1 F1500 X94.351 Y77.38 E3866.02565
G0 F9000 X93.854 Y76.517
G0 X92.957 Y77.035
G0 X93.454 Y77.898
G1 F1500 X104.389 Y88.832 E3868.08295
G0 F9000 X104.636 Y89.803
G0 X103.59 Y90.109
G0 X103.294 Y89.152
G1 F1500 X92.557 Y78.415 E3870.1031
G0 F9000 X92.06 Y77.552
G0 X91.164 Y78.069
G0 X91.662 Y78.934
G1 F1500 X102.245 Y89.517 E3872.09426
G0 F9000 X102.581 Y90.462
G0 X101.629 Y90.853
G0 X101.242 Y89.928
G1 F1500 X90.765 Y79.451 E3874.06549
G0 F9000 X90.268 Y78.587
G0 X89.371 Y79.105
G0 X89.868 Y79.969
G1 F1500 X100.276 Y90.377 E3876.02373
G0 F9000 X100.708 Y91.281
G0 X99.831 Y91.741
G0 X99.347 Y90.862
G1 F1500 X88.972 Y80.486 E3877.97586
G0 F9000 X88.475 Y79.622
G0 X87.578 Y80.14
G0 X88.075 Y81.004
G1 F1500 X98.46 Y91.389 E3879.92977
G0 F9000 X98.982 Y92.246
G0 X97.383 Y93.244
G0 X95.586 Y90.977
G0 X95.498 Y89.841
G1 F1500 X87.178 Y81.522 E3881.49507
G0 F9000 X86.681 Y80.658
G0 X85.785 Y81.175
G0 X86.282 Y82.039
G1 F1500 X93.825 Y89.582 E3882.91426
G0 F9000 X93.911 Y90.581
G0 X93.023 Y90.747
G0 X92.646 Y89.817
G1 F1500 X85.385 Y82.557 E3884.28031
G0 F9000 X84.888 Y81.693
G0 X83.992 Y82.21
G0 X84.489 Y83.074
G1 F1500 X91.665 Y90.251 E3885.63055
G0 F9000 X91.995 Y91.239
G0 X91.587 Y91.604
G0 X90.887 Y90.887
G1 F1500 X83.592 Y83.592 E3887.00309
G0 F9000 X83.095 Y82.728
G0 X82.198 Y83.246
G0 X82.695 Y84.11
G1 F1500 X90.254 Y91.669 E3888.4253
G0 F9000 X91.256 Y92
G0 X90.831 Y92.754
G0 X89.809 Y92.637
G1 F1500 X81.799 Y84.627 E3889.93236
G0 F9000 X81.302 Y83.763
G0 X80.405 Y84.281
G0 X80.902 Y85.145
G1 F1500 X89.605 Y93.848 E3891.56981
G0 F9000 X90.604 Y93.848
G0 X90.962 Y95.518
G0 X89.869 Y95.526
G1 F1500 X80.006 Y85.662 E3893.42561
G0 F9000 X79.509 Y84.798
G0 X75.885 Y86.993
G0 X78.104 Y87.636
G0 X79.109 Y86.18
G1 F1500 X91.382 Y98.453 E3895.73475
G0 F9000 X92.228 Y98.999
G0 X91.732 Y99.85
G0 X90.863 Y99.349
G1 F1500 X80.3 Y88.786 E3897.72215
G0 F9000 X79.479 Y89.426
G0 X79.542 Y91.281
G0 X80.624 Y90.523
G1 F1500 X90.375 Y100.275 E3899.55687
G0 F9000 X91.265 Y100.733
G0 X90.841 Y101.656
G0 X89.929 Y101.243
G1 F1500 X80.448 Y91.761 E3901.3408
G0 F9000 X79.534 Y91.326
G0 X80.008 Y92.736
G1 F1500 X89.517 Y102.245 E3903.12989
G0 F9000 X90.449 Y102.616
G0 X90.101 Y103.611
G0 X89.151 Y103.293
G1 F1500 X79.388 Y93.53 E3904.96678
G0 F9000 X78.672 Y92.843
G0 X78.025 Y93.352
G0 X78.608 Y94.165
G1 F1500 X88.831 Y104.387 E3906.89012
G0 F9000 X89.797 Y104.654
G0 X89.533 Y105.755
G0 X88.557 Y105.527
G1 F1500 X77.65 Y94.62 E3908.94225
G0 F9000 X77.318 Y93.677
G0 X76.404 Y93.851
G0 X76.46 Y94.845
G1 F1500 X88.347 Y106.731 E3911.17866
G0 F9000 X89.316 Y107
G0 X89.218 Y107.78
G0 X88.193 Y107.992
G1 F1500 X74.824 Y94.623 E3913.69401
G0 F9000 X74.353 Y93.291
G0 X73.929 Y95.142
G1 F1500 X88.115 Y109.328 E3916.36307
G0 F9000 X89.113 Y109.345
G0 X89.115 Y110.723
G0 X88.116 Y110.744
G1 F1500 X73.929 Y96.556 E3919.03242
G0 F9000 X72.928 Y96.556
G0 X72.928 Y97.97
G0 X73.929 Y97.97
G1 F1500 X88.213 Y112.255 E3921.72002
G0 F9000 X89.208 Y112.13
G0 X89.442 Y113.743
G0 X88.453 Y113.909
G1 F1500 X73.929 Y99.385 E3924.45267
G0 F9000 X72.928 Y99.385
G0 X72.928 Y100.799
G0 X73.929 Y100.799
G1 F1500 X88.874 Y115.744 E3927.26454
G0 F9000 X90.085 Y116.332
G0 X90.327 Y117.061
G0 X89.555 Y117.839
G1 F1500 X73.929 Y102.213 E3930.20454
G0 F9000 X72.928 Y102.213
G0 X72.928 Y103.627
G0 X73.929 Y103.627
G1 F1500 X90.752 Y120.451 E3933.36984
G0 F9000 X91.649 Y120.003
G0 X93.226 Y122.593
G0 X91.947 Y123.279
G0 X91.353 Y122.465
G1 F1500 X73.929 Y105.041 E3936.64813
G0 F9000 X72.928 Y105.041
G0 X72.928 Y106.456
G0 X73.929 Y106.456
G1 F1500 X90.638 Y123.165 E3939.79189
G0 F9000 X91.396 Y123.813
G0 X91.15 Y124.139
G0 X90.078 Y124.019
G1 F1500 X73.929 Y107.87 E3942.83029
G0 F9000 X72.928 Y107.87
G0 X72.928 Y109.284
G0 X73.929 Y109.284
G1 F1500 X89.714 Y125.07 E3945.80029
G0 F9000 X90.604 Y125.733
G0 X90.655 Y126.584
G0 X89.608 Y126.378
G1 F1500 X73.929 Y110.698 E3948.75036
G1 F1500 E3942.25036
G0 F9000 X72.928 Y110.698
G0 X72.976 Y91.567
G0 X77.014 Y93.849
G0 X79.682 Y90.126
G0 X76.298 Y87.011
G0 X75.885 Y86.993
G0 X107.187 Y68.923
G0 X107.743 Y73.637
G0 X109.7 Y73.99
G0 X113.042 Y72.501
G0 X113.945 Y72.933
G1 F1500 E3948.75036
G1 X146.068 Y105.056 E3954.79423
G0 F9000 X147.068 Y105.056
G0 X147.068 Y103.642
G0 X146.068 Y103.642
G1 F1500 X114.324 Y71.897 E3960.76688
G0 F9000 X115.281 Y70.245
G0 X115.688 Y70.48
G0 X115.186 Y71.346
G1 F1500 X146.068 Y102.228 E3966.57726
G0 F9000 X147.068 Y102.228
G0 X147.068 Y100.814
G0 X146.068 Y100.814
G1 F1500 X118.532 Y73.277 E3971.75819
G0 F9000 X119.034 Y72.412
G0 X122.38 Y74.344
G0 X121.878 Y75.209
G1 F1500 X146.068 Y99.399 E3976.30948
G0 F9000 X147.068 Y99.399
G0 X147.068 Y97.985
G0 X146.068 Y97.985
G1 F1500 X142.877 Y94.794 E3976.90986
G0 F9000 X142.143 Y93.489
G0 X144.259 Y93.858
G0 X144.35 Y94.853
G1 F1500 X146.068 Y96.571 E3977.2331
G0 F9000 X147.068 Y96.571
G0 X147.068 Y95.157
G0 X146.068 Y95.157
G1 F1500 X145.501 Y94.59 E3977.33978
G0 F9000 X147.068 Y94.59
G0 X147.117 Y91.057
G0 X145.226 Y93.637
G0 X142.759 Y92.864
G0 X140.45 Y91.162
G0 X139.479 Y91.396
G1 F1500 X125.224 Y77.14 E3980.02192
G0 F9000 X125.725 Y76.275
G0 X129.071 Y78.207
G0 X128.569 Y79.072
G1 F1500 X139.415 Y89.918 E3982.06257
G0 F9000 X140.38 Y90.246
G0 X140.612 Y89.238
G0 X139.714 Y88.802
G1 F1500 X131.915 Y81.003 E3983.52994
G0 F9000 X132.416 Y80.138
G0 X135.763 Y82.071
G0 X135.261 Y82.935
G1 F1500 X140.228 Y87.903 E3984.46456
G0 F9000 X141.033 Y88.495
G0 X141.561 Y87.922
G0 X140.887 Y87.147
G1 F1500 X138.606 Y84.866 E3984.89372
G1 F1500 E3978.39372
;MESH:NONMESH
G0 F300 X138.606 Y84.866 Z2.56
G0 F9000 X139.107 Y84.002
G0 X112.781 Y68.906
G0 X112.406 Y73.479
G0 X107.743 Y73.637
G0 X107.187 Y68.923
G0 X75.885 Y86.993
G0 X73.33 Y88.509
G0 X74.526 Y87.606
;TIME_ELAPSED:1703.766888
;LAYER:7
;TYPE:WALL-INNER
;MESH:top-fan-holder.stl
G1 F1500 E3984.89372
G1 F887.6 X74.885 Y87.409 E3984.9858
G1 F867.6 X75.254 Y87.232 E3985.07994
G1 F1500 E3978.57994
G0 F9000 X75.97 Y86.841
G0 X107.187 Y68.923
G0 X107.709 Y72.785
G0 X110.369 Y74.374
G0 X110.195 Y74
G1 F1500 E3985.07994
G1 X109.928 Y73.996 E3985.11546
G1 X109.324 Y73.931 E3985.19628
G1 X108.792 Y73.752 E3985.27096
G1 X108.26 Y73.448 E3985.35248
G1 X107.797 Y73.051 E3985.43362
G1 X107.518 Y72.68 E3985.49538
G1 X107.366 Y72.431 E3985.53419
G1 X107.238 Y72.167 E3985.57322
G1 X107.126 Y71.85 E3985.61795
G1 X107.042 Y71.486 E3985.66765
G1 X107.004 Y71.148 E3985.7129
G1 X107.004 Y70.848 E3985.75281
G1 X107.042 Y70.51 E3985.79806
G1 X107.126 Y70.146 E3985.84776
G1 X107.238 Y69.829 E3985.89249
G1 X107.366 Y69.565 E3985.93152
G1 X107.518 Y69.316 E3985.97034
G1 F1521.3 X107.713 Y69.081 E3986.01039
G1 F1589 X107.934 Y68.884 E3986.04757
G1 F1674.1 X108.415 Y68.515 E3986.11984
G1 F1734.1 X108.729 Y68.357 E3986.16029
G1 F1716.2 X109.177 Y68.173 E3986.21661
G1 F1619.9 X109.479 Y68.07 E3986.25592
G1 F1467.7 X109.987 Y67.956 E3986.32671
G1 F1457.7 X110.474 Y68.057 E3986.39479
G1 F1607.7 X110.812 Y68.168 E3986.43895
G1 F1700.7 X111.105 Y68.284 E3986.47593
G1 F1744.2 X111.585 Y68.544 E3986.53839
G1 X111.808 Y68.692 E3986.56901
G1 F1691.1 X112.048 Y68.873 E3986.60449
G1 F1602.6 X112.293 Y69.096 E3986.64574
G1 F1527.5 X112.488 Y69.329 E3986.68543
G1 F1500 X112.63 Y69.565 E3986.72208
G1 X112.758 Y69.829 E3986.76111
G1 X112.87 Y70.146 E3986.80584
G1 X112.954 Y70.51 E3986.85554
G1 X112.992 Y70.848 E3986.90079
G1 X112.992 Y71.148 E3986.9407
G1 X112.954 Y71.486 E3986.98595
G1 X112.87 Y71.85 E3987.03565
G1 X112.756 Y72.17 E3987.08085
G1 X112.593 Y72.507 E3987.13065
G1 X112.444 Y72.759 E3987.1696
G1 X112.02 Y73.224 E3987.25332
G1 X111.511 Y73.597 E3987.33727
G1 X111.122 Y73.778 E3987.39435
G1 X110.885 Y73.868 E3987.42808
G1 X110.195 Y74 E3987.52154
G1 F1500 E3981.02154
G0 F9000 X110.369 Y74.374
G0 X113.453 Y71.146
G0 X112.814 Y68.924
G0 X144.33 Y87.087
G0 X140.453 Y89.543
G0 X140.565 Y90.939
G0 X143.108 Y93.435
G1 F1500 E3987.52154
G1 X142.511 Y93.228 E3987.60561
G1 X142.034 Y92.942 E3987.6796
G1 X141.64 Y92.61 E3987.74815
G1 X141.464 Y92.411 E3987.78349
G1 X141.198 Y92.035 E3987.84477
G1 X140.942 Y91.52 E3987.92128
G1 X140.779 Y90.797 E3988.01988
G1 X140.784 Y90.149 E3988.1061
G1 X140.957 Y89.447 E3988.20228
G1 X141.142 Y89.065 E3988.25875
G1 X141.285 Y88.829 E3988.29546
G1 X141.465 Y88.585 E3988.3358
G1 X141.685 Y88.346 E3988.37902
G1 X142.001 Y88.07 E3988.43484
G1 X142.48 Y87.788 E3988.50879
G1 X142.936 Y87.624 E3988.57326
G1 X143.25 Y87.548 E3988.61624
G1 X143.525 Y87.512 E3988.65314
G1 X143.858 Y87.506 E3988.69745
G1 F1524.4 X144.248 Y87.558 E3988.74896
G1 F1599.1 X144.59 Y87.663 E3988.7936
G1 F1698.8 X144.97 Y87.823 E3988.84204
G1 F1754.4 X145.361 Y88.044 E3988.89313
G1 F1744.2 X145.593 Y88.2 E3988.92511
G1 F1698.8 X145.827 Y88.385 E3988.96016
G1 F1618.1 X146.053 Y88.586 E3988.99746
G1 F1467.7 X146.405 Y88.969 E3989.06818
G1 F1442.3 X146.53 Y89.331 E3989.12117
G1 F1572.3 X146.604 Y89.656 E3989.16348
G1 F1676 X146.669 Y90.025 E3989.20809
G1 F1740.1 X146.693 Y90.348 E3989.24524
G1 F1758.5 X146.693 Y90.807 E3989.29733
G1 F1681.6 X146.609 Y91.341 E3989.36148
G1 F1565.8 X146.527 Y91.668 E3989.40444
G1 F1509.1 X146.369 Y92.007 E3989.4539
G1 F1500 X146.128 Y92.36 E3989.51077
G1 X145.876 Y92.636 E3989.56049
G1 X145.649 Y92.839 E3989.601
G1 X145.416 Y93.007 E3989.63922
G1 X145.167 Y93.154 E3989.67769
G1 X144.898 Y93.278 E3989.7171
G1 X144.547 Y93.39 E3989.76611
G1 X144.103 Y93.474 E3989.82623
G1 X143.808 Y93.507 E3989.86572
G1 X143.108 Y93.435 E3989.95934
G1 F1500 E3983.45934
G0 F9000 X141.827 Y93.405
G0 X130.036 Y103.776
G0 X110.526 Y130.492
G1 F1500 E3989.95934
G1 X109.49 Y130.492 E3990.09717
G1 X108.468 Y130.441 E3990.23331
G1 X107.45 Y130.34 E3990.36941
G1 X106.417 Y130.185 E3990.50838
G1 X105.415 Y129.979 E3990.64447
G1 X104.483 Y129.743 E3990.77238
G1 X103.424 Y129.415 E3990.91987
G1 X102.483 Y129.071 E3991.05317
G1 X101.539 Y128.673 E3991.18946
G1 X100.671 Y128.257 E3991.31752
G1 X99.732 Y127.742 E3991.46
G1 X98.837 Y127.195 E3991.59955
G1 X98.053 Y126.659 E3991.7259
G1 X97.264 Y126.066 E3991.85721
G1 X96.997 Y125.848 E3991.90307
G1 X96.992 Y126.197 E3991.94951
G1 X96.954 Y126.486 E3991.98829
G1 X96.84 Y126.984 E3992.05625
G1 X96.537 Y127.621 E3992.1501
G1 X96.352 Y127.86 E3992.19031
G1 X95.969 Y128.27 E3992.26495
G1 X95.498 Y128.606 E3992.34193
G1 X94.916 Y128.864 E3992.42662
G1 X94.117 Y129.007 E3992.53461
G1 X93.506 Y128.953 E3992.61622
G1 X93.185 Y128.884 E3992.6599
G1 X92.717 Y128.718 E3992.72596
G1 X92.247 Y128.434 E3992.79902
G1 X91.795 Y128.05 E3992.87792
G1 X91.425 Y127.553 E3992.96036
G1 X91.165 Y127.015 E3993.03985
G1 X91.003 Y126.298 E3993.13765
G1 X91.007 Y125.681 E3993.21973
G1 X91.134 Y125.115 E3993.29691
G1 X91.222 Y124.864 E3993.33229
G1 X91.441 Y124.42 E3993.39816
G1 X91.715 Y124.055 E3993.45888
G1 X91.906 Y123.852 E3993.49596
G1 X92.218 Y123.576 E3993.55138
G1 X92.58 Y123.331 E3993.60953
G1 X93.281 Y123.081 E3993.70855
G1 X93.756 Y123.012 E3993.77241
G1 X94.156 Y123.004 E3993.82563
G1 X93.671 Y122.396 E3993.9291
G1 X93.048 Y121.527 E3994.07136
G1 X92.52 Y120.711 E3994.20066
G1 X91.997 Y119.806 E3994.33972
G1 X91.514 Y118.865 E3994.48044
G1 X91.097 Y117.929 E3994.61677
G1 X90.73 Y117.002 E3994.74941
G1 X90.41 Y116.042 E3994.88404
G1 X90.127 Y115.025 E3995.02448
G1 X89.893 Y114.011 E3995.16293
G1 X89.724 Y113.022 E3995.29641
G1 X89.604 Y112.098 E3995.42038
G1 X89.52 Y110.976 E3995.57007
G1 X89.5 Y110.032 E3995.69568
G1 X89.524 Y108.934 E3995.8418
G1 X89.607 Y107.895 E3995.98047
G1 X89.733 Y106.913 E3996.11218
G1 X89.893 Y105.985 E3996.23747
G1 X90.142 Y104.91 E3996.38427
G1 X90.411 Y103.943 E3996.51781
G1 X90.731 Y102.992 E3996.6513
G1 X91.109 Y102.036 E3996.78807
G1 X91.535 Y101.087 E3996.92646
G1 X92.007 Y100.171 E3997.06355
G1 X92.519 Y99.286 E3997.19958
G1 X93.053 Y98.459 E3997.33055
G1 X93.625 Y97.66 E3997.46128
G1 X94.166 Y96.981 E3997.57678
G1 X93.894 Y96.993 E3997.613
G1 X93.333 Y96.932 E3997.68808
G1 X92.776 Y96.748 E3997.76612
G1 X92.366 Y96.512 E3997.82906
G1 X92.136 Y96.345 E3997.86687
G1 X91.912 Y96.149 E3997.90647
G1 X91.715 Y95.941 E3997.94458
G1 X91.518 Y95.68 E3997.98809
G1 X91.378 Y95.457 E3998.02312
G1 X91.163 Y95.002 E3998.09007
G1 X91.002 Y94.296 E3998.18641
G1 X91.013 Y93.634 E3998.27449
G1 X91.174 Y92.962 E3998.36643
G1 X91.44 Y92.422 E3998.44651
G1 X91.824 Y91.923 E3998.53028
G1 X92.328 Y91.487 E3998.61894
G1 X92.573 Y91.342 E3998.65682
G1 X93.266 Y91.084 E3998.75519
G1 X93.756 Y91.012 E3998.82108
G1 X94.087 Y91.006 E3998.86513
G1 X94.687 Y91.068 E3998.94538
G1 X95.267 Y91.276 E3999.02735
G1 X95.766 Y91.569 E3999.10434
G1 X96.13 Y91.885 E3999.16847
G1 X96.308 Y92.085 E3999.20409
G1 X96.575 Y92.449 E3999.26415
G1 X96.838 Y93.006 E3999.34609
G1 X96.954 Y93.51 E3999.4149
G1 X96.992 Y93.808 E3999.45487
G1 X96.991 Y94.162 E3999.50196
G1 X97.229 Y93.961 E3999.54341
G1 X98.057 Y93.334 E3999.68159
G1 X98.899 Y92.765 E3999.81679
G1 X99.789 Y92.221 E3999.95556
G1 X100.676 Y91.736 E4000.09006
G1 X101.544 Y91.324 E4000.21788
G1 X102.552 Y90.897 E4000.36352
G1 X103.491 Y90.559 E4000.4963
G1 X104.483 Y90.253 E4000.63441
G1 X105.437 Y90.012 E4000.76532
G1 X106.418 Y89.814 E4000.89846
G1 X107.497 Y89.651 E4001.04364
G1 X108.504 Y89.553 E4001.17824
G1 X109.493 Y89.504 E4001.30998
G1 X110.549 Y89.505 E4001.45047
G1 X111.493 Y89.553 E4001.57623
G1 X112.54 Y89.655 E4001.71618
G1 X113.564 Y89.812 E4001.854
G1 X114.563 Y90.012 E4001.98955
G1 X115.589 Y90.275 E4002.13046
G1 X116.569 Y90.58 E4002.26701
G1 X117.451 Y90.898 E4002.39175
G1 X118.427 Y91.311 E4002.53274
G1 X119.359 Y91.756 E4002.67014
G1 X120.228 Y92.232 E4002.80196
G1 X121.103 Y92.768 E4002.93848
G1 X121.939 Y93.334 E4003.07279
G1 X122.767 Y93.961 E4003.21097
G1 X123.005 Y94.162 E4003.25242
G1 X123.004 Y93.808 E4003.29951
G1 X123.042 Y93.51 E4003.33948
G1 X123.158 Y93.006 E4003.40829
G1 X123.423 Y92.445 E4003.49083
G1 X123.702 Y92.072 E4003.5528
G1 X123.87 Y91.884 E4003.58634
G1 X124.343 Y91.466 E4003.67032
G1 X124.665 Y91.302 E4003.7184
G1 X125.313 Y91.073 E4003.80983
G1 X125.914 Y90.99 E4003.89055
G1 X126.663 Y91.059 E4003.99062
G1 X127.232 Y91.265 E4004.07113
G1 X127.622 Y91.48 E4004.13037
G1 X127.836 Y91.629 E4004.16507
G1 X128.237 Y91.989 E4004.23676
G1 X128.572 Y92.446 E4004.31215
G1 X128.825 Y92.968 E4004.38932
G1 X128.985 Y93.641 E4004.48135
G1 X128.989 Y94.312 E4004.57062
G1 X128.862 Y94.881 E4004.64819
G1 X128.775 Y95.132 E4004.68353
G1 X128.499 Y95.69 E4004.76635
G1 X128.014 Y96.232 E4004.86311
G1 X127.534 Y96.586 E4004.94246
G1 X127.123 Y96.778 E4005.00281
G1 X126.771 Y96.89 E4005.05196
G1 X126.327 Y96.973 E4005.11205
G1 X125.843 Y96.995 E4005.17651
G1 X126.371 Y97.66 E4005.28947
G1 X126.945 Y98.462 E4005.42069
G1 X127.477 Y99.286 E4005.55117
G1 X128.006 Y100.203 E4005.69202
G1 X128.46 Y101.084 E4005.82387
G1 X128.888 Y102.031 E4005.96213
G1 X129.266 Y102.995 E4006.09989
G1 X129.579 Y103.922 E4006.23006
G1 X129.875 Y104.977 E4006.37584
G1 X130.102 Y105.978 E4006.51239
G1 X130.277 Y106.979 E4006.64759
G1 X130.393 Y107.895 E4006.77042
G1 X130.476 Y109.02 E4006.9205
G1 X130.496 Y110.032 E4007.05516
G1 X130.476 Y110.976 E4007.18078
G1 X130.393 Y112.091 E4007.32953
G1 X130.277 Y113.015 E4007.45343
G1 X130.102 Y114.018 E4007.58888
G1 X129.857 Y115.089 E4007.73505
G1 X129.574 Y116.093 E4007.87383
G1 X129.266 Y117.002 E4008.00152
G1 X128.884 Y117.976 E4008.14071
G1 X128.464 Y118.903 E4008.2761
G1 X128.008 Y119.791 E4008.40891
G1 X127.517 Y120.645 E4008.53997
G1 X126.908 Y121.586 E4008.68909
G1 X126.372 Y122.334 E4008.81151
G1 X125.833 Y123.01 E4008.92654
G1 X126.087 Y123.006 E4008.96033
G1 X126.579 Y123.055 E4009.02611
G1 X126.829 Y123.119 E4009.06045
G1 X127.232 Y123.259 E4009.11721
G1 X127.615 Y123.476 E4009.17577
G1 X127.85 Y123.642 E4009.21405
G1 X128.078 Y123.838 E4009.25405
G1 X128.284 Y124.054 E4009.29376
G1 X128.555 Y124.419 E4009.35424
G1 X128.835 Y124.986 E4009.43837
G1 X128.995 Y125.709 E4009.53689
G1 X128.987 Y126.345 E4009.62151
G1 X128.824 Y127.031 E4009.71531
G1 X128.497 Y127.693 E4009.81354
G1 X128.029 Y128.215 E4009.90682
G1 X127.554 Y128.571 E4009.98579
G1 X127.019 Y128.827 E4010.0647
G1 X126.771 Y128.89 E4010.09874
G1 X126.181 Y128.995 E4010.17846
G1 X125.894 Y128.993 E4010.21665
G1 X125.335 Y128.93 E4010.29149
G1 X124.731 Y128.726 E4010.3763
G1 X124.226 Y128.424 E4010.45459
G1 X123.874 Y128.115 E4010.5169
G1 X123.702 Y127.924 E4010.5511
G1 X123.426 Y127.555 E4010.6124
G1 X123.178 Y127.043 E4010.68809
G1 X123.043 Y126.486 E4010.76434
G1 X123.004 Y126.197 E4010.80314
G1 X123 Y125.848 E4010.84957
G1 X122.732 Y126.066 E4010.89553
G1 X121.943 Y126.659 E4011.02684
G1 X121.093 Y127.238 E4011.16367
G1 X120.207 Y127.775 E4011.3015
G1 X119.362 Y128.239 E4011.42976
G1 X118.427 Y128.689 E4011.56781
G1 X117.445 Y129.1 E4011.70943
G1 X116.505 Y129.437 E4011.84229
G1 X115.514 Y129.742 E4011.98023
G1 X114.563 Y129.984 E4012.11079
G1 X113.578 Y130.186 E4012.24456
G1 X112.532 Y130.342 E4012.38526
G1 X111.493 Y130.443 E4012.52414
G1 X110.526 Y130.492 E4012.65295
G1 F1500 E4006.15295
G0 F9000 X109.937 Y130.991
G0 X109.993 Y145.504
G0 X109.931 Y146.454
G0 X109.417 Y146.523
G0 X108.675 Y146.793
G0 X108.134 Y147.27
G0 X107.829 Y147.674
G0 X107.603 Y148.141
G0 X107.468 Y148.734
G0 X107.468 Y149.266
G0 X107.603 Y149.859
G0 X107.829 Y150.326
G0 X108.002 Y150.556
G0 X109.957 Y152.6
G0 X110.012 Y152.044
G1 F1500 E4012.65295
G1 F1460.6 X109.507 Y151.936 E4012.72351
G1 F1607.7 X109.201 Y151.836 E4012.76347
G1 F1696.8 X108.892 Y151.715 E4012.8025
G1 F1746.2 X108.664 Y151.6 E4012.83168
G1 F1760.6 X108.404 Y151.448 E4012.86582
G1 F1742.2 X108.178 Y151.296 E4012.89702
G1 F1687.3 X107.942 Y151.115 E4012.9322
G1 F1606 X107.718 Y150.911 E4012.96984
G1 F1530.6 X107.518 Y150.679 E4013.00978
G1 F1500 X107.366 Y150.431 E4013.04848
G1 X107.238 Y150.167 E4013.08751
G1 X107.126 Y149.85 E4013.13224
G1 X107.042 Y149.486 E4013.18194
G1 X107.004 Y149.148 E4013.22719
G1 X107.004 Y148.848 E4013.2671
G1 X107.042 Y148.51 E4013.31235
G1 X107.126 Y148.146 E4013.36205
G1 X107.238 Y147.829 E4013.40678
G1 X107.366 Y147.565 E4013.44581
G1 X107.518 Y147.316 E4013.48463
G1 X107.804 Y146.95 E4013.54642
G1 X108.3 Y146.508 E4013.63481
G1 X108.582 Y146.332 E4013.67903
G1 X109.317 Y146.069 E4013.78289
G1 X109.92 Y145.991 E4013.86378
G1 X110.673 Y146.064 E4013.96443
G1 X111.232 Y146.259 E4014.0432
G1 X111.732 Y146.545 E4014.11983
G1 X112.206 Y146.947 E4014.20252
G1 X112.488 Y147.329 E4014.26569
G1 X112.63 Y147.565 E4014.30233
G1 X112.758 Y147.829 E4014.34136
G1 X112.87 Y148.146 E4014.38609
G1 X112.954 Y148.51 E4014.43579
G1 X112.992 Y148.848 E4014.48104
G1 X112.992 Y149.148 E4014.52095
G1 X112.954 Y149.486 E4014.5662
G1 X112.87 Y149.85 E4014.6159
G1 X112.757 Y150.171 E4014.66118
G1 X112.592 Y150.507 E4014.71098
G1 F1535.3 X112.335 Y150.844 E4014.76607
G1 F1604.3 X111.989 Y151.18 E4014.82606
G1 F1700.7 X111.473 Y151.526 E4014.89896
G1 F1750.3 X111.094 Y151.716 E4014.9473
G1 F1685.4 X110.763 Y151.848 E4014.98949
G1 F1572.3 X110.326 Y151.97 E4015.04708
G1 F1440.9 X110.012 Y152.044 E4015.09176
G0 F9000 X109.957 Y152.6
G0 X110 Y153.217
G1 F1377.4 X110.272 Y153.059 E4015.13733
G1 F1440.9 X110.666 Y152.888 E4015.19682
G1 F1572.3 X111.076 Y152.695 E4015.25433
G1 F1685.4 X111.491 Y152.484 E4015.30946
G1 F1750.3 X111.897 Y152.26 E4015.36233
G1 F1738.1 X112.417 Y151.944 E4015.43219
G1 F1637.6 X112.94 Y151.596 E4015.50874
G1 F1535.3 X113.429 Y151.287 E4015.58393
G1 F1500 X143.923 Y133.677 E4020.26876
G1 F1460.6 X144.425 Y133.356 E4020.35018
G1 F1228.5 X144.733 Y132.986 E4020.42838
G1 F964 X145.05 Y132.607 E4020.53066
G1 X144.584 Y132.58 E4020.62729
G1 F1228.5 X144.108 Y132.5 E4020.7057
G1 F1460.6 X143.67 Y132.493 E4020.76555
G1 F1500 X143.282 Y132.453 E4020.81745
G1 X142.961 Y132.384 E4020.86113
G1 X142.685 Y132.292 E4020.89983
G1 X142.402 Y132.164 E4020.94116
G1 X142.142 Y132.011 E4020.98129
G1 X141.922 Y131.854 E4021.01725
G1 X141.694 Y131.658 E4021.05725
G1 X141.465 Y131.411 E4021.10206
G1 X141.285 Y131.167 E4021.1424
G1 X141.142 Y130.931 E4021.17911
G1 X140.937 Y130.51 E4021.24141
G1 X140.78 Y129.801 E4021.33802
G1 X140.788 Y129.139 E4021.4261
G1 X140.951 Y128.46 E4021.519
G1 X141.198 Y127.961 E4021.59307
G1 X141.464 Y127.585 E4021.65435
G1 X141.64 Y127.386 E4021.68969
G1 X142.1 Y126.983 E4021.77106
G1 X142.48 Y126.788 E4021.82788
G1 X143.126 Y126.564 E4021.91884
G1 X143.525 Y126.512 E4021.97238
G1 X143.858 Y126.506 E4022.01669
G1 X144.25 Y126.542 E4022.06906
G1 X144.605 Y126.619 E4022.11738
G1 X144.882 Y126.715 E4022.15639
G1 X145.131 Y126.828 E4022.19277
G1 X145.391 Y126.976 E4022.23257
G1 X145.636 Y127.151 E4022.27262
G1 X145.86 Y127.347 E4022.31222
G1 X146.07 Y127.573 E4022.35327
G1 X146.254 Y127.816 E4022.39382
G1 X146.406 Y128.065 E4022.43263
G1 F1518.2 X146.523 Y128.334 E4022.47119
G1 F1580.6 X146.606 Y128.655 E4022.51305
G1 F1672.2 X146.669 Y129.025 E4022.55784
G1 F1740.1 X146.693 Y129.348 E4022.59498
G1 F1758.5 X146.693 Y129.813 E4022.64775
G1 F1691.1 X146.604 Y130.34 E4022.71082
G1 F1570.7 X146.529 Y130.669 E4022.7537
G1 F1442.3 X146.396 Y131.046 E4022.80901
G1 F1463.4 X146.115 Y131.348 E4022.86526
G1 F1606 X145.841 Y131.604 E4022.91186
G1 F1432.7 X145.704 Y131.916 E4022.95932
G1 F1088.5 X145.429 Y132.336 E4023.05136
G1 F919.1 X145.33 Y132.462 E4023.08615
G1 X145.491 Y132.444 E4023.12132
G1 F1088.5 X145.997 Y132.369 E4023.2151
G1 F1432.7 X146.401 Y132.301 E4023.27217
G1 F1606 X146.71 Y132.089 E4023.31873
G1 F1463.4 X147.152 Y131.762 E4023.39371
G1 F1379.9 X147.425 Y131.605 E4023.43925
G1 X147.425 Y131.291 E4023.48466
G1 F1442.3 X147.472 Y130.886 E4023.54107
G1 F1570.7 X147.51 Y130.443 E4023.59756
G1 F1685.4 X147.536 Y129.97 E4023.65366
G1 F1750.3 X147.543 Y129.348 E4023.72458
G1 F1740.1 X147.531 Y128.927 E4023.77288
G1 F1600.9 X147.468 Y127.822 E4023.91085
G1 F1504.5 X147.471 Y109.854 E4026.29415
G1 F1513.6 X147.474 Y91.886 E4028.66311
G1 F1619.9 X147.536 Y90.97 E4028.77621
G1 F1750.3 X147.543 Y90.348 E4028.84714
G1 F1698.8 X147.51 Y89.553 E4028.94061
G1 F1572.3 X147.472 Y89.115 E4028.99641
G1 F1442.3 X147.424 Y88.705 E4029.05353
G1 F1378.7 X147.424 Y88.392 E4029.09883
G1 X147.152 Y88.235 E4029.14429
G1 F1467.7 X146.674 Y87.884 E4029.22492
G1 F1618.1 X146.346 Y87.66 E4029.27391
G1 F1714.3 X145.786 Y87.308 E4029.35091
G1 F1746.2 X145.245 Y87.003 E4029.42188
G1 F1634 X144.534 Y86.656 E4029.51851
G1 F1524.4 X144.186 Y86.472 E4029.57004
G1 F1500 X113.171 Y68.565 E4034.33466
G1 F1606 X112.307 Y67.989 E4034.46369
G1 F1744.2 X111.742 Y67.653 E4034.5389
G1 F1714.3 X111.183 Y67.356 E4034.61259
G1 F1607.7 X110.76 Y67.155 E4034.67072
G1 F1457.7 X110.272 Y66.941 E4034.74367
G1 F1378.7 X110 Y66.784 E4034.78913
G1 X109.729 Y66.941 E4034.83446
G1 F1467.7 X109.179 Y67.181 E4034.91605
G1 F1619.9 X108.803 Y67.364 E4034.96757
G1 F1730.1 X108.083 Y67.745 E4035.06153
G1 F1773 X107.81 Y67.91 E4035.09743
G1 F1619.9 X106.845 Y68.555 E4035.24043
G1 F1500 X75.999 Y86.363 E4039.97899
G1 F1332.1 X75.698 Y86.682 E4040.04469
G1 F1087.7 X75.476 Y86.957 E4040.10953
G1 F918.6 X75.254 Y87.232 E4040.18632
G1 X75.571 Y87.295 E4040.25653
G1 F1087.7 X75.889 Y87.358 E4040.31601
G1 F1332.1 X76.313 Y87.472 E4040.38178
G1 F1500 X76.619 Y87.495 E4040.42261
G1 X76.911 Y87.547 E4040.46206
G1 X77.233 Y87.642 E4040.50673
G1 X77.574 Y87.786 E4040.55598
G1 X77.869 Y87.954 E4040.60114
G1 X78.117 Y88.134 E4040.64191
G1 X78.328 Y88.318 E4040.67915
G1 X78.528 Y88.53 E4040.71793
G1 X78.753 Y88.841 E4040.769
G1 X78.969 Y89.237 E4040.82901
G1 X79.08 Y89.476 E4040.86407
G1 X79.221 Y90.053 E4040.94309
G1 X79.23 Y90.78 E4041.03982
G1 X79.099 Y91.406 E4041.12491
G1 X78.74 Y92.143 E4041.23397
G1 X78.311 Y92.658 E4041.32315
G1 X78.02 Y92.911 E4041.37445
G1 X77.27 Y93.295 E4041.48654
G1 X76.631 Y93.456 E4041.57421
G1 X75.925 Y93.456 E4041.66814
G1 X75.654 Y93.402 E4041.7049
G1 X75.222 Y93.282 E4041.76455
G1 X74.84 Y93.115 E4041.82002
G1 X74.52 Y92.919 E4041.86994
G1 X74.253 Y92.711 E4041.91497
G1 X74.041 Y92.503 E4041.95448
G1 X73.812 Y92.214 E4042.00354
G1 X73.579 Y91.834 E4042.06284
G1 F1533.7 X73.449 Y91.494 E4042.1102
G1 F1606 X73.328 Y90.989 E4042.17473
G1 F1698.8 X73.309 Y90.656 E4042.21392
G1 F1746.2 X73.325 Y90.174 E4042.26903
G1 F1702.6 X73.359 Y89.856 E4042.30651
G1 F1625.1 X73.435 Y89.489 E4042.35254
G1 F1522.8 X73.567 Y89.02 E4042.41638
G1 F1483.7 X73.816 Y88.712 E4042.46966
G1 F1421.8 X74.023 Y88.509 E4042.51035
G1 F1246.9 X74.153 Y88.229 E4042.55976
G1 F1076 X74.284 Y87.948 E4042.61726
G1 F945.8 X74.526 Y87.606 E4042.70566
G1 F953 X74.239 Y87.648 E4042.7664
G1 F1084.6 X74.003 Y87.684 E4042.81032
G1 F1246.9 X73.74 Y87.731 E4042.85308
G1 F1480.8 X73.477 Y87.778 E4042.88909
G1 F1562.5 X73.141 Y88.014 E4042.94153
G1 F1432.7 X72.849 Y88.235 E4042.99254
G1 F1372.4 X72.575 Y88.394 E4043.03861
G1 X72.575 Y88.709 E4043.08441
G1 F1469.1 X72.503 Y89.362 E4043.17365
G1 F1653.8 X72.46 Y90.154 E4043.26936
G1 F1730.1 X72.461 Y90.978 E4043.3644
G1 F1644.7 X72.506 Y91.638 E4043.44467
G1 F1533.7 X72.528 Y92.129 E4043.50862
G1 F1500 X72.528 Y127.796 E4048.25378
G1 F1513.6 X72.519 Y128.091 E4048.29269
G1 F1616.4 X72.465 Y128.946 E4048.39846
G1 F1738.1 X72.454 Y129.348 E4048.44463
G1 F1746.2 X72.46 Y129.97 E4048.51572
G1 F1683.5 X72.485 Y130.423 E4048.5695
G1 F1569 X72.527 Y130.905 E4048.63103
G1 F1436.8 X72.573 Y131.29 E4048.68489
G1 F1376.1 X72.573 Y131.604 E4048.73042
G1 X72.845 Y131.761 E4048.77596
G1 F1462 X73.305 Y132.101 E4048.85404
G1 F1612.9 X73.65 Y132.336 E4048.90569
G1 F1716.2 X74.201 Y132.682 E4048.98135
G1 F1750.3 X74.753 Y132.993 E4049.05358
G1 F1609.4 X75.786 Y133.511 E4049.19687
G1 F1500 X106.841 Y151.444 E4053.96783
G1 F1604.3 X107.675 Y151.999 E4054.09244
G1 F1742.2 X108.236 Y152.335 E4054.16735
G1 F1712.3 X108.834 Y152.653 E4054.24628
G1 F1607.7 X109.217 Y152.834 E4054.29886
G1 F1460.6 X109.728 Y153.059 E4054.37515
G1 F1377.4 X110 Y153.217 E4054.42073
G1 F1500 E4047.92073
G0 F9000 X110 Y152.591
G0 X107.192 Y151.08
G0 X75.647 Y132.903
G0 X77.74 Y132.539
G0 X77.339 Y132.281
G1 F1500 E4054.42073
G1 X76.995 Y132.39 E4054.46873
G1 X76.551 Y132.474 E4054.52885
G1 X76.116 Y132.492 E4054.58677
G1 F1529.1 X75.734 Y132.433 E4054.63722
G1 F1606 X75.434 Y132.341 E4054.67621
G1 F1694.9 X75.117 Y132.214 E4054.71642
G1 F1750.3 X74.888 Y132.099 E4054.74564
G1 F1764.7 X74.628 Y131.947 E4054.7797
G1 F1746.2 X74.403 Y131.796 E4054.81066
G1 F1698.8 X74.169 Y131.611 E4054.84571
G1 F1612.9 X73.932 Y131.4 E4054.88497
G1 F1462 X73.593 Y131.026 E4054.95387
G1 F1436.8 X73.471 Y130.682 E4055.00456
G1 F1569 X73.389 Y130.325 E4055.05115
G1 F1691.1 X73.306 Y129.809 E4055.11283
G1 F1754.4 X73.306 Y129.348 E4055.16526
G1 F1738.1 X73.328 Y129.039 E4055.20083
G1 F1672.2 X73.386 Y128.67 E4055.24541
G1 F1577.3 X73.478 Y128.317 E4055.29156
G1 F1513.6 X73.602 Y128.049 E4055.33049
G1 F1500 X73.737 Y127.829 E4055.36483
G1 X73.916 Y127.585 E4055.40509
G1 X74.137 Y127.346 E4055.4484
G1 X74.452 Y127.07 E4055.50412
G1 X74.928 Y126.789 E4055.57766
G1 X75.38 Y126.625 E4055.64163
G1 X75.7 Y126.548 E4055.68542
G1 X75.98 Y126.512 E4055.72298
G1 X76.311 Y126.506 E4055.76702
G1 X76.887 Y126.559 E4055.84397
G1 X77.43 Y126.752 E4055.92064
G1 X77.931 Y127.024 E4055.99649
G1 X78.355 Y127.386 E4056.07066
G1 X78.532 Y127.585 E4056.10609
G1 X78.798 Y127.961 E4056.16737
G1 X79.048 Y128.464 E4056.24209
G1 X79.209 Y129.141 E4056.33467
G1 X79.214 Y129.843 E4056.42807
G1 X79.039 Y130.547 E4056.52458
G1 X78.764 Y131.125 E4056.60974
G1 X78.572 Y131.368 E4056.65094
G1 X78.316 Y131.644 E4056.70102
G1 X78.106 Y131.832 E4056.73852
G1 X77.878 Y132 E4056.7762
G1 X77.611 Y132.157 E4056.81741
G1 X77.339 Y132.281 E4056.85718
G0 F9000 X77.74 Y132.539
G0 X76.976 Y131.988
G0 X76.867 Y131.397
;TYPE:WALL-OUTER
G1 F1500 X76.293 Y131.506 E4056.93491
G1 X75.787 Y131.453 E4057.0026
G1 X75.404 Y131.329 E4057.05615
G1 X75.052 Y131.123 E4057.11042
G1 X74.752 Y130.861 E4057.16341
G1 X74.506 Y130.519 E4057.21945
G1 X74.336 Y130.181 E4057.26979
G1 X74.239 Y129.735 E4057.33051
G1 X74.231 Y129.294 E4057.38919
G1 X74.337 Y128.811 E4057.45498
G1 X74.541 Y128.423 E4057.5133
G1 X74.753 Y128.136 E4057.56077
G1 X75.181 Y127.761 E4057.63648
G1 X75.769 Y127.548 E4057.71968
G1 X76.163 Y127.497 E4057.77253
G1 X76.671 Y127.544 E4057.84041
G1 X77.037 Y127.672 E4057.89199
G1 X77.379 Y127.864 E4057.94417
G1 X77.668 Y128.112 E4057.99484
G1 X77.916 Y128.435 E4058.04901
G1 X78.11 Y128.835 E4058.10816
G1 X78.215 Y129.31 E4058.17288
G1 X78.211 Y129.722 E4058.22769
G1 X78.106 Y130.174 E4058.28943
G1 X77.889 Y130.625 E4058.35601
G1 X77.552 Y130.998 E4058.42289
G1 X77.244 Y131.225 E4058.4738
G1 X76.867 Y131.397 E4058.52892
G1 F1500 E4052.02892
G0 F9000 X76.976 Y131.988
G0 X77.91 Y131.406
G0 X78.139 Y131.113
G0 X79.695 Y129.942
G0 X91.029 Y127.824
G0 X94.061 Y128.005
G1 F1500 E4058.52892
G1 X93.551 Y127.952 E4058.59714
G1 X93.177 Y127.824 E4058.64973
G1 X92.831 Y127.622 E4058.70303
G1 X92.533 Y127.361 E4058.75574
G1 X92.287 Y127.04 E4058.80954
G1 X92.106 Y126.649 E4058.86686
G1 X92.005 Y126.186 E4058.92991
G1 X92.009 Y125.772 E4058.98499
G1 X92.116 Y125.316 E4059.04731
G1 X92.275 Y124.982 E4059.09652
G1 X92.531 Y124.634 E4059.15399
G1 X92.946 Y124.266 E4059.22779
G1 X93.559 Y124.048 E4059.31434
G1 X93.942 Y123.996 E4059.36577
G1 F1486.6 X94.43 Y124.041 E4059.43155
G1 F1459.1 X94.869 Y124.181 E4059.49457
G1 F1416.4 X95.224 Y124.37 E4059.55123
G1 F1392.8 X95.508 Y124.625 E4059.60592
G1 F1409.8 X95.704 Y124.907 E4059.65454
G1 F1449.3 X95.865 Y125.262 E4059.70821
G1 F1488.1 X95.993 Y125.789 E4059.78094
G1 F1500 X95.992 Y126.212 E4059.83722
G1 X95.876 Y126.691 E4059.90278
G1 X95.669 Y127.12 E4059.96616
G1 X95.33 Y127.493 E4060.03321
G1 X95.028 Y127.715 E4060.08308
G1 X94.656 Y127.889 E4060.13772
G1 X94.061 Y128.005 E4060.21837
G1 F1500 E4053.71837
G0 F9000 X93.928 Y129.399
G0 X97.396 Y126.762
G0 X101.997 Y129.228
G0 X109.473 Y130.091
G0 X109.502 Y129.492
G1 F1500 E4060.21837
G1 X108.531 Y129.442 E4060.34772
G1 X107.57 Y129.347 E4060.47619
G1 X106.592 Y129.201 E4060.60775
G1 X105.661 Y129.009 E4060.73422
G1 X104.703 Y128.766 E4060.86571
G1 X103.765 Y128.475 E4060.99637
G1 X102.87 Y128.149 E4061.12309
G1 X101.971 Y127.771 E4061.25284
G1 X101.079 Y127.343 E4061.38446
G1 X100.252 Y126.888 E4061.51004
G1 X99.401 Y126.369 E4061.64265
G1 X98.599 Y125.82 E4061.77195
G1 X97.845 Y125.25 E4061.8977
G1 F1446.5 X96.365 Y123.993 E4062.1656
G1 F1392.8 X95.962 Y123.584 E4062.24787
G1 F1411.1 X95.698 Y123.289 E4062.30385
G1 F1466.3 X95.326 Y122.835 E4062.38374
G1 F1500 X95.052 Y122.524 E4062.43888
G1 X94.437 Y121.752 E4062.57019
G1 X93.901 Y121.004 E4062.69262
G1 X93.346 Y120.146 E4062.82857
G1 X92.863 Y119.305 E4062.9576
G1 X92.427 Y118.457 E4063.08445
G1 X92.027 Y117.561 E4063.215
G1 X91.665 Y116.647 E4063.34578
G1 X91.366 Y115.747 E4063.47196
G1 X91.101 Y114.798 E4063.60304
G1 X90.879 Y113.841 E4063.73374
G1 X90.716 Y112.893 E4063.86172
G1 X90.593 Y111.942 E4063.98929
G1 X90.52 Y110.955 E4064.12096
G1 X90.5 Y110.011 E4064.24658
G1 X90.521 Y109.012 E4064.37952
G1 X90.599 Y108.021 E4064.51177
G1 X90.715 Y107.105 E4064.63461
G1 X90.885 Y106.126 E4064.7668
G1 X91.106 Y105.178 E4064.89631
G1 X91.374 Y104.216 E4065.02916
G1 X91.675 Y103.323 E4065.15454
G1 X92.035 Y102.415 E4065.28449
G1 X92.443 Y101.507 E4065.41692
G1 X92.874 Y100.67 E4065.54217
G1 X93.359 Y99.828 E4065.67145
G1 X93.892 Y99.003 E4065.80212
G1 X94.437 Y98.244 E4065.92643
G1 X95.069 Y97.453 E4066.06113
G1 F1429.9 X95.796 Y96.567 E4066.22108
G1 F1385 X96.161 Y96.217 E4066.29394
G1 F1400.6 X96.402 Y95.968 E4066.34332
G1 F1446.5 X97.865 Y94.733 E4066.60746
G1 F1500 X98.597 Y94.177 E4066.72975
G1 X99.422 Y93.617 E4066.86241
G1 X100.25 Y93.109 E4066.99165
G1 X101.105 Y92.64 E4067.12138
G1 X101.992 Y92.219 E4067.25201
G1 X102.893 Y91.837 E4067.38221
G1 X103.787 Y91.514 E4067.50867
G1 X104.729 Y91.223 E4067.63984
G1 X105.685 Y90.981 E4067.77104
G1 X106.604 Y90.797 E4067.89573
G1 X107.595 Y90.646 E4068.02909
G1 X108.554 Y90.552 E4068.15729
G1 X109.528 Y90.504 E4068.28703
G1 X110.498 Y90.504 E4068.41608
G1 X111.465 Y90.554 E4068.5449
G1 X112.428 Y90.649 E4068.67364
G1 X113.415 Y90.801 E4068.8065
G1 X114.34 Y90.987 E4068.93202
G1 X115.293 Y91.23 E4069.06287
G1 X116.23 Y91.521 E4069.1934
G1 X117.132 Y91.847 E4069.321
G1 X118.028 Y92.228 E4069.45053
G1 X118.917 Y92.653 E4069.58163
G1 X119.746 Y93.109 E4069.7075
G1 X120.576 Y93.618 E4069.83704
G1 X121.399 Y94.177 E4069.9694
G1 X122.149 Y94.748 E4070.0948
G1 F1497 X122.922 Y95.392 E4070.22893
G1 F1442.3 X123.627 Y95.998 E4070.35756
G1 F1400.6 X123.756 Y96.137 E4070.38458
G1 F1395.3 X124.101 Y96.476 E4070.45375
G1 F1400.6 X124.301 Y96.703 E4070.49686
G1 F1456.3 X124.681 Y97.173 E4070.57968
G1 F1498.5 X124.928 Y97.452 E4070.6293
G1 F1500 X125.559 Y98.244 E4070.76403
G1 X126.105 Y99.004 E4070.88852
G1 X126.65 Y99.85 E4071.02241
G1 X127.133 Y100.691 E4071.15144
G1 X127.564 Y101.529 E4071.27681
G1 X127.979 Y102.45 E4071.4112
G1 X128.33 Y103.348 E4071.53947
G1 X128.63 Y104.24 E4071.66468
G1 X128.9 Y105.2 E4071.79735
G1 X129.117 Y106.152 E4071.92726
G1 X129.285 Y107.105 E4072.056
G1 X129.401 Y108.021 E4072.17884
G1 X129.476 Y109.041 E4072.3149
G1 X129.496 Y110.011 E4072.44398
G1 X129.475 Y110.982 E4072.57319
G1 X129.401 Y111.967 E4072.70461
G1 X129.281 Y112.915 E4072.83174
G1 X129.112 Y113.868 E4072.9605
G1 X128.894 Y114.819 E4073.09031
G1 X128.626 Y115.773 E4073.22214
G1 X128.322 Y116.671 E4073.34827
G1 X127.964 Y117.582 E4073.47849
G1 X127.557 Y118.481 E4073.60978
G1 X127.122 Y119.326 E4073.73622
G1 X126.65 Y120.146 E4073.8621
G1 X126.095 Y121.004 E4073.99805
G1 X125.559 Y121.752 E4074.12047
G1 X124.928 Y122.543 E4074.25509
G1 F1495.5 X124.669 Y122.84 E4074.30767
G1 F1454.9 X124.302 Y123.294 E4074.38775
G1 F1401.9 X124.108 Y123.511 E4074.42918
G1 F1390.2 X123.627 Y123.998 E4074.52744
G1 F1442.3 X122.922 Y124.604 E4074.65607
G1 F1497 X122.13 Y125.268 E4074.79385
G1 F1500 X121.398 Y125.82 E4074.91582
G1 X120.573 Y126.384 E4075.04878
G1 X119.725 Y126.899 E4075.18077
G1 X118.893 Y127.355 E4075.30699
G1 X118.017 Y127.777 E4075.43636
G1 X117.106 Y128.159 E4075.56778
G1 X116.209 Y128.482 E4075.69462
G1 X115.268 Y128.773 E4075.82566
G1 X114.317 Y129.014 E4075.95618
G1 X113.39 Y129.203 E4076.08205
G1 X112.401 Y129.35 E4076.21507
G1 X111.442 Y129.444 E4076.34327
G1 X110.472 Y129.492 E4076.47247
G1 X109.502 Y129.492 E4076.60152
G1 F1500 E4070.10152
G0 F9000 X109.473 Y130.091
G0 X117.601 Y129.533
G0 X122.613 Y126.754
G0 X125.874 Y129.394
G0 X125.571 Y127.953
G1 F1500 E4076.60152
G1 X125.161 Y127.816 E4076.65903
G1 X124.853 Y127.637 E4076.70643
G1 X124.533 Y127.365 E4076.7623
G1 X124.289 Y127.042 E4076.81616
G1 X124.112 Y126.677 E4076.87012
G1 X124.004 Y126.204 E4076.93467
G1 X124.004 Y125.785 E4076.99042
G1 F1486.6 X124.129 Y125.261 E4077.06273
G1 F1445.1 X124.294 Y124.902 E4077.11729
G1 F1412.4 X124.518 Y124.603 E4077.17008
G1 F1421.8 X124.9 Y124.251 E4077.24299
G1 F1463.4 X125.497 Y124.062 E4077.32838
G1 F1495.5 X125.935 Y123.996 E4077.38749
G1 F1500 X126.453 Y124.045 E4077.45671
G1 X126.846 Y124.189 E4077.51239
G1 X127.162 Y124.369 E4077.56078
G1 X127.472 Y124.635 E4077.61512
G1 X127.726 Y124.992 E4077.67341
G1 X127.88 Y125.316 E4077.72114
G1 X127.987 Y125.772 E4077.78345
G1 X127.991 Y126.186 E4077.83853
G1 X127.883 Y126.681 E4077.90594
G1 X127.661 Y127.132 E4077.97281
G1 X127.314 Y127.508 E4078.04088
G1 X127.011 Y127.726 E4078.09054
G1 X126.645 Y127.893 E4078.14407
G1 X126.062 Y128.005 E4078.22305
G1 X125.571 Y127.953 E4078.28874
G1 F1500 E4071.78874
G0 F9000 X125.874 Y129.394
G0 X128.962 Y127.835
G0 X140.28 Y129.85
G0 X142.953 Y131.327
G1 F1500 E4078.28874
G1 X142.608 Y131.125 E4078.34192
G1 X142.303 Y130.863 E4078.39542
G1 X142.062 Y130.537 E4078.44935
G1 X141.887 Y130.175 E4078.50285
G1 X141.781 Y129.691 E4078.56876
G1 X141.782 Y129.297 E4078.62118
G1 X141.886 Y128.835 E4078.68418
G1 X142.06 Y128.467 E4078.73834
G1 X142.299 Y128.142 E4078.79201
G1 X142.719 Y127.77 E4078.86665
G1 X143.322 Y127.55 E4078.95205
G1 X143.708 Y127.497 E4079.00389
G1 X144.222 Y127.544 E4079.07255
G1 X144.595 Y127.674 E4079.12511
G1 X144.941 Y127.87 E4079.17801
G1 X145.239 Y128.132 E4079.2308
G1 X145.483 Y128.454 E4079.28455
G1 X145.658 Y128.814 E4079.3378
G1 X145.769 Y129.291 E4079.40296
G1 X145.761 Y129.735 E4079.46204
G1 X145.657 Y130.185 E4079.52349
G1 X145.434 Y130.638 E4079.59066
G1 X145.09 Y131.008 E4079.65787
G1 X144.787 Y131.225 E4079.70746
G1 X144.42 Y131.397 E4079.76138
G1 X143.841 Y131.505 E4079.83974
G1 X143.329 Y131.452 E4079.90822
G1 X142.953 Y131.327 E4079.96093
G1 F1500 E4073.46093
G0 F9000 X142.762 Y131.893
G0 X144.195 Y132.955
G0 X112.182 Y151.599
G0 X110.117 Y152.566
G0 X110.077 Y151.004
G1 F1500 E4079.96093
G1 X109.553 Y150.953 E4080.03098
G1 X109.174 Y150.825 E4080.0842
G1 X108.828 Y150.623 E4080.1375
G1 X108.533 Y150.364 E4080.18972
G1 X108.287 Y150.039 E4080.24395
G1 X108.112 Y149.677 E4080.29745
G1 X108.004 Y149.209 E4080.36135
G1 X108.004 Y148.787 E4080.41749
G1 X108.112 Y148.318 E4080.48152
G1 X108.29 Y147.953 E4080.53554
G1 X108.534 Y147.634 E4080.58898
G1 X108.951 Y147.264 E4080.66314
G1 X109.552 Y147.046 E4080.7482
G1 X109.925 Y147 E4080.7982
G1 X110.451 Y147.045 E4080.86843
G1 X110.846 Y147.189 E4080.92437
G1 X111.171 Y147.378 E4080.97439
G1 X111.464 Y147.632 E4081.02597
G1 X111.709 Y147.957 E4081.08012
G1 X111.884 Y148.319 E4081.13362
G1 X111.992 Y148.787 E4081.19751
G1 X111.992 Y149.209 E4081.25366
G1 X111.883 Y149.68 E4081.31798
G1 X111.662 Y150.133 E4081.38503
G1 X111.314 Y150.508 E4081.4531
G1 X111.018 Y150.724 E4081.50185
G1 X110.644 Y150.897 E4081.55667
G1 X110.077 Y151.004 E4081.63343
G1 F1500 E4075.13343
G0 F9000 X110.117 Y152.566
G0 X110 Y154.422
G1 F1500 E4081.63343
G1 X148.468 Y132.207 E4087.54333
G1 X148.468 Y87.789 E4093.45272
G1 X110 Y65.578 E4099.36235
G1 X71.529 Y87.789 E4105.27233
G1 X71.528 Y132.207 E4111.18172
G1 X110 Y154.422 E4117.09208
G1 F1500 E4110.59208
G0 F9000 X110 Y152.591
G0 X109.204 Y152.163
G0 X73.859 Y132.957
G0 X89.02 Y110.043
G0 X94.712 Y95.892
G1 F1500 E4117.09208
G1 F1449.3 X94.065 Y96.005 E4117.18252
G1 F1483.7 X93.545 Y95.95 E4117.25285
G1 F1500 X93.152 Y95.812 E4117.30827
G1 X92.829 Y95.623 E4117.35805
G1 X92.533 Y95.365 E4117.41029
G1 X92.288 Y95.041 E4117.46433
G1 X92.122 Y94.696 E4117.51527
G1 X92.005 Y94.188 E4117.58462
G1 X92.006 Y93.793 E4117.63718
G1 X92.112 Y93.328 E4117.70063
G1 X92.283 Y92.968 E4117.75365
G1 X92.532 Y92.636 E4117.80886
G1 X92.952 Y92.261 E4117.88377
G1 X93.551 Y92.049 E4117.9683
G1 X93.939 Y92 E4118.02033
G1 X94.424 Y92.043 E4118.08511
G1 X94.803 Y92.169 E4118.13825
G1 X95.141 Y92.358 E4118.18977
G1 X95.444 Y92.612 E4118.24237
G1 X95.692 Y92.935 E4118.29655
G1 X95.875 Y93.303 E4118.35123
G1 X95.992 Y93.784 E4118.41708
G1 X95.992 Y94.206 E4118.47323
G1 F1485.1 X95.867 Y94.736 E4118.5464
G1 F1450.7 X95.669 Y95.182 E4118.61353
G1 F1413.8 X95.307 Y95.559 E4118.6873
G1 F1379.9 X95.082 Y95.738 E4118.72888
G1 F1397.9 X94.712 Y95.892 E4118.78609
G1 F1500 E4112.28609
G0 F9000 X94.955 Y96.415
G0 X94.095 Y96.548
G0 X93.447 Y96.485
G0 X92.955 Y96.319
G0 X92.515 Y96.066
G0 X92.206 Y95.794
G0 X90.533 Y93.571
G0 X79.576 Y91.567
G0 X76.905 Y92.362
G1 F1500 E4118.78609
G1 X76.506 Y92.453 E4118.84054
G1 X75.992 Y92.452 E4118.90892
G1 X75.422 Y92.3 E4118.9874
G1 X74.995 Y92.038 E4119.05405
G1 X74.698 Y91.747 E4119.10937
G1 X74.399 Y91.257 E4119.18574
G1 X74.232 Y90.708 E4119.26208
G1 X74.259 Y90.165 E4119.33441
G1 X74.393 Y89.681 E4119.40123
G1 X74.7 Y89.188 E4119.4785
G1 X74.983 Y88.912 E4119.53109
G1 X75.305 Y88.699 E4119.58245
G1 X75.832 Y88.487 E4119.65802
G1 X76.396 Y88.47 E4119.73309
G1 X76.79 Y88.541 E4119.78635
G1 X77.234 Y88.728 E4119.85045
G1 X77.569 Y88.972 E4119.90559
G1 X77.845 Y89.263 E4119.95895
G1 X78.12 Y89.778 E4120.03662
G1 X78.224 Y90.179 E4120.09173
G1 X78.227 Y90.697 E4120.16065
G1 X78.139 Y91.099 E4120.2154
G1 X77.913 Y91.564 E4120.28418
G1 X77.536 Y92.029 E4120.36382
G1 X76.905 Y92.362 E4120.45874
G1 F1500 E4113.95874
G0 F9000 X77.044 Y92.945
G0 X79.576 Y91.411
G0 X77.415 Y87.219
G0 X75.885 Y86.993
G0 X107.187 Y68.923
G0 X107.709 Y72.785
G0 X110.327 Y74.382
G0 X110.071 Y73
G1 F1500 E4120.45874
G1 X109.577 Y72.954 E4120.52475
G1 X109.162 Y72.817 E4120.58289
G1 X108.851 Y72.636 E4120.63076
G1 X108.532 Y72.365 E4120.68645
G1 X108.289 Y72.042 E4120.74023
G1 X108.112 Y71.678 E4120.79408
G1 X108.004 Y71.209 E4120.8581
G1 X108.004 Y70.787 E4120.91425
G1 X108.112 Y70.318 E4120.97828
G1 X108.289 Y69.954 E4121.03213
G1 X108.529 Y69.635 E4121.08523
G1 X108.954 Y69.261 E4121.16055
G1 X109.546 Y69.048 E4121.24426
G1 X109.939 Y68.996 E4121.297
G1 X110.447 Y69.044 E4121.36488
G1 X110.784 Y69.162 E4121.41239
G1 X111.161 Y69.367 E4121.46948
G1 X111.469 Y69.633 E4121.52362
G1 X111.71 Y69.959 E4121.57756
G1 X111.884 Y70.319 E4121.63075
G1 X111.992 Y70.787 E4121.69465
G1 X111.992 Y71.209 E4121.75079
G1 X111.883 Y71.68 E4121.81511
G1 X111.661 Y72.135 E4121.88247
G1 X111.323 Y72.5 E4121.94865
G1 X111.024 Y72.718 E4121.99788
G1 X110.637 Y72.899 E4122.05472
G1 X110.071 Y73 E4122.13121
G1 F1500 E4115.63121
G0 F9000 X110.327 Y74.382
G0 X111.787 Y74.019
G0 X119.577 Y91.327
G0 X125.555 Y95.953
G1 F1500 E4122.13121
G1 F1447.9 X125.12 Y95.82 E4122.1939
G1 F1405.8 X124.807 Y95.657 E4122.244
G1 F1395.3 X124.518 Y95.393 E4122.29998
G1 F1412.4 X124.294 Y95.094 E4122.35277
G1 F1445.1 X124.129 Y94.735 E4122.40733
G1 F1486.6 X124.004 Y94.206 E4122.4803
G1 F1500 X124.004 Y93.786 E4122.53617
G1 X124.112 Y93.328 E4122.59878
G1 X124.304 Y92.935 E4122.65697
G1 X124.529 Y92.635 E4122.70686
G1 X124.967 Y92.257 E4122.78383
G1 X125.532 Y92.054 E4122.8637
G1 X125.938 Y92 E4122.91819
G1 X126.442 Y92.047 E4122.98554
G1 X126.819 Y92.176 E4123.03855
G1 X127.161 Y92.371 E4123.09092
G1 X127.469 Y92.632 E4123.14463
G1 X127.694 Y92.939 E4123.19527
G1 X127.886 Y93.335 E4123.25382
G1 X127.991 Y93.81 E4123.31854
G1 X127.987 Y94.224 E4123.37362
G1 X127.88 Y94.68 E4123.43594
G1 X127.66 Y95.137 E4123.50342
G1 X127.31 Y95.511 E4123.57156
G1 X126.987 Y95.738 E4123.62409
G1 X126.646 Y95.897 E4123.67414
G1 X126.065 Y96.005 E4123.75276
G1 F1482.2 X125.555 Y95.953 E4123.82178
G1 F1500 E4117.32178
G0 F9000 X126.763 Y97.521
G0 X128.968 Y95.823
G0 X140.478 Y91.706
G0 X143.327 Y92.449
G1 F1500 E4123.82178
G1 X142.965 Y92.329 E4123.87252
G1 X142.611 Y92.125 E4123.92688
G1 X142.298 Y91.853 E4123.98205
G1 X142.08 Y91.561 E4124.03053
G1 X141.889 Y91.179 E4124.08735
G1 X141.781 Y90.686 E4124.15449
G1 X141.785 Y90.274 E4124.20931
G1 X141.888 Y89.82 E4124.27124
G1 X142.062 Y89.459 E4124.32456
G1 X142.301 Y89.136 E4124.37801
G1 X142.73 Y88.761 E4124.45382
G1 X143.323 Y88.547 E4124.53769
G1 X143.71 Y88.497 E4124.58961
G1 X144.222 Y88.544 E4124.65801
G1 X144.56 Y88.662 E4124.70564
G1 X144.937 Y88.867 E4124.76273
G1 X145.242 Y89.134 E4124.81666
G1 X145.493 Y89.476 E4124.8731
G1 X145.657 Y89.813 E4124.92296
G1 X145.769 Y90.291 E4124.98828
G1 X145.761 Y90.735 E4125.04736
G1 X145.657 Y91.184 E4125.10867
G1 X145.438 Y91.633 E4125.17514
G1 X145.106 Y91.997 E4125.24068
G1 X144.789 Y92.227 E4125.29278
G1 X144.419 Y92.397 E4125.34696
G1 X143.844 Y92.506 E4125.42482
G1 X143.327 Y92.449 E4125.49402
G1 F1500 E4118.99402
G0 F9000 X143.135 Y93.018
G0 X145.917 Y93.213
G0 X146.983 Y91.847
G0 X146.999 Y128.241
G0 X142.913 Y126.143
G0 X140.319 Y129.846
G0 X143.62 Y132.951
G0 X144.195 Y132.955
G0 X113.994 Y150.499
G0 X113.744 Y150.064
;TYPE:SKIN
G1 F1500 E4125.49402
G1 X113.837 Y149.64 E4125.55177
G1 X113.893 Y149.144 E4125.61817
G1 X113.893 Y148.848 E4125.65755
G1 X113.829 Y148.298 E4125.73122
G1 X113.735 Y147.9 E4125.78563
G1 X113.588 Y147.484 E4125.84433
G1 X113.447 Y147.186 E4125.88819
G1 X113.233 Y146.826 E4125.9439
G1 X112.854 Y146.314 E4126.02865
G1 X112.238 Y145.798 E4126.13556
G1 X111.73 Y145.507 E4126.21345
G1 X111.424 Y145.373 E4126.25789
G1 X110.922 Y145.201 E4126.32849
G1 X110.615 Y145.15 E4126.36989
G1 X109.892 Y145.088 E4126.46643
G1 X109.289 Y145.163 E4126.54727
G1 X108.958 Y145.242 E4126.59255
G1 X108.21 Y145.51 E4126.69825
G1 X107.789 Y145.768 E4126.76395
G1 X107.132 Y146.328 E4126.8788
G1 X106.767 Y146.817 E4126.95998
G1 X106.579 Y147.129 E4127.00844
G1 X106.427 Y147.435 E4127.0539
G1 X106.259 Y147.903 E4127.12005
G1 X106.154 Y148.353 E4127.18153
G1 X106.106 Y148.793 E4127.24041
G1 X106.104 Y149.144 E4127.28711
G1 X106.154 Y149.642 E4127.3537
G1 X106.247 Y150.059 E4127.41054
G1 X77.176 Y133.27 E4131.8768
G1 X77.664 Y133.117 E4131.94484
G1 X77.982 Y132.974 E4131.99123
G1 X78.366 Y132.751 E4132.05031
G1 X78.637 Y132.555 E4132.0948
G1 X78.948 Y132.283 E4132.14977
G1 X79.26 Y131.947 E4132.21077
G1 X79.452 Y131.699 E4132.2525
G1 X79.621 Y131.415 E4132.29647
G1 X79.86 Y130.915 E4132.3702
G1 X79.962 Y130.574 E4132.41755
G1 X80.095 Y129.968 E4132.50009
G1 X80.116 Y129.647 E4132.54289
G1 X80.108 Y129.036 E4132.62418
G1 X79.896 Y128.158 E4132.74435
G1 X79.551 Y127.456 E4132.84841
G1 X79.097 Y126.841 E4132.95011
G1 X78.694 Y126.485 E4133.02165
G1 X78.411 Y126.26 E4133.06975
G1 X77.878 Y125.959 E4133.15119
G1 X77.184 Y125.704 E4133.24955
G1 X76.768 Y125.641 E4133.30553
G1 X76.4 Y125.609 E4133.35467
G1 X75.854 Y125.619 E4133.42733
G1 X75.594 Y125.651 E4133.46218
G1 X75.123 Y125.761 E4133.52653
G1 X74.582 Y125.955 E4133.60299
G1 X73.886 Y126.364 E4133.71039
G1 X73.428 Y126.767 E4133.79155
G1 X73.429 Y93.165 E4138.26198
G1 X73.655 Y93.382 E4138.30366
G1 X74.007 Y93.658 E4138.36317
G1 X74.42 Y93.907 E4138.42733
G1 X74.924 Y94.127 E4138.50049
G1 X75.4 Y94.266 E4138.56647
G1 X75.841 Y94.356 E4138.62635
G1 X76.65 Y94.356 E4138.73398
G1 X77.004 Y94.289 E4138.78191
G1 X77.595 Y94.134 E4138.86319
G1 X78.468 Y93.682 E4138.99398
G1 X78.867 Y93.394 E4139.05945
G1 X79.501 Y92.629 E4139.19164
G1 X79.957 Y91.701 E4139.3292
G1 X80.128 Y90.846 E4139.4452
G1 X80.118 Y90.076 E4139.54765
G1 X80.074 Y89.756 E4139.59062
G1 X79.935 Y89.188 E4139.66842
G1 X79.771 Y88.83 E4139.72081
G1 X79.548 Y88.417 E4139.78325
G1 X79.211 Y87.951 E4139.85976
G1 X78.985 Y87.705 E4139.9042
G1 X78.641 Y87.402 E4139.96519
G1 X78.353 Y87.197 E4140.01222
G1 X77.969 Y86.978 E4140.07103
G1 X77.59 Y86.814 E4140.12598
G1 X77.212 Y86.698 E4140.17858
G1 X106.248 Y69.935 E4144.63908
G1 X106.154 Y70.353 E4144.69608
G1 X106.106 Y70.793 E4144.75497
G1 X106.104 Y71.144 E4144.80167
G1 X106.154 Y71.642 E4144.86825
G1 X106.245 Y72.043 E4144.92296
G1 X106.427 Y72.561 E4144.99601
G1 X106.555 Y72.821 E4145.03456
G1 X106.772 Y73.183 E4145.09071
G1 X106.997 Y73.487 E4145.14103
G1 X107.223 Y73.746 E4145.18676
G1 X107.531 Y74.014 E4145.24108
G1 X107.818 Y74.231 E4145.28895
G1 X108.328 Y74.527 E4145.3674
G1 X108.586 Y74.632 E4145.40445
G1 X108.938 Y74.75 E4145.45385
G1 X109.226 Y74.822 E4145.49334
G1 X109.897 Y74.896 E4145.58315
G1 X110.329 Y74.887 E4145.64064
G1 X111.13 Y74.736 E4145.74908
G1 X111.461 Y74.612 E4145.79611
G1 X112.019 Y74.345 E4145.8784
G1 X112.635 Y73.883 E4145.98084
G1 X113.013 Y73.47 E4146.05533
G1 X113.195 Y73.24 E4146.09435
G1 X113.381 Y72.939 E4146.14142
G1 X113.566 Y72.564 E4146.19705
G1 X113.748 Y72.041 E4146.27073
G1 X113.837 Y71.64 E4146.32538
G1 X113.889 Y71.204 E4146.38379
G1 X113.889 Y70.789 E4146.439
G1 X113.828 Y70.294 E4146.50536
G1 X113.742 Y69.932 E4146.55486
G1 X142.807 Y86.712 E4151.01984
G1 X142.14 Y86.952 E4151.11414
G1 X141.433 Y87.369 E4151.22335
G1 X141.104 Y87.653 E4151.28117
G1 X140.765 Y88.016 E4151.34725
G1 X140.549 Y88.31 E4151.39578
G1 X140.353 Y88.63 E4151.44571
G1 X140.134 Y89.077 E4151.51193
G1 X140.022 Y89.435 E4151.56183
G1 X139.88 Y90.13 E4151.65621
G1 X139.884 Y90.956 E4151.7661
G1 X140.098 Y91.826 E4151.88529
G1 X140.443 Y92.536 E4151.99031
G1 X140.887 Y93.147 E4152.0908
G1 X141.345 Y93.543 E4152.17135
G1 X141.598 Y93.734 E4152.21352
G1 X142.107 Y94.027 E4152.29166
G1 X142.667 Y94.235 E4152.37113
G1 X143.035 Y94.33 E4152.4217
G1 X143.804 Y94.412 E4152.52459
G1 X144.242 Y94.361 E4152.58325
G1 X144.77 Y94.261 E4152.65475
G1 X145.218 Y94.117 E4152.71735
G1 X145.541 Y93.969 E4152.76462
G1 X145.96 Y93.724 E4152.82919
G1 X146.168 Y93.572 E4152.86347
G1 X146.568 Y93.214 E4152.93489
G1 X146.568 Y126.771 E4157.39933
G1 X146.22 Y126.464 E4157.46107
G1 X145.833 Y126.191 E4157.52407
G92 E0
G1 X145.592 Y126.051 E0.03708
G1 X145.177 Y125.863 E0.09769
G1 X144.901 Y125.767 E0.13657
G1 X144.383 Y125.651 E0.20719
G1 X143.947 Y125.609 E0.26547
G1 X143.458 Y125.616 E0.33053
G1 X143.095 Y125.66 E0.37918
G1 X142.762 Y125.729 E0.42442
G1 X142.162 Y125.945 E0.50926
G1 X141.88 Y126.064 E0.54998
G1 X141.565 Y126.256 E0.59906
G1 X140.892 Y126.844 E0.71796
G1 X140.442 Y127.458 E0.81923
G1 X140.091 Y128.188 E0.927
G1 X139.887 Y129.036 E1.04303
G1 X139.882 Y129.888 E1.15639
G1 X140.019 Y130.538 E1.24476
G1 X140.114 Y130.884 E1.2925
G1 X140.326 Y131.316 E1.35652
G1 X140.567 Y131.715 E1.41853
G1 X140.727 Y131.935 E1.45472
G1 X141.067 Y132.302 E1.52128
G1 X141.334 Y132.536 E1.56852
G1 X141.687 Y132.788 E1.62622
G1 X141.947 Y132.94 E1.66629
G1 X142.406 Y133.149 E1.73338
G1 X142.811 Y133.279 E1.78997
G1 X113.744 Y150.064 E6.25551
G1 F1500 E-0.24449
G0 F9000 X113.994 Y150.499
G0 X112.182 Y151.599
G0 X112.378 Y151.377
G0 X113.436 Y149.442
G0 X111.546 Y145.863
G0 X110.544 Y130.972
G0 X109.486 Y131.393
G1 F1500 E6.25551
G1 X110.562 Y131.388 E6.39867
G1 X111.582 Y131.336 E6.53454
G1 X112.625 Y131.234 E6.67397
G1 X113.726 Y131.071 E6.82204
G1 X114.707 Y130.875 E6.95513
G1 X115.724 Y130.617 E7.09472
G1 X116.758 Y130.303 E7.23849
G1 X117.755 Y129.943 E7.37951
G1 X118.79 Y129.51 E7.52877
G1 X119.748 Y129.052 E7.67004
G1 X120.735 Y128.506 E7.82011
G1 X121.645 Y127.951 E7.96191
G1 X122.379 Y127.449 E8.08022
G1 X122.552 Y127.816 E8.1342
G1 X122.736 Y128.136 E8.18331
G1 X123.005 Y128.492 E8.24267
G1 X123.257 Y128.769 E8.29249
G1 X123.713 Y129.165 E8.37284
G1 X124.158 Y129.433 E8.44195
G1 X124.511 Y129.604 E8.49414
G1 X125.142 Y129.808 E8.58236
G1 X125.896 Y129.901 E8.68343
G1 X126.374 Y129.884 E8.74707
G1 X127.133 Y129.739 E8.84987
G1 X127.48 Y129.602 E8.8995
G1 X128.015 Y129.345 E8.97847
G1 X128.534 Y128.96 E9.06444
G1 X128.738 Y128.77 E9.10153
G1 X129.115 Y128.348 E9.17681
G1 X129.333 Y128.033 E9.22778
G1 X129.567 Y127.557 E9.29834
G1 X129.699 Y127.225 E9.34588
G1 X129.884 Y126.416 E9.45628
G1 X129.891 Y125.821 E9.53545
G1 X129.863 Y125.476 E9.5815
G1 X129.749 Y124.959 E9.65193
G1 X129.644 Y124.598 E9.70195
G1 X129.331 Y123.959 E9.79661
G1 X129.006 Y123.514 E9.86993
G1 X128.706 Y123.194 E9.92828
G1 X128.442 Y122.964 E9.97486
G1 X128.043 Y122.682 E10.03987
G1 X127.706 Y122.498 E10.09095
G1 X127.441 Y122.381 E10.12949
G1 X127.672 Y122.059 E10.18221
G1 X128.285 Y121.107 E10.33285
G1 X128.794 Y120.226 E10.46822
G1 X129.269 Y119.306 E10.60596
G1 X129.692 Y118.375 E10.74201
G1 X130.11 Y117.307 E10.89459
G1 X130.437 Y116.336 E11.0309
G1 X130.722 Y115.329 E11.17014
G1 X130.988 Y114.172 E11.32808
G1 X131.149 Y113.246 E11.45312
G1 X131.287 Y112.171 E11.59732
G1 X131.367 Y111.135 E11.73556
G1 X131.396 Y110.05 E11.87996
G1 X131.375 Y108.974 E12.02314
G1 X131.295 Y107.902 E12.16615
G1 X131.173 Y106.887 E12.30216
G1 X130.981 Y105.796 E12.44954
G1 X130.752 Y104.781 E12.58797
G1 X130.438 Y103.66 E12.74285
G1 X130.115 Y102.689 E12.87899
G1 X129.745 Y101.755 E13.01264
G1 X129.297 Y100.751 E13.15891
G1 X128.797 Y99.775 E13.30481
G1 X128.232 Y98.795 E13.4553
G1 X127.68 Y97.945 E13.59014
G1 X127.443 Y97.615 E13.64419
G1 X127.844 Y97.434 E13.70273
G1 X128.141 Y97.253 E13.749
G1 X128.517 Y96.976 E13.81113
G1 X128.734 Y96.77 E13.85094
G1 X129.126 Y96.333 E13.92904
G1 X129.333 Y96.025 E13.97841
G1 X129.56 Y95.572 E14.04582
G1 X129.708 Y95.209 E14.09797
G1 X129.871 Y94.476 E14.19787
G1 X129.892 Y94.147 E14.24173
G1 X129.884 Y93.541 E14.32236
G1 X129.674 Y92.658 E14.44311
G1 X129.423 Y92.136 E14.52017
G1 X129.283 Y91.9 E14.55668
G1 X129.028 Y91.548 E14.61451
G1 X128.775 Y91.249 E14.66662
G1 X128.245 Y90.796 E14.75937
G1 X127.57 Y90.43 E14.86153
G1 X127.126 Y90.267 E14.92445
G1 X126.751 Y90.161 E14.9763
G1 X126.033 Y90.097 E15.0722
G1 X125.629 Y90.12 E15.12604
G1 X125.102 Y90.195 E15.19685
G1 X124.295 Y90.475 E15.3105
G1 X123.921 Y90.671 E15.36667
G1 X123.641 Y90.881 E15.41324
G1 X123.264 Y91.213 E15.48007
G1 X123.008 Y91.493 E15.53054
G1 X122.748 Y91.844 E15.58866
G1 X122.575 Y92.136 E15.63381
G1 X122.381 Y92.544 E15.69391
G1 X121.597 Y92.013 E15.81989
G1 X120.685 Y91.457 E15.96199
G1 X119.769 Y90.953 E16.10109
G1 X118.799 Y90.492 E16.24397
G1 X117.772 Y90.055 E16.39246
G1 X116.812 Y89.712 E16.52808
G1 X115.853 Y89.414 E16.66169
G1 X114.773 Y89.135 E16.81009
G1 X113.795 Y88.937 E16.94284
G1 X112.674 Y88.762 E17.09379
G1 X111.676 Y88.664 E17.2272
G1 X110.538 Y88.604 E17.37881
G1 X109.484 Y88.603 E17.51904
G1 X108.415 Y88.656 E17.66143
G1 X107.319 Y88.762 E17.80792
G1 X106.287 Y88.921 E17.94684
G1 X105.242 Y89.129 E18.0886
G1 X104.162 Y89.407 E18.23696
G1 X103.185 Y89.709 E18.37301
G1 X102.245 Y90.049 E18.506
G1 X101.225 Y90.479 E18.65327
G1 X100.237 Y90.948 E18.79877
G1 X99.351 Y91.433 E18.93315
G1 X98.407 Y92.009 E19.08027
G1 X97.611 Y92.545 E19.20794
G1 X97.419 Y92.135 E19.26817
G1 X97.247 Y91.842 E19.31337
G1 X97.002 Y91.515 E19.36773
G1 X96.778 Y91.263 E19.41259
G1 X96.275 Y90.823 E19.5015
G1 X95.78 Y90.536 E19.57762
G1 X95.523 Y90.409 E19.61576
G1 X94.852 Y90.183 E19.70996
G1 X94.167 Y90.11 E19.80161
G1 X93.823 Y90.094 E19.84742
G1 X93.148 Y90.188 E19.93809
G1 X92.88 Y90.268 E19.9753
G1 X92.097 Y90.562 E20.08657
G1 X91.718 Y90.812 E20.14698
G1 X91.313 Y91.168 E20.21872
G1 X91.055 Y91.431 E20.26773
G1 X90.666 Y91.955 E20.35455
G1 X90.318 Y92.674 E20.46083
G1 X90.114 Y93.528 E20.57764
G1 X90.105 Y94.219 E20.66958
G1 X90.13 Y94.521 E20.70989
G1 X90.31 Y95.304 E20.81678
G1 X90.571 Y95.858 E20.89826
G1 X90.77 Y96.183 E20.94896
G1 X90.997 Y96.486 E20.99933
G1 X91.283 Y96.795 E21.05534
G1 X91.528 Y97.015 E21.09915
G1 X91.919 Y97.295 E21.16313
G1 X92.255 Y97.487 E21.21462
G1 X92.546 Y97.616 E21.25696
G1 X92.286 Y97.978 E21.31626
G1 X91.722 Y98.863 E21.45588
G1 X91.167 Y99.83 E21.60421
G1 X90.727 Y100.682 E21.73178
G1 X90.263 Y101.724 E21.88354
G1 X89.883 Y102.684 E22.0209
G1 X89.553 Y103.665 E22.1586
G1 X89.278 Y104.649 E22.29452
G1 X89.033 Y105.685 E22.43616
G1 X88.831 Y106.863 E22.59516
G1 X88.712 Y107.775 E22.71753
G1 X88.621 Y108.966 E22.87644
G1 X88.6 Y110.051 E23.02082
G1 X88.62 Y110.991 E23.1459
G1 X88.699 Y112.119 E23.29634
G1 X88.823 Y113.111 E23.42934
G1 X89.007 Y114.177 E23.57326
G1 X89.253 Y115.234 E23.71764
G1 X89.544 Y116.292 E23.86363
G1 X89.877 Y117.299 E24.00473
G1 X90.276 Y118.303 E24.14847
G1 X90.698 Y119.249 E24.28628
G1 X91.198 Y120.224 E24.43206
G1 X91.694 Y121.086 E24.56437
G1 X92.302 Y122.037 E24.71453
G1 X92.551 Y122.382 E24.77114
G1 X92.16 Y122.531 E24.82681
G1 X91.61 Y122.906 E24.91537
G1 X91.31 Y123.175 E24.96898
G1 X90.998 Y123.504 E25.0293
G1 X90.658 Y123.968 E25.10583
G1 X90.387 Y124.517 E25.18728
G1 X90.266 Y124.866 E25.23642
G1 X90.106 Y125.598 E25.33611
G1 X90.108 Y126.455 E25.45013
G1 X90.322 Y127.339 E25.57113
G1 X90.68 Y128.059 E25.67811
G1 X91.051 Y128.556 E25.76062
G1 X91.324 Y128.83 E25.81208
G1 X91.692 Y129.142 E25.87626
G1 X92.357 Y129.55 E25.98006
G1 X92.901 Y129.735 E26.05651
G1 X93.203 Y129.819 E26.09821
G1 X93.913 Y129.898 E26.19325
G1 X94.299 Y129.882 E26.24465
G1 X94.923 Y129.778 E26.32881
G1 X95.366 Y129.654 E26.39001
G1 X95.98 Y129.366 E26.48024
G1 X96.559 Y128.955 E26.5747
G1 X97.146 Y128.328 E26.68897
G1 X97.409 Y127.883 E26.75774
G1 X97.613 Y127.451 E26.8213
G1 X98.34 Y127.943 E26.93809
G1 X99.263 Y128.507 E27.082
G1 X100.254 Y129.054 E27.23259
G1 X101.212 Y129.512 E27.37386
G1 X102.218 Y129.934 E27.519
G1 X103.181 Y130.283 E27.65527
G1 X104.143 Y130.582 E27.78929
G1 X105.217 Y130.853 E27.93666
G1 X106.245 Y131.07 E28.07644
G1 X107.322 Y131.231 E28.22131
G1 X108.392 Y131.334 E28.36432
G1 X109.486 Y131.393 E28.51008
G1 F1500 E22.01008
G0 F9000 X109.479 Y130.893
G0 X116.647 Y129.897
G0 X140.28 Y129.85
G0 X141.184 Y133.174
G1 F1500 E28.51008
G1 X140.078 Y134.28 E28.71817
G0 F9000 X140.58 Y135.147
G0 X144.195 Y132.955
G0 X141.104 Y131.597
G0 X140.509 Y132.434
G1 F1500 X136.731 Y136.212 E29.429
G0 F9000 X137.233 Y137.079
G0 X133.886 Y139.012
G0 X133.384 Y138.145
G1 F1500 X139.919 Y131.61 E30.65854
G0 F9000 X140.737 Y131.015
G0 X140.499 Y130.381
G0 X139.519 Y130.596
G1 F1500 X130.038 Y140.076 E32.44228
G0 F9000 X130.54 Y140.944
G0 X127.193 Y142.877
G0 X126.692 Y142.008
G1 F1500 X139.386 Y129.314 E34.83062
G0 F9000 X140.381 Y129.65
G0 X141.021 Y127.512
G0 X139.946 Y127.34
G1 F1500 X123.346 Y143.941 E37.95397
G0 F9000 X123.848 Y144.808
G0 X120.501 Y146.741
G0 X119.999 Y145.873
G1 F1500 X146.068 Y119.804 E42.85879
G0 F9000 X147.068 Y119.804
G0 X147.068 Y121.218
G0 X146.068 Y121.218
G1 F1500 X141.675 Y125.611 E43.68533
G0 F9000 X142.382 Y126.398
G0 X143.389 Y126.127
G0 X143.585 Y125.115
G1 F1500 X146.068 Y122.632 E44.1525
G0 F9000 X147.068 Y122.632
G0 X147.068 Y124.046
G0 X146.068 Y124.046
G1 F1500 X144.87 Y125.245 E44.37799
G0 F9000 X144.805 Y126.264
G0 X145.448 Y126.547
G0 X145.885 Y125.644
G1 F1500 X146.047 Y125.482 E44.40847
G0 F9000 X147.068 Y125.482
G0 X147.068 Y118.389
G0 X146.068 Y118.389
G1 F1500 X116.652 Y147.806 E49.94312
G0 F9000 X117.154 Y148.674
G0 X112.182 Y151.599
G0 X113.373 Y148.688
G0 X114.481 Y148.563
G1 F1500 X146.068 Y116.975 E55.88624
G0 F9000 X147.068 Y116.975
G0 X147.068 Y115.561
G0 X146.068 Y115.561
G1 F1500 X114.125 Y147.505 E61.89633
G0 F9000 X112.712 Y146.958
G0 X113.655 Y146.56
G1 F1500 X146.068 Y114.147 E67.99477
G0 F9000 X147.068 Y114.147
G0 X147.068 Y112.733
G0 X146.068 Y112.733
G1 F1500 X113.009 Y145.792 E74.21474
G0 F9000 X112.338 Y146.533
G0 X111.142 Y145.803
G0 X112.19 Y145.197
G1 F1500 X127.139 Y130.248 E77.02736
G0 F9000 X126.549 Y129.34
G0 X125.874 Y129.394
G0 X125.604 Y130.369
G1 F1500 X111.206 Y144.767 E79.73631
G0 F9000 X110.877 Y145.711
G0 X110.376 Y145.631
G0 X109.971 Y144.588
G1 F1500 X124.449 Y130.109 E82.46041
G0 F9000 X124.428 Y129.011
G0 X123.515 Y129.629
G1 F1500 X108.141 Y145.004 E85.35309
G0 F9000 X108.476 Y145.945
G0 X106.927 Y147.553
G0 X106.027 Y147.117
G1 F1500 X104.609 Y148.535 E85.61988
G0 F9000 X104.107 Y149.402
G0 X103.211 Y148.885
G0 X103.713 Y148.017
G1 F1500 X122.762 Y128.968 E89.20391
G0 F9000 X123.334 Y128.1
G0 X122.613 Y126.754
G0 X121.418 Y127.504
G0 X121.984 Y128.332
G1 F1500 X102.816 Y147.5 E92.81032
G0 F9000 X102.314 Y148.367
G0 X101.418 Y147.85
G0 X101.92 Y146.982
G1 F1500 X118.892 Y130.01 E96.00357
G0 F9000 X119.53 Y128.602
G0 X116.327 Y129.911
G0 X116.62 Y130.867
G1 F1500 X101.024 Y146.464 E98.93801
G0 F9000 X100.522 Y147.332
G0 X99.625 Y146.814
G0 X100.127 Y145.946
G1 F1500 X114.685 Y131.388 E101.67707
G0 F9000 X113.758 Y130.558
G0 X112.97 Y131.689
G1 F1500 X99.23 Y145.429 E104.26222
G0 F9000 X98.728 Y146.296
G0 X97.832 Y145.779
G0 X98.334 Y144.911
G1 F1500 X111.398 Y131.846 E106.72027
G0 F9000 X111.348 Y130.85
G0 X109.94 Y130.891
G0 X109.94 Y131.891
G1 F1500 X97.437 Y144.393 E109.07259
G0 F9000 X96.935 Y145.261
G0 X96.038 Y144.743
G0 X96.541 Y143.876
G1 F1500 X108.572 Y131.844 E111.33629
G0 F9000 X108.623 Y130.85
G0 X106.512 Y130.606
G0 X107.273 Y131.729
G1 F1500 X95.645 Y143.357 E113.52407
G0 F9000 X95.142 Y144.226
G0 X94.246 Y143.708
G0 X94.748 Y142.84
G1 F1500 X106.048 Y131.54 E115.65014
G0 F9000 X106.251 Y130.561
G0 X104.887 Y131.286
G1 F1500 X93.851 Y142.322 E117.72654
G0 F9000 X93.349 Y143.19
G0 X92.454 Y142.673
G0 X92.955 Y141.805
G1 F1500 X103.769 Y130.99 E119.76126
G0 F9000 X104.065 Y130.035
G0 X103.043 Y129.701
G0 X102.704 Y130.642
G1 F1500 X92.058 Y141.287 E121.76419
G0 F9000 X91.556 Y142.155
G0 X90.659 Y141.637
G0 X91.162 Y140.769
G1 F1500 X101.681 Y130.25 E123.74332
G0 F9000 X100.983 Y128.85
G0 X100.697 Y129.82
G1 F1500 X90.266 Y140.251 E125.70589
G0 F9000 X89.763 Y141.12
G0 X88.867 Y140.602
G0 X89.369 Y139.733
G1 F1500 X99.753 Y129.35 E127.65952
G0 F9000 X100.551 Y128.643
G0 X98.554 Y127.486
G0 X98.849 Y128.84
G1 F1500 X88.472 Y139.216 E129.61183
G0 F9000 X87.97 Y140.084
G0 X87.073 Y139.566
G0 X87.576 Y138.698
G1 F1500 X97.971 Y128.303 E131.56763
G0 F9000 X98.537 Y127.475
G0 X97.396 Y126.762
G0 X93.893 Y129.396
G0 X94.505 Y130.355
G1 F1500 X86.68 Y138.18 E133.03988
G0 F9000 X86.177 Y139.049
G0 X85.28 Y138.531
G0 X85.783 Y137.662
G1 F1500 X93.129 Y130.317 E134.42192
G0 F9000 X92.984 Y129.239
G0 X92.532 Y129.065
G0 X92.069 Y129.963
G1 F1500 X84.887 Y137.145 E135.7732
G0 F9000 X84.384 Y138.013
G0 X83.487 Y137.495
G0 X83.99 Y136.627
G1 F1500 X91.22 Y129.397 E137.13351
G0 F9000 X90.521 Y128.682
G1 F1500 X83.094 Y136.11 E138.53098
G0 F9000 X82.592 Y136.978
G0 X81.695 Y136.46
G0 X82.197 Y135.592
G1 F1500 X89.991 Y127.798 E139.9974
G0 F9000 X90.843 Y127.268
G0 X90.641 Y126.526
G0 X89.658 Y126.717
G1 F1500 X81.301 Y135.074 E141.56975
G0 F9000 X80.798 Y135.942
G0 X79.901 Y135.424
G0 X80.404 Y134.556
G1 F1500 X89.661 Y125.299 E143.31143
G0 F9000 X90.634 Y125.515
G0 X93.226 Y122.593
G0 X92.098 Y120.785
G0 X91.63 Y121.916
G1 F1500 X79.508 Y134.038 E145.59216
G0 F9000 X79.005 Y134.907
G0 X78.108 Y134.389
G0 X78.611 Y133.521
G1 F1500 X91.091 Y121.041 E147.94024
G0 F9000 X91.959 Y120.543
G0 X91.48 Y119.674
G0 X90.587 Y120.13
G1 F1500 X80.571 Y130.147 E149.82483
G0 F9000 X79.596 Y129.933
G0 X79.579 Y128.969
G0 X80.553 Y128.751
G1 F1500 X90.12 Y119.184 E151.62484
G0 F9000 X91.036 Y118.775
G0 X90.511 Y117.537
G0 X89.694 Y118.196
G1 F1500 X80.218 Y127.672 E153.40772
G0 F9000 X78.888 Y127.393
G0 X79.685 Y126.79
G1 F1500 X89.307 Y117.168 E155.21808
G0 F9000 X90.258 Y116.852
G0 X90.091 Y116.351
G0 X88.97 Y116.091
G1 F1500 X78.985 Y126.076 E157.09674
G0 F9000 X78.355 Y126.851
G0 X77.73 Y126.45
G0 X78.123 Y125.524
G1 F1500 X88.678 Y114.969 E159.08264
G0 F9000 X89.494 Y114.048
G0 X89.423 Y113.633
G0 X88.434 Y113.799
G1 F1500 X77.055 Y125.178 E161.22357
G0 F9000 X76.898 Y126.168
G0 X75.8 Y126.132
G0 X75.675 Y125.144
G1 F1500 X88.251 Y112.567 E163.58981
G0 F9000 X89.247 Y112.442
G0 X89.135 Y111.196
G0 X88.137 Y111.267
G1 F1500 X73.928 Y125.476 E166.2632
G0 F9000 X74.867 Y126.385
G0 X73.001 Y128.222
G0 X72.928 Y124.062
G0 X73.928 Y124.062
G1 F1500 X88.103 Y109.887 E168.93019
G0 F9000 X89.103 Y110.14
G0 X89.159 Y108.491
G0 X88.161 Y108.415
G1 F1500 X73.928 Y122.648 E171.6081
G0 F9000 X72.928 Y122.648
G0 X72.928 Y121.233
G0 X73.928 Y121.233
G1 F1500 X88.331 Y106.83 E174.31799
G0 F9000 X89.322 Y106.956
G0 X89.636 Y105.315
G0 X88.661 Y105.087
G1 F1500 X73.928 Y119.819 E177.08988
G0 F9000 X72.928 Y119.819
G0 X72.928 Y118.405
G0 X73.928 Y118.405
G1 F1500 X89.206 Y103.127 E179.9644
G0 F9000 X90.155 Y103.446
G0 X91.048 Y101.194
G0 X90.133 Y100.786
G1 F1500 X73.928 Y116.991 E183.01333
G0 F9000 X72.928 Y116.991
G0 X72.928 Y115.577
G0 X73.928 Y115.577
G1 F1500 X91.678 Y97.827 E186.35296
G0 F9000 X92.602 Y98.421
G0 X93.231 Y97.392
G0 X91.65 Y96.454
G0 X90.937 Y97.153
G1 F1500 X73.928 Y114.162 E189.55316
G0 F9000 X72.928 Y114.162
G0 X72.928 Y112.748
G0 X73.928 Y112.748
G1 F1500 X90.301 Y96.375 E192.6337
G0 F9000 X91.248 Y95.988
G0 X90.781 Y95.128
G0 X89.823 Y95.439
G1 F1500 X73.928 Y111.334 E195.62431
G0 F9000 X72.928 Y111.334
G0 X72.928 Y109.92
G0 X73.928 Y109.92
G1 F1500 X89.608 Y94.24 E198.57447
G0 F9000 X90.604 Y94.19
G0 X90.831 Y92.754
G0 X89.818 Y92.615
G1 F1500 X73.928 Y108.506 E201.56423
G0 F9000 X72.928 Y108.506
G0 X72.928 Y107.091
G0 X73.928 Y107.091
G1 F1500 X106.896 Y74.123 E207.76709
G0 F9000 X107.553 Y73.369
G0 X107.13 Y72.808
G0 X106.276 Y73.329
G1 F1500 X73.928 Y105.677 E213.85329
G0 F9000 X72.928 Y105.677
G0 X72.928 Y104.263
G0 X73.928 Y104.263
G1 F1500 X105.827 Y72.364 E219.85501
G0 F9000 X106.718 Y71.862
G0 X106.604 Y71.074
G0 X105.467 Y71.31
G1 F1500 X73.928 Y102.849 E225.789
G0 F9000 X72.928 Y102.849
G0 X72.928 Y101.434
G0 X73.928 Y101.434
G1 F1500 X102.943 Y72.42 E231.24802
G0 F9000 X102.446 Y71.556
G0 X99.1 Y73.488
G0 X99.597 Y74.352
G1 F1500 X73.928 Y100.02 E236.07749
G0 F9000 X72.928 Y100.02
G0 X72.928 Y98.606
G0 X73.928 Y98.606
G1 F1500 X78.103 Y94.431 E236.863
G0 F9000 X77.644 Y93.551
G0 X75.134 Y93.674
G0 X76.264 Y94.856
G1 F1500 X73.928 Y97.192 E237.30252
G0 F9000 X72.928 Y97.192
G0 X72.928 Y95.778
G0 X73.928 Y95.778
G1 F1500 X75.025 Y94.68 E237.50901
G0 F9000 X75.134 Y93.674
G0 X79.308 Y91.893
G0 X80.204 Y92.33
G1 F1500 X96.25 Y76.284 E240.52803
G0 F9000 X95.753 Y75.42
G0 X92.407 Y77.352
G0 X92.904 Y78.216
G1 F1500 X80.623 Y90.497 E242.83867
G0 F9000 X79.485 Y89.451
G0 X80.464 Y89.242
G1 F1500 X89.558 Y80.148 E244.54969
G0 F9000 X89.061 Y79.284
G0 X85.714 Y81.216
G0 X86.212 Y82.08
G1 F1500 X80.032 Y88.26 E245.71244
G0 F9000 X78.76 Y88.193
G0 X79.428 Y87.449
G1 F1500 X82.866 Y84.011 E246.35929
G0 F9000 X82.369 Y83.147
G0 X79.023 Y85.079
G0 X79.52 Y85.943
G1 F1500 X78.755 Y86.708 E246.50322
G1 F1500 E240.00322
G0 F9000 X77.652 Y87.384
G0 X75.885 Y86.993
G0 X87.046 Y80.561
G0 X92.292 Y90.936
G0 X92.591 Y89.843
G1 F1500 E246.50322
G1 X107.694 Y74.739 E249.34491
G0 F9000 X108.488 Y74.047
G0 X108.98 Y74.238
G0 X108.664 Y75.184
G1 F1500 X94.233 Y89.615 E252.06007
G0 F9000 X94.129 Y90.607
G0 X95.415 Y89.847
G1 F1500 X109.867 Y75.395 E254.77918
G0 F9000 X110.369 Y74.374
G0 X111.572 Y75.105
G1 F1500 X96.373 Y90.303 E257.63875
G0 F9000 X96.283 Y91.487
G0 X97.156 Y90.935
G1 F1500 X116.174 Y71.916 E261.21704
G0 F9000 X116.674 Y71.05
G0 X115.779 Y70.533
G0 X115.278 Y71.398
G1 F1500 X114.093 Y72.583 E261.43999
G0 F9000 X112.299 Y73.513
G0 X112.814 Y68.924
G0 X117.571 Y71.568
G0 X117.071 Y72.434
G1 F1500 X97.82 Y91.684 E265.06193
G0 F9000 X98.436 Y92.594
G0 X101.21 Y91.04
G0 X100.783 Y90.136
G1 F1500 X117.967 Y72.951 E268.29515
G0 F9000 X118.468 Y72.086
G0 X119.365 Y72.603
G0 X118.864 Y73.469
G1 F1500 X103.13 Y89.203 E271.25547
G0 F9000 X103.426 Y90.159
G0 X105.343 Y89.622
G0 X105.097 Y88.65
G1 F1500 X119.761 Y73.987 E274.01437
G0 F9000 X120.262 Y73.121
G0 X121.158 Y73.639
G0 X120.657 Y74.504
G1 F1500 X106.83 Y88.331 E276.61589
G0 F9000 X106.983 Y89.322
G0 X108.438 Y89.156
G0 X108.421 Y88.155
G1 F1500 X121.554 Y75.022 E279.08684
G0 F9000 X122.055 Y74.157
G0 X122.951 Y74.674
G0 X122.45 Y75.54
G1 F1500 X109.886 Y88.104 E281.45073
G0 F9000 X109.886 Y89.104
G0 X111.208 Y89.139
G0 X111.262 Y88.142
G1 F1500 X123.347 Y76.057 E283.72449
G0 F9000 X123.848 Y75.192
G0 X124.745 Y75.71
G0 X124.244 Y76.575
G1 F1500 X112.571 Y88.247 E285.92065
G0 F9000 X112.472 Y89.245
G0 X113.751 Y89.44
G0 X113.802 Y88.431
G1 F1500 X125.14 Y77.092 E288.05396
G0 F9000 X125.641 Y76.227
G0 X126.538 Y76.745
G0 X126.037 Y77.61
G1 F1500 X114.975 Y88.672 E290.13525
G0 F9000 X114.726 Y89.639
G0 X115.798 Y89.92
G0 X116.095 Y88.966
G1 F1500 X126.933 Y78.128 E292.17439
G0 F9000 X127.433 Y77.262
G0 X128.331 Y77.78
G0 X127.83 Y78.645
G1 F1500 X117.168 Y89.308 E294.18052
G0 F9000 X116.831 Y90.25
G0 X117.809 Y90.615
G0 X118.197 Y89.692
G1 F1500 X128.727 Y79.163 E296.16162
G0 F9000 X129.228 Y78.298
G0 X130.123 Y78.815
G0 X129.623 Y79.68
G1 F1500 X119.184 Y90.12 E298.12579
G0 F9000 X118.753 Y91.023
G0 X119.652 Y91.459
G0 X120.135 Y90.583
G1 F1500 X130.52 Y80.198 E300.0797
G0 F9000 X131.02 Y79.333
G0 X131.917 Y79.851
G0 X131.417 Y80.716
G1 F1500 X121.042 Y91.09 E302.03164
G0 F9000 X120.52 Y91.942
G0 X121.904 Y92.827
G0 X121.921 Y91.625
G1 F1500 X132.313 Y81.233 E303.98687
G0 F9000 X132.813 Y80.368
G0 X133.71 Y80.886
G0 X133.21 Y81.751
G1 F1500 X125.296 Y89.665 E305.47587
G0 F9000 X125.658 Y90.621
G0 X126.624 Y90.653
G0 X126.718 Y89.656
G1 F1500 X134.106 Y82.268 E306.86591
G0 F9000 X134.607 Y81.404
G0 X135.503 Y81.921
G0 X135.003 Y82.786
G1 F1500 X127.805 Y89.984 E308.2202
G0 F9000 X126.958 Y90.74
G0 X128.214 Y91.425
G0 X128.686 Y90.517
G1 F1500 X135.9 Y83.304 E309.5774
G0 F9000 X136.4 Y82.439
G0 X137.297 Y82.957
G0 X136.796 Y83.821
G1 F1500 X129.402 Y91.215 E310.96857
G0 F9000 X128.632 Y91.849
G0 X129.95 Y92.082
G1 F1500 X137.693 Y84.339 E312.42539
G0 F9000 X138.194 Y83.475
G0 X139.089 Y83.992
G0 X138.589 Y84.856
G1 F1500 X130.302 Y93.144 E313.98467
G0 F9000 X128.662 Y91.891
G0 X129.374 Y94.413
G0 X130.371 Y94.489
G1 F1500 X139.485 Y85.375 E315.69945
G0 F9000 X139.986 Y84.51
G0 X140.882 Y85.027
G0 X140.382 Y85.892
G1 F1500 X128.321 Y97.953 E317.9687
G0 F9000 X126.886 Y97.692
G0 X127.975 Y99.348
G0 X128.841 Y98.848
G1 F1500 X141.279 Y86.41 E320.30888
G0 F9000 X141.779 Y85.545
G0 X144.33 Y87.087
G0 X143.333 Y87.533
G0 X140.448 Y89.847
G0 X139.47 Y89.632
G1 F1500 X129.348 Y99.754 E322.21331
G0 F9000 X128.459 Y100.208
G0 X128.908 Y101.103
G0 X129.821 Y100.696
G1 F1500 X139.407 Y91.11 E324.01689
G0 F9000 X140.434 Y91.094
G0 X140.588 Y91.703
G0 X139.724 Y92.207
G1 F1500 X130.253 Y101.678 E325.79884
G0 F9000 X129.322 Y102.042
G0 X129.697 Y103.018
G0 X130.645 Y102.7
G1 F1500 X140.24 Y93.105 E327.60412
G0 F9000 X141.045 Y92.518
G0 X141.395 Y92.927
G0 X140.922 Y93.837
G1 F1500 X130.988 Y103.771 E329.47318
G0 F9000 X130.026 Y104.04
G0 X130.509 Y105.986
G0 X131.289 Y104.884
G1 F1500 X141.766 Y94.407 E331.4444
G0 F9000 X142.801 Y93.752
G0 X142.797 Y94.79
G1 F1500 X131.533 Y106.055 E333.56379
G0 F9000 X130.551 Y106.226
G0 X130.732 Y107.401
G0 X131.723 Y107.279
G1 F1500 X144.123 Y94.88 E335.89673
G0 F9000 X143.546 Y93.883
G0 X145.331 Y93.52
G0 X145.834 Y94.583
G1 F1500 X131.847 Y108.569 E338.52826
G0 F9000 X130.877 Y109.096
G0 X131.894 Y109.937
G1 F1500 X146.068 Y95.762 E341.19516
G0 F9000 X147.068 Y95.762
G0 X146.983 Y91.847
G0 X145.331 Y93.52
G0 X145.834 Y94.582
G1 F1500 X146.068 Y94.348 E341.23918
G0 F9000 X147.068 Y94.348
G0 X147.068 Y97.176
G0 X146.068 Y97.176
G1 F1500 X131.849 Y111.396 E343.91455
G0 F9000 X130.869 Y111.133
G0 X131.689 Y112.97
G1 F1500 X146.068 Y98.59 E346.62002
G0 F9000 X147.068 Y98.59
G0 X147.068 Y100.005
G0 X146.068 Y100.005
G1 F1500 X131.381 Y114.692 E349.38335
G0 F9000 X130.409 Y114.469
G0 X129.927 Y116.299
G0 X130.869 Y116.618
G1 F1500 X146.068 Y101.419 E352.243
G0 F9000 X147.068 Y101.419
G0 X147.068 Y102.833
G0 X146.068 Y102.833
G1 F1500 X130.002 Y118.899 E355.26579
G0 F9000 X129.092 Y118.487
G0 X126.771 Y122.594
G0 X127.774 Y123.106
G0 X128.297 Y122.018
G1 F1500 X146.068 Y104.247 E358.60936
G0 F9000 X147.068 Y104.247
G0 X147.068 Y105.662
G0 X146.068 Y105.662
G1 F1500 X128.968 Y122.762 E361.82669
G0 F9000 X128.32 Y123.518
G0 X128.699 Y123.941
G0 X129.63 Y123.514
G1 F1500 X146.068 Y107.076 E364.91946
G0 F9000 X147.068 Y107.076
G0 X147.068 Y108.49
G0 X146.068 Y108.49
G1 F1500 X130.118 Y124.44 E367.92041
G0 F9000 X129.179 Y124.781
G0 X130.372 Y125.601
G1 F1500 X146.068 Y109.904 E370.87368
G0 F9000 X147.068 Y109.904
G0 X147.068 Y111.318
G0 X146.068 Y111.318
G1 F1500 X130.224 Y127.163 E373.85478
G1 F1500 E367.35478
;MESH:NONMESH
G0 F300 X130.224 Y127.163 Z2.88
G0 F9000 X129.258 Y126.931
G0 X128.171 Y124.674
G0 X127.866 Y124.27
G0 X127.485 Y123.934
G0 X127.045 Y123.681
G0 X126.553 Y123.515
G0 X125.931 Y123.454
G0 X124.668 Y123.654
G0 X123.26 Y125.025
G0 X121.698 Y126.271
G0 X120.021 Y127.354
G0 X118.241 Y128.267
G0 X116.382 Y128.996
G0 X114.458 Y129.538
G0 X112.492 Y129.885
G0 X110.499 Y130.033
G0 X108.504 Y129.984
G0 X106.521 Y129.735
G0 X104.573 Y129.291
G0 X102.68 Y128.655
G0 X100.857 Y127.833
G0 X99.129 Y126.833
G0 X97.506 Y125.668
G0 X96.008 Y124.345
G0 X94.649 Y122.881
G0 X93.442 Y121.289
G0 X92.4 Y119.584
G0 X91.534 Y117.784
G0 X90.85 Y115.906
G0 X90.358 Y113.971
G0 X90.06 Y111.994
G0 X89.96 Y110
G0 X90.06 Y108.006
G0 X90.229 Y106.885
G0 X91.546 Y100.013
G0 X79.165 Y92.411
G0 X78.366 Y91.876
G0 X78.669 Y91.245
G0 X78.776 Y90.71
G0 X78.762 Y90.103
G0 X78.627 Y89.574
G0 X78.288 Y88.953
G0 X77.926 Y88.562
G0 X77.503 Y88.259
G0 X76.945 Y88.023
G0 X76.43 Y87.933
G0 X75.864 Y87.947
G0 X73.33 Y88.509
G0 X74.54 Y87.599
;TIME_ELAPSED:2018.486005
;LAYER:8
;TYPE:WALL-INNER
;MESH:top-fan-holder.stl
G1 F1500 E373.85478
G1 F886.5 X74.886 Y87.409 E373.94364
G1 F870.6 X75.154 Y87.28 E374.01182
G1 F1500 E367.51182
G0 F9000 X76.432 Y87.079
G0 X75.871 Y87.002
G0 X107.187 Y68.923
G0 X107.709 Y72.785
G0 X110.957 Y74.262
G1 F1500 E374.01182
G0 F9000 X110.309 Y73.997
G1 F1500 X110.017 Y74.002 E374.05067
G1 X109.326 Y73.931 E374.14309
G1 X108.792 Y73.752 E374.21802
G1 X108.26 Y73.448 E374.29953
G1 X107.797 Y73.051 E374.38068
G1 X107.518 Y72.68 E374.44243
G1 X107.366 Y72.431 E374.48124
G1 X107.238 Y72.167 E374.52028
G1 X107.126 Y71.85 E374.56501
G1 X107.042 Y71.486 E374.61471
G1 X107.004 Y71.148 E374.65996
G1 X107.004 Y70.848 E374.69987
G1 X107.042 Y70.51 E374.74512
G1 X107.126 Y70.146 E374.79482
G1 X107.238 Y69.829 E374.83955
G1 X107.366 Y69.565 E374.87858
G1 X107.518 Y69.316 E374.91739
G1 F1521.3 X107.713 Y69.081 E374.95745
G1 F1589 X107.934 Y68.884 E374.99463
G1 F1674.1 X108.415 Y68.515 E375.0669
G1 F1736.1 X108.725 Y68.359 E375.10679
G1 F1718.2 X109.17 Y68.176 E375.16267
G1 F1619.9 X109.482 Y68.068 E375.20335
G1 F1466.3 X109.989 Y67.956 E375.27402
G1 F1457.7 X110.477 Y68.057 E375.34224
G1 F1607.7 X110.812 Y68.168 E375.38604
G1 F1700.7 X111.105 Y68.284 E375.42302
G1 F1744.2 X111.585 Y68.544 E375.48548
G1 X111.808 Y68.692 E375.5161
G1 F1691.1 X112.048 Y68.873 E375.55157
G1 F1604.3 X112.285 Y69.087 E375.5913
G1 F1529.1 X112.48 Y69.316 E375.63055
G1 F1500 X112.631 Y69.564 E375.66918
G1 X112.796 Y69.904 E375.71946
G1 X112.933 Y70.37 E375.78408
G1 X112.989 Y70.817 E375.84401
G1 X112.992 Y71.17 E375.89098
G1 X112.96 Y71.458 E375.92953
G1 X112.88 Y71.799 E375.97613
G1 X112.728 Y72.223 E376.03605
G1 X112.613 Y72.483 E376.07388
G1 X112.218 Y73.031 E376.16375
G1 X111.742 Y73.448 E376.24794
G1 X111.092 Y73.822 E376.34771
G1 X110.309 Y73.997 E376.45445
G1 F1500 E369.95445
G0 F9000 X110.957 Y74.262
G0 X113.39 Y70.316
G0 X112.811 Y68.921
G0 X144.336 Y87.088
G0 X140.453 Y89.543
G0 X140.549 Y90.908
G0 X143.113 Y93.437
G1 F1500 E376.45445
G1 X142.511 Y93.228 E376.53923
G1 X142.034 Y92.942 E376.61322
G1 X141.55 Y92.53 E376.69778
G1 X141.199 Y92.045 E376.77743
G1 X140.938 Y91.497 E376.85819
G1 X140.779 Y90.818 E376.95096
G1 X140.784 Y90.149 E377.03997
G1 X140.957 Y89.447 E377.13616
G1 X141.142 Y89.065 E377.19263
G1 X141.285 Y88.829 E377.22934
G1 X141.465 Y88.585 E377.26968
G1 X141.685 Y88.346 E377.3129
G1 X142.001 Y88.07 E377.36871
G1 X142.476 Y87.79 E377.44207
G1 X142.928 Y87.625 E377.50609
G1 X143.256 Y87.547 E377.55094
G1 X143.548 Y87.511 E377.59008
G1 X143.874 Y87.506 E377.63346
G1 F1524.4 X144.253 Y87.558 E377.68354
G1 F1600.9 X144.59 Y87.663 E377.72754
G1 F1698.8 X144.97 Y87.823 E377.77598
G1 F1754.4 X145.361 Y88.044 E377.82707
G1 F1744.2 X145.593 Y88.2 E377.85905
G1 F1698.8 X145.827 Y88.385 E377.8941
G1 F1619.9 X146.045 Y88.577 E377.92988
G1 F1470.6 X146.406 Y88.968 E378.0021
G1 F1457.7 X146.559 Y89.41 E378.06613
G1 F1619.9 X146.65 Y89.877 E378.12475
G1 F1720.2 X146.703 Y90.446 E378.19104
G1 F1726.1 X146.661 Y91.041 E378.26
G1 F1672.2 X146.613 Y91.296 E378.29097
G1 F1585.6 X146.483 Y91.73 E378.34799
G1 F1519.8 X146.313 Y92.082 E378.39932
G1 F1500 X146.102 Y92.382 E378.44811
G1 X145.866 Y92.644 E378.49502
G1 X145.638 Y92.844 E378.53537
G1 X145.416 Y93.006 E378.57194
G1 X145.099 Y93.193 E378.6209
G1 X144.662 Y93.368 E378.68353
G1 X144.218 Y93.468 E378.74408
G1 X143.894 Y93.513 E378.7876
G1 X143.113 Y93.437 E378.89199
G1 F1500 E372.39199
G0 F9000 X146.687 Y92.352
G0 X147.098 Y91.077
G0 X147.068 Y127.988
G1 F1500 E378.89199
G0 F9000 X147.087 Y128.823
G1 F866.1 X147.117 Y129.34 E379.01132
G0 F9000 X147.068 Y127.988
G0 X146.02 Y130.706
G0 X144.039 Y133.148
G0 X145.173 Y132.546
G1 F864.1 X144.748 Y132.749 E379.1201
G0 F9000 X145.173 Y132.546
G1 F943.4 X145.435 Y132.516 E379.17589
G1 F1079.1 X145.697 Y132.486 E379.22466
G1 F1261.6 X145.969 Y132.445 E379.26817
G1 F1519.8 X146.242 Y132.403 E379.30444
G1 F1616.4 X146.728 Y132.074 E379.3769
G1 F1456.3 X147.151 Y131.762 E379.44892
G1 F1377.4 X147.424 Y131.604 E379.49462
G1 X147.424 Y131.29 E379.54011
G1 F1504.5 X147.516 Y130.338 E379.66698
G1 F1450.7 X147.386 Y129.998 E379.71705
G1 F1189.5 X147.289 Y129.751 E379.76157
G1 F1030.9 X147.192 Y129.504 E379.81294
G1 F921.9 X147.117 Y129.34 E379.85197
G1 X147.052 Y129.504 E379.89016
G1 F1047.5 X146.787 Y130.023 E380.00118
G1 F1353.8 X146.631 Y130.209 E380.03696
G1 F1574 X146.497 Y130.735 E380.10578
G1 F1435.4 X146.412 Y131.01 E380.1458
G1 F1456.3 X146.09 Y131.373 E380.21229
G1 F1580.6 X145.719 Y131.708 E380.2754
G1 F1352.6 X145.489 Y132.13 E380.34631
G1 F1079.1 X145.331 Y132.338 E380.39462
G1 F943.4 X145.173 Y132.546 E380.44987
G1 F1500 E373.94987
G0 F9000 X144.039 Y133.148
G0 X119.23 Y147.36
G0 X112.589 Y130.819
G0 X109.49 Y130.492
G1 F1500 E380.44987
G1 X108.504 Y130.443 E380.58121
G1 X107.422 Y130.336 E380.72586
G1 X106.417 Y130.185 E380.86107
G1 X105.415 Y129.979 E380.99716
G1 X104.483 Y129.743 E381.12507
G1 X103.424 Y129.415 E381.27256
G1 X102.483 Y129.071 E381.40586
G1 X101.574 Y128.689 E381.53704
G1 X100.597 Y128.219 E381.68128
G1 X99.732 Y127.742 E381.81269
G1 X98.904 Y127.238 E381.94165
G1 X97.996 Y126.618 E382.08793
G1 X97.254 Y126.058 E382.2116
G1 X96.99 Y125.837 E382.25741
G1 X96.997 Y126.101 E382.29254
G1 X96.959 Y126.458 E382.34031
G1 X96.881 Y126.799 E382.38685
G1 X96.729 Y127.223 E382.44677
G1 X96.534 Y127.593 E382.50241
G1 X96.318 Y127.893 E382.55159
G1 X96.124 Y128.112 E382.59052
G1 X95.78 Y128.422 E382.65213
G1 X95.127 Y128.806 E382.75291
G1 X94.348 Y128.99 E382.8594
G1 X94.074 Y129.008 E382.89593
G1 X93.328 Y128.935 E382.99565
G1 X92.717 Y128.718 E383.08192
G1 X92.247 Y128.434 E383.15497
G1 X91.794 Y128.049 E383.23407
G1 X91.428 Y127.556 E383.31575
G1 X91.162 Y126.997 E383.39811
G1 X91.003 Y126.318 E383.49089
G1 X91.007 Y125.682 E383.57551
G1 X91.136 Y125.103 E383.65443
G1 X91.222 Y124.864 E383.68822
G1 X91.441 Y124.42 E383.75408
G1 X91.715 Y124.055 E383.8148
G1 X91.906 Y123.852 E383.85189
G1 X92.218 Y123.576 E383.90731
G1 X92.545 Y123.355 E383.95981
G1 X93.277 Y123.079 E384.06389
G1 X93.772 Y123.01 E384.13038
G1 X94.157 Y123.004 E384.18161
G1 X93.624 Y122.334 E384.29551
G1 X93.048 Y121.527 E384.42742
G1 X92.52 Y120.711 E384.55673
G1 X91.997 Y119.806 E384.69579
G1 X91.514 Y118.865 E384.83651
G1 X91.097 Y117.929 E384.97283
G1 X90.73 Y117.002 E385.10547
G1 X90.41 Y116.042 E385.2401
G1 X90.127 Y115.025 E385.38054
G1 X89.893 Y114.011 E385.51899
G1 X89.724 Y113.022 E385.65248
G1 X89.604 Y112.098 E385.77644
G1 X89.52 Y110.976 E385.92613
G1 X89.5 Y110.032 E386.05175
G1 X89.524 Y108.934 E386.19786
G1 X89.607 Y107.895 E386.33653
G1 X89.733 Y106.913 E386.46825
G1 X89.893 Y105.985 E386.59353
G1 X90.142 Y104.91 E386.74033
G1 X90.426 Y103.897 E386.8803
G1 X90.736 Y102.977 E387.00946
G1 X91.109 Y102.036 E387.14413
G1 X91.535 Y101.087 E387.28252
G1 X92.007 Y100.171 E387.41961
G1 X92.519 Y99.286 E387.55564
G1 X93.053 Y98.459 E387.6866
G1 X93.625 Y97.66 E387.81734
G1 X94.138 Y97.016 E387.92687
G1 X93.335 Y96.933 E388.03428
G1 X92.776 Y96.748 E388.11261
G1 X92.366 Y96.512 E388.17555
G1 X92.136 Y96.345 E388.21336
G1 X91.912 Y96.149 E388.25296
G1 X91.715 Y95.941 E388.29108
G1 X91.443 Y95.581 E388.35111
G1 X91.181 Y95.049 E388.43
G1 X91.003 Y94.324 E388.52932
G1 X91.007 Y93.655 E388.61833
G1 X91.174 Y92.969 E388.71226
G1 X91.44 Y92.421 E388.7933
G1 X91.824 Y91.923 E388.87696
G1 X92.327 Y91.488 E388.96543
G1 X92.57 Y91.344 E389.00301
G1 X93.152 Y91.125 E389.08574
G1 X93.48 Y91.047 E389.1306
G1 X93.989 Y90.995 E389.19867
G1 X94.687 Y91.068 E389.29204
G1 X95.267 Y91.276 E389.37401
G1 X95.766 Y91.569 E389.451
G1 X96.13 Y91.885 E389.51513
G1 X96.301 Y92.076 E389.54923
G1 X96.577 Y92.447 E389.61075
G1 X96.852 Y93.038 E389.69747
G1 X96.933 Y93.369 E389.74281
G1 X96.996 Y93.895 E389.81329
G1 X96.991 Y94.162 E389.84882
G1 X97.262 Y93.936 E389.89576
G1 X98.002 Y93.375 E390.01931
G1 X98.899 Y92.765 E390.16362
G1 X99.789 Y92.221 E390.3024
G1 X100.676 Y91.736 E390.43689
G1 X101.544 Y91.324 E390.56472
G1 X102.552 Y90.897 E390.71036
G1 X103.491 Y90.559 E390.84313
G1 X104.483 Y90.253 E390.98124
G1 X105.437 Y90.012 E391.11215
G1 X106.418 Y89.814 E391.2453
G1 X107.497 Y89.651 E391.39048
G1 X108.504 Y89.553 E391.52508
G1 X109.477 Y89.504 E391.65469
G1 X110.549 Y89.505 E391.79731
G1 X111.538 Y89.556 E391.92907
G1 X112.54 Y89.655 E392.06302
G1 X113.578 Y89.814 E392.20273
G1 X114.563 Y90.012 E392.33639
G1 X115.589 Y90.275 E392.47731
G1 X116.569 Y90.58 E392.61386
G1 X117.451 Y90.898 E392.73859
G1 X118.427 Y91.311 E392.87959
G1 X119.359 Y91.756 E393.01699
G1 X120.228 Y92.232 E393.14881
G1 X121.154 Y92.801 E393.2934
G1 X122.001 Y93.378 E393.42975
G1 X122.767 Y93.961 E393.55782
G1 X123.005 Y94.162 E393.59926
G1 X123.004 Y93.809 E393.64623
G1 X123.042 Y93.51 E393.68633
G1 X123.159 Y93.004 E393.75542
G1 X123.422 Y92.447 E393.83737
G1 X123.702 Y92.072 E393.89963
G1 X123.87 Y91.884 E393.93318
G1 X124.343 Y91.466 E394.01716
G1 X124.665 Y91.302 E394.06523
G1 X125.312 Y91.072 E394.15658
G1 X125.929 Y90.99 E394.23939
G1 X126.667 Y91.06 E394.33802
G1 X127.232 Y91.265 E394.41798
G1 X127.622 Y91.48 E394.47723
G1 X127.836 Y91.629 E394.51192
G1 X128.242 Y91.992 E394.58438
G1 X128.579 Y92.464 E394.66153
G1 X128.834 Y92.989 E394.73918
G1 X128.925 Y93.316 E394.78434
G1 X129.01 Y93.983 E394.8738
G1 X128.935 Y94.645 E394.96243
G1 X128.659 Y95.407 E395.07025
G1 X128.284 Y95.938 E395.15674
G1 X128.099 Y96.135 E395.19269
G1 X127.876 Y96.335 E395.23255
G1 X127.636 Y96.51 E395.27206
G1 X127.282 Y96.717 E395.32662
G1 X126.886 Y96.868 E395.383
G1 X126.442 Y96.968 E395.44355
G1 X125.85 Y97.005 E395.52247
G1 X126.325 Y97.6 E395.62376
G1 X126.945 Y98.462 E395.76502
G1 X127.517 Y99.351 E395.90566
G1 X127.989 Y100.171 E396.03154
G1 X128.46 Y101.084 E396.16821
G1 X128.888 Y102.031 E396.30647
G1 X129.266 Y102.995 E396.44423
G1 X129.579 Y103.922 E396.5744
G1 X129.875 Y104.977 E396.72018
G1 X130.102 Y105.978 E396.85673
G1 X130.277 Y106.979 E396.99193
G1 X130.393 Y107.895 E397.11476
G1 X130.476 Y109.02 E397.26484
G1 X130.496 Y110.032 E397.3995
G1 X130.476 Y110.976 E397.52512
G1 X130.393 Y112.091 E397.67387
G1 X130.277 Y113.015 E397.79777
G1 X130.102 Y114.018 E397.93322
G1 X129.857 Y115.089 E398.07939
G1 X129.574 Y116.093 E398.21817
G1 X129.266 Y117.002 E398.34586
G1 X128.884 Y117.976 E398.48505
G1 X128.464 Y118.903 E398.62044
G1 X127.989 Y119.825 E398.75843
G1 X127.517 Y120.645 E398.8843
G1 X126.908 Y121.586 E399.03343
G1 X126.325 Y122.396 E399.1662
G1 X125.835 Y123.01 E399.27071
G1 X126.098 Y123.006 E399.3057
G1 X126.579 Y123.055 E399.37003
G1 X126.829 Y123.119 E399.40436
G1 X127.232 Y123.259 E399.46112
G1 X127.615 Y123.476 E399.51968
G1 X127.85 Y123.642 E399.55796
G1 X128.078 Y123.838 E399.59796
G1 X128.284 Y124.054 E399.63767
G1 X128.555 Y124.414 E399.69762
G1 X128.844 Y125.004 E399.78502
G1 X128.922 Y125.296 E399.82523
G1 X129.006 Y125.985 E399.91758
G1 X128.943 Y126.618 E400.00221
G1 X128.706 Y127.283 E400.09613
G1 X128.551 Y127.569 E400.13941
G1 X128.22 Y128.03 E400.21491
G1 X127.761 Y128.428 E400.29574
G1 X127.147 Y128.8 E400.39125
G1 X126.33 Y128.995 E400.503
G1 X125.966 Y128.997 E400.55142
G1 X125.313 Y128.929 E400.63877
G1 X124.728 Y128.724 E400.72124
G1 X124.226 Y128.424 E400.79904
G1 X123.874 Y128.115 E400.86136
G1 X123.702 Y127.924 E400.89555
G1 X123.426 Y127.555 E400.95686
G1 X123.178 Y127.043 E401.03254
G1 X123.043 Y126.486 E401.10879
G1 X123.004 Y126.197 E401.14759
G1 X123 Y125.848 E401.19402
G1 X122.732 Y126.066 E401.23998
G1 X121.943 Y126.659 E401.3713
G1 X121.093 Y127.238 E401.50812
G1 X120.207 Y127.775 E401.64596
G1 X119.362 Y128.239 E401.77421
G1 X118.427 Y128.689 E401.91226
G1 X117.445 Y129.1 E402.05389
G1 X116.505 Y129.437 E402.18674
G1 X115.514 Y129.742 E402.32469
G1 X114.563 Y129.984 E402.45524
G1 X113.578 Y130.186 E402.58901
G1 X112.532 Y130.342 E402.72971
G1 X111.493 Y130.443 E402.86859
G1 X110.531 Y130.491 E402.99674
G1 X109.49 Y130.492 E403.13523
G1 F1500 E396.63523
G0 F9000 X109.952 Y130.991
G0 X109.989 Y145.509
G0 X109.419 Y146.523
G0 X108.675 Y146.793
G0 X108.134 Y147.27
G0 X107.829 Y147.674
G0 X107.603 Y148.141
G0 X107.468 Y148.734
G0 X107.468 Y149.266
G0 X107.603 Y149.859
G0 X107.829 Y150.326
G0 X108.002 Y150.556
G0 X109.972 Y152.602
G1 F1500 E403.13523
G0 F9000 X110.029 Y152.046
G1 F1459.1 X109.516 Y151.938 E403.20693
G1 F1604.3 X109.201 Y151.836 E403.24812
G1 F1696.8 X108.892 Y151.715 E403.28714
G1 F1746.2 X108.664 Y151.6 E403.31633
G1 F1760.6 X108.404 Y151.448 E403.35047
G1 F1742.2 X108.178 Y151.296 E403.38166
G1 F1687.3 X107.942 Y151.115 E403.41684
G1 F1606 X107.718 Y150.911 E403.45449
G1 F1530.6 X107.518 Y150.679 E403.49442
G1 F1500 X107.366 Y150.431 E403.53312
G1 X107.238 Y150.167 E403.57216
G1 X107.126 Y149.85 E403.61688
G1 X107.042 Y149.486 E403.66658
G1 X107.004 Y149.148 E403.71183
G1 X107.004 Y148.848 E403.75175
G1 X107.042 Y148.51 E403.797
G1 X107.126 Y148.146 E403.8467
G1 X107.238 Y147.829 E403.89143
G1 X107.366 Y147.565 E403.93046
G1 X107.518 Y147.316 E403.96927
G1 X107.804 Y146.95 E404.03107
G1 X108.3 Y146.508 E404.11945
G1 X108.582 Y146.332 E404.16368
G1 X109.308 Y146.069 E404.26641
G1 X109.93 Y145.991 E404.34981
G1 X110.673 Y146.065 E404.44915
G1 X111.232 Y146.259 E404.52787
G1 X111.732 Y146.545 E404.6045
G1 X112.198 Y146.94 E404.68577
G1 X112.48 Y147.316 E404.7483
G1 X112.632 Y147.564 E404.787
G1 X112.864 Y148.044 E404.85793
G1 X112.933 Y148.369 E404.90213
G1 X112.989 Y148.817 E404.9622
G1 X112.991 Y149.17 E405.00916
G1 X112.96 Y149.458 E405.0477
G1 X112.881 Y149.799 E405.09427
G1 X112.729 Y150.223 E405.15419
G1 X112.534 Y150.593 E405.20983
G1 F1527.5 X112.303 Y150.882 E405.25817
G1 F1600.9 X112.07 Y151.102 E405.29812
G1 F1696.8 X111.725 Y151.373 E405.34971
G1 F1756.4 X111.27 Y151.638 E405.40954
G1 F1720.2 X110.874 Y151.816 E405.4599
G1 F1616.4 X110.438 Y151.949 E405.51618
G1 F1463.4 X110.029 Y152.046 E405.5735
G0 F9000 X109.972 Y152.602
G0 X110 Y153.217
G1 F1378.7 X110.271 Y153.06 E405.61884
G1 F1463.4 X110.783 Y152.836 E405.69505
G1 F1616.4 X111.195 Y152.639 E405.75143
G1 F1718.2 X111.706 Y152.368 E405.81861
G1 F1744.2 X112.291 Y152.023 E405.89631
G1 F1606 X113.253 Y151.388 E406.03954
G1 F1500 X143.989 Y133.638 E410.76157
G1 F1357.5 X144.216 Y133.386 E410.81143
G1 F1140.7 X144.444 Y133.134 E410.87089
G1 F936.9 X144.748 Y132.749 E410.97537
G1 X144.264 Y132.673 E411.07973
G1 F1140.7 X144.003 Y132.585 E411.12792
G1 F1357.5 X143.742 Y132.497 E411.16841
G1 F1500 X143.29 Y132.453 E411.22883
G1 X142.961 Y132.384 E411.27355
G1 X142.685 Y132.292 E411.31225
G1 X142.402 Y132.164 E411.35358
G1 X142.142 Y132.011 E411.39371
G1 X141.922 Y131.854 E411.42967
G1 X141.694 Y131.658 E411.46967
G1 X141.465 Y131.411 E411.51448
G1 X141.285 Y131.167 E411.55482
G1 X141.142 Y130.931 E411.59153
G1 X140.957 Y130.549 E411.648
G1 X140.779 Y129.824 E411.74732
G1 X140.782 Y129.16 E411.83566
G1 X140.94 Y128.495 E411.92659
G1 X141.207 Y127.931 E412.00961
G1 X141.589 Y127.428 E412.09364
G1 X142.103 Y126.982 E412.18418
G1 X142.349 Y126.835 E412.2223
G1 X143.086 Y126.568 E412.32659
G1 X143.548 Y126.511 E412.38852
G1 X143.874 Y126.506 E412.4319
G1 X144.254 Y126.542 E412.48268
G1 X144.605 Y126.619 E412.53049
G1 X144.882 Y126.715 E412.56949
G1 X145.131 Y126.828 E412.60587
G1 X145.391 Y126.976 E412.64567
G1 X145.636 Y127.151 E412.68573
G1 X145.86 Y127.347 E412.72533
G1 X146.063 Y127.563 E412.76476
G1 X146.247 Y127.803 E412.805
G1 X146.408 Y128.064 E412.84579
G1 F1315.8 X146.697 Y128.343 E412.90672
G1 F1070.7 X146.892 Y128.583 E412.96436
G1 F914.1 X147.087 Y128.823 E413.03187
G1 X147.207 Y128.511 E413.10485
G1 F1070.7 X147.328 Y128.199 E413.16722
G1 F1315.8 X147.468 Y127.822 E413.22822
G1 F1500 X147.468 Y92.449 E417.93426
G1 F1519.8 X147.481 Y91.907 E418.00545
G1 F1621.6 X147.53 Y91.116 E418.10298
G1 F1742.2 X147.545 Y90.504 E418.1731
G1 F1738.1 X147.528 Y89.823 E418.25132
G1 F1619.9 X147.482 Y89.199 E418.3284
G1 F1457.7 X147.425 Y88.705 E418.39647
G1 F1379.9 X147.425 Y88.391 E418.44188
G1 X147.153 Y88.234 E418.4873
G1 F1470.6 X146.661 Y87.874 E418.57003
G1 F1619.9 X146.346 Y87.66 E418.61695
G1 F1714.3 X145.786 Y87.308 E418.69394
G1 F1746.2 X145.245 Y87.003 E418.76492
G1 F1607.7 X144.2 Y86.481 E418.90991
G1 F1500 X113.156 Y68.555 E423.67914
G1 F1606 X112.307 Y67.989 E423.80593
G1 F1744.2 X111.742 Y67.653 E423.88114
G1 F1714.3 X111.183 Y67.356 E423.95483
G1 F1607.7 X110.764 Y67.156 E424.01246
G1 F1457.7 X110.272 Y66.941 E424.08596
G1 F1378.7 X110 Y66.784 E424.13142
G1 X109.729 Y66.941 E424.17676
G1 F1466.3 X109.185 Y67.179 E424.25757
G1 F1619.9 X108.795 Y67.367 E424.31091
G1 F1730.1 X108.083 Y67.745 E424.40389
G1 F1773 X107.81 Y67.91 E424.43979
G1 F1619.9 X106.845 Y68.555 E424.58279
G1 F1500 X76.056 Y86.33 E429.31259
G1 F1390.2 X75.682 Y86.637 E429.38205
G1 F1157.4 X75.436 Y86.939 E429.44921
G1 F943.4 X75.154 Y87.28 E429.54281
G1 X75.572 Y87.327 E429.63179
G1 F1157.4 X75.953 Y87.407 E429.69891
G1 F1390.2 X76.314 Y87.472 E429.75157
G1 F1500 X76.619 Y87.496 E429.79227
G1 X76.979 Y87.57 E429.84117
G1 X77.407 Y87.714 E429.90124
G1 X77.775 Y87.897 E429.95592
G1 X78.079 Y88.106 E430.005
G1 X78.323 Y88.314 E430.04766
G1 X78.527 Y88.53 E430.08719
G1 X78.753 Y88.841 E430.13833
G1 X79.066 Y89.415 E430.22531
G1 X79.236 Y90.132 E430.32335
G1 X79.252 Y90.401 E430.3592
G1 X79.187 Y91.096 E430.45207
G1 X78.947 Y91.757 E430.54562
G1 X78.798 Y92.033 E430.58735
G1 X78.497 Y92.467 E430.65762
G1 X78.266 Y92.714 E430.70261
G1 X77.501 Y93.201 E430.82326
G1 X76.678 Y93.45 E430.93765
G1 X76.172 Y93.464 E431.005
G1 X75.873 Y93.442 E431.04489
G1 X75.461 Y93.37 E431.10053
G1 X75.209 Y93.303 E431.13522
G1 X74.942 Y93.176 E431.17456
G1 X74.526 Y92.924 E431.23926
G1 X74.253 Y92.711 E431.28533
G1 X74.041 Y92.503 E431.32484
G1 X73.812 Y92.214 E431.3739
G1 X73.579 Y91.834 E431.4332
G1 F1533.7 X73.449 Y91.494 E431.48056
G1 F1606 X73.328 Y90.989 E431.54509
G1 F1698.8 X73.309 Y90.656 E431.58427
G1 F1746.2 X73.325 Y90.174 E431.63939
G1 F1702.6 X73.359 Y89.856 E431.67687
G1 F1625.1 X73.435 Y89.489 E431.72289
G1 F1522.8 X73.567 Y89.02 E431.78674
G1 F1483.7 X73.816 Y88.712 E431.84001
G1 F1564.1 X74.046 Y88.487 E431.88107
G1 F1364.9 X74.247 Y88.042 E431.95246
G1 F1095.7 X74.362 Y87.848 E431.99353
G1 F955.4 X74.54 Y87.599 E432.05747
G1 X74.237 Y87.643 E432.12142
G1 F1095.7 X73.993 Y87.68 E432.16637
G1 F1364.9 X73.488 Y87.769 E432.24134
G1 F1564.1 X73.141 Y88.014 E432.29554
G1 F1432.7 X72.849 Y88.235 E432.34655
G1 F1372.4 X72.575 Y88.394 E432.39261
G1 X72.575 Y88.709 E432.43842
G1 F1469.1 X72.503 Y89.362 E432.52766
G1 F1653.8 X72.46 Y90.154 E432.62336
G1 F1730.1 X72.461 Y90.978 E432.71841
G1 F1644.7 X72.506 Y91.638 E432.79868
G1 F1533.7 X72.528 Y92.129 E432.86263
G1 F1500 X72.528 Y127.796 E437.60778
G1 F1513.6 X72.519 Y128.091 E437.64669
G1 F1616.4 X72.465 Y128.946 E437.75246
G1 F1738.1 X72.454 Y129.348 E437.79864
G1 F1746.2 X72.46 Y129.97 E437.86972
G1 F1683.5 X72.485 Y130.423 E437.9235
G1 F1569 X72.527 Y130.905 E437.98504
G1 F1436.8 X72.573 Y131.29 E438.03889
G1 F1376.1 X72.573 Y131.604 E438.08443
G1 X72.845 Y131.761 E438.12997
G1 F1462 X73.305 Y132.101 E438.20805
G1 F1612.9 X73.65 Y132.336 E438.2597
G1 F1716.2 X74.201 Y132.682 E438.33535
G1 F1750.3 X74.753 Y132.993 E438.40759
G1 F1641.1 X75.453 Y133.339 E438.50254
G1 F1527.5 X75.852 Y133.548 E438.56139
G1 F1500 X106.841 Y151.444 E443.32228
G1 F1604.3 X107.675 Y151.999 E443.44689
G1 F1742.2 X108.236 Y152.335 E443.5218
G1 F1712.3 X108.834 Y152.653 E443.60073
G1 F1604.3 X109.227 Y152.839 E443.65482
G1 F1459.1 X109.728 Y153.059 E443.72965
G1 F1378.7 X110 Y153.217 E443.77519
G1 F1500 E437.27519
G0 F9000 X110 Y152.591
G0 X107.192 Y151.08
G0 X75.658 Y132.907
G0 X77.195 Y132.759
G1 F1500 E443.77519
G0 F9000 X77.11 Y132.368
G1 F1500 X76.666 Y132.468 E443.83573
G1 X76.189 Y132.497 E443.89931
G1 F1527.5 X75.743 Y132.435 E443.95814
G1 F1604.3 X75.434 Y132.341 E443.99832
G1 F1694.9 X75.117 Y132.214 E444.03852
G1 F1750.3 X74.888 Y132.099 E444.06774
G1 F1764.7 X74.628 Y131.947 E444.1018
G1 F1746.2 X74.403 Y131.796 E444.13277
G1 F1698.8 X74.169 Y131.611 E444.16781
G1 F1612.9 X73.932 Y131.4 E444.20707
G1 F1462 X73.593 Y131.026 E444.27597
G1 F1436.8 X73.471 Y130.682 E444.32667
G1 F1569 X73.389 Y130.325 E444.37326
G1 F1691.1 X73.306 Y129.809 E444.43493
G1 F1754.4 X73.306 Y129.348 E444.48737
G1 F1738.1 X73.328 Y129.039 E444.52294
G1 F1672.2 X73.386 Y128.67 E444.56751
G1 F1577.3 X73.478 Y128.317 E444.61367
G1 F1513.6 X73.602 Y128.049 E444.6526
G1 F1500 X73.737 Y127.829 E444.68694
G1 X73.916 Y127.585 E444.7272
G1 X74.137 Y127.346 E444.77051
G1 X74.452 Y127.07 E444.82622
G1 X74.924 Y126.791 E444.89917
G1 X75.372 Y126.627 E444.96264
G1 X75.704 Y126.547 E445.00807
G1 X75.996 Y126.511 E445.04722
G1 X76.322 Y126.506 E445.09059
G1 X76.887 Y126.559 E445.16609
G1 X77.43 Y126.752 E445.24276
G1 X77.931 Y127.024 E445.3186
G1 X78.41 Y127.433 E445.4024
G1 X78.796 Y127.937 E445.48686
G1 X79.058 Y128.489 E445.56815
G1 X79.149 Y128.816 E445.6133
G1 X79.234 Y129.486 E445.70316
G1 X79.153 Y130.166 E445.79426
G1 X78.906 Y130.85 E445.89101
G1 X78.758 Y131.093 E445.92887
G1 X78.542 Y131.393 E445.97805
G1 X78.324 Y131.635 E446.02138
G1 X78.099 Y131.835 E446.06143
G1 X77.861 Y132.01 E446.10073
G1 X77.54 Y132.198 E446.15023
G1 X77.11 Y132.368 E446.21174
G0 F9000 X77.195 Y132.759
G0 X76.969 Y131.374
;TYPE:WALL-OUTER
G1 F1500 X76.367 Y131.51 E446.29385
G1 X75.786 Y131.453 E446.37152
G1 X75.404 Y131.329 E446.42495
G1 X75.052 Y131.123 E446.47921
G1 X74.752 Y130.861 E446.5322
G1 X74.506 Y130.519 E446.58825
G1 X74.336 Y130.181 E446.63858
G1 X74.239 Y129.735 E446.69931
G1 X74.231 Y129.294 E446.75799
G1 X74.337 Y128.811 E446.82377
G1 X74.541 Y128.423 E446.88209
G1 X74.753 Y128.136 E446.92956
G1 X75.179 Y127.762 E447.00498
G1 X75.772 Y127.546 E447.08895
G1 X76.17 Y127.497 E447.1423
G1 X76.671 Y127.544 E447.20924
G1 X77.037 Y127.672 E447.26083
G1 X77.379 Y127.864 E447.31301
G1 X77.668 Y128.112 E447.36367
G1 X77.916 Y128.431 E447.41743
G1 X78.157 Y128.917 E447.4896
G1 X78.224 Y129.532 E447.5719
G1 X78.182 Y129.892 E447.62012
G1 X77.985 Y130.445 E447.69822
G1 X77.7 Y130.852 E447.76433
G1 X77.391 Y131.126 E447.81927
G1 X76.969 Y131.374 E447.88439
G1 F1500 E441.38439
G0 F9000 X77.118 Y132.777
G0 X75.658 Y132.907
G0 X88.51 Y140.303
G0 X93.322 Y129.418
G0 X94.134 Y128.009
G1 F1500 E447.88439
G1 X93.556 Y127.95 E447.96169
G1 X93.177 Y127.824 E448.01482
G1 X92.831 Y127.622 E448.06813
G1 X92.533 Y127.361 E448.12083
G1 X92.278 Y127.019 E448.17758
G1 X92.12 Y126.69 E448.22614
G1 X92.006 Y126.202 E448.29281
G1 X92.005 Y125.781 E448.34882
G1 X92.117 Y125.314 E448.41271
G1 X92.275 Y124.982 E448.46163
G1 X92.531 Y124.634 E448.5191
G1 X92.946 Y124.266 E448.5929
G1 X93.556 Y124.047 E448.67912
G1 X93.95 Y123.996 E448.73198
G1 F1486.6 X94.435 Y124.043 E448.79739
G1 F1459.1 X94.869 Y124.181 E448.85967
G1 F1416.4 X95.224 Y124.37 E448.91634
G1 F1391.5 X95.527 Y124.642 E448.97473
G1 F1407.1 X95.703 Y124.899 E449.01891
G1 F1457.7 X95.931 Y125.417 E449.09639
G1 F1498.5 X96.004 Y125.995 E449.17397
G1 F1500 X95.959 Y126.407 E449.22911
G1 X95.762 Y126.953 E449.30634
G1 X95.474 Y127.354 E449.37202
G1 X95.168 Y127.626 E449.42649
G1 X94.728 Y127.878 E449.49395
G1 X94.134 Y128.009 E449.57487
G1 F1500 E443.07487
G0 F9000 X94.877 Y129.281
G0 X97.4 Y126.765
G0 X101.81 Y129.161
G0 X109.473 Y130.091
G1 F1500 E449.57487
G0 F9000 X109.502 Y129.492
G1 F1500 X108.531 Y129.442 E449.70422
G1 X107.57 Y129.347 E449.8327
G1 X106.592 Y129.201 E449.96426
G1 X105.661 Y129.009 E450.09072
G1 X104.703 Y128.766 E450.22221
G1 X103.765 Y128.475 E450.35287
G1 X102.87 Y128.149 E450.4796
G1 X101.971 Y127.771 E450.60934
G1 X101.079 Y127.343 E450.74097
G1 X100.252 Y126.888 E450.86654
G1 X99.395 Y126.365 E451.00011
G1 X98.598 Y125.82 E451.12857
G1 X97.863 Y125.265 E451.2511
G1 F1446.5 X96.368 Y123.996 E451.52164
G1 F1392.8 X95.962 Y123.584 E451.60452
G1 F1411.1 X95.698 Y123.289 E451.66051
G1 F1466.3 X95.326 Y122.835 E451.74039
G1 F1500 X95.053 Y122.524 E451.79544
G1 X94.437 Y121.752 E451.92684
G1 X93.901 Y121.004 E452.04927
G1 X93.346 Y120.146 E452.18522
G1 X92.863 Y119.305 E452.31424
G1 X92.427 Y118.457 E452.4411
G1 X92.027 Y117.561 E452.57164
G1 X91.665 Y116.647 E452.70243
G1 X91.366 Y115.747 E452.8286
G1 X91.101 Y114.798 E452.95969
G1 X90.879 Y113.841 E453.09039
G1 X90.716 Y112.893 E453.21836
G1 X90.593 Y111.942 E453.34594
G1 X90.52 Y110.955 E453.47761
G1 X90.5 Y110.011 E453.60323
G1 X90.521 Y109.012 E453.73616
G1 X90.599 Y108.021 E453.86841
G1 X90.715 Y107.105 E453.99125
G1 X90.885 Y106.126 E454.12345
G1 X91.106 Y105.178 E454.25295
G1 X91.374 Y104.216 E454.38581
G1 X91.675 Y103.323 E454.51118
G1 X92.035 Y102.415 E454.64113
G1 X92.443 Y101.507 E454.77357
G1 X92.874 Y100.67 E454.89882
G1 X93.359 Y99.828 E455.02809
G1 X93.892 Y99.003 E455.15877
G1 X94.437 Y98.244 E455.28308
G1 X95.053 Y97.471 E455.41458
G1 F1491.1 X95.376 Y97.095 E455.48092
G1 F1450.7 X95.694 Y96.703 E455.55036
G1 F1401.9 X95.897 Y96.475 E455.59382
G1 F1391.5 X96.352 Y96.017 E455.68641
G1 F1447.9 X97.866 Y94.732 E455.96011
G1 F1500 X98.626 Y94.158 E456.08682
G1 X99.402 Y93.63 E456.21169
G1 X100.25 Y93.109 E456.3441
G1 X101.105 Y92.64 E456.47384
G1 X101.992 Y92.219 E456.60446
G1 X102.893 Y91.837 E456.73466
G1 X103.787 Y91.514 E456.86112
G1 X104.729 Y91.223 E456.99229
G1 X105.685 Y90.981 E457.12349
G1 X106.604 Y90.797 E457.24818
G1 X107.595 Y90.646 E457.38155
G1 X108.554 Y90.552 E457.50974
G1 X109.528 Y90.504 E457.63948
G1 X110.498 Y90.504 E457.76853
G1 X111.465 Y90.554 E457.89735
G1 X112.428 Y90.649 E458.02609
G1 X113.415 Y90.801 E458.15895
G1 X114.34 Y90.987 E458.28448
G1 X115.293 Y91.23 E458.41532
G1 X116.23 Y91.521 E458.54586
G1 X117.132 Y91.847 E458.67345
G1 X118.028 Y92.228 E458.80299
G1 X118.917 Y92.653 E458.93408
G1 X119.746 Y93.109 E459.05996
G1 X120.593 Y93.629 E459.19218
G1 X121.395 Y94.174 E459.32119
G1 X122.149 Y94.748 E459.44726
G1 F1497 X122.922 Y95.392 E459.58138
G1 F1442.3 X123.627 Y95.998 E459.71001
G1 F1400.6 X123.756 Y96.137 E459.73703
G1 F1395.3 X124.101 Y96.476 E459.80621
G1 F1400.6 X124.301 Y96.703 E459.84931
G1 F1456.3 X124.681 Y97.173 E459.93214
G1 F1498.5 X124.943 Y97.471 E459.98498
G1 F1500 X125.558 Y98.244 E460.1164
G1 X126.105 Y99.004 E460.24097
G1 X126.65 Y99.85 E460.37486
G1 X127.133 Y100.691 E460.50389
G1 X127.564 Y101.529 E460.62925
G1 X127.979 Y102.45 E460.76365
G1 X128.33 Y103.348 E460.89192
G1 X128.63 Y104.24 E461.01713
G1 X128.9 Y105.2 E461.1498
G1 X129.117 Y106.152 E461.2797
G1 X129.285 Y107.105 E461.40845
G1 X129.401 Y108.021 E461.53128
G1 X129.476 Y109.041 E461.66735
G1 X129.496 Y110.011 E461.79643
G1 X129.475 Y110.982 E461.92564
G1 X129.401 Y111.967 E462.05706
G1 X129.281 Y112.915 E462.18418
G1 X129.112 Y113.868 E462.31295
G1 X128.894 Y114.819 E462.44275
G1 X128.626 Y115.773 E462.57459
G1 X128.322 Y116.671 E462.70072
G1 X127.964 Y117.582 E462.83094
G1 X127.557 Y118.481 E462.96223
G1 X127.122 Y119.326 E463.08867
G1 X126.65 Y120.146 E463.21455
G1 X126.095 Y121.004 E463.35049
G1 X125.559 Y121.752 E463.47292
G1 X124.928 Y122.543 E463.60754
G1 F1495.5 X124.664 Y122.846 E463.66116
G1 F1454.9 X124.301 Y123.293 E463.74015
G1 F1401.9 X124.108 Y123.511 E463.78159
G1 F1390.2 X123.627 Y123.998 E463.87985
G1 F1442.3 X122.922 Y124.604 E464.00848
G1 F1497 X122.13 Y125.268 E464.14626
G1 F1500 X121.398 Y125.82 E464.26823
G1 X120.573 Y126.384 E464.40119
G1 X119.725 Y126.899 E464.53318
G1 X118.893 Y127.355 E464.6594
G1 X118.017 Y127.777 E464.78877
G1 X117.106 Y128.159 E464.92019
G1 X116.209 Y128.482 E465.04703
G1 X115.268 Y128.773 E465.17807
G1 X114.317 Y129.014 E465.30859
G1 X113.39 Y129.203 E465.43446
G1 X112.401 Y129.35 E465.56748
G1 X111.442 Y129.444 E465.69568
G1 X110.472 Y129.492 E465.82488
G1 X109.502 Y129.492 E465.95393
G1 F1500 E459.45393
G0 F9000 X109.473 Y130.091
G0 X112.492 Y129.885
G0 X119.572 Y128.649
G0 X122.613 Y126.754
G0 X122.961 Y127.309
G0 X125.512 Y128.551
G1 F1500 E465.95393
G0 F9000 X125.573 Y127.953
G1 F1500 X125.161 Y127.816 E466.0117
G1 X124.853 Y127.637 E466.05909
G1 X124.533 Y127.365 E466.11496
G1 X124.289 Y127.042 E466.16882
G1 X124.112 Y126.677 E466.22279
G1 X124.004 Y126.204 E466.28734
G1 X124.004 Y125.785 E466.34308
G1 F1486.6 X124.129 Y125.261 E466.41539
G1 F1445.1 X124.294 Y124.902 E466.46996
G1 F1412.4 X124.518 Y124.603 E466.52274
G1 F1423.1 X124.897 Y124.253 E466.59508
G1 F1466.3 X125.545 Y124.046 E466.68767
G1 F1497 X125.947 Y123.997 E466.74165
G1 F1500 X126.453 Y124.045 E466.80927
G1 X126.846 Y124.189 E466.86496
G1 X127.162 Y124.369 E466.91334
G1 X127.468 Y124.632 E466.96702
G1 X127.712 Y124.957 E467.02109
G1 X127.932 Y125.423 E467.08965
G1 X128 Y125.976 E467.16377
G1 X127.96 Y126.403 E467.22083
G1 X127.763 Y126.953 E467.29855
G1 X127.472 Y127.351 E467.36415
G1 X127.172 Y127.624 E467.41811
G1 X126.741 Y127.873 E467.48433
G1 X126.133 Y128.009 E467.56722
G1 X125.573 Y127.953 E467.6421
G1 F1500 E461.1421
G0 F9000 X125.512 Y128.551
G0 X126.179 Y128.558
G0 X129.018 Y127.741
G0 X140.296 Y129.945
G0 X142.953 Y131.327
G1 F1500 E467.6421
G1 X142.608 Y131.125 E467.69528
G1 X142.303 Y130.863 E467.74878
G1 X142.062 Y130.537 E467.80271
G1 X141.888 Y130.177 E467.85591
G1 X141.78 Y129.708 E467.91994
G1 X141.78 Y129.284 E467.97635
G1 X141.897 Y128.803 E468.0422
G1 X142.062 Y128.463 E468.09248
G1 X142.299 Y128.142 E468.14557
G1 X142.718 Y127.77 E468.22011
G1 X143.319 Y127.55 E468.30526
G1 X143.72 Y127.496 E468.35909
G1 X144.222 Y127.544 E468.42618
G1 X144.595 Y127.674 E468.47873
G1 X144.941 Y127.87 E468.53164
G1 X145.238 Y128.131 E468.58424
G1 X145.485 Y128.453 E468.63823
G1 X145.708 Y128.914 E468.70636
G1 X145.776 Y129.504 E468.78537
G1 X145.734 Y129.912 E468.83994
G1 X145.537 Y130.445 E468.91554
G1 X145.253 Y130.85 E468.98135
G1 X144.97 Y131.1 E469.03159
G1 F1501.5 X144.517 Y131.375 E469.10202
G1 X143.915 Y131.509 E469.18399
G1 X143.329 Y131.452 E469.26224
G1 F1500 X142.953 Y131.327 E469.31495
G1 F1500 E462.81495
G0 F9000 X142.634 Y132.698
G0 X144.193 Y132.955
G0 X112.646 Y151.212
G0 X109.981 Y152.603
G1 F1500 E469.31495
G0 F9000 X110.143 Y151.01
G1 F1500 X109.552 Y150.952 E469.39396
G1 X109.174 Y150.825 E469.44701
G1 X108.828 Y150.623 E469.50031
G1 X108.533 Y150.364 E469.55254
G1 X108.287 Y150.039 E469.60677
G1 X108.112 Y149.677 E469.66026
G1 X108.004 Y149.209 E469.72416
G1 X108.004 Y148.787 E469.7803
G1 X108.112 Y148.318 E469.84433
G1 X108.29 Y147.953 E469.89836
G1 X108.534 Y147.634 E469.95179
G1 X108.95 Y147.264 E470.02586
G1 X109.548 Y147.046 E470.11054
G1 X109.932 Y147 E470.16199
G1 X110.451 Y147.045 E470.2313
G1 X110.846 Y147.189 E470.28723
G1 X111.171 Y147.378 E470.33725
G1 X111.463 Y147.631 E470.38865
G1 X111.713 Y147.959 E470.44352
G1 X111.933 Y148.431 E470.5128
G1 X112.004 Y148.996 E470.58856
G1 X111.96 Y149.402 E470.64289
G1 X111.763 Y149.952 E470.72061
G1 X111.472 Y150.356 E470.78685
G1 X111.168 Y150.626 E470.84095
G1 X110.742 Y150.875 E470.90659
G1 X110.143 Y151.01 E470.98828
G1 F1500 E464.48828
G0 F9000 X109.981 Y152.603
G1 F1500 E470.98828
G0 F9000 X110 Y154.422
G1 F1500 X148.468 Y132.207 E476.89818
G1 X148.468 Y87.789 E482.80757
G1 X110 Y65.578 E488.7172
G1 X71.529 Y87.789 E494.62718
G1 X71.528 Y132.207 E500.53657
G1 X110 Y154.422 E506.44693
G1 F1500 E499.94693
G0 F9000 X110 Y152.591
G0 X108.408 Y151.734
G0 X73.044 Y132.487
G0 X89.039 Y109.009
G0 X94.138 Y96.009
G1 F1500 E506.44693
G1 X93.545 Y95.951 E506.5262
G1 X93.152 Y95.812 E506.58166
G1 X92.829 Y95.623 E506.63145
G1 X92.533 Y95.365 E506.68369
G1 X92.289 Y95.042 E506.73754
G1 X92.112 Y94.677 E506.79151
G1 X92.006 Y94.202 E506.85626
G1 X92.004 Y93.785 E506.91174
G1 X92.124 Y93.295 E506.97885
G1 X92.283 Y92.968 E507.02723
G1 X92.532 Y92.636 E507.08244
G1 X92.952 Y92.261 E507.15735
G1 X93.547 Y92.049 E507.24138
G1 X93.945 Y91.996 E507.2948
G1 X94.424 Y92.043 E507.35883
G1 X94.803 Y92.169 E507.41197
G1 X95.141 Y92.358 E507.46349
G1 X95.444 Y92.612 E507.51609
G1 X95.693 Y92.933 E507.57014
G1 X95.932 Y93.42 E507.64231
G1 X96.003 Y94.003 E507.72045
G1 X95.959 Y94.404 E507.77412
G1 F1483.7 X95.766 Y94.984 E507.85633
G1 F1428.6 X95.517 Y95.356 E507.91887
G1 F1387.6 X95.193 Y95.656 E507.98237
G1 F1425.9 X94.784 Y95.874 E508.04724
G1 F1485.1 X94.138 Y96.009 E508.13592
G1 F1500 E501.63592
G0 F9000 X93.221 Y97.537
G0 X91.042 Y95.849
G0 X79.409 Y91.948
G0 X76.518 Y92.45
G1 F1500 E508.13592
G1 X76.093 Y92.466 E508.1925
G1 X75.523 Y92.358 E508.26968
G1 X74.995 Y92.039 E508.35175
G1 X74.697 Y91.746 E508.40735
G1 X74.399 Y91.256 E508.48365
G1 X74.232 Y90.708 E508.55987
G1 X74.259 Y90.165 E508.6322
G1 X74.393 Y89.681 E508.69901
G1 X74.7 Y89.187 E508.77639
G1 X74.979 Y88.916 E508.82814
G1 X75.309 Y88.699 E508.88068
G1 X75.703 Y88.538 E508.93731
G1 X76.18 Y88.465 E509.0015
G1 X76.599 Y88.498 E509.05742
G1 X77.154 Y88.684 E509.1353
G1 X77.56 Y88.962 E509.20076
G1 X77.845 Y89.263 E509.25591
G1 X78.12 Y89.778 E509.33358
G1 X78.259 Y90.327 E509.40892
G1 X78.195 Y90.901 E509.48576
G1 X78.008 Y91.417 E509.55878
G1 X77.67 Y91.904 E509.63765
G1 X77.076 Y92.29 E509.73189
G1 X76.518 Y92.45 E509.80912
G1 F1500 E503.30912
G0 F9000 X76.683 Y93.031
G0 X77.3 Y92.791
G0 X79.59 Y91.334
G0 X77.551 Y87.276
G0 X75.871 Y87.002
G0 X107.187 Y68.923
G0 X107.709 Y72.785
G0 X110.957 Y74.262
G1 F1500 E509.80912
G0 F9000 X110.141 Y73.01
G1 F1500 X109.577 Y72.954 E509.88452
G1 X109.162 Y72.817 E509.94267
G1 X108.851 Y72.636 E509.99054
G1 X108.532 Y72.365 E510.04623
G1 X108.289 Y72.042 E510.1
G1 X108.112 Y71.678 E510.15385
G1 X108.004 Y71.209 E510.21788
G1 X108.004 Y70.787 E510.27402
G1 X108.112 Y70.318 E510.33805
G1 X108.289 Y69.954 E510.3919
G1 X108.529 Y69.635 E510.44501
G1 X108.954 Y69.26 E510.52042
G1 X109.554 Y69.044 E510.60525
G1 X109.967 Y69 E510.66051
G1 X110.446 Y69.044 E510.72451
G1 X110.784 Y69.162 E510.77214
G1 X111.161 Y69.367 E510.82923
G1 X111.466 Y69.63 E510.88281
G1 X111.712 Y69.959 E510.93746
G1 X111.931 Y70.412 E511.0044
G1 X112.005 Y71.001 E511.08338
G1 X111.96 Y71.405 E511.13746
G1 X111.757 Y71.953 E511.21521
G1 X111.47 Y72.354 E511.28081
G1 X111.179 Y72.615 E511.33282
G1 X110.739 Y72.875 E511.40081
G1 X110.141 Y73.01 E511.48237
G1 F1500 E504.98237
G0 F9000 X110.957 Y74.262
G0 X112.038 Y73.851
G0 X121.424 Y92.403
G0 X126.143 Y96.01
G1 F1500 E511.48237
G1 F1482.2 X125.556 Y95.953 E511.56177
G1 F1447.9 X125.12 Y95.82 E511.6246
G1 F1405.8 X124.807 Y95.657 E511.6747
G1 F1395.3 X124.518 Y95.393 E511.73068
G1 F1412.4 X124.294 Y95.094 E511.78347
G1 F1445.1 X124.129 Y94.735 E511.83803
G1 F1486.6 X124.004 Y94.206 E511.91099
G1 F1500 X124.004 Y93.786 E511.96687
G1 X124.112 Y93.328 E512.02948
G1 X124.289 Y92.953 E512.08464
G1 X124.556 Y92.612 E512.14226
G1 X124.967 Y92.257 E512.21452
G1 X125.528 Y92.054 E512.29389
G1 X125.945 Y91.996 E512.3499
G1 X126.442 Y92.047 E512.41637
G1 X126.819 Y92.176 E512.46938
G1 X127.161 Y92.371 E512.52176
G1 X127.466 Y92.634 E512.57534
G1 X127.694 Y92.935 E512.62557
G1 X127.933 Y93.417 E512.69715
G1 X128 Y94.032 E512.77945
G1 X127.958 Y94.41 E512.83005
G1 X127.765 Y94.946 E512.90584
G1 X127.495 Y95.324 E512.96764
G1 X127.175 Y95.622 E513.02582
G1 X126.741 Y95.875 E513.09265
G1 X126.143 Y96.01 E513.17421
G1 F1500 E506.67421
G0 F9000 X126.082 Y96.609
G0 X126.945 Y96.38
G0 X127.487 Y96.065
G0 X129.493 Y93.967
G0 X140.471 Y91.696
G0 X143.328 Y92.449
G1 F1500 E513.17421
G1 X142.965 Y92.329 E513.22508
G1 X142.611 Y92.125 E513.27943
G1 X142.317 Y91.874 E513.33086
G1 X142.071 Y91.547 E513.3853
G1 X141.896 Y91.19 E513.4382
G1 X141.782 Y90.702 E513.50487
G1 X141.781 Y90.281 E513.56088
G1 X141.891 Y89.821 E513.6238
G1 X142.061 Y89.461 E513.67677
G1 X142.301 Y89.136 E513.73052
G1 X142.728 Y88.762 E513.80604
G1 X143.321 Y88.546 E513.89
G1 X143.722 Y88.497 E513.94375
G1 X144.222 Y88.544 E514.01056
G1 X144.56 Y88.662 E514.05819
G1 X144.937 Y88.867 E514.11528
G1 X145.24 Y89.133 E514.16892
G1 X145.494 Y89.473 E514.22539
G1 X145.708 Y89.914 E514.2906
G1 X145.776 Y90.504 E514.36961
G1 X145.734 Y90.912 E514.42418
G1 X145.535 Y91.451 E514.50062
G1 X145.252 Y91.851 E514.56581
G1 X144.943 Y92.123 E514.62058
G1 X144.517 Y92.376 E514.68649
G1 X143.914 Y92.504 E514.7685
G1 X143.328 Y92.449 E514.84681
G1 F1500 E508.34681
G0 F9000 X143.136 Y93.019
G0 X145.943 Y93.189
G0 X147.098 Y91.077
G0 X146.976 Y128.115
G0 X142.902 Y126.144
G0 X140.335 Y129.94
G0 X143.693 Y132.956
G0 X144.193 Y132.955
G0 X113.985 Y150.503
G1 F1500 E514.84681
G0 F9000 X113.735 Y150.071
;TYPE:SKIN
G1 F1500 X113.853 Y149.556 E514.9171
G1 X113.885 Y149.288 E514.95301
G1 X113.884 Y148.747 E515.02498
G1 X113.824 Y148.266 E515.08947
G1 X113.751 Y147.896 E515.13965
G1 X113.603 Y147.51 E515.19465
G1 X113.443 Y147.178 E515.24368
G1 X113.198 Y146.774 E515.30654
G1 X112.852 Y146.307 E515.38386
G1 X112.238 Y145.798 E515.48997
G1 X111.73 Y145.507 E515.56785
G1 X111.431 Y145.377 E515.61123
G1 X111.127 Y145.271 E515.65406
G1 X110.697 Y145.162 E515.71308
G1 X110.177 Y145.108 E515.78263
G1 X109.75 Y145.108 E515.83944
G1 X109.26 Y145.167 E515.9051
G1 X108.907 Y145.254 E515.95347
G1 X108.215 Y145.505 E516.0514
G1 X107.791 Y145.763 E516.11743
G1 X107.137 Y146.323 E516.23198
G1 X106.796 Y146.774 E516.3072
G1 X106.579 Y147.129 E516.36256
G1 X106.427 Y147.435 E516.40801
G1 X106.259 Y147.903 E516.47417
G1 X106.154 Y148.353 E516.53564
G1 X106.106 Y148.793 E516.59453
G1 X106.104 Y149.144 E516.64123
G1 X106.154 Y149.642 E516.70781
G1 X106.247 Y150.059 E516.76466
G1 X77.207 Y133.29 E521.22602
G1 X77.928 Y133.006 E521.32912
G1 X78.31 Y132.787 E521.3877
G1 X78.668 Y132.528 E521.44648
G1 X78.961 Y132.267 E521.49869
G1 X79.244 Y131.951 E521.55512
G1 X79.486 Y131.621 E521.60957
G1 X79.653 Y131.346 E521.65237
G1 X79.805 Y131.013 E521.70107
G1 X79.958 Y130.573 E521.76304
G1 X80.046 Y130.249 E521.80771
G1 X80.14 Y129.466 E521.91263
G1 X80.036 Y128.664 E522.02022
G1 X79.886 Y128.139 E522.09286
G1 X79.552 Y127.449 E522.19485
G1 X79.07 Y126.814 E522.30091
G1 X78.678 Y126.471 E522.37021
G1 X78.407 Y126.26 E522.4159
G1 X77.882 Y125.963 E522.49615
G1 X77.184 Y125.704 E522.5952
G1 X76.769 Y125.641 E522.65105
G1 X76.409 Y125.609 E522.69913
G1 X75.877 Y125.615 E522.76991
G1 X75.593 Y125.651 E522.808
G1 X75.107 Y125.765 E522.87441
G1 X74.576 Y125.958 E522.94958
G1 X73.887 Y126.362 E523.05584
G1 X73.428 Y126.771 E523.13763
G1 X73.427 Y93.165 E527.60859
G1 X73.621 Y93.353 E527.64453
G1 X74.014 Y93.66 E527.71088
G1 X74.47 Y93.943 E527.78228
G1 X74.898 Y94.148 E527.84541
G1 X75.259 Y94.247 E527.89521
G1 X75.756 Y94.331 E527.96227
G1 X76.152 Y94.359 E528.01509
G1 X76.532 Y94.35 E528.06566
G1 X76.908 Y94.314 E528.11591
G1 X77.641 Y94.105 E528.21731
G1 X78.01 Y93.945 E528.27082
G1 X78.794 Y93.436 E528.39518
G1 X79.13 Y93.125 E528.45609
G1 X79.628 Y92.406 E528.57245
G1 X79.787 Y92.079 E528.62083
G1 X80.011 Y91.458 E528.70866
G1 X80.093 Y91.08 E528.76011
G1 X80.156 Y90.321 E528.86144
G1 X80.118 Y89.922 E528.91476
G1 X79.934 Y89.185 E529.01582
G1 X79.751 Y88.787 E529.0741
G1 X79.547 Y88.415 E529.13055
G1 X79.211 Y87.951 E529.20676
G1 X78.984 Y87.7 E529.25179
G1 X78.628 Y87.394 E529.31424
G1 X78.286 Y87.158 E529.36952
G1 X77.751 Y86.882 E529.44961
G1 X77.211 Y86.701 E529.52538
G1 X106.248 Y69.935 E533.9862
G1 X106.154 Y70.353 E534.0432
G1 X106.106 Y70.793 E534.10209
G1 X106.104 Y71.144 E534.14879
G1 X106.154 Y71.642 E534.21537
G1 X106.245 Y72.043 E534.27008
G1 X106.427 Y72.561 E534.34312
G1 X106.555 Y72.821 E534.38168
G1 X106.772 Y73.183 E534.43783
G1 X106.997 Y73.487 E534.48815
G1 X107.223 Y73.746 E534.53388
G1 X107.531 Y74.014 E534.5882
G1 X107.818 Y74.231 E534.63606
G1 X108.328 Y74.527 E534.71451
G1 X108.586 Y74.632 E534.75157
G1 X108.933 Y74.745 E534.80012
G1 X109.231 Y74.821 E534.84104
G1 X110.101 Y74.915 E534.95746
G1 X110.52 Y74.87 E535.01352
G1 X111.275 Y74.699 E535.11651
G1 X111.659 Y74.538 E535.17191
G1 X112.245 Y74.19 E535.26258
G1 X112.692 Y73.81 E535.34063
G1 X112.918 Y73.586 E535.38297
G1 X113.271 Y73.108 E535.46202
G1 X113.415 Y72.88 E535.4979
G1 X113.563 Y72.557 E535.54517
G1 X113.728 Y72.096 E535.61031
G1 X113.844 Y71.609 E535.67691
G1 X113.889 Y71.223 E535.72861
G1 X113.88 Y70.686 E535.80007
G1 X113.825 Y70.262 E535.85695
G1 X113.733 Y69.927 E535.90317
G1 X142.794 Y86.71 E540.36788
G1 X142.136 Y86.952 E540.46116
G1 X141.43 Y87.371 E540.57038
G1 X141.104 Y87.653 E540.62773
G1 X140.765 Y88.016 E540.69381
G1 X140.549 Y88.31 E540.74234
G1 X140.353 Y88.63 E540.79226
G1 X140.134 Y89.077 E540.85849
G1 X140.031 Y89.404 E540.9041
G1 X139.886 Y90.084 E540.9966
G1 X139.88 Y90.672 E541.07483
G1 X139.9 Y91.006 E541.11935
G1 X140.097 Y91.837 E541.23297
G1 X140.444 Y92.542 E541.33751
G1 X140.915 Y93.167 E541.44163
G1 X141.339 Y93.541 E541.51684
G1 X141.588 Y93.727 E541.55819
G1 X142.142 Y94.047 E541.64331
G1 X142.7 Y94.242 E541.72195
G1 X143.042 Y94.33 E541.76893
G1 X143.65 Y94.39 E541.85021
G1 X143.974 Y94.4 E541.89334
G1 X144.373 Y94.352 E541.9468
G1 X144.855 Y94.244 E542.01252
G1 X145.493 Y93.997 E542.10354
G1 X145.875 Y93.779 E542.16205
G1 X146.241 Y93.511 E542.2224
G1 X146.568 Y93.214 E542.28117
G1 X146.568 Y126.77 E546.74548
G1 X146.213 Y126.462 E546.80801
G1 X145.833 Y126.191 E546.8701
G1 X145.592 Y126.051 E546.90718
G1 X145.212 Y125.879 E546.96268
G1 X144.903 Y125.771 E547.00623
G1 X144.321 Y125.641 E547.08556
G1 X143.961 Y125.61 E547.13364
G1 X143.416 Y125.616 E547.20615
G1 X142.793 Y125.713 E547.29003
G1 X142.126 Y125.958 E547.38456
G1 X141.858 Y126.077 E547.42358
G1 X141.569 Y126.252 E547.46852
G1 X140.936 Y126.808 E547.58061
G1 X140.561 Y127.29 E547.66186
G1 X140.38 Y127.578 E547.70711
G1 X140.08 Y128.198 E547.79875
G1 X139.885 Y129.068 E547.91737
G1 X139.88 Y129.663 E547.99653
G1 X139.901 Y130.01 E548.04278
G1 X140.057 Y130.686 E548.13508
G1 X140.191 Y131.03 E548.18419
G1 X140.323 Y131.31 E548.22537
G1 X140.539 Y131.674 E548.28169
G1 X140.728 Y131.936 E548.32467
G1 X141.106 Y132.34 E548.39827
G1 X141.369 Y132.563 E548.44415
G1 X141.687 Y132.788 E548.49597
G1 X141.992 Y132.964 E548.54282
G1 X142.352 Y133.128 E548.59545
G1 X142.8 Y133.281 E548.65843
G1 X113.735 Y150.071 E553.12408
G1 F1500 E546.62408
G0 F9000 X113.985 Y150.503
G0 X112.646 Y151.212
G0 X113.44 Y149.466
G0 X111.546 Y145.863
G0 X110.55 Y130.972
G0 X109.457 Y131.392
G1 F1500 E553.12408
G1 X110.566 Y131.388 E553.27162
G1 X111.582 Y131.336 E553.40697
G1 X112.625 Y131.234 E553.54639
G1 X113.726 Y131.071 E553.69446
G1 X114.707 Y130.875 E553.82755
G1 X115.724 Y130.617 E553.96714
G1 X116.758 Y130.303 E554.11091
G1 X117.75 Y129.947 E554.25113
G1 X118.791 Y129.509 E554.40138
G1 X119.748 Y129.052 E554.54247
G1 X120.722 Y128.514 E554.69051
G1 X121.645 Y127.951 E554.83435
G1 X122.379 Y127.449 E554.95265
G1 X122.545 Y127.81 E555.00551
G1 X122.736 Y128.136 E555.05578
G1 X123.002 Y128.489 E555.11459
G1 X123.255 Y128.771 E555.16499
G1 X123.714 Y129.166 E555.24555
G1 X124.163 Y129.434 E555.31512
G1 X124.5 Y129.599 E555.36504
G1 X125.148 Y129.813 E555.45583
G1 X125.986 Y129.906 E555.568
G1 X126.417 Y129.888 E555.62539
G1 X127.21 Y129.716 E555.73335
G1 X127.581 Y129.579 E555.78596
G1 X128.294 Y129.165 E555.89565
G1 X128.801 Y128.714 E555.98593
G1 X129.035 Y128.433 E556.03458
G1 X129.38 Y127.958 E556.11268
G1 X129.544 Y127.613 E556.1635
G1 X129.783 Y126.921 E556.2609
G1 X129.842 Y126.638 E556.29936
G1 X129.911 Y125.94 E556.39268
G1 X129.79 Y125.019 E556.51626
G1 X129.622 Y124.545 E556.58317
G1 X129.321 Y123.932 E556.67402
G1 X128.962 Y123.462 E556.75271
G1 X128.702 Y123.19 E556.80277
G1 X128.442 Y122.964 E556.8486
G1 X128.043 Y122.682 E556.9136
G1 X127.706 Y122.498 E556.96468
G1 X127.441 Y122.381 E557.00322
G1 X127.672 Y122.059 E557.05594
G1 X128.285 Y121.107 E557.20658
G1 X128.781 Y120.251 E557.3382
G1 X129.273 Y119.297 E557.48101
G1 X129.692 Y118.375 E557.61574
G1 X130.11 Y117.307 E557.76833
G1 X130.437 Y116.336 E557.90464
G1 X130.722 Y115.329 E558.04387
G1 X130.988 Y114.172 E558.20182
G1 X131.149 Y113.246 E558.32686
G1 X131.287 Y112.171 E558.47105
G1 X131.367 Y111.135 E558.60929
G1 X131.396 Y110.05 E558.75369
G1 X131.375 Y108.974 E558.89687
G1 X131.295 Y107.902 E559.03989
G1 X131.173 Y106.887 E559.17589
G1 X130.981 Y105.796 E559.32327
G1 X130.752 Y104.781 E559.4617
G1 X130.438 Y103.66 E559.61658
G1 X130.114 Y102.696 E559.75188
G1 X129.746 Y101.757 E559.88606
G1 X129.297 Y100.751 E560.03262
G1 X128.818 Y99.812 E560.17286
G1 X128.294 Y98.898 E560.31303
G1 X127.701 Y97.973 E560.45921
G1 X127.442 Y97.613 E560.51821
G1 X127.727 Y97.497 E560.55915
G1 X128.123 Y97.265 E560.62021
G1 X128.447 Y97.029 E560.67353
G1 X128.73 Y96.774 E560.72421
G1 X128.958 Y96.53 E560.76864
G1 X129.377 Y95.965 E560.86223
G1 X129.524 Y95.653 E560.90811
G1 X129.828 Y94.823 E561.02571
G1 X129.912 Y93.944 E561.14318
G1 X129.807 Y93.142 E561.25079
G1 X129.662 Y92.636 E561.32082
G1 X129.321 Y91.941 E561.42381
G1 X129.023 Y91.535 E561.49082
G1 X128.77 Y91.244 E561.54212
G1 X128.35 Y90.884 E561.61571
G1 X128.082 Y90.707 E561.65844
G1 X127.637 Y90.461 E561.72609
G1 X127.133 Y90.27 E561.79779
G1 X126.762 Y90.166 E561.84905
G1 X125.971 Y90.096 E561.9547
G1 X125.691 Y90.112 E561.99201
G1 X125.097 Y90.194 E562.07179
G1 X124.292 Y90.476 E562.18527
G1 X123.916 Y90.675 E562.24186
G1 X123.642 Y90.88 E562.28739
G1 X123.266 Y91.215 E562.35439
G1 X122.984 Y91.523 E562.40995
G1 X122.762 Y91.816 E562.45885
G1 X122.55 Y92.177 E562.51455
G1 X122.378 Y92.547 E562.56883
G1 X121.631 Y92.036 E562.68924
G1 X120.689 Y91.461 E562.83607
G1 X119.756 Y90.946 E562.97785
G1 X118.824 Y90.5 E563.11531
G1 X117.771 Y90.055 E563.2674
G1 X116.793 Y89.706 E563.40555
G1 X115.853 Y89.414 E563.5365
G1 X114.805 Y89.143 E563.68051
G1 X113.747 Y88.929 E563.82412
G1 X112.673 Y88.761 E563.96874
G1 X111.617 Y88.658 E564.1099
G1 X110.578 Y88.605 E564.24831
G1 X109.464 Y88.604 E564.39652
G1 X108.414 Y88.656 E564.53638
G1 X107.319 Y88.762 E564.68274
G1 X106.287 Y88.921 E564.82166
G1 X105.242 Y89.129 E564.96341
G1 X104.162 Y89.407 E565.11178
G1 X103.185 Y89.709 E565.24783
G1 X102.245 Y90.049 E565.38082
G1 X101.225 Y90.479 E565.52808
G1 X100.229 Y90.952 E565.67478
G1 X99.359 Y91.429 E565.80678
G1 X98.334 Y92.054 E565.9665
G1 X97.615 Y92.545 E566.08233
G1 X97.446 Y92.184 E566.13536
G1 X97.252 Y91.845 E566.18732
G1 X97.025 Y91.54 E566.2379
G1 X96.728 Y91.209 E566.29707
G1 X96.276 Y90.827 E566.3758
G1 X95.618 Y90.443 E566.47716
G1 X94.851 Y90.18 E566.58503
G1 X94.193 Y90.11 E566.67307
G1 X93.882 Y90.096 E566.71449
G1 X93.236 Y90.167 E566.80095
G1 X92.845 Y90.277 E566.85499
G1 X92.281 Y90.481 E566.93478
G1 X91.83 Y90.712 E567.00219
G1 X91.315 Y91.17 E567.09388
G1 X91.054 Y91.43 E567.1429
G1 X90.69 Y91.92 E567.2241
G1 X90.432 Y92.424 E567.29943
G1 X90.279 Y92.808 E567.35442
G1 X90.105 Y93.613 E567.464
G1 X90.105 Y94.435 E567.57336
G1 X90.309 Y95.331 E567.69561
G1 X90.681 Y96.069 E567.80556
G1 X90.997 Y96.487 E567.87528
G1 X91.283 Y96.795 E567.93119
G1 X91.528 Y97.015 E567.975
G1 X91.919 Y97.295 E568.03898
G1 X92.255 Y97.487 E568.09047
G1 X92.546 Y97.616 E568.13282
G1 X92.286 Y97.978 E568.19211
G1 X91.722 Y98.863 E568.33173
G1 X91.167 Y99.83 E568.48006
G1 X90.723 Y100.69 E568.60883
G1 X90.307 Y101.619 E568.74425
G1 X89.898 Y102.651 E568.89193
G1 X89.533 Y103.729 E569.04335
G1 X89.278 Y104.65 E569.17049
G1 X89.033 Y105.685 E569.31199
G1 X88.831 Y106.863 E569.471
G1 X88.712 Y107.775 E569.59336
G1 X88.621 Y108.966 E569.75228
G1 X88.6 Y110.051 E569.89665
G1 X88.62 Y110.991 E570.02174
G1 X88.699 Y112.119 E570.17218
G1 X88.823 Y113.111 E570.30518
G1 X89.007 Y114.177 E570.4491
G1 X89.253 Y115.234 E570.59348
G1 X89.544 Y116.292 E570.73946
G1 X89.873 Y117.285 E570.87864
G1 X90.283 Y118.321 E571.02687
G1 X90.698 Y119.248 E571.16199
G1 X91.211 Y120.248 E571.31152
G1 X91.694 Y121.086 E571.4402
G1 X92.286 Y122.014 E571.58664
G1 X92.551 Y122.383 E571.64708
G1 X92.185 Y122.516 E571.69889
G1 X91.669 Y122.86 E571.78139
G1 X91.31 Y123.175 E571.84493
G1 X90.999 Y123.503 E571.90507
G1 X90.658 Y123.968 E571.98178
G1 X90.4 Y124.485 E572.05866
G1 X90.27 Y124.851 E572.11033
G1 X90.11 Y125.58 E572.20962
G1 X90.104 Y126.172 E572.28839
G1 X90.132 Y126.55 E572.33881
G1 X90.315 Y127.332 E572.44566
G1 X90.66 Y128.025 E572.54865
G1 X91.05 Y128.555 E572.6362
G1 X91.302 Y128.81 E572.68389
G1 X91.756 Y129.188 E572.76249
G1 X92.164 Y129.436 E572.82601
G1 X92.476 Y129.594 E572.87254
G1 X92.911 Y129.74 E572.93358
G1 X93.211 Y129.82 E572.97489
G1 X94.057 Y129.911 E573.08809
G1 X94.51 Y129.872 E573.14858
G1 X95.248 Y129.705 E573.24925
G1 X95.607 Y129.559 E573.30081
G1 X96.194 Y129.22 E573.39099
G1 X96.453 Y129.022 E573.43436
G1 X96.733 Y128.774 E573.48413
G1 X97.053 Y128.411 E573.54851
G1 X97.265 Y128.119 E573.59651
G1 X97.62 Y127.452 E573.69704
G1 X98.32 Y127.933 E573.81003
G1 X99.318 Y128.543 E573.96564
G1 X100.154 Y129.003 E574.09259
G1 X101.198 Y129.507 E574.24682
G1 X102.219 Y129.934 E574.39406
G1 X103.181 Y130.283 E574.53021
G1 X104.143 Y130.582 E574.66423
G1 X105.217 Y130.853 E574.8116
G1 X106.24 Y131.07 E574.95072
G1 X107.287 Y131.223 E575.0915
G1 X108.39 Y131.334 E575.23898
G1 X109.457 Y131.392 E575.38115
G1 F1500 E568.88115
G0 F9000 X109.479 Y130.893
G0 X103.349 Y129.897
G0 X95.13 Y144.126
G0 X79.086 Y132.826
G1 F1500 E575.38115
G1 X81.384 Y135.124 E575.81351
G0 F9000 X80.882 Y135.99
G0 X75.658 Y132.907
G0 X78.954 Y131.506
G0 X79.762 Y132.088
G1 F1500 X84.731 Y137.057 E576.74842
G0 F9000 X84.23 Y137.923
G0 X87.577 Y139.856
G0 X88.078 Y138.99
G1 F1500 X80.273 Y131.185 E578.21691
G0 F9000 X79.626 Y129.397
G0 X80.57 Y130.067
G1 F1500 X91.425 Y140.923 E580.25935
G0 F9000 X90.924 Y141.789
G0 X94.271 Y143.722
G0 X94.773 Y142.856
G1 F1500 X80.534 Y128.617 E582.93838
G0 F9000 X79.615 Y129.312
G0 X77.105 Y126.212
G0 X77.102 Y125.185
G1 F1500 X73.927 Y122.011 E583.53566
G0 F9000 X72.928 Y122.011
G0 X72.928 Y123.425
G0 X73.927 Y123.425
G1 F1500 X75.645 Y125.142 E583.8588
G0 F9000 X75.767 Y126.137
G0 X74.874 Y126.382
G0 X74.531 Y125.443
G1 F1500 X73.927 Y124.839 E583.97244
G0 F9000 X74.794 Y126.411
G0 X73.001 Y128.222
G0 X72.928 Y120.596
G0 X73.927 Y120.596
G1 F1500 X98.12 Y144.789 E588.5243
G0 F9000 X97.618 Y145.655
G0 X100.966 Y147.589
G0 X101.467 Y146.722
G1 F1500 X73.927 Y119.182 E593.70589
G0 F9000 X72.928 Y119.182
G0 X72.928 Y117.768
G0 X73.927 Y117.768
G1 F1500 X104.814 Y148.654 E599.51711
G0 F9000 X104.312 Y149.521
G0 X107.192 Y151.08
G0 X106.669 Y148.344
G0 X105.693 Y148.119
G1 F1500 X73.927 Y116.354 E605.49372
G0 F9000 X72.928 Y116.354
G0 X72.928 Y114.94
G0 X73.928 Y114.94
G1 F1500 X106.054 Y147.066 E611.53815
G0 F9000 X106.952 Y147.501
G0 X107.402 Y146.805
G0 X106.603 Y146.201
G1 F1500 X73.928 Y113.526 E617.68588
G0 F9000 X72.928 Y113.526
G0 X72.928 Y112.112
G0 X73.928 Y112.112
G1 F1500 X90.593 Y128.777 E620.82136
G0 F9000 X91.167 Y129.351
G1 F1500 X107.318 Y145.502 E623.86014
G0 F9000 X107.974 Y146.262
G0 X108.543 Y145.92
G0 X108.207 Y144.977
G1 F1500 X93.598 Y130.368 E626.60879
G0 F9000 X93.377 Y129.343
G0 X94.877 Y129.281
G0 X94.933 Y130.289
G1 F1500 X109.304 Y144.659 E629.31257
G0 F9000 X109.427 Y145.652
G0 X110.302 Y145.624
G0 X110.724 Y144.665
G1 F1500 X95.98 Y129.921 E632.08662
G0 F9000 X95.04 Y129.345
G0 X96.83 Y129.357
G1 F1500 X115.782 Y148.309 E635.65239
G0 F9000 X116.283 Y149.176
G0 X117.178 Y148.659
G0 X116.679 Y147.792
G1 F1500 X97.512 Y128.625 E639.25862
G0 F9000 X97.13 Y127.293
G0 X97.4 Y126.765
G0 X100.017 Y128.357
G0 X99.533 Y129.232
G1 F1500 X117.576 Y147.274 E642.65327
G0 F9000 X118.075 Y148.141
G0 X118.971 Y147.624
G0 X118.471 Y146.756
G1 F1500 X102.162 Y130.446 E645.72187
G0 F9000 X102.5 Y129.506
G0 X106.075 Y130.525
G0 X104.255 Y131.125
G1 F1500 X119.368 Y146.238 E648.56535
G0 F9000 X119.869 Y147.105
G0 X120.765 Y146.588
G0 X120.265 Y145.721
G1 F1500 X106.094 Y131.549 E651.23168
G0 F9000 X106.297 Y130.571
G0 X106.603 Y130.619
G0 X107.728 Y131.77
G1 F1500 X121.161 Y145.203 E653.75907
G0 F9000 X121.661 Y146.07
G0 X122.558 Y145.552
G0 X122.057 Y144.685
G1 F1500 X109.254 Y131.882 E656.16793
G0 F9000 X109.305 Y130.885
G0 X110.621 Y130.888
G0 X110.671 Y131.884
G1 F1500 X122.954 Y144.167 E658.47895
G0 F9000 X123.455 Y145.034
G0 X124.351 Y144.517
G0 X123.85 Y143.649
G1 F1500 X111.999 Y131.798 E660.70868
G0 F9000 X113.729 Y130.564
G0 X113.261 Y131.646
G1 F1500 X124.746 Y143.131 E662.86956
G0 F9000 X125.247 Y144
G0 X126.144 Y143.482
G0 X125.643 Y142.614
G1 F1500 X114.463 Y131.433 E664.97315
G0 F9000 X113.758 Y130.558
G0 X115.607 Y131.163
G1 F1500 X126.54 Y142.096 E667.03017
G0 F9000 X127.041 Y142.964
G0 X127.937 Y142.446
G0 X127.436 Y141.578
G1 F1500 X116.701 Y130.843 E669.04993
G0 F9000 X116.408 Y129.886
G0 X117.414 Y129.536
G0 X117.75 Y130.477
G1 F1500 X128.332 Y141.06 E671.041
G0 F9000 X128.833 Y141.929
G0 X129.73 Y141.411
G0 X129.229 Y140.542
G1 F1500 X118.754 Y130.068 E673.01176
G0 F9000 X119.386 Y128.671
G0 X119.72 Y129.62
G1 F1500 X130.125 Y140.025 E674.96944
G0 F9000 X130.626 Y140.893
G0 X131.522 Y140.376
G0 X131.021 Y139.507
G1 F1500 X120.644 Y129.129 E676.92194
G0 F9000 X119.615 Y128.556
G0 X121.014 Y127.753
G0 X121.534 Y128.605
G1 F1500 X131.918 Y138.989 E678.87566
G0 F9000 X132.419 Y139.858
G0 X133.316 Y139.34
G0 X132.814 Y138.471
G1 F1500 X124.453 Y130.11 E680.44877
G0 F9000 X124.428 Y129.011
G0 X126.922 Y129.271
G0 X126.161 Y130.403
G1 F1500 X133.711 Y137.954 E681.86938
G0 F9000 X134.212 Y138.823
G0 X135.109 Y138.305
G0 X134.607 Y137.435
G1 F1500 X127.366 Y130.195 E683.23166
G0 F9000 X127.101 Y129.231
G0 X127.577 Y129.009
G0 X128.318 Y129.732
G1 F1500 X135.504 Y136.918 E684.58369
G0 F9000 X136.005 Y137.787
G0 X136.902 Y137.269
G0 X136.4 Y136.4
G1 F1500 X129.11 Y129.11 E685.95529
G0 F9000 X127.577 Y129.009
G0 X128.923 Y127.737
G0 X129.731 Y128.317
G1 F1500 X137.296 Y135.882 E687.37863
G0 F9000 X137.799 Y136.752
G0 X138.696 Y136.234
G0 X138.193 Y135.364
G1 F1500 X130.166 Y127.338 E688.88879
G0 F9000 X129.399 Y125.878
G0 X130.393 Y126.151
G1 F1500 X139.089 Y134.847 E690.52493
G0 F9000 X139.591 Y135.717
G0 X140.487 Y135.199
G0 X139.985 Y134.328
G1 F1500 X130.125 Y124.468 E692.38006
G0 F9000 X129.185 Y124.804
G0 X127.774 Y123.106
G0 X128.605 Y121.534
G1 F1500 X140.882 Y133.811 E694.68995
G0 F9000 X141.384 Y134.681
G0 X144.193 Y132.955
G0 X140.655 Y130.844
G0 X139.75 Y131.265
G1 F1500 X129.13 Y120.645 E696.68808
G0 F9000 X128.265 Y120.147
G0 X128.732 Y119.26
G0 X129.617 Y119.717
G1 F1500 X139.382 Y129.483 E698.52544
G0 F9000 X140.381 Y129.49
G0 X140.795 Y127.865
G0 X139.562 Y128.248
G1 F1500 X130.067 Y118.754 E700.31181
G0 F9000 X129.157 Y118.342
G0 X129.547 Y117.381
G0 X130.475 Y117.747
G1 F1500 X139.993 Y127.265 E702.1026
G0 F9000 X140.803 Y127.848
G0 X141.295 Y127.156
G0 X140.59 Y126.448
G1 F1500 X130.842 Y116.699 E703.93676
G0 F9000 X129.9 Y116.38
G0 X130.203 Y115.336
G0 X131.163 Y115.606
G1 F1500 X141.353 Y125.797 E705.85407
G0 F9000 X141.793 Y126.72
G0 X142.664 Y126.295
G0 X142.323 Y125.352
G1 F1500 X131.433 Y114.463 E707.90291
G0 F9000 X130.461 Y114.24
G0 X130.663 Y113.139
G0 X131.65 Y113.265
G1 F1500 X143.497 Y125.112 E710.1319
G0 F9000 X143.403 Y126.126
G0 X144.789 Y126.258
G0 X145.115 Y125.316
G1 F1500 X131.801 Y112.002 E712.63689
G0 F9000 X130.869 Y111.133
G0 X131.879 Y110.666
G1 F1500 X146.068 Y124.855 E715.30652
G0 F9000 X147.068 Y124.855
G0 X147.068 Y123.441
G0 X146.068 Y123.441
G1 F1500 X131.88 Y109.252 E717.97606
G0 F9000 X130.877 Y109.013
G0 X130.719 Y107.298
G0 X131.779 Y107.737
G1 F1500 X146.068 Y122.027 E720.66459
G0 F9000 X147.068 Y122.027
G0 X147.068 Y120.613
G0 X146.068 Y120.613
G1 F1500 X131.537 Y106.082 E723.39857
G0 F9000 X130.556 Y106.253
G0 X130.509 Y105.986
G0 X131.122 Y104.252
G1 F1500 X146.068 Y119.198 E726.21062
G0 F9000 X147.068 Y119.198
G0 X147.068 Y117.784
G0 X146.068 Y117.784
G1 F1500 X130.439 Y102.154 E729.15128
G0 F9000 X129.508 Y102.518
G0 X127.899 Y99.212
G0 X129.236 Y99.537
G1 F1500 X146.068 Y116.37 E732.31828
G0 F9000 X147.068 Y116.37
G0 X147.068 Y114.956
G0 X146.068 Y114.956
G1 F1500 X128.628 Y97.516 E735.59957
G0 F9000 X126.894 Y97.277
G0 X128.923 Y95.741
G0 X129.355 Y96.828
G1 F1500 X146.068 Y113.542 E738.74418
G0 F9000 X147.068 Y113.542
G0 X147.068 Y112.127
G0 X146.068 Y112.127
G1 F1500 X129.921 Y95.98 E741.7822
G0 F9000 X128.928 Y95.733
G0 X129.401 Y93.891
G0 X130.312 Y94.957
G1 F1500 X146.068 Y110.713 E744.74666
G0 F9000 X147.068 Y110.713
G0 X147.068 Y109.299
G0 X146.068 Y109.299
G1 F1500 X130.371 Y93.601 E747.70011
G0 F9000 X129.38 Y93.726
G0 X128.629 Y91.845
G0 X129.437 Y91.254
G1 F1500 X146.068 Y107.885 E750.82919
G0 F9000 X147.068 Y107.885
G0 X147.068 Y106.47
G0 X146.068 Y106.47
G1 F1500 X113.392 Y73.794 E756.97711
G0 F9000 X112.673 Y74.489
G1 F1500 X128.767 Y90.583 E760.00516
G0 F9000 X128.214 Y91.426
G0 X126.304 Y90.623
G0 X126.399 Y89.629
G1 F1500 X111.793 Y75.023 E762.75324
G0 F9000 X111.426 Y74.099
G0 X110.957 Y74.262
G0 X110.7 Y75.344
G1 F1500 X125.053 Y89.697 E765.45373
G0 F9000 X125.673 Y90.62
G0 X124.458 Y90.95
G0 X124.003 Y90.062
G1 F1500 X109.27 Y75.329 E768.22571
G0 F9000 X108.988 Y74.241
G0 X106.653 Y71.582
G0 X105.663 Y71.722
G1 F1500 X105.11 Y71.169 E768.32975
G0 F9000 X104.613 Y70.305
G0 X103.716 Y70.823
G0 X104.213 Y71.686
G1 F1500 X123.164 Y90.637 E771.89534
G0 F9000 X123.829 Y91.385
G0 X123.283 Y91.963
G0 X122.479 Y91.366
G1 F1500 X103.317 Y72.204 E775.50063
G0 F9000 X102.82 Y71.34
G0 X101.923 Y71.858
G0 X102.42 Y72.722
G1 F1500 X120.463 Y90.765 E778.89538
G0 F9000 X119.98 Y91.64
G0 X117.491 Y90.487
G0 X117.829 Y89.545
G1 F1500 X101.524 Y73.239 E781.96322
G0 F9000 X101.027 Y72.376
G0 X100.13 Y72.893
G0 X100.628 Y73.758
G1 F1500 X115.736 Y88.866 E784.80576
G0 F9000 X115.335 Y89.796
G0 X113.711 Y89.433
G0 X113.908 Y88.452
G1 F1500 X99.731 Y74.275 E787.47313
G0 F9000 X99.234 Y73.411
G0 X98.337 Y73.929
G0 X98.834 Y74.793
G1 F1500 X112.26 Y88.218 E789.9991
G0 F9000 X112.162 Y89.215
G0 X110.686 Y89.111
G0 X110.739 Y88.112
G1 F1500 X97.938 Y75.31 E792.40768
G0 F9000 X97.441 Y74.446
G0 X96.544 Y74.964
G0 X97.041 Y75.828
G1 F1500 X109.324 Y88.11 E794.7186
G0 F9000 X109.375 Y89.109
G0 X108.09 Y89.191
G0 X107.993 Y88.194
G1 F1500 X96.145 Y76.346 E796.94778
G0 F9000 X95.647 Y75.481
G0 X94.751 Y75.999
G0 X95.248 Y76.863
G1 F1500 X106.731 Y88.347 E799.10837
G0 F9000 X106.884 Y89.338
G0 X105.729 Y89.545
G0 X105.533 Y88.562
G1 F1500 X94.352 Y77.382 E801.21196
G0 F9000 X93.854 Y76.517
G0 X92.957 Y77.034
G0 X93.455 Y77.899
G1 F1500 X104.388 Y88.832 E803.26898
G0 F9000 X104.636 Y89.803
G0 X103.59 Y90.109
G0 X103.294 Y89.152
G1 F1500 X92.559 Y78.417 E805.28874
G0 F9000 X92.061 Y77.552
G0 X91.164 Y78.069
G0 X91.662 Y78.934
G1 F1500 X102.245 Y89.517 E807.27991
G0 F9000 X102.581 Y90.462
G0 X101.629 Y90.853
G0 X101.242 Y89.928
G1 F1500 X90.766 Y79.452 E809.25095
G0 F9000 X90.268 Y78.587
G0 X89.371 Y79.105
G0 X89.869 Y79.97
G1 F1500 X100.276 Y90.376 E811.2089
G0 F9000 X100.703 Y91.281
G0 X99.831 Y91.741
G0 X99.349 Y90.864
G1 F1500 X88.972 Y80.487 E813.16131
G0 F9000 X88.474 Y79.622
G0 X87.579 Y80.139
G0 X88.077 Y81.005
G1 F1500 X98.462 Y91.391 E815.11532
G0 F9000 X99.201 Y92.113
G0 X97.39 Y93.239
G0 X94.178 Y90.611
G0 X95.552 Y89.895
G1 F1500 X87.18 Y81.523 E816.6905
G0 F9000 X86.682 Y80.657
G0 X85.785 Y81.175
G0 X86.283 Y82.041
G1 F1500 X93.834 Y89.592 E818.1112
G0 F9000 X93.677 Y90.62
G0 X93.012 Y90.75
G0 X92.645 Y89.817
G1 F1500 X85.387 Y82.558 E819.47687
G0 F9000 X84.889 Y81.692
G0 X83.992 Y82.21
G0 X84.49 Y83.076
G1 F1500 X91.654 Y90.24 E820.82476
G0 F9000 X92.116 Y91.131
G0 X91.587 Y91.604
G0 X90.887 Y90.887
G1 F1500 X83.593 Y83.593 E822.19711
G0 F9000 X83.095 Y82.728
G0 X82.199 Y83.245
G0 X82.697 Y84.111
G1 F1500 X90.258 Y91.672 E823.61969
G0 F9000 X91.101 Y92.208
G0 X90.765 Y92.928
G0 X89.805 Y92.633
G1 F1500 X81.801 Y84.629 E825.12563
G0 F9000 X81.302 Y83.763
G0 X80.405 Y84.281
G0 X80.904 Y85.147
G1 F1500 X89.605 Y93.847 E826.76261
G0 F9000 X90.606 Y93.855
G0 X90.749 Y94.995
G0 X89.834 Y95.491
G1 F1500 X80.008 Y85.665 E828.61135
G0 F9000 X79.509 Y84.798
G0 X75.871 Y87.002
G0 X78.683 Y88.11
G0 X79.111 Y86.182
G1 F1500 X91.387 Y98.458 E830.92105
G0 F9000 X92.23 Y99
G0 X91.732 Y99.848
G0 X90.866 Y99.351
G1 F1500 X80.301 Y88.786 E832.90883
G0 F9000 X79.479 Y89.426
G0 X80.643 Y90.543
G1 F1500 X90.375 Y100.275 E834.73988
G0 F9000 X91.265 Y100.734
G0 X90.842 Y101.651
G0 X89.928 Y101.242
G1 F1500 X80.437 Y91.751 E836.52559
G0 F9000 X79.5 Y91.41
G0 X79.191 Y92.167
G0 X80.006 Y92.734
G1 F1500 X89.52 Y102.248 E838.31563
G0 F9000 X90.446 Y102.62
G0 X90.1 Y103.614
G0 X89.153 Y103.295
G1 F1500 X79.407 Y93.549 E840.14932
G0 F9000 X78.73 Y92.817
G0 X78.063 Y93.32
G0 X78.602 Y94.158
G1 F1500 X88.832 Y104.388 E842.07407
G0 F9000 X89.796 Y104.655
G0 X89.533 Y105.755
G0 X88.557 Y105.527
G1 F1500 X77.652 Y94.623 E844.12573
G0 F9000 X77.378 Y93.662
G0 X76.442 Y93.857
G0 X76.467 Y94.852
G1 F1500 X88.347 Y106.731 E846.36083
G0 F9000 X89.316 Y107
G0 X89.218 Y107.78
G0 X88.193 Y107.992
G1 F1500 X74.855 Y94.654 E848.87034
G0 F9000 X73.916 Y92.941
G0 X72.976 Y91.567
G0 X72.928 Y95.142
G0 X73.929 Y95.142
G1 F1500 X88.115 Y109.328 E851.53941
G0 F9000 X89.113 Y109.345
G0 X89.115 Y110.723
G0 X88.116 Y110.744
G1 F1500 X73.929 Y96.556 E854.20875
G0 F9000 X72.928 Y96.556
G0 X72.928 Y97.97
G0 X73.929 Y97.97
G1 F1500 X88.214 Y112.256 E856.89654
G0 F9000 X89.208 Y112.131
G0 X89.442 Y113.743
G0 X88.453 Y113.909
G1 F1500 X73.929 Y99.385 E859.6292
G0 F9000 X72.928 Y99.385
G0 X72.928 Y100.799
G0 X73.929 Y100.799
G1 F1500 X88.876 Y115.746 E862.44144
G0 F9000 X90.091 Y116.351
G0 X90.485 Y117.472
G0 X89.555 Y117.839
G1 F1500 X73.929 Y102.213 E865.38144
G0 F9000 X72.928 Y102.213
G0 X72.928 Y103.627
G0 X73.929 Y103.627
G1 F1500 X90.756 Y120.454 E868.5474
G0 F9000 X91.649 Y120.003
G0 X93.225 Y122.592
G0 X91.947 Y123.279
G0 X91.355 Y122.468
G1 F1500 X73.928 Y105.041 E871.82625
G0 F9000 X72.928 Y105.041
G0 X72.928 Y106.455
G0 X73.928 Y106.455
G1 F1500 X90.637 Y123.164 E874.97001
G0 F9000 X91.396 Y123.813
G0 X90.971 Y124.466
G0 X90.077 Y124.018
G1 F1500 X73.928 Y107.869 E878.00841
G0 F9000 X72.928 Y107.869
G0 X72.928 Y109.283
G0 X73.928 Y109.283
G1 F1500 X89.711 Y125.067 E880.97804
G0 F9000 X90.686 Y125.283
G0 X90.635 Y126.503
G0 X89.617 Y126.387
G1 F1500 X73.928 Y110.698 E883.92989
G1 F1500 E877.42989
G0 F9000 X72.928 Y110.698
G0 X72.976 Y91.567
G0 X76.824 Y93.884
G0 X79.718 Y90.354
G0 X76.354 Y87.013
G0 X75.871 Y87.002
G0 X107.187 Y68.923
G0 X107.831 Y73.691
G0 X110.085 Y74.48
G0 X113.385 Y71.263
G1 F1500 E883.92989
G0 F9000 X113.944 Y72.932
G1 F1500 X146.068 Y105.056 E889.97394
G0 F9000 X147.068 Y105.056
G0 X147.068 Y103.642
G0 X146.068 Y103.642
G1 F1500 X114.295 Y71.868 E895.95206
G0 F9000 X113.385 Y71.263
G0 X112.811 Y68.921
G0 X115.684 Y70.476
G0 X115.183 Y71.342
G1 F1500 X146.068 Y102.228 E901.76309
G0 F9000 X147.068 Y102.228
G0 X147.068 Y100.814
G0 X146.068 Y100.814
G1 F1500 X118.531 Y73.276 E906.94421
G0 F9000 X119.032 Y72.41
G0 X122.379 Y74.342
G0 X121.878 Y75.209
G1 F1500 X146.068 Y99.399 E911.49551
G0 F9000 X147.068 Y99.399
G0 X147.068 Y97.985
G0 X146.068 Y97.985
G1 F1500 X142.901 Y94.817 E912.09146
G0 F9000 X142.833 Y93.763
G0 X144.629 Y93.786
G0 X144.357 Y94.859
G1 F1500 X146.068 Y96.571 E912.41348
G0 F9000 X147.068 Y96.571
G0 X147.068 Y95.157
G0 X146.068 Y95.157
G1 F1500 X145.46 Y94.549 E912.52787
G0 F9000 X145.386 Y93.489
G0 X143.221 Y92.985
G0 X142.73 Y92.819
G0 X142.481 Y92.675
G0 X140.45 Y91.167
G0 X139.477 Y91.394
G1 F1500 X125.226 Y77.143 E915.20917
G0 F9000 X125.728 Y76.276
G0 X129.076 Y78.21
G0 X128.574 Y79.076
G1 F1500 X139.408 Y89.911 E917.24765
G0 F9000 X140.481 Y89.694
G0 X140.612 Y89.238
G0 X139.713 Y88.801
G1 F1500 X131.921 Y81.01 E918.71361
G0 F9000 X132.423 Y80.143
G0 X135.772 Y82.077
G0 X135.27 Y82.944
G1 F1500 X140.228 Y87.903 E919.64654
G0 F9000 X141.033 Y88.495
G0 X141.562 Y87.921
G0 X140.904 Y87.164
G1 F1500 X138.617 Y84.877 E920.07683
G1 F1500 E913.57683
G0 F9000 X139.119 Y84.01
G0 X144.336 Y87.088
G0 X140.453 Y89.543
G0 X142.33 Y93.651
G0 X146.687 Y92.352
G0 X147.098 Y91.077
G0 X146.976 Y128.115
G0 X142.902 Y126.144
G0 X140.335 Y129.94
G0 X143.693 Y132.956
G0 X144.193 Y132.955
G0 X112.646 Y151.212
G0 X113.339 Y148.392
G1 F1500 E920.07683
G0 F9000 X114.328 Y148.269
G1 F1500 X114.886 Y148.828 E920.18191
;TIME_ELAPSED:2254.329850
G1 F1500 E913.68191
M140 S0
M107
; Ender 3 Custom End G-code
M400 ; Wait for current moves to finish
M220 S100 ; Reset Speed factor override percentage to default (100%)
M221 S100 ; Reset Extrude factor override percentage to default (100%)
G91 ; Set coordinates to relative
G1 F2400 E-3 ; Retract filament 3mm at 40mm/s to prevent stringing
G0 F5000 Z20 ; Move Z Axis up 20mm to allow filament ooze freely
G90 ; Set coordinates to absolute
G0 X0 Y235 F5000 ; Move Heat Bed to the front for easy print removal
M84 ; Disable stepper motors
; End of custom end GCode
M82 ;absolute extrusion mode
M104 S0
;End of Gcode
;SETTING_3 {"global_quality": "[general]\\nversion = 4\\nname = Draft Quality #2
;SETTING_3 \\ndefinition = creality_ender3pro\\n\\n[metadata]\\ntype = quality_c
;SETTING_3 hanges\\nquality_type = draft\\nsetting_version = 23\\n\\n[values]\\n
;SETTING_3 adhesion_type = brim\\n\\n", "extruder_quality": ["[general]\\nversio
;SETTING_3 n = 4\\nname = Draft Quality #2\\ndefinition = creality_ender3pro\\n\
;SETTING_3 \n[metadata]\\ntype = quality_changes\\nquality_type = draft\\nsettin
;SETTING_3 g_version = 23\\nposition = 0\\n\\n[values]\\ninfill_sparse_density =
;SETTING_3  60\\n\\n"]}
